vehicle_key,auto_id,vin,make,year,transmission,owner_id,effective_date,end_date,is_current
1,1,FHL3O1SA4IEHB4WU1,Contoso Motors,2007,Manual,1,2026-05-22,,True
2,2,PUB3U17PS911EB369,Contoso Motors,2005,Manual,86,2026-05-22,,True
3,3,OA1FTZ9HJBS0LH0HP,Contoso Motors,2005,Automatic,138,2026-05-22,,True
4,4,JTHMYHQTEPP4WBMRN,Contoso Motors,2007,Automatic,4,2026-05-22,,True
5,5,9230C202Z60XX84AU,Contoso Motors,2004,Automatic,24,2026-05-22,,True
6,6,TEE8OFO7KCFO1PQH6,Contoso Motors,2011,Automatic,72,2026-05-22,,True
7,7,3581A1IM5GCDDNX6S,Contoso Motors,2012,Automatic,439,2026-05-22,,True
8,8,5KKR2VB4WHQH97PF8,Contoso Motors,2016,Automatic,8,2026-05-22,,True
9,9,C7DB1JTWYWWVOCU3K,Contoso Motors,2005,Manual,257,2026-05-22,,True
10,10,26WJSGHX4MA5ROHNL,Contoso Motors,2013,Semi-Automatic,10,2026-05-22,,True
11,11,8Y5QKG27QET1RBK7I,Contoso Motors,2009,Automatic,18,2026-05-22,,True
12,12,TS61YCX093VPDBN4C,Contoso Motors,2007,Automatic,522,2026-05-22,,True
13,13,HE0Y7YC1BJJBQ7K98,Contoso Motors,2010,Manual,146,2026-05-22,,True
14,14,3HUG8Y362XD2AWKDY,Contoso Motors,2015,Manual,206,2026-05-22,,True
15,15,LVYE74QDF2F9CRP70,Contoso Motors,2004,Manual,445,2026-05-22,,True
16,16,F19LDAGBRRYUMX2UX,Contoso Motors,2005,Automatic,146,2026-05-22,,True
17,17,FEP3U8HGTMIW5CPBU,Contoso Motors,2007,Automatic,258,2026-05-22,,True
18,18,O8NSRUCP8NC0XG4YQ,Contoso Motors,2005,Automatic,402,2026-05-22,,True
19,19,BWQ77DOTN9R6J8DR6,Contoso Motors,2007,Manual,265,2026-05-22,,True
20,20,Z2EOZWZBXAEW3E60T,Contoso Motors,2013,Semi-Automatic,20,2026-05-22,,True
21,21,3ADD7VN2KKRYOT2XS,Contoso Motors,2013,Automatic,142,2026-05-22,,True
22,22,RD8HGV484NLOVRUHP,Contoso Motors,2012,Automatic,487,2026-05-22,,True
23,23,R0JAUHT1L1R3BIKI0,Contoso Motors,2011,Automatic,23,2026-05-22,,True
24,24,ZV03D9VP79L5BZ98V,Contoso Motors,2013,Automatic,704,2026-05-22,,True
25,25,OZPT7F80EYFGFFEFA,Contoso Motors,2004,Automatic,752,2026-05-22,,True
26,26,4WPYRUZII5YV7YA42,Contoso Motors,2007,Automatic,26,2026-05-22,,True
27,27,I8K5MU1DHDBVGGFFQ,Contoso Motors,2009,Automatic,822,2026-05-22,,True
28,28,XUF99EW9OIQOMV7Q7,Contoso Motors,2011,Automatic,28,2026-05-22,,True
29,29,T2OG788FMQZNQGVS2,Contoso Motors,2016,Automatic,870,2026-05-22,,True
30,30,UXO8LUK75DYL9WZLK,Contoso Motors,2015,Automatic,30,2026-05-22,,True
31,31,XYDBXU9MA5XXPPQR0,Contoso Motors,2016,Automatic,31,2026-05-22,,True
32,32,JF1GH6B60BG81026,Contoso Motors,2017,Manual,81,2026-05-22,,True
33,33,AVHD2GCOA2NN5ES9J,Contoso Motors,2016,Automatic,85,2026-05-22,,True
34,34,ZVTOCRLBYKEB1Y5L9,Contoso Motors,2015,Automatic,34,2026-05-22,,True
35,35,RXB14GHQFO3PUYKNS,Contoso Motors,2005,Manual,565,2026-05-22,,True
36,36,0125DITL7HX8TYA6T,Contoso Motors,2016,Automatic,386,2026-05-22,,True
37,37,5199WY00VHB6G0WDW,Contoso Motors,2016,Manual,770,2026-05-22,,True
38,38,HOVSW338LVHWN2KVR,Contoso Motors,2007,Manual,830,2026-05-22,,True
39,39,BPMFLFF6LNYIOMAVX,Contoso Motors,2005,Automatic,22,2026-05-22,,True
40,40,LTZFCUSVPFQ4W7Z4J,Contoso Motors,2007,Automatic,642,2026-05-22,,True
41,41,6R0Q5GZP90RLBIZSF,Contoso Motors,2004,Automatic,761,2026-05-22,,True
42,42,8UW5Z294E0NJMJPLJ,Contoso Motors,2015,Automatic,530,2026-05-22,,True
43,43,2MVDG47OQ3G5I49FK,Contoso Motors,2013,Automatic,770,2026-05-22,,True
44,44,60G4SUPG5KNFU3ZYS,Contoso Motors,2016,Automatic,44,2026-05-22,,True
45,45,0IBN9W4FLJTNDM6G4,Contoso Motors,2011,Automatic,45,2026-05-22,,True
46,46,Q0OIIVH166MJM9SRH,Contoso Motors,2004,Automatic,280,2026-05-22,,True
47,47,1YMDHCCKY6126ZU1K,Contoso Motors,2009,Automatic,394,2026-05-22,,True
48,48,9RPS1HJG9D1LBEQQH,Contoso Motors,2011,Automatic,881,2026-05-22,,True
49,49,0PLKJAYEVRA6NRU0J,Contoso Motors,2011,Automatic,328,2026-05-22,,True
50,50,5PDU8WYEFFGO40HHC,Contoso Motors,2007,Manual,950,2026-05-22,,True
51,51,962GBB2WZOZXU7OMG,Contoso Motors,2012,Automatic,139,2026-05-22,,True
52,52,YNU5C8YZYT7DOYXQ8,Contoso Motors,2016,Automatic,52,2026-05-22,,True
53,53,BTV19HPRPU7RWICET,Contoso Motors,2016,Automatic,398,2026-05-22,,True
54,54,MHTP9N792PHK08WJM,Contoso Motors,2005,Automatic,6,2026-05-22,,True
55,55,J9RO51ZXXUSHUT13B,Contoso Motors,2012,Automatic,502,2026-05-22,,True
56,56,UE6D2HW9H7KUFMFFO,Contoso Motors,2015,Automatic,56,2026-05-22,,True
57,57,HKTHWDDMML03RMZPR,Contoso Motors,2013,Manual,267,2026-05-22,,True
58,58,W7ZXWIK8O86SZGH9G,Contoso Motors,2013,Semi-Automatic,58,2026-05-22,,True
59,59,9T9VSN0FI93R6HTIT,Contoso Motors,2014,Automatic,1,2026-05-22,,True
60,60,HHP8M4ES04246X7B6,Contoso Motors,2007,Automatic,147,2026-05-22,,True
61,61,H0BRZNH49CP43HKN1,Contoso Motors,2005,Manual,10,2026-05-22,,True
62,62,UHK4NJMODN4CJ8N1Q,Contoso Motors,2013,Manual,154,2026-05-22,,True
63,63,GTL07WURKAEBZO7KO,Contoso Motors,2007,Manual,214,2026-05-22,,True
64,64,92S177DVXRBE1PK45,Contoso Motors,2016,Automatic,523,2026-05-22,,True
65,65,OIERM0565QG99HAN9,Contoso Motors,2015,Automatic,266,2026-05-22,,True
66,66,7O2VKAE0FELJG5ELK,Contoso Motors,2016,Automatic,650,2026-05-22,,True
67,67,UXXQX95MAJ1FHJRFA,Contoso Motors,2011,Manual,651,2026-05-22,,True
68,68,A3FQXISX6GIN2G6M2,Contoso Motors,2013,Semi-Automatic,68,2026-05-22,,True
69,69,3BY5XUUAB7MS5BOUQ,Contoso Motors,2013,Automatic,54,2026-05-22,,True
70,70,926ORRXDY9J83POLE,Contoso Motors,2012,Automatic,535,2026-05-22,,True
71,71,V5UOQH37Z6ZUQEVOA,Contoso Motors,2013,Automatic,71,2026-05-22,,True
72,72,EMUKPWIQTTZ8XDAKV,Contoso Motors,2007,Automatic,534,2026-05-22,,True
73,73,A1LCTSY2WHBDL4RXY,Contoso Motors,2005,Automatic,582,2026-05-22,,True
74,74,ZPGYKO3SW7RC58YUZ,Contoso Motors,2015,Automatic,74,2026-05-22,,True
75,75,K0GMEOI4V7EHGGAR6,Contoso Motors,2009,Automatic,734,2026-05-22,,True
76,76,UOUFX6BWC4G2NU4OA,Contoso Motors,2013,Automatic,76,2026-05-22,,True
77,77,XF1QTSNCM8M3SKNRX,Contoso Motors,2016,Automatic,782,2026-05-22,,True
78,78,HOE5ERNKHQA06CAL9,Contoso Motors,2015,Automatic,78,2026-05-22,,True
79,79,ST95EH8B8NNG34EE3,Contoso Motors,2013,Automatic,79,2026-05-22,,True
80,80,TEE607XTPSEPGIOW0,Contoso Motors,2004,Automatic,80,2026-05-22,,True
81,81,SNCE1JI16ORA8TZJ6,Contoso Motors,2015,Automatic,81,2026-05-22,,True
82,82,JCGOM1OM7DNYJW6Y9,Contoso Motors,2007,Automatic,82,2026-05-22,,True
83,83,HW67MDOKG6X824CLF,Contoso Motors,2010,Manual,334,2026-05-22,,True
84,84,HYP1FSUQ6NQUMLBE5,Contoso Motors,2006,Automatic,575,2026-05-22,,True
85,85,6QSTEN3L3M3CZWPKO,Contoso Motors,2015,Manual,394,2026-05-22,,True
86,86,W0RXEHZ32SJB3VDX4,Contoso Motors,2014,Manual,573,2026-05-22,,True
87,87,RY3FMAG69XTBL0KTX,Contoso Motors,2015,Automatic,992,2026-05-22,,True
88,88,9QATZSVHST426DAG1,Contoso Motors,2004,Automatic,889,2026-05-22,,True
89,89,CP6TW23WUH9ZHH8GT,Contoso Motors,2015,Manual,820,2026-05-22,,True
90,90,VXE1D06K67MWOWEJ3,Contoso Motors,2016,Automatic,822,2026-05-22,,True
91,91,GHRJAC7PDRUQ960AF,Contoso Motors,2014,Manual,848,2026-05-22,,True
92,92,449PLM0RCNHZ6YHO5,Contoso Motors,2015,Automatic,888,2026-05-22,,True
93,93,Q7HBIZ6T7172QJP0U,Contoso Motors,2016,Manual,800,2026-05-22,,True
94,94,90LR6IH70DMQNV245,Contoso Motors,2016,Automatic,801,2026-05-22,,True
95,95,G45XN4SW529YCKBST,Contoso Motors,2013,Automatic,959,2026-05-22,,True
96,96,Z94AOEKMF6Q9K32LQ,Contoso Motors,2011,Automatic,129,2026-05-22,,True
97,97,4ZV9MBVJL7K1540ZL,Contoso Motors,2011,Automatic,41,2026-05-22,,True
98,98,JB5IZCJJCS4DSPQQM,Contoso Motors,2007,Manual,693,2026-05-22,,True
99,99,6XXVJMY80S4CHSUKW,Contoso Motors,2015,Automatic,2,2026-05-22,,True
100,100,6QLISR018O06X8K44,Contoso Motors,2015,Automatic,100,2026-05-22,,True
101,101,L6JHAWNP1IXGNF0SP,Contoso Motors,2004,Automatic,43,2026-05-22,,True
102,102,YQIIQJAOQW46KX2KS,Contoso Motors,2007,Automatic,45,2026-05-22,,True
103,103,MYVBR1ANM44W9A8ZN,Contoso Motors,2012,Automatic,598,2026-05-22,,True
104,104,OXPVYJT8F5CV0QETY,Contoso Motors,2016,Automatic,104,2026-05-22,,True
105,105,FO6IFCLO0J6QWI428,Contoso Motors,2016,Manual,275,2026-05-22,,True
106,106,HQ966AF5RI70ST3Y6,Contoso Motors,2013,Semi-Automatic,106,2026-05-22,,True
107,107,X41MAQ673N3V5XWEG,Contoso Motors,2015,Automatic,274,2026-05-22,,True
108,108,OBY5PK2DEXG66GXJG,Contoso Motors,2007,Automatic,11,2026-05-22,,True
109,109,VHA71CU9U064O5HEE,Contoso Motors,2016,Manual,958,2026-05-22,,True
110,110,84CFOIJACQGPF9ZDL,Contoso Motors,2007,Manual,18,2026-05-22,,True
111,111,CLARVXUPYK83L0UMN,Contoso Motors,2013,Manual,78,2026-05-22,,True
112,112,VJ5B73VXKJGZWDG0B,Contoso Motors,2006,Automatic,147,2026-05-22,,True
113,113,N2S4F51PGIFY8KK2Z,Contoso Motors,2007,Automatic,395,2026-05-22,,True
114,114,XZQSSPJVU0SM7MLWL,Contoso Motors,2004,Automatic,635,2026-05-22,,True
115,115,XMMHB1HUHLP2FEM3Z,Contoso Motors,2006,Manual,883,2026-05-22,,True
116,116,CBBAZP0M5MBYTXLF3,Contoso Motors,2013,Semi-Automatic,116,2026-05-22,,True
117,117,5L2GJRKV27YOM6Z3R,Contoso Motors,2016,Automatic,55,2026-05-22,,True
118,118,JVITFBM1K8F6P8O0H,Contoso Motors,2012,Automatic,631,2026-05-22,,True
119,119,0LYX3XH2KQYH4N1HH,Contoso Motors,2016,Automatic,119,2026-05-22,,True
120,120,AD91ZJFRBAZDLZEHD,Contoso Motors,2007,Automatic,62,2026-05-22,,True
121,121,KCF1B6NPOS4RDK0HR,Contoso Motors,2004,Automatic,65,2026-05-22,,True
122,122,VVR5QYAX0BY9F80GL,Contoso Motors,2015,Automatic,122,2026-05-22,,True
123,123,84WCQ14XBWR8VNEY6,Contoso Motors,2011,Automatic,69,2026-05-22,,True
124,124,SV94DVYSPT74V7ROW,Contoso Motors,2004,Automatic,124,2026-05-22,,True
125,125,CM6WVRC0NHBFWEITJ,Contoso Motors,2005,Automatic,70,2026-05-22,,True
126,126,141PHXSEFBVZ60Z6U,Contoso Motors,2007,Automatic,126,2026-05-22,,True
127,127,PRUQC9HEW3JMSEYZL,Contoso Motors,2016,Automatic,127,2026-05-22,,True
128,128,VVL9DCWP2BR82PVZT,Contoso Motors,2011,Automatic,128,2026-05-22,,True
129,129,12H3A1VTFIBICG08V,Contoso Motors,2004,Automatic,129,2026-05-22,,True
130,130,LW0D9X0CSULXMVFW8,Contoso Motors,2005,Automatic,130,2026-05-22,,True
131,131,9PZJ20GGBXZNHUWEJ,Contoso Motors,2013,Manual,342,2026-05-22,,True
132,132,DU8GQ0ORH2QR7MYL6,Contoso Motors,2014,Automatic,155,2026-05-22,,True
133,133,0D94JQQVVLFJHGWG3,Contoso Motors,2007,Manual,402,2026-05-22,,True
134,134,P7178468GYLAA3O81,Contoso Motors,2005,Manual,462,2026-05-22,,True
135,135,HYY0HVD6WBPS62RQL,Contoso Motors,2011,Automatic,85,2026-05-22,,True
136,136,YIACHKQLKD47DJ7GZ,Contoso Motors,2016,Automatic,779,2026-05-22,,True
137,137,T5E2KFO1FDN6M7WCH,Contoso Motors,2005,Automatic,882,2026-05-22,,True
138,138,P6GN82OKKZUINQJMH,Contoso Motors,2011,Automatic,387,2026-05-22,,True
139,139,IHJIZ2RW4KTMKJNJP,Contoso Motors,2016,Automatic,395,2026-05-22,,True
140,140,TV6LN1B3KPQJEH1TZ,Contoso Motors,2016,Automatic,140,2026-05-22,,True
141,141,Z20AU24O1TLEW8IJ7,Contoso Motors,2011,Automatic,141,2026-05-22,,True
142,142,RUVB2F10GV9F5KEGZ,Contoso Motors,2005,Automatic,88,2026-05-22,,True
143,143,01MWFV89QBUM2NDIH,Contoso Motors,2013,Automatic,531,2026-05-22,,True
144,144,CC9O3GNGXD4IYVHZL,Contoso Motors,2012,Automatic,19,2026-05-22,,True
145,145,RQWE40TVB2JF104UO,Contoso Motors,2007,Automatic,89,2026-05-22,,True
146,146,DB2JXBWBLCL09FJFU,Contoso Motors,2016,Manual,207,2026-05-22,,True
147,147,HUSDFMYIX8AUMMBSZ,Contoso Motors,2007,Automatic,583,2026-05-22,,True
148,148,A850GFNHN2T5ZBWLU,Contoso Motors,2016,Automatic,148,2026-05-22,,True
149,149,X87GMLMPI3N3452EH,Contoso Motors,2011,Automatic,91,2026-05-22,,True
150,150,KJTMQ3YDP3J4E0AUM,Contoso Motors,2005,Automatic,93,2026-05-22,,True
151,151,FXM5KQA4V1RLWO50C,Contoso Motors,2012,Automatic,679,2026-05-22,,True
152,152,LI496C6SXJN1DYY8R,Contoso Motors,2013,Automatic,152,2026-05-22,,True
153,153,3KU61YXFMS3SB9VYH,Contoso Motors,2007,Manual,891,2026-05-22,,True
154,154,HO0BS98YQQ93PNGOM,Contoso Motors,2013,Semi-Automatic,154,2026-05-22,,True
155,155,MCSX0IY7P1G69F443,Contoso Motors,2007,Automatic,643,2026-05-22,,True
156,156,X7MUMNEC7K6AVZTA8,Contoso Motors,2014,Automatic,771,2026-05-22,,True
157,157,0NJ3E4WL55FTM9EJ6,Contoso Motors,2015,Manual,386,2026-05-22,,True
158,158,G8VIZT4JT1BG4XGEZ,Contoso Motors,2005,Manual,446,2026-05-22,,True
159,159,9SYGOXZYVTWS1RXQR,Contoso Motors,2016,Manual,515,2026-05-22,,True
160,160,AIMYX6V6VUQQ6NJBO,Contoso Motors,2016,Automatic,967,2026-05-22,,True
161,161,16K43B9EXZJ2XJTPJ,Contoso Motors,2005,Automatic,890,2026-05-22,,True
162,162,HS8OGPYC88OR70ELE,Contoso Motors,2006,Automatic,27,2026-05-22,,True
163,163,74J2KIPUKN126DB68,Contoso Motors,2004,Manual,131,2026-05-22,,True
164,164,3MLZGU0B95D1V3MZS,Contoso Motors,2013,Semi-Automatic,164,2026-05-22,,True
165,165,N81KF5CPUBAPCNID8,Contoso Motors,2013,Automatic,103,2026-05-22,,True
166,166,5YHTI7I7HUGG0QAU7,Contoso Motors,2012,Automatic,694,2026-05-22,,True
167,167,FBQ93S6GERDWDGI3B,Contoso Motors,2013,Automatic,167,2026-05-22,,True
168,168,JLUW83P79X3MWNGQ3,Contoso Motors,2005,Automatic,110,2026-05-22,,True
169,169,QJ30CU7JAYM60OIG4,Contoso Motors,2011,Automatic,113,2026-05-22,,True
170,170,BTQDYNLSULF1I6XSY,Contoso Motors,2011,Automatic,170,2026-05-22,,True
171,171,5DD9KEOGLLIQ68U1V,Contoso Motors,2004,Automatic,117,2026-05-22,,True
172,172,VXPIIX3G3WFJQQGJP,Contoso Motors,2011,Automatic,172,2026-05-22,,True
173,173,FJ80LSTGDWVA9R23E,Contoso Motors,2005,Automatic,158,2026-05-22,,True
174,174,2OFBAAU8GA3IORDDJ,Contoso Motors,2005,Automatic,174,2026-05-22,,True
175,175,9J2KVIVC0M0MX0C7J,Contoso Motors,2007,Automatic,175,2026-05-22,,True
176,176,DW8HNGPJFSUCSJQ45,Contoso Motors,2016,Automatic,176,2026-05-22,,True
177,177,HM2PUCY2VW99H5LJP,Contoso Motors,2011,Automatic,177,2026-05-22,,True
178,178,ZV6LW5PM03ILMLXQ8,Contoso Motors,2005,Automatic,178,2026-05-22,,True
179,179,O49ITMGKTW81HWWV1,Contoso Motors,2007,Manual,566,2026-05-22,,True
180,180,M7SFAP1ED7VNVNWXF,Contoso Motors,2015,Automatic,10,2026-05-22,,True
181,181,KYCXVEM3JY5QN6JCU,Contoso Motors,2013,Manual,626,2026-05-22,,True
182,182,6M8D18I4CCYRZH4LO,Contoso Motors,2016,Manual,831,2026-05-22,,True
183,183,36NUFUIMP760EPS2D,Contoso Motors,2009,Automatic,262,2026-05-22,,True
184,184,XUE4MP2SHKKTSPQBB,Contoso Motors,2009,Automatic,130,2026-05-22,,True
185,185,GHLUB6ONKMOSI7E77,Contoso Motors,2014,Automatic,11,2026-05-22,,True
186,186,JEVBYNRKCFY0AXG4M,Contoso Motors,2016,Automatic,19,2026-05-22,,True
187,187,DXWRKFLC7Z7DIB5B9,Contoso Motors,2004,Automatic,395,2026-05-22,,True
188,188,1SZ0YBL52GH4DU6R4,Contoso Motors,2015,Automatic,188,2026-05-22,,True
189,189,6PQGV44MP0RW7K19T,Contoso Motors,2004,Automatic,189,2026-05-22,,True
190,190,G6X4F0WSMSM8R3RN0,Contoso Motors,2016,Automatic,310,2026-05-22,,True
191,191,DSMFG6SQSPZG5TK43,Contoso Motors,2013,Automatic,403,2026-05-22,,True
192,192,2UM8372QJ1AUJ4V9H,Contoso Motors,2016,Automatic,251,2026-05-22,,True
193,193,W9FTHG27LZN1YWO0Y,Contoso Motors,2004,Automatic,5,2026-05-22,,True
194,194,C3TJEP9O4OHLFOYEK,Contoso Motors,2004,Manual,899,2026-05-22,,True
195,195,YDBOVMH3U2UZT76UA,Contoso Motors,2007,Automatic,191,2026-05-22,,True
196,196,TSH5CTQ742NK69LT0,Contoso Motors,2005,Automatic,196,2026-05-22,,True
197,197,8OMCL3LGI7XNCC21U,Contoso Motors,2014,Automatic,29,2026-05-22,,True
198,198,U30I1WB31T9XBKCMY,Contoso Motors,2011,Automatic,53,2026-05-22,,True
199,199,550JLST7HPQGU70AN,Contoso Motors,2012,Automatic,742,2026-05-22,,True
200,200,1SJG95N3TFJLZL4CY,Contoso Motors,2004,Automatic,200,2026-05-22,,True
201,201,M3T7ZNZQJDDLJ7XQ9,Contoso Motors,2005,Manual,345,2026-05-22,,True
202,202,MGQP7XL2GZFICD0QY,Contoso Motors,2013,Semi-Automatic,202,2026-05-22,,True
203,203,K3HRWTZJT22XAPRBY,Contoso Motors,2010,Automatic,498,2026-05-22,,True
204,204,XI9TFYQUDKQWA44IS,Contoso Motors,2013,Automatic,387,2026-05-22,,True
205,205,JVBSIRUIUUIRT2Z3A,Contoso Motors,2013,Manual,215,2026-05-22,,True
206,206,U3Q20OC4V7OVZQD64,Contoso Motors,2013,Automatic,523,2026-05-22,,True
207,207,3RULDLY2XJX5W03EH,Contoso Motors,2015,Automatic,574,2026-05-22,,True
208,208,ANNL32RN5YYDC1616,Contoso Motors,2005,Automatic,618,2026-05-22,,True
209,209,8KQI9U6PZ45G0G46X,Contoso Motors,2013,Automatic,259,2026-05-22,,True
210,210,IEYRW40VBV7K32V6L,Contoso Motors,2015,Automatic,746,2026-05-22,,True
211,211,AAJQER5038Q78UOTV,Contoso Motors,2004,Manual,489,2026-05-22,,True
212,212,SZVVERBWRBYG17PTU,Contoso Motors,2013,Semi-Automatic,212,2026-05-22,,True
213,213,PGCWPNBZ6LQ21PF9T,Contoso Motors,2014,Automatic,77,2026-05-22,,True
214,214,2F542XPU60LRXCNNQ,Contoso Motors,2012,Automatic,790,2026-05-22,,True
215,215,LP9A6PXHGPDYCT154,Contoso Motors,2016,Automatic,215,2026-05-22,,True
216,216,9IHEP7L28HBMWVEY7,Contoso Motors,2013,Automatic,123,2026-05-22,,True
217,217,RQ32V8PDJTE5UQSHQ,Contoso Motors,2006,Automatic,135,2026-05-22,,True
218,218,KFMFVCNXDSN30IXN0,Contoso Motors,2005,Automatic,218,2026-05-22,,True
219,219,351ZSO5XWXYCUVQQ6,Contoso Motors,2010,Automatic,171,2026-05-22,,True
220,220,KULCBKCPR7KCYNL57,Contoso Motors,2016,Automatic,220,2026-05-22,,True
221,221,H89VPI708KGT4QQJR,Contoso Motors,2011,Automatic,557,2026-05-22,,True
222,222,ZV42JTYUZYXLS0H7C,Contoso Motors,2005,Automatic,222,2026-05-22,,True
223,223,SH0L79SV2VCIO9ZTF,Contoso Motors,2006,Automatic,223,2026-05-22,,True
224,224,Z3YMNSOQZ4UBN5APB,Contoso Motors,2007,Automatic,224,2026-05-22,,True
225,225,DRT0Q802HU1LZCI3T,Contoso Motors,2004,Automatic,225,2026-05-22,,True
226,226,PJC90C6A84L8CREMC,Contoso Motors,2005,Automatic,226,2026-05-22,,True
227,227,QXZKFBIB1W26O5FAE,Contoso Motors,2005,Automatic,634,2026-05-22,,True
228,228,8FVWUY730VQZF3XOV,Contoso Motors,2014,Automatic,627,2026-05-22,,True
229,229,G6RY4WQF149EB309W,Contoso Motors,2016,Automatic,694,2026-05-22,,True
230,230,ZZJUOWYKRXM8J0HOL,Contoso Motors,2006,Automatic,763,2026-05-22,,True
231,231,217YAFI9N5U8ERPL0,Contoso Motors,2005,Automatic,709,2026-05-22,,True
232,232,2559R3T5JMAMOQCYW,Contoso Motors,2011,Automatic,267,2026-05-22,,True
233,233,39GWXOGV27KIR9CZF,Contoso Motors,2007,Automatic,48,2026-05-22,,True
234,234,N7E1ZLIBFDRZUY1F9,Contoso Motors,2007,Automatic,763,2026-05-22,,True
235,235,7Z63SN96WUO9078UC,Contoso Motors,2013,Automatic,3,2026-05-22,,True
236,236,CR8AEJHPJPX0RFDJT,Contoso Motors,2016,Automatic,236,2026-05-22,,True
237,237,6KG3RFCNVM8D5XAU6,Contoso Motors,2011,Automatic,237,2026-05-22,,True
238,238,RMMFWD5RYX9QPR2O1,Contoso Motors,2011,Automatic,733,2026-05-22,,True
239,239,EOFJ9EE8WHS5576FJ,Contoso Motors,2014,Automatic,199,2026-05-22,,True
240,240,O3FNJ4LMVTQ460NE3,Contoso Motors,2005,Automatic,113,2026-05-22,,True
241,241,OEEU3LFOJYUECCAY2,Contoso Motors,2004,Automatic,757,2026-05-22,,True
242,242,NIBPFRW6PF3AJYC78,Contoso Motors,2007,Automatic,907,2026-05-22,,True
243,243,7B4PZSBEHHGQ9TL4G,Contoso Motors,2005,Automatic,626,2026-05-22,,True
244,244,36A60Q4A10EZSSUAF,Contoso Motors,2004,Automatic,244,2026-05-22,,True
245,245,JQ6T0KZ77C142FJS2,Contoso Motors,2007,Automatic,781,2026-05-22,,True
246,246,YBCR5S7UHQTERSRBP,Contoso Motors,2007,Automatic,803,2026-05-22,,True
247,247,ID4NDGXOUECEEMCSP,Contoso Motors,2012,Automatic,838,2026-05-22,,True
248,248,GGMI6EAOC7T5DPOBB,Contoso Motors,2011,Automatic,248,2026-05-22,,True
249,249,W480F2A76XNQYE8ZR,Contoso Motors,2007,Manual,499,2026-05-22,,True
250,250,DZ42BCLDOEMFZ6MIG,Contoso Motors,2013,Semi-Automatic,250,2026-05-22,,True
251,251,7NNQ0XE3WYY1STK76,Contoso Motors,2007,Automatic,114,2026-05-22,,True
252,252,U4AS6E41OZTT9F8PQ,Contoso Motors,2012,Automatic,635,2026-05-22,,True
253,253,D284BARJKP9IH5RPO,Contoso Motors,2014,Automatic,79,2026-05-22,,True
254,254,MDVGCN46K837U7BJX,Contoso Motors,2013,Automatic,147,2026-05-22,,True
255,255,ROEKFVU4RPFJUEWL5,Contoso Motors,2007,Automatic,463,2026-05-22,,True
256,256,5OEH6YE41ZVOQXUX4,Contoso Motors,2016,Automatic,11,2026-05-22,,True
257,257,8PX8ZFK0BBI26OW1K,Contoso Motors,2016,Automatic,192,2026-05-22,,True
258,258,SOQ4O5DGEH8RY9ILH,Contoso Motors,2015,Automatic,232,2026-05-22,,True
259,259,4OGNOAI6V5FROIVFK,Contoso Motors,2004,Manual,547,2026-05-22,,True
260,260,0AWR3XIDJ1U1BMKQA,Contoso Motors,2013,Semi-Automatic,260,2026-05-22,,True
261,261,RVRUL4C54YEE6RME2,Contoso Motors,2014,Automatic,815,2026-05-22,,True
262,262,DQA4I40H1JH2L643H,Contoso Motors,2012,Automatic,967,2026-05-22,,True
263,263,29B894VC3B79UHWBP,Contoso Motors,2007,Automatic,263,2026-05-22,,True
264,264,PE6UI0UM05MWMIACN,Contoso Motors,2006,Automatic,851,2026-05-22,,True
265,265,AV9M6DEWSQUX2VB4L,Contoso Motors,2007,Automatic,863,2026-05-22,,True
266,266,9Q7NP86FNK8UMZC74,Contoso Motors,2005,Automatic,266,2026-05-22,,True
267,267,DZVFKZ3ZCSSWDFAFU,Contoso Motors,2004,Automatic,897,2026-05-22,,True
268,268,1Q2FOUKE63J7OK3LI,Contoso Motors,2007,Automatic,268,2026-05-22,,True
269,269,6P471QFZWFQHWFMKI,Contoso Motors,2014,Automatic,921,2026-05-22,,True
270,270,C27GX6BM2GYV9HX9Y,Contoso Motors,2005,Automatic,270,2026-05-22,,True
271,271,4DU5NJMFVRKIM3P1O,Contoso Motors,2012,Automatic,271,2026-05-22,,True
272,272,6BTD6NHP7DS1W7SJX,Contoso Motors,2016,Automatic,272,2026-05-22,,True
273,273,7012NSYW542KZM7WE,Contoso Motors,2011,Automatic,273,2026-05-22,,True
274,274,GYTKQ1BS38TKLCCBM,Contoso Motors,2013,Automatic,274,2026-05-22,,True
275,275,TL2YQRP3GMW2FC2KX,Contoso Motors,2009,Automatic,62,2026-05-22,,True
276,276,E8DCZDDLIWCKVCVHU,Contoso Motors,2013,Automatic,447,2026-05-22,,True
277,277,722BH1XOFDHU03YB9,Contoso Motors,2007,Automatic,131,2026-05-22,,True
278,278,CQLGZP7J9WH1B4ZRE,Contoso Motors,2005,Automatic,182,2026-05-22,,True
279,279,DBM9C43ALR2DRYF8S,Contoso Motors,2011,Automatic,945,2026-05-22,,True
280,280,Q9Y2DLKX0V567FIJN,Contoso Motors,2004,Automatic,233,2026-05-22,,True
281,281,870I604O4BXFLA721,Contoso Motors,2004,Automatic,288,2026-05-22,,True
282,282,WORG68Z2PLTNZDBI7,Contoso Motors,2006,Automatic,3,2026-05-22,,True
283,283,9C2RHVRVLMEJDBXLP,Contoso Motors,2015,Automatic,12,2026-05-22,,True
284,284,E45JME5KYJF6ICLUD,Contoso Motors,2005,Automatic,284,2026-05-22,,True
285,285,7M05O1PNOJUW5VR9D,Contoso Motors,2007,Automatic,285,2026-05-22,,True
286,286,3QN85DCQ8IBUUBA0Y,Contoso Motors,2014,Automatic,969,2026-05-22,,True
287,287,5FY0WL5EQPVD9LKYW,Contoso Motors,2012,Automatic,51,2026-05-22,,True
288,288,B2UC9Q15DWAPBP2VR,Contoso Motors,2016,Automatic,347,2026-05-22,,True
289,289,Y8TWTEKBBH8CNEKI8,Contoso Motors,2007,Automatic,133,2026-05-22,,True
290,290,O9UGQ1PR18CQAEKVE,Contoso Motors,2016,Automatic,242,2026-05-22,,True
291,291,TPQGWQYW26AHH9TLI,Contoso Motors,2005,Automatic,108,2026-05-22,,True
292,292,38AWD03G73Q6DUA3L,Contoso Motors,2011,Automatic,292,2026-05-22,,True
293,293,VI4IS9NCX3XERQF73,Contoso Motors,2011,Automatic,261,2026-05-22,,True
294,294,FEUSSIGY4UQGO5TVJ,Contoso Motors,2004,Automatic,285,2026-05-22,,True
295,295,ZMP7T83Y1SR5544F7,Contoso Motors,2012,Automatic,63,2026-05-22,,True
296,296,B0RTKSTPYD2DGODTV,Contoso Motors,2013,Automatic,296,2026-05-22,,True
297,297,LR3DODLS7329DDTWM,Contoso Motors,2016,Manual,691,2026-05-22,,True
298,298,978NUG9ZG3DVJL1MX,Contoso Motors,2013,Semi-Automatic,298,2026-05-22,,True
299,299,X77PUP820K6B2MP99,Contoso Motors,2011,Automatic,424,2026-05-22,,True
300,300,QEC5VLEBW5ENSEQAW,Contoso Motors,2004,Automatic,112,2026-05-22,,True
301,301,LHLMIBC5OPP2UZBL5,Contoso Motors,2012,Automatic,447,2026-05-22,,True
302,302,HIF5LODXQC4QD20O5,Contoso Motors,2016,Automatic,139,2026-05-22,,True
303,303,5J0AP38IFFE3H3P34,Contoso Motors,2005,Automatic,190,2026-05-22,,True
304,304,LBWKGBW5WE5MMRF2J,Contoso Motors,2016,Automatic,132,2026-05-22,,True
305,305,LF8RQP1N78DQK0G6J,Contoso Motors,2014,Automatic,425,2026-05-22,,True
306,306,847HUI23QD4NM1S9J,Contoso Motors,2011,Automatic,545,2026-05-22,,True
307,307,0RBCSW4NPPEEKF3BQ,Contoso Motors,2004,Manual,921,2026-05-22,,True
308,308,ZRIPVQ77OZUKB0Y61,Contoso Motors,2013,Semi-Automatic,308,2026-05-22,,True
309,309,4ERRFYCP6UQ81FG7S,Contoso Motors,2007,Automatic,309,2026-05-22,,True
310,310,7G8GJ9SAFYHU76KXQ,Contoso Motors,2012,Automatic,126,2026-05-22,,True
311,311,E4Q4L1AFCQHJU7OGW,Contoso Motors,2006,Automatic,311,2026-05-22,,True
312,312,OPYOX6FJD1XUM3USR,Contoso Motors,2011,Automatic,333,2026-05-22,,True
313,313,JRXDPJOKH96PFXSW2,Contoso Motors,2006,Automatic,379,2026-05-22,,True
314,314,GBZ42PSLANFVHXRWM,Contoso Motors,2005,Automatic,314,2026-05-22,,True
315,315,N3VP3KGLV7AZ7UDLF,Contoso Motors,2007,Automatic,391,2026-05-22,,True
316,316,Q8GLGAECVVBV4YDL5,Contoso Motors,2016,Automatic,316,2026-05-22,,True
317,317,ZP45GAHWWX484JIDS,Contoso Motors,2012,Automatic,427,2026-05-22,,True
318,318,6AHIENBQ3IE0BX63L,Contoso Motors,2013,Automatic,318,2026-05-22,,True
319,319,8JVCS7OF5R71ZG1VJ,Contoso Motors,2014,Automatic,319,2026-05-22,,True
320,320,TP2EHAA57KII7LIGJ,Contoso Motors,2015,Automatic,320,2026-05-22,,True
321,321,RIBJLHHKCFVPCYPIP,Contoso Motors,2004,Automatic,321,2026-05-22,,True
322,322,9ZJ8ZAOW2ZDCFJHRS,Contoso Motors,2010,Automatic,322,2026-05-22,,True
323,323,FRVQ1FXYHRC6J04RK,Contoso Motors,2009,Automatic,250,2026-05-22,,True
324,324,UANMTDWRW00TJ28QV,Contoso Motors,2016,Automatic,228,2026-05-22,,True
325,325,CPGA4ETZIMOP82T9E,Contoso Motors,2015,Automatic,310,2026-05-22,,True
326,326,72KW331LQW1QR9NIX,Contoso Motors,2007,Automatic,379,2026-05-22,,True
327,327,2JXM1P3WJ0HZQBR6S,Contoso Motors,2004,Automatic,439,2026-05-22,,True
328,328,R2VX77FUK9B51P90E,Contoso Motors,2009,Automatic,546,2026-05-22,,True
329,329,KYCY6I07C0KJ459Q1,Contoso Motors,2011,Automatic,568,2026-05-22,,True
330,330,UPUGBZ8I8MD3OQJ5N,Contoso Motors,2010,Automatic,234,2026-05-22,,True
331,331,F3512YWMZF1WA2GKR,Contoso Motors,2011,Automatic,243,2026-05-22,,True
332,332,XKK5DSG4YQ3UUHJLL,Contoso Motors,2004,Automatic,332,2026-05-22,,True
333,333,DZ9OJAMDUDQIFWG45,Contoso Motors,2005,Automatic,333,2026-05-22,,True
334,334,9BZ7D8XML1OREBU6Z,Contoso Motors,2014,Automatic,449,2026-05-22,,True
335,335,EIS8TO7IBPGSUGAFC,Contoso Motors,2013,Automatic,252,2026-05-22,,True
336,336,GEPLA8Z81Y788GDV5,Contoso Motors,2007,Automatic,664,2026-05-22,,True
337,337,F4XK9KWUPSQEKCQ44,Contoso Motors,2011,Automatic,473,2026-05-22,,True
338,338,JIA2JAPA34C2AMK5C,Contoso Motors,2011,Automatic,695,2026-05-22,,True
339,339,2J34P6DUJ5TLGLK7J,Contoso Motors,2013,Automatic,291,2026-05-22,,True
340,340,9Y1PTAE0DAXZCB4K6,Contoso Motors,2013,Automatic,340,2026-05-22,,True
341,341,VKJOFELAS7M9H0IOW,Contoso Motors,2014,Automatic,497,2026-05-22,,True
342,342,AT814MUK5J0G3JPOD,Contoso Motors,2010,Automatic,102,2026-05-22,,True
343,343,8YQEXY61638YKBL4O,Contoso Motors,2012,Automatic,159,2026-05-22,,True
344,344,QKGNSLFNKYGWJ4QR8,Contoso Motors,2004,Automatic,344,2026-05-22,,True
345,345,ZWEDMO23SMRZUPPK3,Contoso Motors,2011,Manual,65,2026-05-22,,True
346,346,2B102NSZTIA304BJR,Contoso Motors,2013,Semi-Automatic,346,2026-05-22,,True
347,347,JLCVKVD9F3032F6JR,Contoso Motors,2004,Automatic,665,2026-05-22,,True
348,348,SRWH1B23OM3AOSB28,Contoso Motors,2013,Automatic,379,2026-05-22,,True
349,349,649PZ6LT55M9ELLL4,Contoso Motors,2015,Automatic,318,2026-05-22,,True
350,350,BIWYSE0RLUJFVWVVV,Contoso Motors,2014,Automatic,387,2026-05-22,,True
351,351,RWIM837UQOPQNJBJ1,Contoso Motors,2009,Automatic,438,2026-05-22,,True
352,352,AOEKR0D869SYL4DTA,Contoso Motors,2015,Automatic,426,2026-05-22,,True
353,353,67E710RBKX9C4LKLX,Contoso Motors,2014,Automatic,689,2026-05-22,,True
354,354,F8MB6Z8E20PB290YW,Contoso Motors,2015,Automatic,690,2026-05-22,,True
355,355,1RTJG39L0ZJDM0YRF,Contoso Motors,2011,Manual,123,2026-05-22,,True
356,356,APZK8MLD6NRH8AE1B,Contoso Motors,2013,Semi-Automatic,356,2026-05-22,,True
357,357,I3KWWJGS9QF2YVZEI,Contoso Motors,2009,Automatic,150,2026-05-22,,True
358,358,JFY53LLTFONNTTZFC,Contoso Motors,2012,Automatic,207,2026-05-22,,True
359,359,LQS47SYHDPU7PY659,Contoso Motors,2012,Automatic,359,2026-05-22,,True
360,360,N3PI8UMX2FKPBSLKJ,Contoso Motors,2016,Automatic,512,2026-05-22,,True
361,361,ZBA97K3ZHMJWKM8VL,Contoso Motors,2005,Automatic,560,2026-05-22,,True
362,362,U727IUNSWAWN20S83,Contoso Motors,2013,Automatic,362,2026-05-22,,True
363,363,AYJWKOVO1YUNA76I7,Contoso Motors,2005,Automatic,630,2026-05-22,,True
364,364,S2X3N4BACU2TN96FJ,Contoso Motors,2015,Automatic,364,2026-05-22,,True
365,365,BRF8PXVFCCYM2DWCW,Contoso Motors,2005,Automatic,678,2026-05-22,,True
366,366,YACKN696MBIRX8J9C,Contoso Motors,2010,Automatic,366,2026-05-22,,True
367,367,GN363ZCEXYXJDESOH,Contoso Motors,2007,Automatic,367,2026-05-22,,True
368,368,J5FIRE115YCDREGO2,Contoso Motors,2016,Automatic,368,2026-05-22,,True
369,369,NO2JM5T62TH82JE0G,Contoso Motors,2011,Automatic,369,2026-05-22,,True
370,370,0FQC86QTFJ7YKFLP1,Contoso Motors,2009,Automatic,370,2026-05-22,,True
371,371,VWPV36QH0X8VTLUVG,Contoso Motors,2015,Automatic,498,2026-05-22,,True
372,372,96E454V8GFVILTWSS,Contoso Motors,2016,Automatic,427,2026-05-22,,True
373,373,8J0U8XCPRGW4Z3NQE,Contoso Motors,2005,Automatic,2,2026-05-22,,True
374,374,6I1PU5IJTTW5JW0VL,Contoso Motors,2005,Automatic,50,2026-05-22,,True
375,375,6EAE4IIMXY3RHH6LZ,Contoso Motors,2007,Automatic,830,2026-05-22,,True
376,376,60JXAVE61HUYRYXZX,Contoso Motors,2016,Automatic,720,2026-05-22,,True
377,377,64CIW3DOG0CETY0M5,Contoso Motors,2011,Automatic,864,2026-05-22,,True
378,378,UZQXXBVKVAIC9ZF4G,Contoso Motors,2016,Automatic,448,2026-05-22,,True
379,379,NS0NCNF06CW7PLQXN,Contoso Motors,2016,Automatic,544,2026-05-22,,True
380,380,4H61HJFAK7VWXX1OV,Contoso Motors,2011,Automatic,380,2026-05-22,,True
381,381,LQY0148LQ37YJ19NH,Contoso Motors,2014,Automatic,381,2026-05-22,,True
382,382,1C8026X1LS42E7916,Contoso Motors,2015,Automatic,878,2026-05-22,,True
383,383,V7D26DTTXLSIS56M1,Contoso Motors,2006,Automatic,619,2026-05-22,,True
384,384,MTP34WQYET4MBXKP3,Contoso Motors,2016,Automatic,875,2026-05-22,,True
385,385,UV25HI2L1W28HEVYF,Contoso Motors,2004,Automatic,136,2026-05-22,,True
386,386,9GAK9WB9PERDMBYWH,Contoso Motors,2004,Automatic,63,2026-05-22,,True
387,387,JYIPJNLSPYCKWKKNJ,Contoso Motors,2005,Automatic,666,2026-05-22,,True
388,388,2FU0GEB32SFRRA6LQ,Contoso Motors,2004,Automatic,388,2026-05-22,,True
389,389,SJPIEUI7S9WPHTAAI,Contoso Motors,2005,Automatic,206,2026-05-22,,True
390,390,GPI5N9BGT5NRZN00V,Contoso Motors,2013,Automatic,254,2026-05-22,,True
391,391,GJGVZ5KGGIVU5HVJE,Contoso Motors,2012,Automatic,318,2026-05-22,,True
392,392,0URNPBEKUUELE97HG,Contoso Motors,2011,Automatic,392,2026-05-22,,True
393,393,6XLREKMP7K6FNL6H2,Contoso Motors,2011,Manual,497,2026-05-22,,True
394,394,XF93A5HNUMQF3W7XN,Contoso Motors,2013,Semi-Automatic,394,2026-05-22,,True
395,395,QROSBQF5GCDX6MFYR,Contoso Motors,2007,Automatic,923,2026-05-22,,True
396,396,XXW0169ZOVK5YJ41O,Contoso Motors,2012,Automatic,667,2026-05-22,,True
397,397,FIL37ODI7DPZJ17XN,Contoso Motors,2007,Automatic,109,2026-05-22,,True
398,398,M3NYC3L36K7N6NG3X,Contoso Motors,2016,Automatic,110,2026-05-22,,True
399,399,TXRICS2GT5CTQB3NT,Contoso Motors,2011,Automatic,111,2026-05-22,,True
400,400,WNAYDQB61LZ83DQF0,Contoso Motors,2011,Automatic,688,2026-05-22,,True
401,401,QYRRYY3SJW7W4VL91,Contoso Motors,2014,Automatic,67,2026-05-22,,True
402,402,OWWOA16T9B8Q7YCCV,Contoso Motors,2011,Automatic,96,2026-05-22,,True
403,403,GZKUG00S0EQ5F54TG,Contoso Motors,2014,Manual,507,2026-05-22,,True
404,404,OKVQCDJV4UYZVJ07T,Contoso Motors,2013,Semi-Automatic,404,2026-05-22,,True
405,405,O8KOMQOQK5OSEX8N4,Contoso Motors,2007,Automatic,358,2026-05-22,,True
406,406,VUOI9X4MG7DP0ZQV8,Contoso Motors,2012,Automatic,366,2026-05-22,,True
407,407,1ZKLUE7IJPHCITBXG,Contoso Motors,2014,Automatic,407,2026-05-22,,True
408,408,PBSIU00P08RA1SIBE,Contoso Motors,2015,Automatic,406,2026-05-22,,True
409,409,T8DNDN5UDCWL7M72H,Contoso Motors,2005,Automatic,25,2026-05-22,,True
410,410,ZJOCAJ6AF9ER5GPW8,Contoso Motors,2010,Automatic,410,2026-05-22,,True
411,411,U2FX7NDGMSL43QUGM,Contoso Motors,2004,Automatic,49,2026-05-22,,True
412,412,WQS4ADJ267BIDYYII,Contoso Motors,2016,Automatic,412,2026-05-22,,True
413,413,R6L3VILU35RHJDAZV,Contoso Motors,2014,Automatic,73,2026-05-22,,True
414,414,ZNMOPH5SW3ZEBV3NO,Contoso Motors,2009,Automatic,414,2026-05-22,,True
415,415,TMN5DLU9NY4XX0JUY,Contoso Motors,2004,Automatic,415,2026-05-22,,True
416,416,8H8W7LAM2WHOK1UON,Contoso Motors,2005,Automatic,416,2026-05-22,,True
417,417,U1G77DG0TQDQU1KPO,Contoso Motors,2007,Automatic,417,2026-05-22,,True
418,418,V5V483U7H0713ZAQ0,Contoso Motors,2016,Automatic,418,2026-05-22,,True
419,419,Z19X6P9CCCLQRPSN8,Contoso Motors,2011,Automatic,229,2026-05-22,,True
420,420,XQURYT88D8BCHF4PD,Contoso Motors,2007,Automatic,719,2026-05-22,,True
421,421,ASFVLRMRYZQDVOAIY,Contoso Motors,2013,Automatic,230,2026-05-22,,True
422,422,6C3RWG9NFGWS93TC1,Contoso Motors,2007,Automatic,290,2026-05-22,,True
423,423,VV280A4H1LRBV1S1M,Contoso Motors,2007,Automatic,517,2026-05-22,,True
424,424,YSTK76U2MMH44OISI,Contoso Motors,2004,Automatic,97,2026-05-22,,True
425,425,18NL8LMI9B1VD0IXV,Contoso Motors,2007,Automatic,121,2026-05-22,,True
426,426,HYT7N0YGG7IE1206T,Contoso Motors,2004,Automatic,723,2026-05-22,,True
427,427,IQD3NDVE7QZC45HNC,Contoso Motors,2015,Automatic,804,2026-05-22,,True
428,428,1OQI8PS9UBQDMBEQY,Contoso Motors,2013,Automatic,428,2026-05-22,,True
429,429,JNZIYNLRASQ08GN5T,Contoso Motors,2014,Automatic,429,2026-05-22,,True
430,430,FOHABFXIQK0NZECAC,Contoso Motors,2011,Automatic,541,2026-05-22,,True
431,431,PN7J7WIR695T90QDK,Contoso Motors,2011,Automatic,815,2026-05-22,,True
432,432,MA3H9KZGMS7RSBK0P,Contoso Motors,2016,Automatic,122,2026-05-22,,True
433,433,8H55KPJ421ANV9B8Y,Contoso Motors,2005,Automatic,565,2026-05-22,,True
434,434,SW39ZMDNA1K1DYFF0,Contoso Motors,2004,Automatic,371,2026-05-22,,True
435,435,LXK7IDPDB86PDY8N5,Contoso Motors,2013,Automatic,863,2026-05-22,,True
436,436,9K3NPUOHFCGGMDO9G,Contoso Motors,2011,Automatic,436,2026-05-22,,True
437,437,XUEKQC1GE5U0KUJ60,Contoso Motors,2004,Automatic,589,2026-05-22,,True
438,438,YXIN7YPOJVAHR93FB,Contoso Motors,2013,Automatic,611,2026-05-22,,True
439,439,3GTFQ3O1QAXMY2J7M,Contoso Motors,2012,Automatic,414,2026-05-22,,True
440,440,23WOY61CJWXBDK1BQ,Contoso Motors,2016,Automatic,440,2026-05-22,,True
441,441,OOVX3DY97VI41SG9E,Contoso Motors,2007,Manual,555,2026-05-22,,True
442,442,8W7J9SXHW68O3IGUW,Contoso Motors,2013,Semi-Automatic,442,2026-05-22,,True
443,443,W3SLZ4MTMD96G0SQ7,Contoso Motors,2015,Automatic,200,2026-05-22,,True
444,444,C2V41OH6X7OCGXN08,Contoso Motors,2016,Automatic,924,2026-05-22,,True
445,445,CQWTAYYFRZLDNYUJ4,Contoso Motors,2009,Automatic,722,2026-05-22,,True
446,446,XO2GTH3AZ5VG2TXDQ,Contoso Motors,2012,Automatic,755,2026-05-22,,True
447,447,QIWX094Y0KAXSBWBP,Contoso Motors,2014,Automatic,803,2026-05-22,,True
448,448,KHMNBOIEHC5LSPC9N,Contoso Motors,2013,Automatic,44,2026-05-22,,True
449,449,WG51TI6CFREWX91BW,Contoso Motors,2016,Automatic,240,2026-05-22,,True
450,450,2VKCGDT7EGS41DOKL,Contoso Motors,2011,Automatic,241,2026-05-22,,True
451,451,M7INY34JC08YNB5R5,Contoso Motors,2007,Manual,737,2026-05-22,,True
452,452,P2K7SAYWZFRNSEVGC,Contoso Motors,2013,Semi-Automatic,452,2026-05-22,,True
453,453,HHCZ4NDHXQF0C8X3A,Contoso Motors,2016,Automatic,623,2026-05-22,,True
454,454,K1EBN5O0N6F6X93Q1,Contoso Motors,2012,Automatic,495,2026-05-22,,True
455,455,3BBBO4Y80NPEWY9ZE,Contoso Motors,2007,Automatic,455,2026-05-22,,True
456,456,BYH6NGWZQZV4EMA6N,Contoso Motors,2016,Automatic,659,2026-05-22,,True
457,457,6NV8M1G8FNB334F2N,Contoso Motors,2007,Automatic,671,2026-05-22,,True
458,458,91D8RNONGLP2GMORS,Contoso Motors,2009,Automatic,458,2026-05-22,,True
459,459,H64NOSDV403YUTFTF,Contoso Motors,2014,Automatic,705,2026-05-22,,True
460,460,EZNMZ02SI3ZRI4Z3U,Contoso Motors,2005,Automatic,460,2026-05-22,,True
461,461,7TS2U7GG9S192BNPL,Contoso Motors,2004,Automatic,729,2026-05-22,,True
462,462,N5G3UB9T6IVX0186H,Contoso Motors,2016,Automatic,462,2026-05-22,,True
463,463,M9NHXYTMG36VNP2KD,Contoso Motors,2011,Automatic,463,2026-05-22,,True
464,464,AF8LSC5SG2T7W6FGU,Contoso Motors,2004,Automatic,464,2026-05-22,,True
465,465,M1RWVAKFAIODBX0SS,Contoso Motors,2005,Automatic,465,2026-05-22,,True
466,466,9S702A2K3QHHQWW5R,Contoso Motors,2007,Automatic,466,2026-05-22,,True
467,467,L2F7UX5520AGR0A3A,Contoso Motors,2004,Automatic,805,2026-05-22,,True
468,468,C356PIURZ6T95DCP0,Contoso Motors,2015,Automatic,68,2026-05-22,,True
469,469,KE4EG963LBEM0WD7J,Contoso Motors,2010,Automatic,806,2026-05-22,,True
470,470,KPLLMLEK90FRNPJNB,Contoso Motors,2015,Automatic,866,2026-05-22,,True
471,471,NYOZT93T7AJDL9HHI,Contoso Motors,2005,Automatic,753,2026-05-22,,True
472,472,F2R5FUDSMJARGSR4A,Contoso Motors,2005,Automatic,296,2026-05-22,,True
473,473,YQ1RUJV3ULTUWBIFU,Contoso Motors,2004,Automatic,361,2026-05-22,,True
474,474,0WAAYJ0Z6GFCDBJAC,Contoso Motors,2005,Automatic,98,2026-05-22,,True
475,475,DWHPNUPRWOL040GB4,Contoso Motors,2007,Automatic,99,2026-05-22,,True
476,476,HPFR22VNYIBN6073Y,Contoso Motors,2004,Automatic,476,2026-05-22,,True
477,477,DMO1ECP3407RCA3MY,Contoso Motors,2005,Automatic,477,2026-05-22,,True
478,478,OILZ12EH6RP1G6D6H,Contoso Motors,2011,Automatic,777,2026-05-22,,True
479,479,8IZNXN9WPJ9JFHLOJ,Contoso Motors,2005,Automatic,120,2026-05-22,,True
480,480,XVXAPOFOK684H9HJ9,Contoso Motors,2005,Automatic,362,2026-05-22,,True
481,481,IFBFIBPS4D235VEKS,Contoso Motors,2011,Automatic,893,2026-05-22,,True
482,482,1FNKHMOYCBGZFFL8R,Contoso Motors,2011,Automatic,925,2026-05-22,,True
483,483,I7CWJZ6R3ST4W523R,Contoso Motors,2011,Automatic,140,2026-05-22,,True
484,484,2H2KRFWQT3W4A8RL2,Contoso Motors,2016,Automatic,484,2026-05-22,,True
485,485,6T4Y45W8ZDY8T97GX,Contoso Motors,2004,Automatic,941,2026-05-22,,True
486,486,S6XW97S479J2R4QVS,Contoso Motors,2014,Automatic,141,2026-05-22,,True
487,487,BLIPK8NMTMTYX1ZIY,Contoso Motors,2012,Automatic,543,2026-05-22,,True
488,488,ZN1TUV6WAHXLO3U33,Contoso Motors,2007,Automatic,488,2026-05-22,,True
489,489,3EJA3KMY2WXA0FKFJ,Contoso Motors,2016,Semi-Automatic,747,2026-05-22,,True
490,490,4HCWC5S5IJXMOG5TH,Contoso Motors,2013,Semi-Automatic,490,2026-05-22,,True
491,491,XQ3MOFK9LO7XY8C59,Contoso Motors,2013,Automatic,440,2026-05-22,,True
492,492,S53V9GQM15XVDDJF1,Contoso Motors,2007,Automatic,236,2026-05-22,,True
493,493,N4O3YGCZCPG7EQ18J,Contoso Motors,2005,Automatic,926,2026-05-22,,True
494,494,6OEDX46M4TTLQ7OHR,Contoso Motors,2013,Automatic,995,2026-05-22,,True
495,495,AZAI19YW9US5M6VTM,Contoso Motors,2016,Automatic,43,2026-05-22,,True
496,496,WGZ3BHPFQQBAPE9V4,Contoso Motors,2013,Automatic,242,2026-05-22,,True
497,497,VI45NWQ2GTHYL4DZB,Contoso Motors,2006,Automatic,499,2026-05-22,,True
498,498,O5R1PH70RV82A3E4N,Contoso Motors,2004,Automatic,553,2026-05-22,,True
499,499,ORZSALKL8GVZ0D7BS,Contoso Motors,2013,Semi-Automatic,795,2026-05-22,,True
500,500,GTEK9BAEZRDOEYOZ2,Contoso Motors,2013,Semi-Automatic,500,2026-05-22,,True
501,501,J65M7JNC4QDZHWQ1K,Contoso Motors,2016,Automatic,187,2026-05-22,,True
502,502,8RHCYCA9UBHU3FHSQ,Contoso Motors,2012,Automatic,558,2026-05-22,,True
503,503,KGPM36VK26AELEZ41,Contoso Motors,2004,Automatic,503,2026-05-22,,True
504,504,JXGEO31C6UNAC0KIH,Contoso Motors,2007,Automatic,199,2026-05-22,,True
505,505,BPNVBNVOYNLAQFNXX,Contoso Motors,2013,Automatic,235,2026-05-22,,True
506,506,MP80QE3HPJPGAI4IG,Contoso Motors,2016,Automatic,506,2026-05-22,,True
507,507,CD9FXB2ILCO170YPG,Contoso Motors,2006,Automatic,247,2026-05-22,,True
508,508,DYC9JXQ7Y35T8YVS2,Contoso Motors,2004,Automatic,508,2026-05-22,,True
509,509,TSTZUK9J4D46YRCCI,Contoso Motors,2005,Automatic,281,2026-05-22,,True
510,510,WQ44S93J3N27SVIRX,Contoso Motors,2007,Automatic,510,2026-05-22,,True
511,511,ZTR0Z9X2250HA1PI0,Contoso Motors,2013,Automatic,511,2026-05-22,,True
512,512,DK2YL7NWWJDMJ9RYK,Contoso Motors,2011,Automatic,512,2026-05-22,,True
513,513,G3O2BOTP2IVSZ2W48,Contoso Motors,2014,Automatic,513,2026-05-22,,True
514,514,RR55YZ6DG2EZ72KKY,Contoso Motors,2015,Automatic,514,2026-05-22,,True
515,515,FJJSIW0EIIGUERE2M,Contoso Motors,2014,Automatic,45,2026-05-22,,True
516,516,LIO7YTOE8DQT6K7O9,Contoso Motors,2004,Automatic,251,2026-05-22,,True
517,517,S9JTJUFCLUX043CJG,Contoso Motors,2015,Automatic,46,2026-05-22,,True
518,518,EI6CW0CKYK741OUHO,Contoso Motors,2004,Automatic,69,2026-05-22,,True
519,519,8BZS7FORHI8Y4FIYH,Contoso Motors,2011,Automatic,305,2026-05-22,,True
520,520,1C2RW5NTEBI2U8EY7,Contoso Motors,2010,Automatic,554,2026-05-22,,True
521,521,ULA46Z5XFF5T0JP3C,Contoso Motors,2004,Automatic,576,2026-05-22,,True
522,522,0WNSOLYN5IIV8LBKT,Contoso Motors,2011,Automatic,260,2026-05-22,,True
523,523,ZHP04SZYFDUZ1JXJI,Contoso Motors,2011,Automatic,299,2026-05-22,,True
524,524,XZXQPPCGWGPN8958F,Contoso Motors,2011,Automatic,524,2026-05-22,,True
525,525,CMJT8KNLDLWSSYAY8,Contoso Motors,2004,Automatic,525,2026-05-22,,True
526,526,TRFD6LW1SWWCNNFF5,Contoso Motors,2004,Automatic,329,2026-05-22,,True
527,527,RDM6J5EKM0XAOFECS,Contoso Motors,2004,Automatic,356,2026-05-22,,True
528,528,PX06U5IK5P7JBZWMI,Contoso Motors,2016,Automatic,672,2026-05-22,,True
529,529,LGFZNOVA6891NIQ04,Contoso Motors,2004,Automatic,469,2026-05-22,,True
530,530,SY6BM4551V77GBW56,Contoso Motors,2010,Automatic,70,2026-05-22,,True
531,531,OH5PU71JGFC98YNPZ,Contoso Motors,2011,Automatic,360,2026-05-22,,True
532,532,OW88VTE8YMYDMZDIC,Contoso Motors,2007,Automatic,532,2026-05-22,,True
533,533,M4TV6IEALD5QDS3IR,Contoso Motors,2007,Automatic,21,2026-05-22,,True
534,534,DC4UBCJ3K37YKLMLM,Contoso Motors,2005,Automatic,69,2026-05-22,,True
535,535,CXQMZ796VHXZCIZDY,Contoso Motors,2012,Automatic,591,2026-05-22,,True
536,536,G1IJPTPCGG4VVM0O3,Contoso Motors,2016,Automatic,536,2026-05-22,,True
537,537,0HMF39RGO8WJ1OS8R,Contoso Motors,2005,Semi-Automatic,929,2026-05-22,,True
538,538,XV1W2KOSDNKHQKHVL,Contoso Motors,2013,Semi-Automatic,538,2026-05-22,,True
539,539,HAFETMKFJVQ4FBOLE,Contoso Motors,2011,Automatic,673,2026-05-22,,True
540,540,IY587XB4HJX6N04PA,Contoso Motors,2016,Automatic,380,2026-05-22,,True
541,541,CI3IA2MUNCLR5GJM0,Contoso Motors,2005,Automatic,93,2026-05-22,,True
542,542,HW3SMAH36QFY1MYXR,Contoso Motors,2007,Automatic,94,2026-05-22,,True
543,543,V4UM6VQFRG2USOV1R,Contoso Motors,2011,Automatic,117,2026-05-22,,True
544,544,561JUQ622CUR0E8JZ,Contoso Motors,2013,Automatic,443,2026-05-22,,True
545,545,G1STEWZKBIT5OYWUK,Contoso Motors,2014,Automatic,793,2026-05-22,,True
546,546,LMH9EM8N6AA7VQO3A,Contoso Motors,2015,Automatic,794,2026-05-22,,True
547,547,I0ZE8JP32J8ZWSBLM,Contoso Motors,2004,Semi-Automatic,169,2026-05-22,,True
548,548,SC8RB10F5JF4LX5CV,Contoso Motors,2013,Semi-Automatic,548,2026-05-22,,True
549,549,JBOIN5XKK8K8X9HMA,Contoso Motors,2011,Automatic,513,2026-05-22,,True
550,550,4K11P2TCO0ZJ0B0H6,Contoso Motors,2012,Automatic,654,2026-05-22,,True
551,551,195W304UL8HAP9Q4G,Contoso Motors,2011,Automatic,551,2026-05-22,,True
552,552,GAQ3SA5S84P25JPM3,Contoso Motors,2004,Automatic,537,2026-05-22,,True
553,553,HGDCO2CD1H90AHYZH,Contoso Motors,2007,Automatic,561,2026-05-22,,True
554,554,9ZMA2FR6LFGXAB4YJ,Contoso Motors,2007,Automatic,554,2026-05-22,,True
555,555,6BGDZUVC05OGK0U2N,Contoso Motors,2011,Automatic,585,2026-05-22,,True
556,556,7RJT1IM5441CS5P55,Contoso Motors,2011,Automatic,556,2026-05-22,,True
557,557,NG1UDZWISW1I2HJXM,Contoso Motors,2014,Automatic,701,2026-05-22,,True
558,558,DB7GXQUVTGDWLEWJD,Contoso Motors,2015,Automatic,558,2026-05-22,,True
559,559,RPA91HDWA2F03K906,Contoso Motors,2016,Automatic,559,2026-05-22,,True
560,560,NBUL247OFXI8HQ578,Contoso Motors,2013,Automatic,560,2026-05-22,,True
561,561,TOHAZOWEUU9PY3EI8,Contoso Motors,2014,Automatic,561,2026-05-22,,True
562,562,LOCNQO28JR378RMGF,Contoso Motors,2015,Automatic,562,2026-05-22,,True
563,563,CPTIEAH6GPLGIO4G3,Contoso Motors,2009,Automatic,118,2026-05-22,,True
564,564,76DLNGP1LW3ZH64OT,Contoso Motors,2015,Automatic,552,2026-05-22,,True
565,565,XE7I7TUY2WSJ8ZXJE,Contoso Motors,2004,Automatic,119,2026-05-22,,True
566,566,JFX3YQSEC0IJ1F5CY,Contoso Motors,2004,Automatic,237,2026-05-22,,True
567,567,2LN5YNG2XJ1ERFKX3,Contoso Motors,2014,Automatic,749,2026-05-22,,True
568,568,CCGL4SM7UU0P4ZBRV,Contoso Motors,2015,Automatic,816,2026-05-22,,True
569,569,OTLM4XY3T2PI9WVBF,Contoso Motors,2004,Automatic,817,2026-05-22,,True
570,570,NECJ2TQWLBVFCH5DB,Contoso Motors,2007,Automatic,627,2026-05-22,,True
571,571,NF981XF6W88HYKE9Y,Contoso Motors,2005,Automatic,674,2026-05-22,,True
572,572,HFHGW4VCB0VIR1XS1,Contoso Motors,2016,Automatic,572,2026-05-22,,True
573,573,WB2GUS8R6BGDC2G7D,Contoso Motors,2011,Automatic,573,2026-05-22,,True
574,574,6ZAH06X3W9HUWYLHS,Contoso Motors,2011,Automatic,901,2026-05-22,,True
575,575,GIMP343NPI0HICJ9X,Contoso Motors,2006,Automatic,675,2026-05-22,,True
576,576,TXPBHK1G57K059R07,Contoso Motors,2004,Automatic,872,2026-05-22,,True
577,577,MD2QMDXNINBM2GC4M,Contoso Motors,2014,Automatic,925,2026-05-22,,True
578,578,VPP5L9XRIZ99D9VPY,Contoso Motors,2005,Automatic,238,2026-05-22,,True
579,579,D4QKU00WCL3EMBJ69,Contoso Motors,2004,Automatic,696,2026-05-22,,True
580,580,VIJNKM20V255IWKUO,Contoso Motors,2016,Automatic,580,2026-05-22,,True
581,581,VTVIIMP7VVMBKS54N,Contoso Motors,2004,Automatic,949,2026-05-22,,True
582,582,6ZCFVVRY55MTNQDK9,Contoso Motors,2005,Automatic,973,2026-05-22,,True
583,583,D7ECN6CN0GDMX3DXW,Contoso Motors,2012,Automatic,687,2026-05-22,,True
584,584,IZ744LDZ0LJQ06ERN,Contoso Motors,2015,Automatic,584,2026-05-22,,True
585,585,KFJUVG6XG3K6JE4A1,Contoso Motors,2013,Semi-Automatic,227,2026-05-22,,True
586,586,X07T6E30I713UCFRP,Contoso Motors,2013,Semi-Automatic,586,2026-05-22,,True
587,587,HLH85IDCRB0O5J6K6,Contoso Motors,2013,Automatic,883,2026-05-22,,True
588,588,1IU4JMQ0BXEZNOMFN,Contoso Motors,2013,Automatic,792,2026-05-22,,True
589,589,ARTXP87VTDTC6MS18,Contoso Motors,2016,Automatic,298,2026-05-22,,True
590,590,Y7RDS9FZMKIVZE3MJ,Contoso Motors,2013,Automatic,311,2026-05-22,,True
591,591,CJ7IV4AJ4BC6PUKQQ,Contoso Motors,2005,Automatic,357,2026-05-22,,True
592,592,E6BS9CXTX2KQ5STIM,Contoso Motors,2010,Automatic,818,2026-05-22,,True
593,593,X61ZJ042L9QHMX91E,Contoso Motors,2016,Automatic,931,2026-05-22,,True
594,594,GTRRNCG4JCICBP5D8,Contoso Motors,2016,Automatic,112,2026-05-22,,True
595,595,W9NSZ423XZHAONYXB,Contoso Motors,2011,Semi-Automatic,9,2026-05-22,,True
596,596,RYMLI5IZQWJH7OF0A,Contoso Motors,2013,Semi-Automatic,596,2026-05-22,,True
597,597,CRM00QGMSNBX7EC9U,Contoso Motors,2007,Automatic,995,2026-05-22,,True
598,598,5BL4VFIIQZ59JLFL2,Contoso Motors,2012,Automatic,735,2026-05-22,,True
599,599,A6EWRI0QEJMUY6LFQ,Contoso Motors,2013,Automatic,599,2026-05-22,,True
600,600,O0SP48ZJC7C9D37GX,Contoso Motors,2013,Automatic,7,2026-05-22,,True
601,601,LLIL1MVZTJ8E92EKG,Contoso Motors,2005,Automatic,137,2026-05-22,,True
602,602,HVETJI1MVFEJPLUEJ,Contoso Motors,2015,Automatic,602,2026-05-22,,True
603,603,YSXL57ME3XP7WPVM6,Contoso Motors,2004,Automatic,161,2026-05-22,,True
604,604,Z37090N06MS0J0H8X,Contoso Motors,2013,Automatic,604,2026-05-22,,True
605,605,1RWB65DQZQ0ZST2C0,Contoso Motors,2014,Automatic,277,2026-05-22,,True
606,606,SA23YNMGPBVLL59BB,Contoso Motors,2015,Automatic,606,2026-05-22,,True
607,607,PB2GAMT1UBQC0N2BW,Contoso Motors,2013,Automatic,607,2026-05-22,,True
608,608,Z42D49ZK8SZE9JA9Z,Contoso Motors,2004,Automatic,608,2026-05-22,,True
609,609,0I2L5C2P0RY3P97FR,Contoso Motors,2005,Automatic,609,2026-05-22,,True
610,610,SNEXT2XFUNCI9H0F9,Contoso Motors,2007,Automatic,610,2026-05-22,,True
611,611,JA4C5LB3SVH9VGMPZ,Contoso Motors,2007,Automatic,358,2026-05-22,,True
612,612,PA3JJB7JEPN2HG0HX,Contoso Motors,2007,Automatic,819,2026-05-22,,True
613,613,2Y2CFDMXBAQNKC02X,Contoso Motors,2016,Automatic,359,2026-05-22,,True
614,614,VC7CU97RZ8Y7VGYQX,Contoso Motors,2015,Automatic,442,2026-05-22,,True
615,615,N01QK9B7DLNKTHSAV,Contoso Motors,2005,Automatic,325,2026-05-22,,True
616,616,GGNBNTBOU7FBFNYSC,Contoso Motors,2014,Automatic,123,2026-05-22,,True
617,617,ZM15LTFB6YBQULUT1,Contoso Motors,2007,Automatic,171,2026-05-22,,True
618,618,A8XUKOW7TXJ8K37WH,Contoso Motors,2011,Automatic,871,2026-05-22,,True
619,619,XXT5LBJOC2Z7EHTJ8,Contoso Motors,2013,Automatic,875,2026-05-22,,True
620,620,HTSTI9TYT7AVCZAMD,Contoso Motors,2007,Automatic,620,2026-05-22,,True
621,621,N9V6H5GEVWXEJIEFD,Contoso Motors,2004,Automatic,621,2026-05-22,,True
622,622,6F8VEEXVK56DXHTEC,Contoso Motors,2014,Automatic,453,2026-05-22,,True
623,623,A3V048GGYTTKGD4JD,Contoso Motors,2011,Automatic,932,2026-05-22,,True
624,624,9QTETX1DP7VDYSXWG,Contoso Motors,2005,Automatic,225,2026-05-22,,True
625,625,KT3REQOBYWUUX488A,Contoso Motors,2004,Automatic,477,2026-05-22,,True
626,626,C5RO30W6BRFFOFZI7,Contoso Motors,2011,Automatic,475,2026-05-22,,True
627,627,26BP3DNBT2Z6AYHNI,Contoso Motors,2011,Automatic,52,2026-05-22,,True
628,628,PZQAYREQWH527DV50,Contoso Motors,2015,Automatic,628,2026-05-22,,True
629,629,D1ZVY26UV2BFGHZNO,Contoso Motors,2013,Manual,27,2026-05-22,,True
630,630,40AUQE77I2BZ07K5O,Contoso Motors,2016,Automatic,39,2026-05-22,,True
631,631,YVFO13CBNKZXJHE5S,Contoso Motors,2012,Automatic,798,2026-05-22,,True
632,632,NNLRTNV7UVZF1YJ5U,Contoso Motors,2016,Automatic,632,2026-05-22,,True
633,633,DF6OX2WSRA6511BVG,Contoso Motors,2004,Semi-Automatic,19,2026-05-22,,True
634,634,MU72U93BZ8CCAWBUE,Contoso Motors,2013,Semi-Automatic,634,2026-05-22,,True
635,635,5N97WWETF2TXG2B0D,Contoso Motors,2007,Automatic,226,2026-05-22,,True
636,636,UN22JLHW8NGF3LIFS,Contoso Motors,2016,Automatic,63,2026-05-22,,True
637,637,PMF9MF4NEMNYDMOV3,Contoso Motors,2007,Automatic,874,2026-05-22,,True
638,638,MSZOZWSKLED9OW4OB,Contoso Motors,2004,Automatic,933,2026-05-22,,True
639,639,J5G7QC2YSFEF4S6SR,Contoso Motors,2005,Automatic,934,2026-05-22,,True
640,640,KIT8NT6ZT6RY0P84I,Contoso Motors,2007,Automatic,111,2026-05-22,,True
641,641,XL2Y5G1TIV5KTVGXJ,Contoso Motors,2007,Automatic,248,2026-05-22,,True
642,642,HCHAJQOQ1ZN19VN7W,Contoso Motors,2004,Automatic,249,2026-05-22,,True
643,643,6UOCMQWHFIWZTN0XV,Contoso Motors,2004,Semi-Automatic,57,2026-05-22,,True
644,644,FZE5OSHN5M9XAXL2N,Contoso Motors,2013,Semi-Automatic,644,2026-05-22,,True
645,645,WOQY2N691M7VUPN0F,Contoso Motors,2016,Automatic,75,2026-05-22,,True
646,646,IOKBCVTFITW7KV8NV,Contoso Motors,2012,Automatic,942,2026-05-22,,True
647,647,9WSAILJZ8SW8CF6H3,Contoso Motors,2016,Automatic,647,2026-05-22,,True
648,648,4GOJ345ZOYDA33TCB,Contoso Motors,2007,Automatic,87,2026-05-22,,True
649,649,C1OVHZ8ILU8TGGPD8,Contoso Motors,2011,Automatic,97,2026-05-22,,True
650,650,KGX6WIWZK9LANQ1LR,Contoso Motors,2015,Automatic,650,2026-05-22,,True
651,651,BR6LMIBHCBI8ABFVD,Contoso Motors,2014,Automatic,121,2026-05-22,,True
652,652,J5751V8CYCTP8OP4B,Contoso Motors,2004,Automatic,652,2026-05-22,,True
653,653,3BP7P0NENUH9RI3M6,Contoso Motors,2004,Automatic,145,2026-05-22,,True
654,654,64QRQEWGY5ZQINQAZ,Contoso Motors,2007,Automatic,654,2026-05-22,,True
655,655,9C9MXU2K85SKH52B8,Contoso Motors,2016,Automatic,655,2026-05-22,,True
656,656,G5J8FO00MKO0YHNNH,Contoso Motors,2011,Automatic,656,2026-05-22,,True
657,657,MWNDEI881FUSUE07W,Contoso Motors,2004,Automatic,657,2026-05-22,,True
658,658,N8VU34JIFIOLL5QTV,Contoso Motors,2005,Automatic,658,2026-05-22,,True
659,659,EMY7WDRZPPS5PDTYV,Contoso Motors,2011,Automatic,3,2026-05-22,,True
660,660,YQB21B238TXKCMKAD,Contoso Motors,2016,Automatic,172,2026-05-22,,True
661,661,W8XLBATF96LUDDCE4,Contoso Motors,2013,Automatic,51,2026-05-22,,True
662,662,454ILQUYBQPTZ267L,Contoso Motors,2014,Automatic,53,2026-05-22,,True
663,663,5HTLJ84O2J32MFFYS,Contoso Motors,2015,Automatic,169,2026-05-22,,True
664,664,BUHA9ZOJCJRVS3EK6,Contoso Motors,2016,Automatic,304,2026-05-22,,True
665,665,UILM8LD1FDSPINLBZ,Contoso Motors,2005,Automatic,369,2026-05-22,,True
666,666,23YK520GRELCLJVX3,Contoso Motors,2011,Automatic,196,2026-05-22,,True
667,667,SKFXJJNBII3AF3T78,Contoso Motors,2004,Automatic,224,2026-05-22,,True
668,668,CXGSM7RX2NWJ6ZTKG,Contoso Motors,2016,Automatic,668,2026-05-22,,True
669,669,4GGHJBM0ZFJ7IGZQH,Contoso Motors,2011,Automatic,669,2026-05-22,,True
670,670,C4SOMWYENYMFLWAWH,Contoso Motors,2014,Automatic,613,2026-05-22,,True
671,671,15G5IEC3I0K52JC11,Contoso Motors,2005,Automatic,250,2026-05-22,,True
672,672,26QDC3UYGMBBBP2RZ,Contoso Motors,2007,Automatic,370,2026-05-22,,True
673,673,SRRECKRR4UUB0VZWV,Contoso Motors,2011,Automatic,637,2026-05-22,,True
674,674,SRPVCRT3UXBZSNTY5,Contoso Motors,2015,Automatic,54,2026-05-22,,True
675,675,4I8OM07H8BEPD8VY8,Contoso Motors,2012,Automatic,251,2026-05-22,,True
676,676,ORSUL9LZY92OIIR6L,Contoso Motors,2016,Automatic,676,2026-05-22,,True
677,677,F6JFHBLMR0NX8I87T,Contoso Motors,2014,Automatic,661,2026-05-22,,True
678,678,T15T0WOSO20RRZH1B,Contoso Motors,2004,Automatic,685,2026-05-22,,True
679,679,IOE6XD5VDQCY6VTBH,Contoso Motors,2012,Automatic,23,2026-05-22,,True
680,680,PWKDX1KUF46KM4J5X,Contoso Motors,2005,Automatic,680,2026-05-22,,True
681,681,LDXV3HYEO1DKUIFKX,Contoso Motors,2011,Semi-Automatic,67,2026-05-22,,True
682,682,165K804CU71Z1ERBS,Contoso Motors,2013,Semi-Automatic,682,2026-05-22,,True
683,683,GGISA6OZA4D2QNIZ9,Contoso Motors,2011,Automatic,448,2026-05-22,,True
684,684,MR3ZDP1C9ODHT8M76,Contoso Motors,2007,Automatic,259,2026-05-22,,True
685,685,DWT22RBR4EY569RRX,Contoso Motors,2005,Automatic,114,2026-05-22,,True
686,686,12K032PRJPCSBHOLV,Contoso Motors,2011,Automatic,173,2026-05-22,,True
687,687,RBS0Y6TWVF8EQFVTU,Contoso Motors,2009,Automatic,174,2026-05-22,,True
688,688,RFO2ETT02NZYR12RM,Contoso Motors,2004,Automatic,268,2026-05-22,,True
689,689,BA8QX6RD89EZ3TQEJ,Contoso Motors,2004,Manual,488,2026-05-22,,True
690,690,8M98GRB4GIWNVWKF4,Contoso Motors,2005,Manual,489,2026-05-22,,True
691,691,LXHN99S7W9CA1QNI1,Contoso Motors,2013,Semi-Automatic,115,2026-05-22,,True
692,692,DJ5NC85UCWYPOZRWE,Contoso Motors,2013,Semi-Automatic,692,2026-05-22,,True
693,693,EC5AH3OWV2DLLIOMH,Contoso Motors,2013,Automatic,707,2026-05-22,,True
694,694,ZWS5XCAHJ7L40MF32,Contoso Motors,2012,Automatic,86,2026-05-22,,True
695,695,SL0PKLM3YD24Y2VQL,Contoso Motors,2013,Automatic,695,2026-05-22,,True
696,696,04G2AAZES95JFZ9KS,Contoso Motors,2006,Automatic,719,2026-05-22,,True
697,697,Y79QZPA090W8TFNU4,Contoso Motors,2016,Automatic,755,2026-05-22,,True
698,698,SYZNGBRKG9Y3JBTTD,Contoso Motors,2007,Automatic,698,2026-05-22,,True
699,699,TL2CUWMHOQMS2US03,Contoso Motors,2012,Automatic,767,2026-05-22,,True
700,700,SGHRPNB79FAXMCZWQ,Contoso Motors,2011,Automatic,700,2026-05-22,,True
701,701,NHB1NL2QVAZED0713,Contoso Motors,2004,Automatic,801,2026-05-22,,True
702,702,2TT5DNNIHDBXIOWBO,Contoso Motors,2005,Automatic,702,2026-05-22,,True
703,703,C53XVQMRLTY8PN51L,Contoso Motors,2007,Automatic,703,2026-05-22,,True
704,704,P06EU01ICF0P3MD0E,Contoso Motors,2016,Automatic,704,2026-05-22,,True
705,705,XFWVHJNOANIVJSTOR,Contoso Motors,2011,Automatic,705,2026-05-22,,True
706,706,1DHKINM70L0IMDNDX,Contoso Motors,2005,Automatic,706,2026-05-22,,True
707,707,TEIQ3S8J4IS3A37ZH,Contoso Motors,2016,Automatic,195,2026-05-22,,True
708,708,SGY9UAYFZYAZE86LX,Contoso Motors,2004,Automatic,307,2026-05-22,,True
709,709,6LW2ZHZWZXPR9AO7Q,Contoso Motors,2004,Automatic,197,2026-05-22,,True
710,710,ESRMWA9TJLDSGQHLO,Contoso Motors,2005,Automatic,198,2026-05-22,,True
711,711,U9291EX7TM550KABK,Contoso Motors,2007,Automatic,825,2026-05-22,,True
712,712,9SQ22M5CIJSXOAYEB,Contoso Motors,2007,Automatic,59,2026-05-22,,True
713,713,70LKXM5BCGNUG45QI,Contoso Motors,2016,Automatic,96,2026-05-22,,True
714,714,DDHBE53XPJEP6Y7OI,Contoso Motors,2013,Automatic,364,2026-05-22,,True
715,715,DOVXHGDQSGKOTTS7D,Contoso Motors,2004,Automatic,368,2026-05-22,,True
716,716,QPDTG35AB6HRKHYP1,Contoso Motors,2015,Automatic,716,2026-05-22,,True
717,717,FJN5UWII43ECSW9D8,Contoso Motors,2004,Automatic,717,2026-05-22,,True
718,718,A98ZQTKVDBA3LXFNG,Contoso Motors,2011,Automatic,849,2026-05-22,,True
719,719,HCFBT8LPDIWF223FE,Contoso Motors,2015,Automatic,388,2026-05-22,,True
720,720,A75GQE0AKRWCYIMQV,Contoso Motors,2007,Automatic,136,2026-05-22,,True
721,721,L2M27IC4G3Z1OPNGA,Contoso Motors,2005,Automatic,873,2026-05-22,,True
722,722,MY9OKHRUXSR7SKV4K,Contoso Motors,2007,Automatic,221,2026-05-22,,True
723,723,CICHILT7JTT0G3TZ7,Contoso Motors,2005,Automatic,484,2026-05-22,,True
724,724,SZ1PLFQYJNUDHYD3W,Contoso Motors,2005,Automatic,724,2026-05-22,,True
725,725,5H80TLM5QNF4QC4NZ,Contoso Motors,2011,Automatic,989,2026-05-22,,True
726,726,IL53ZX06LEM2VDU43,Contoso Motors,2004,Automatic,37,2026-05-22,,True
727,727,F3IIMGLT5DZYUOK0R,Contoso Motors,2012,Automatic,119,2026-05-22,,True
728,728,3EJUIMFWGRQZG81ET,Contoso Motors,2004,Automatic,728,2026-05-22,,True
729,729,BRHC5R4SNHS73D7QE,Contoso Motors,2014,Semi-Automatic,153,2026-05-22,,True
730,730,7HHGDTH9FK3U8O75R,Contoso Motors,2013,Semi-Automatic,730,2026-05-22,,True
731,731,6WBGQ85RXT2YDTPVP,Contoso Motors,2015,Automatic,144,2026-05-22,,True
732,732,LYI0FRMLLNNWU774U,Contoso Motors,2007,Automatic,490,2026-05-22,,True
733,733,RW2Z6CATSMFIN889Q,Contoso Motors,2016,Automatic,222,2026-05-22,,True
734,734,1IDOX778KN0B9JVQ8,Contoso Motors,2011,Automatic,223,2026-05-22,,True
735,735,HZUVNXFEFR972CF7P,Contoso Motors,2011,Automatic,245,2026-05-22,,True
736,736,7UYFAKDB3GTWRUARI,Contoso Motors,2013,Automatic,499,2026-05-22,,True
737,737,CR0SPKNCJ0TDA6S37,Contoso Motors,2016,Automatic,184,2026-05-22,,True
738,738,NVCEX4LASZIL7H7O3,Contoso Motors,2015,Automatic,210,2026-05-22,,True
739,739,AKYYQ91FZHZPZPW0T,Contoso Motors,2005,Semi-Automatic,201,2026-05-22,,True
740,740,40TD7R10U4Y5LGV0S,Contoso Motors,2013,Semi-Automatic,740,2026-05-22,,True
741,741,W955YIY7FXRM689F8,Contoso Motors,2011,Automatic,165,2026-05-22,,True
742,742,VHRA1Y2TGTA84F00H,Contoso Motors,2013,Automatic,22,2026-05-22,,True
743,743,W4VHIZMS7VNN66O0L,Contoso Motors,2016,Automatic,743,2026-05-22,,True
744,744,4G08RIMH2EDJPMAAO,Contoso Motors,2014,Automatic,189,2026-05-22,,True
745,745,8X5GIWV3BRRMSQNPM,Contoso Motors,2004,Automatic,213,2026-05-22,,True
746,746,1W3N5OPBM26B2FGTI,Contoso Motors,2005,Automatic,746,2026-05-22,,True
747,747,FPV30MHDDWMVNKM7P,Contoso Motors,2005,Automatic,237,2026-05-22,,True
748,748,T9KOS71E4AIP1Q8EL,Contoso Motors,2016,Automatic,748,2026-05-22,,True
749,749,6JQXXHW66LO0UGIHG,Contoso Motors,2016,Automatic,283,2026-05-22,,True
750,750,R3L4HK7T3NX7QVKEN,Contoso Motors,2005,Automatic,750,2026-05-22,,True
751,751,G2X9W0T6L2JS6WFP9,Contoso Motors,2006,Automatic,751,2026-05-22,,True
752,752,5FQ1WG7XU1R21H076,Contoso Motors,2007,Automatic,752,2026-05-22,,True
753,753,TRMKI7HQS5W2AXXZJ,Contoso Motors,2004,Automatic,753,2026-05-22,,True
754,754,KMNVN2AH9A5ROOM8U,Contoso Motors,2005,Automatic,754,2026-05-22,,True
755,755,T1FWKED19XQUSKUIP,Contoso Motors,2005,Automatic,246,2026-05-22,,True
756,756,4R30FOR7NUOBL05GJ,Contoso Motors,2016,Automatic,16,2026-05-22,,True
757,757,O4SP2LLBB22B178AN,Contoso Motors,2009,Automatic,306,2026-05-22,,True
758,758,ECTILBZ7Q9CXDT1PI,Contoso Motors,2016,Automatic,319,2026-05-22,,True
759,759,HDZ6EZ3BJ3R0E8O7D,Contoso Motors,2012,Automatic,295,2026-05-22,,True
760,760,MMPDFE10GSJVDFLPU,Contoso Motors,2005,Automatic,240,2026-05-22,,True
761,761,NQXHWVC3T5K8HQ8VH,Contoso Motors,2013,Automatic,299,2026-05-22,,True
762,762,VGBMKIXICFYAJSHER,Contoso Motors,2004,Automatic,36,2026-05-22,,True
763,763,6JSA9PR2FFEZ9B2LF,Contoso Motors,2016,Automatic,60,2026-05-22,,True
764,764,81G2A4SL9PO4568FR,Contoso Motors,2016,Automatic,764,2026-05-22,,True
765,765,MS1X7K1TATLZN91VO,Contoso Motors,2011,Automatic,765,2026-05-22,,True
766,766,TVQUH7OPXUML589BF,Contoso Motors,2007,Automatic,331,2026-05-22,,True
767,767,K4S59LCD768E439BP,Contoso Motors,2005,Automatic,64,2026-05-22,,True
768,768,TNZWN4KCBEAFU2PY4,Contoso Motors,2007,Automatic,329,2026-05-22,,True
769,769,BCBH8NN5VYDYJKHLN,Contoso Motors,2014,Automatic,343,2026-05-22,,True
770,770,QZ2UC2O6OC2RKAIN2,Contoso Motors,2014,Automatic,365,2026-05-22,,True
771,771,1KGYSUOELB2RW72TO,Contoso Motors,2011,Automatic,84,2026-05-22,,True
772,772,K9HXYEIKIALDNOZVI,Contoso Motors,2004,Automatic,772,2026-05-22,,True
773,773,ZCZW1LLECMJCR28ZW,Contoso Motors,2007,Automatic,353,2026-05-22,,True
774,774,I068HDP99WD7KEY1N,Contoso Motors,2011,Automatic,377,2026-05-22,,True
775,775,JJRWXPF3C451H02VK,Contoso Motors,2013,Automatic,247,2026-05-22,,True
776,776,4OMDL2KTP014J5CLU,Contoso Motors,2011,Automatic,776,2026-05-22,,True
777,777,90YJI5CIBBUPG91RQ,Contoso Motors,2014,Semi-Automatic,249,2026-05-22,,True
778,778,9YCXB7UMTKU8ECRV7,Contoso Motors,2015,Semi-Automatic,778,2026-05-22,,True
779,779,W6V391Z9F53WKNQC6,Contoso Motors,2011,Automatic,353,2026-05-22,,True
780,780,MP7995L7DJRK9RYFV,Contoso Motors,2005,Automatic,90,2026-05-22,,True
781,781,OYM8VOGTOYNEDHEDU,Contoso Motors,2015,Automatic,366,2026-05-22,,True
782,782,X5LI0HRNEZTB1LHJV,Contoso Motors,2013,Automatic,367,2026-05-22,,True
783,783,5E8ZLLMNOKC97Y39F,Contoso Motors,2007,Automatic,485,2026-05-22,,True
784,784,J7QSXBTTYAVCARPCM,Contoso Motors,2014,Automatic,99,2026-05-22,,True
785,785,C6U9GGBA5AW3XTUU1,Contoso Motors,2005,Automatic,354,2026-05-22,,True
786,786,T8NJCUFGG2QGQFDWL,Contoso Motors,2004,Automatic,376,2026-05-22,,True
787,787,YN25BAMRKJLP1K3K6,Contoso Motors,2016,Semi-Automatic,259,2026-05-22,,True
788,788,J0AA6GOZ9DDA3SMI2,Contoso Motors,2015,Semi-Automatic,788,2026-05-22,,True
789,789,0QO6KQFIMUFQYUVK7,Contoso Motors,2005,Automatic,401,2026-05-22,,True
790,790,H0L0TKDKWFMEBAFK2,Contoso Motors,2013,Automatic,343,2026-05-22,,True
791,791,N7JV75WZ0OCOQEDGZ,Contoso Motors,2007,Automatic,791,2026-05-22,,True
792,792,VVLP43HE78ERBU8BK,Contoso Motors,2004,Automatic,425,2026-05-22,,True
793,793,9GV7PZNT6AWE05604,Contoso Motors,2014,Automatic,117,2026-05-22,,True
794,794,54GLGFGG366EBV9J2,Contoso Motors,2005,Automatic,794,2026-05-22,,True
795,795,0A4SMSAGR5CA4LAY6,Contoso Motors,2014,Automatic,165,2026-05-22,,True
796,796,OB8R8LR5DUG79YSRA,Contoso Motors,2007,Automatic,796,2026-05-22,,True
797,797,97PMUAYJHGRMB0KPM,Contoso Motors,2004,Automatic,515,2026-05-22,,True
798,798,IJS4NQHF1H5RDJVWA,Contoso Motors,2005,Automatic,798,2026-05-22,,True
799,799,9DIEKCNPQDFXINGR7,Contoso Motors,2012,Automatic,799,2026-05-22,,True
800,800,P172QGLD4TJDHP5KW,Contoso Motors,2016,Automatic,800,2026-05-22,,True
801,801,YWRP6OT9GHZRYF19H,Contoso Motors,2011,Automatic,801,2026-05-22,,True
802,802,4ZLVO4S8I3N1C658C,Contoso Motors,2013,Automatic,802,2026-05-22,,True
803,803,8HJPW8YBGK2QX45YM,Contoso Motors,2016,Automatic,486,2026-05-22,,True
804,804,QK1HIM0WKKNM7TCT5,Contoso Motors,2010,Automatic,156,2026-05-22,,True
805,805,BRNHVMZOUJ6EOCP32,Contoso Motors,2004,Automatic,13,2026-05-22,,True
806,806,5OZEYSZSL53OJI90B,Contoso Motors,2011,Automatic,61,2026-05-22,,True
807,807,Y6P4Z7FX84XCC210V,Contoso Motors,2016,Automatic,527,2026-05-22,,True
808,808,K0Z9D5WQV51K1D9DD,Contoso Motors,2005,Automatic,377,2026-05-22,,True
809,809,5KIJ2LBT9NBXRYNJ1,Contoso Motors,2004,Automatic,432,2026-05-22,,True
810,810,9D7YC1K6H889N676Y,Contoso Motors,2007,Automatic,180,2026-05-22,,True
811,811,7NR0A40LLPWQBIVEQ,Contoso Motors,2014,Automatic,187,2026-05-22,,True
812,812,DRZQCEQTOITFGYE1F,Contoso Motors,2005,Automatic,812,2026-05-22,,True
813,813,ZTOXRYHCBTPVA346D,Contoso Motors,2007,Automatic,813,2026-05-22,,True
814,814,230L1LHPMTHZMQH5D,Contoso Motors,2011,Automatic,563,2026-05-22,,True
815,815,WU6TUN4OUQJ62959R,Contoso Motors,2011,Automatic,204,2026-05-22,,True
816,816,QYR2YHRCPM7KRXIFH,Contoso Motors,2006,Automatic,443,2026-05-22,,True
817,817,0AHXFLV9JHV1C3FLF,Contoso Motors,2013,Automatic,575,2026-05-22,,True
818,818,VW2J1NWNDZMIX5S9L,Contoso Motors,2011,Automatic,133,2026-05-22,,True
819,819,QFQVXAZ7QT2Y9HY5P,Contoso Motors,2007,Automatic,235,2026-05-22,,True
820,820,PKEPO5FRA6XJVOIJL,Contoso Motors,2011,Automatic,820,2026-05-22,,True
821,821,FR2BMACDU78E81XTM,Contoso Motors,2005,Automatic,609,2026-05-22,,True
822,822,NAYMOPAFWZZJ3P5ST,Contoso Motors,2004,Automatic,633,2026-05-22,,True
823,823,4QY2YX7ZBBYX3R90G,Contoso Motors,2013,Automatic,406,2026-05-22,,True
824,824,HICE0LWREABPLGNZ4,Contoso Motors,2013,Automatic,824,2026-05-22,,True
825,825,VE48CAR1OTQWPEGGZ,Contoso Motors,2014,Semi-Automatic,297,2026-05-22,,True
826,826,HYK915IEFUDRMB5VK,Contoso Motors,2015,Semi-Automatic,826,2026-05-22,,True
827,827,5COLRNFEJUAE4AWRB,Contoso Motors,2011,Automatic,449,2026-05-22,,True
828,828,3NXGTA28RQCJWC2GG,Contoso Motors,2004,Automatic,239,2026-05-22,,True
829,829,80YJYHAP7PBI71W1E,Contoso Motors,2013,Automatic,159,2026-05-22,,True
830,830,RZFQM7V90QR7IISH6,Contoso Motors,2006,Automatic,179,2026-05-22,,True
831,831,95SL8ZZOYDZD11JJ2,Contoso Motors,2004,Automatic,181,2026-05-22,,True
832,832,5DJE9WG9965PK8D38,Contoso Motors,2004,Automatic,256,2026-05-22,,True
833,833,TAKBJJ63U55C1MMUJ,Contoso Motors,2013,Automatic,472,2026-05-22,,True
834,834,2IOYK1O5K2TVF1NFP,Contoso Motors,2012,Automatic,491,2026-05-22,,True
835,835,SZPH4O2AB63H13YQ3,Contoso Motors,2012,Semi-Automatic,403,2026-05-22,,True
836,836,X0FOEI94DVDI6VID8,Contoso Motors,2015,Semi-Automatic,836,2026-05-22,,True
837,837,TGHXAB6J65XTQCVD7,Contoso Motors,2014,Automatic,657,2026-05-22,,True
838,838,1RFEOANOYZCBM4TU0,Contoso Motors,2013,Automatic,775,2026-05-22,,True
839,839,7MUZB90VD18D9W1RH,Contoso Motors,2006,Automatic,839,2026-05-22,,True
840,840,M990FT6MMHZJXQUEC,Contoso Motors,2011,Automatic,681,2026-05-22,,True
841,841,R8V7LBUTZU3144KJO,Contoso Motors,2005,Automatic,797,2026-05-22,,True
842,842,4PRGPFPQSAGGP9NX6,Contoso Motors,2005,Automatic,842,2026-05-22,,True
843,843,ZXOIFCKDL05F05B3X,Contoso Motors,2004,Automatic,845,2026-05-22,,True
844,844,NMGCY7X5J1PJ2UA94,Contoso Motors,2016,Automatic,844,2026-05-22,,True
845,845,HYKPJHYAHBWE8ISKL,Contoso Motors,2011,Automatic,997,2026-05-22,,True
846,846,BU90U8QBV69ZU7O2Q,Contoso Motors,2013,Automatic,846,2026-05-22,,True
847,847,8KRJYE1D2LYS2LZ62,Contoso Motors,2014,Automatic,847,2026-05-22,,True
848,848,GYT0MJJJJJWMIPCGY,Contoso Motors,2015,Automatic,848,2026-05-22,,True
849,849,MUP19M2VC7BB0F2XS,Contoso Motors,2004,Automatic,849,2026-05-22,,True
850,850,7GF2Y9JGPOH5T99V8,Contoso Motors,2010,Automatic,850,2026-05-22,,True
851,851,SC9G0RES3EUPLX7C2,Contoso Motors,2014,Automatic,253,2026-05-22,,True
852,852,G8Q4AX4JD5WD72WM2,Contoso Motors,2015,Automatic,276,2026-05-22,,True
853,853,6LUK9D367V9T1CIN8,Contoso Motors,2005,Automatic,301,2026-05-22,,True
854,854,HZTDMFDAZPE2PGBNN,Contoso Motors,2016,Automatic,303,2026-05-22,,True
855,855,F97CREJY4K36GXYQB,Contoso Motors,2004,Automatic,21,2026-05-22,,True
856,856,52914EY5HGMGPU7SG,Contoso Motors,2004,Automatic,497,2026-05-22,,True
857,857,OMM9F2ABI0RY7XP76,Contoso Motors,2004,Automatic,520,2026-05-22,,True
858,858,CUEHKXE2HHXAKJWY5,Contoso Motors,2004,Automatic,300,2026-05-22,,True
859,859,26GSEZPDD802ZCPDI,Contoso Motors,2016,Automatic,324,2026-05-22,,True
860,860,QPK7XEOMZO2OZ7GV8,Contoso Motors,2004,Automatic,860,2026-05-22,,True
861,861,FZ3HW1YFEWTKM6PNH,Contoso Motors,2005,Automatic,861,2026-05-22,,True
862,862,QA0CKZPRYXCIAXWT1,Contoso Motors,2013,Automatic,139,2026-05-22,,True
863,863,XMABHI97U66MFZWUP,Contoso Motors,2011,Automatic,348,2026-05-22,,True
864,864,U01QK1XK2EGWUGXHT,Contoso Motors,2004,Automatic,569,2026-05-22,,True
865,865,HOA1OHM0MQ4ZJFW9Y,Contoso Motors,2016,Automatic,151,2026-05-22,,True
866,866,DK6JW0RNF0G9PO2FJ,Contoso Motors,2007,Automatic,323,2026-05-22,,True
867,867,HH0UUWH1QB9GG4S4A,Contoso Motors,2016,Automatic,352,2026-05-22,,True
868,868,QZUP2Q4EHOE069K1X,Contoso Motors,2013,Automatic,868,2026-05-22,,True
869,869,6B7VXWUK1PHZCS3OU,Contoso Motors,2014,Automatic,185,2026-05-22,,True
870,870,434GS5N28DIN5OVLH,Contoso Motors,2011,Automatic,209,2026-05-22,,True
871,871,K9QF880KTD5NDKG0M,Contoso Motors,2013,Automatic,871,2026-05-22,,True
872,872,F52U4Z5UNCE2C1OFT,Contoso Motors,2004,Automatic,872,2026-05-22,,True
873,873,MD1QGKELEC5FZ04F8,Contoso Motors,2011,Semi-Automatic,595,2026-05-22,,True
874,874,ZFA6L9YHV0AX89PKO,Contoso Motors,2015,Semi-Automatic,874,2026-05-22,,True
875,875,YECGNLIVTNF3841CP,Contoso Motors,2007,Automatic,576,2026-05-22,,True
876,876,D1360EL2ADUC6MPDQ,Contoso Motors,2005,Automatic,372,2026-05-22,,True
877,877,N8JSLRBYQKE9IACLA,Contoso Motors,2011,Automatic,325,2026-05-22,,True
878,878,3S0ES2JI4ACRFV3ET,Contoso Motors,2009,Automatic,326,2026-05-22,,True
879,879,AAYW7K4YP7I4RNOPV,Contoso Motors,2004,Automatic,349,2026-05-22,,True
880,880,BTJWLTKYWTYE5QNYD,Contoso Motors,2007,Automatic,378,2026-05-22,,True
881,881,87USY6PCJ78B9KL0I,Contoso Motors,2016,Automatic,616,2026-05-22,,True
882,882,R00Z3DI0LOLCAYH87,Contoso Motors,2011,Automatic,617,2026-05-22,,True
883,883,HOCG329DOP8M59A3O,Contoso Motors,2013,Automatic,643,2026-05-22,,True
884,884,1VJFB9JEFQPGC11G3,Contoso Motors,2015,Semi-Automatic,884,2026-05-22,,True
885,885,E8ZEHV77X4K5BI6VB,Contoso Motors,2014,Automatic,233,2026-05-22,,True
886,886,YQ38IK9VIFZ9L4X0L,Contoso Motors,2013,Automatic,934,2026-05-22,,True
887,887,S51OBQSGMPCRL8ERU,Contoso Motors,2012,Automatic,887,2026-05-22,,True
888,888,TBDPURKUDLZ32H4NQ,Contoso Motors,2004,Automatic,257,2026-05-22,,True
889,889,LSEOQTC2VU7C4T2VQ,Contoso Motors,2004,Automatic,373,2026-05-22,,True
890,890,9RO3097X9OREKUP5G,Contoso Motors,2013,Automatic,890,2026-05-22,,True
891,891,ADWXNCODEU6OYKVCH,Contoso Motors,2011,Automatic,421,2026-05-22,,True
892,892,RHU8UM5VHY4M5O6CP,Contoso Motors,2015,Automatic,892,2026-05-22,,True
893,893,F0ART9GM914MTWBEB,Contoso Motors,2004,Automatic,101,2026-05-22,,True
894,894,9MGA02Q904RZK30Y0,Contoso Motors,2010,Automatic,894,2026-05-22,,True
895,895,JZZR7MEBSY5Z3DBSV,Contoso Motors,2007,Automatic,895,2026-05-22,,True
896,896,61PM8FCE5Z47LCBM7,Contoso Motors,2016,Automatic,896,2026-05-22,,True
897,897,QAUJ75K404OKCWAYB,Contoso Motors,2011,Automatic,897,2026-05-22,,True
898,898,Y31AP41FPE968VDAQ,Contoso Motors,2009,Automatic,898,2026-05-22,,True
899,899,9K4NASRJYRC5IGE5F,Contoso Motors,2005,Automatic,350,2026-05-22,,True
900,900,6ROKN7HL3QYDKBZU2,Contoso Motors,2016,Automatic,383,2026-05-22,,True
901,901,ZG29O4PDUVJB480O7,Contoso Motors,2007,Automatic,351,2026-05-22,,True
902,902,89TKX09LO2TMOQ5ZZ,Contoso Motors,2007,Automatic,373,2026-05-22,,True
903,903,O00E9L82AK190JQLE,Contoso Motors,2005,Automatic,125,2026-05-22,,True
904,904,DRNRGX58IYSUEULXS,Contoso Motors,2015,Automatic,672,2026-05-22,,True
905,905,JGWFS0V5AO56BGKRX,Contoso Motors,2005,Automatic,768,2026-05-22,,True
906,906,YYR59LU296241XM7C,Contoso Motors,2016,Automatic,396,2026-05-22,,True
907,907,MD3MRWCB5BJZLT7KR,Contoso Motors,2007,Automatic,400,2026-05-22,,True
908,908,48NS2CV6X0R8MWGF8,Contoso Motors,2011,Automatic,908,2026-05-22,,True
909,909,U70L3UW3I74U0I1D2,Contoso Motors,2014,Automatic,909,2026-05-22,,True
910,910,5H7BDXTKTIRIMVGIS,Contoso Motors,2011,Automatic,149,2026-05-22,,True
911,911,8Q2VFOO8CA3Z45B6V,Contoso Motors,2013,Automatic,431,2026-05-22,,True
912,912,HW4XJWLPNNDLQAX05,Contoso Motors,2005,Automatic,785,2026-05-22,,True
913,913,22EG0JMRZL1IWKZZF,Contoso Motors,2004,Automatic,173,2026-05-22,,True
914,914,60GJ5JULBBBM13ZUP,Contoso Motors,2016,Automatic,374,2026-05-22,,True
915,915,QI6EFFZ7ZXGQO9SOU,Contoso Motors,2016,Automatic,435,2026-05-22,,True
916,916,MAVMESMCTW2JBG1G5,Contoso Motors,2004,Automatic,916,2026-05-22,,True
917,917,IKNVB3TIXN438BQ89,Contoso Motors,2012,Automatic,183,2026-05-22,,True
918,918,74G4ZYNQ6ZJOHDAVW,Contoso Motors,2010,Automatic,190,2026-05-22,,True
919,919,YKHPJ1STWYTEASS7K,Contoso Motors,2013,Automatic,303,2026-05-22,,True
920,920,WLDA9RJA6P4UTS5K0,Contoso Motors,2011,Automatic,920,2026-05-22,,True
921,921,8H2GFWRYTVXA2HGA6,Contoso Motors,2005,Automatic,729,2026-05-22,,True
922,922,3HAOIE7ES2MHZW9TT,Contoso Motors,2015,Semi-Automatic,922,2026-05-22,,True
923,923,UW77H6R708EIE9OLS,Contoso Motors,2016,Automatic,808,2026-05-22,,True
924,924,8R5D8PMU2LJP25G25,Contoso Motors,2013,Automatic,475,2026-05-22,,True
925,925,J165EXXZ9KYOH2TF8,Contoso Motors,2011,Automatic,397,2026-05-22,,True
926,926,XZKKHBHIYECG3VTLL,Contoso Motors,2007,Automatic,434,2026-05-22,,True
927,927,8XBCZZPJDEFJV8IHD,Contoso Motors,2014,Automatic,469,2026-05-22,,True
928,928,ANAQ2CSXPZV04SSB3,Contoso Motors,2016,Automatic,492,2026-05-22,,True
929,929,Z9GJHDT27HY6MIV2A,Contoso Motors,2011,Automatic,809,2026-05-22,,True
930,930,ZRELSR86XTMT1KI1Z,Contoso Motors,2004,Automatic,816,2026-05-22,,True
931,931,V1ME9XPJCFFK51OBG,Contoso Motors,2014,Automatic,825,2026-05-22,,True
932,932,B0KQJS58D9W3QUFC7,Contoso Motors,2015,Semi-Automatic,932,2026-05-22,,True
933,933,N4923VAUT73830S31,Contoso Motors,2011,Automatic,193,2026-05-22,,True
934,934,8KNYKMNPQZ4E359R9,Contoso Motors,2013,Automatic,399,2026-05-22,,True
935,935,SVTA6FJUPTXJS3S66,Contoso Motors,2014,Automatic,935,2026-05-22,,True
936,936,5Y7C4X1AW9OD6YJ5H,Contoso Motors,2007,Automatic,197,2026-05-22,,True
937,937,9UXISGGMN5UGSNFRU,Contoso Motors,2016,Automatic,198,2026-05-22,,True
938,938,L5I8UFY8X6GL2D69M,Contoso Motors,2010,Automatic,938,2026-05-22,,True
939,939,QCZNWGSD18592WZN8,Contoso Motors,2005,Automatic,213,2026-05-22,,True
940,940,YBA3G7IMYLGC0GXJN,Contoso Motors,2016,Automatic,940,2026-05-22,,True
941,941,Z2L5CLWYCUDITKUF4,Contoso Motors,2011,Automatic,216,2026-05-22,,True
942,942,RDR4WN8V9E87L9YG9,Contoso Motors,2009,Automatic,942,2026-05-22,,True
943,943,SN5X1SZYMFZHUM6JH,Contoso Motors,2004,Automatic,943,2026-05-22,,True
944,944,BUH4CXR94R6VAI3ZO,Contoso Motors,2005,Automatic,944,2026-05-22,,True
945,945,8SA2DDGJJ17593MQI,Contoso Motors,2007,Automatic,945,2026-05-22,,True
946,946,VZGPN3M599V67YJH5,Contoso Motors,2016,Automatic,946,2026-05-22,,True
947,947,LRJWGGVPDJZT6W58N,Contoso Motors,2011,Automatic,493,2026-05-22,,True
948,948,54T67R4TX2PBD1ANZ,Contoso Motors,2015,Automatic,496,2026-05-22,,True
949,949,ONT8HNOEUQELWAPTE,Contoso Motors,2013,Automatic,494,2026-05-22,,True
950,950,3TNMHKIBIRL8VEFVU,Contoso Motors,2014,Automatic,495,2026-05-22,,True
951,951,ER4VYHEYMCSJ3ZAIE,Contoso Motors,2004,Automatic,217,2026-05-22,,True
952,952,NPKFUFF093BM7T96C,Contoso Motors,2004,Automatic,833,2026-05-22,,True
953,953,A78TYXAEP593BZ4IP,Contoso Motors,2005,Automatic,905,2026-05-22,,True
954,954,G5CQWFZJQ3A5KMGC6,Contoso Motors,2013,Automatic,516,2026-05-22,,True
955,955,76CDO5YKDLP6DBKCB,Contoso Motors,2005,Automatic,592,2026-05-22,,True
956,956,9SYQ7O5RY42RX52IS,Contoso Motors,2013,Automatic,956,2026-05-22,,True
957,957,P0Q6O7AYK4AVE7KUR,Contoso Motors,2014,Automatic,957,2026-05-22,,True
958,958,W7R9NH0J222XFJ5QB,Contoso Motors,2007,Automatic,219,2026-05-22,,True
959,959,27132MOCI2XLY2WV7,Contoso Motors,2011,Automatic,612,2026-05-22,,True
960,960,JSMODE77LND1A80LI,Contoso Motors,2004,Automatic,929,2026-05-22,,True
961,961,BMO12BYEKJUJ1EXEZ,Contoso Motors,2011,Automatic,221,2026-05-22,,True
962,962,I3RPXKI35GTJ57UPB,Contoso Motors,2014,Automatic,517,2026-05-22,,True
963,963,13J2AYMGFCWX7XEMK,Contoso Motors,2012,Automatic,623,2026-05-22,,True
964,964,B5SXM9ARB640FVFRN,Contoso Motors,2011,Automatic,964,2026-05-22,,True
965,965,GH0RCH5YSD9CI6N6T,Contoso Motors,2014,Automatic,231,2026-05-22,,True
966,966,7JVWHYB4XCC0HBQ2B,Contoso Motors,2009,Automatic,238,2026-05-22,,True
967,967,GT7RUGNJPQ3LX5OTG,Contoso Motors,2013,Automatic,462,2026-05-22,,True
968,968,QPIQ3B5P296KG8YNE,Contoso Motors,2016,Automatic,968,2026-05-22,,True
969,969,OBZKQYDVE0TXIZSPK,Contoso Motors,2005,Automatic,873,2026-05-22,,True
970,970,CD9AENZSES3TBGU6N,Contoso Motors,2015,Semi-Automatic,970,2026-05-22,,True
971,971,QNSSJ538O55HX8AXT,Contoso Motors,2005,Automatic,930,2026-05-22,,True
972,972,83EL4EBUXZXOQRD9R,Contoso Motors,2005,Automatic,636,2026-05-22,,True
973,973,0ON6GUTCMZHRYY4KQ,Contoso Motors,2013,Automatic,563,2026-05-22,,True
974,974,BYPKHEZ3D91QIR985,Contoso Motors,2011,Automatic,589,2026-05-22,,True
975,975,KBSM14UZ8CCMU2VE8,Contoso Motors,2016,Automatic,611,2026-05-22,,True
976,976,U5NZHUP1TYVEC9K8A,Contoso Motors,2004,Automatic,640,2026-05-22,,True
977,977,4B78AP4AZ8QDAZMSR,Contoso Motors,2011,Automatic,952,2026-05-22,,True
978,978,2DSVHSN0AVPWBNJJ6,Contoso Motors,2014,Automatic,953,2026-05-22,,True
979,979,7HQWE72SAZL9944LE,Contoso Motors,2012,Automatic,931,2026-05-22,,True
980,980,TBMYQQ5TJDC85HHHD,Contoso Motors,2015,Semi-Automatic,980,2026-05-22,,True
981,981,KMXVZZGIYQNL8CW3B,Contoso Motors,2007,Automatic,241,2026-05-22,,True
982,982,PLJ6GAR4VGCX6DWKO,Contoso Motors,2013,Automatic,831,2026-05-22,,True
983,983,P32QUJV32R5ZOCLIB,Contoso Motors,2007,Automatic,983,2026-05-22,,True
984,984,WFSGFJXH1AB67X93T,Contoso Motors,2005,Automatic,245,2026-05-22,,True
985,985,QHIXFSVPFZHHVYXPQ,Contoso Motors,2007,Automatic,246,2026-05-22,,True
986,986,EFFUOG0WWS3E7Q8WW,Contoso Motors,2009,Automatic,986,2026-05-22,,True
987,987,BTHD3UQJMH9C06D6N,Contoso Motors,2004,Automatic,261,2026-05-22,,True
988,988,W3Q4L78VTR18G817K,Contoso Motors,2005,Automatic,988,2026-05-22,,True
989,989,3H2YWQ17MULYF5FTA,Contoso Motors,2016,Automatic,264,2026-05-22,,True
990,990,28O0HON8YYKBRF6O2,Contoso Motors,2016,Automatic,990,2026-05-22,,True
991,991,6JUYB87B3I62HUYX1,Contoso Motors,2011,Automatic,991,2026-05-22,,True
992,992,EVLOYPZ7B75Y81XKX,Contoso Motors,2004,Automatic,992,2026-05-22,,True
993,993,6F8CKWLXSL9QOKE0O,Contoso Motors,2005,Automatic,993,2026-05-22,,True
994,994,KHQBOI9N0HQP30BZB,Contoso Motors,2007,Automatic,994,2026-05-22,,True
995,995,AP2B4YCNREOTQFZEY,Contoso Motors,2004,Automatic,613,2026-05-22,,True
996,996,4Z6AH2FXJIO5RO8QR,Contoso Motors,2014,Automatic,671,2026-05-22,,True
997,997,QRD1S64DT4QIBM7AT,Contoso Motors,2005,Automatic,614,2026-05-22,,True
998,998,ZGUM9XEX13YN4L0V6,Contoso Motors,2007,Automatic,637,2026-05-22,,True
999,999,8PG1W9FQCTZLSR6K3,Contoso Motors,2011,Automatic,265,2026-05-22,,True
1000,1000,Z29DGG4YR4IYE8OO7,Contoso Motors,2006,Automatic,971,2026-05-22,,True
1001,1001,EV2UCHMQ491FCMWY7,Contoso Motors,2011,Automatic,8,2026-05-22,,True
1002,1002,LX0P14QFLTWJLUVZU,Contoso Motors,2007,Automatic,675,2026-05-22,,True
1003,1003,AFQ0WFEQHBEBEBPX2,Contoso Motors,2007,Automatic,708,2026-05-22,,True
1004,1004,C8IF4CG8XRI0INDGM,Contoso Motors,2004,Automatic,4,2026-05-22,,True
1005,1005,ZL77R53CTYB7RTMTQ,Contoso Motors,2005,Automatic,5,2026-05-22,,True
1006,1006,S8CXAC6OUK9WD5HHX,Contoso Motors,2006,Automatic,267,2026-05-22,,True
1007,1007,6SRO87HSURDVNBUOT,Contoso Motors,2011,Automatic,732,2026-05-22,,True
1008,1008,FJB04U5KE657N8ETJ,Contoso Motors,2004,Automatic,25,2026-05-22,,True
1009,1009,YKO1Q8RX7Z20BVBG0,Contoso Motors,2004,Automatic,269,2026-05-22,,True
1010,1010,Q3WAEDXVEW6WW44CP,Contoso Motors,2010,Automatic,674,2026-05-22,,True
1011,1011,HVL5A6XYMSSLTJOGX,Contoso Motors,2016,Automatic,756,2026-05-22,,True
1012,1012,T1PNXW0C4AU3ZZBD2,Contoso Motors,2016,Automatic,12,2026-05-22,,True
1013,1013,39W6037WNRPIWR2N6,Contoso Motors,2007,Automatic,279,2026-05-22,,True
1014,1014,3F4D4PXZWAA3USWXT,Contoso Motors,2016,Automatic,286,2026-05-22,,True
1015,1015,O895KBHQ8ZBSR5K4J,Contoso Motors,2013,Automatic,927,2026-05-22,,True
1016,1016,GWII8E3CTPIVEFP8C,Contoso Motors,2007,Automatic,16,2026-05-22,,True
1017,1017,L281WRH4LDV9BEEGQ,Contoso Motors,2004,Automatic,75,2026-05-22,,True
1018,1018,OB2DUWVQGQ5WYYJRV,Contoso Motors,2015,Semi-Automatic,18,2026-05-22,,True
1019,1019,LMYPQM5731EVRX7IQ,Contoso Motors,2004,Automatic,48,2026-05-22,,True
1020,1020,R4ZBR89H8KRRIFKEK,Contoso Motors,2009,Automatic,810,2026-05-22,,True
1021,1021,TU8F5I53UXR8PTPCQ,Contoso Motors,2015,Automatic,782,2026-05-22,,True
1022,1022,VK9WWDO4FW1UQ3N4I,Contoso Motors,2007,Automatic,851,2026-05-22,,True
1023,1023,D7GARWGXTUUY80PLB,Contoso Motors,2007,Automatic,879,2026-05-22,,True
1024,1024,F0MHIDSCCW3U5GYLM,Contoso Motors,2004,Automatic,811,2026-05-22,,True
1025,1025,FGYE8WOSGG4AENKIM,Contoso Motors,2005,Automatic,49,2026-05-22,,True
1026,1026,QYP6JDA0C3C5ZCSKX,Contoso Motors,2011,Automatic,73,2026-05-22,,True
1027,1027,JAF0NGJRJNHBLEOLT,Contoso Motors,2011,Automatic,161,2026-05-22,,True
1028,1028,WRARVHX83P8AEWBV7,Contoso Motors,2015,Semi-Automatic,28,2026-05-22,,True
1029,1029,148FARP3MNS8RRZ2G,Contoso Motors,2005,Automatic,289,2026-05-22,,True
1030,1030,HZUJFFMCS9YMUA10L,Contoso Motors,2013,Automatic,990,2026-05-22,,True
1031,1031,98U8Z5YFEQI5L4TSQ,Contoso Motors,2004,Automatic,31,2026-05-22,,True
1032,1032,B325URQ271DPK9FSU,Contoso Motors,2014,Automatic,293,2026-05-22,,True
1033,1033,HJ6D18K3ZA7W51558,Contoso Motors,2015,Automatic,294,2026-05-22,,True
1034,1034,D74C25X8NK5HSSA6C,Contoso Motors,2016,Automatic,34,2026-05-22,,True
1035,1035,7O2HN3N6X6DB8AHFV,Contoso Motors,2011,Automatic,309,2026-05-22,,True
1036,1036,CVIEIL47FIMGU4O07,Contoso Motors,2004,Automatic,36,2026-05-22,,True
1037,1037,RAFBQG2LUVXKHYVN2,Contoso Motors,2007,Automatic,312,2026-05-22,,True
1038,1038,198JNWUXC1CYJF4I5,Contoso Motors,2007,Automatic,38,2026-05-22,,True
1039,1039,DMLKAW3NESZ59ISY9,Contoso Motors,2013,Automatic,39,2026-05-22,,True
1040,1040,OV7FYRY2C77P1PKXU,Contoso Motors,2011,Automatic,40,2026-05-22,,True
1041,1041,3NCBK2NK65XQURUNH,Contoso Motors,2014,Automatic,41,2026-05-22,,True
1042,1042,B0UY0GZFP627P59IF,Contoso Motors,2015,Automatic,42,2026-05-22,,True
1043,1043,VRJXVUQUWLMYNIC8X,Contoso Motors,2016,Automatic,902,2026-05-22,,True
1044,1044,FSYFUXI1FPJ9DIFX7,Contoso Motors,2013,Automatic,819,2026-05-22,,True
1045,1045,SL1XB76VD9HRMA0BI,Contoso Motors,2006,Automatic,927,2026-05-22,,True
1046,1046,5YCUQMCMTOH8KQSX5,Contoso Motors,2007,Automatic,962,2026-05-22,,True
1047,1047,WM649Q068P9KUPN57,Contoso Motors,2004,Automatic,313,2026-05-22,,True
1048,1048,QNTENDARF69XO1DA1,Contoso Motors,2009,Automatic,74,2026-05-22,,True
1049,1049,I71DVIJHW12327918,Contoso Motors,2007,Automatic,104,2026-05-22,,True
1050,1050,E6QVD8225ME2R5FVO,Contoso Motors,2004,Automatic,828,2026-05-22,,True
1051,1051,48ZG0D16RBN971LUD,Contoso Motors,2011,Automatic,832,2026-05-22,,True
1052,1052,OTTLFELA69FMPFE9Q,Contoso Motors,2011,Automatic,52,2026-05-22,,True
1053,1053,UJ7OFMTZUDJD29Q0A,Contoso Motors,2004,Automatic,53,2026-05-22,,True
1054,1054,90Y89GBSZII8YXUY6,Contoso Motors,2012,Automatic,315,2026-05-22,,True
1055,1055,MYESKH75FZOPX79MB,Contoso Motors,2016,Automatic,867,2026-05-22,,True
1056,1056,2FMQS6LOV6N4LGLUA,Contoso Motors,2016,Automatic,144,2026-05-22,,True
1057,1057,9SWGXWA8EK394CJKQ,Contoso Motors,2011,Automatic,317,2026-05-22,,True
1058,1058,FCFYXUIMDSQWG07PJ,Contoso Motors,2013,Automatic,22,2026-05-22,,True
1059,1059,HHIBJMFWFTL3SBNOL,Contoso Motors,2011,Automatic,876,2026-05-22,,True
1060,1060,FBRK56Z0QVZCB3DNU,Contoso Motors,2007,Automatic,60,2026-05-22,,True
1061,1061,QOF12N5J7I5CMCOKN,Contoso Motors,2004,Automatic,327,2026-05-22,,True
1062,1062,40Z1XF6W95S5AIE1Q,Contoso Motors,2007,Automatic,334,2026-05-22,,True
1063,1063,Q018K8DFH4QTX5P2B,Contoso Motors,2013,Automatic,359,2026-05-22,,True
1064,1064,C76BYOK0OXDFAIE87,Contoso Motors,2016,Automatic,64,2026-05-22,,True
1065,1065,9OG2TB8N5TOTHHEL1,Contoso Motors,2007,Automatic,209,2026-05-22,,True
1066,1066,ABC2BM83BXY03UIEM,Contoso Motors,2015,Semi-Automatic,66,2026-05-22,,True
1067,1067,ACJHQARKKLUSUUNZ1,Contoso Motors,2016,Automatic,152,2026-05-22,,True
1068,1068,VSFGRY39FYXJTEBTD,Contoso Motors,2016,Automatic,911,2026-05-22,,True
1069,1069,IQHVM8L85KM9O49QL,Contoso Motors,2007,Automatic,71,2026-05-22,,True
1070,1070,2N1JUAYU3QCRH6RGQ,Contoso Motors,2005,Automatic,106,2026-05-22,,True
1071,1071,G33XEJKSF9OM7UZVN,Contoso Motors,2004,Automatic,141,2026-05-22,,True
1072,1072,5HYVYWBICEZSI2AI2,Contoso Motors,2007,Automatic,928,2026-05-22,,True
1073,1073,CO8RA8SBH7WBRSHKU,Contoso Motors,2007,Automatic,192,2026-05-22,,True
1074,1074,DMIPLR82W1YOPY4BT,Contoso Motors,2015,Automatic,218,2026-05-22,,True
1075,1075,K3NJFO7AVRUSXN4R5,Contoso Motors,2014,Automatic,305,2026-05-22,,True
1076,1076,HKZVEBRMVP2HV7NAT,Contoso Motors,2015,Semi-Automatic,76,2026-05-22,,True
1077,1077,TINMPBP7FX3P2VBM6,Contoso Motors,2014,Automatic,337,2026-05-22,,True
1078,1078,1MYG2SP8I35KE3KWK,Contoso Motors,2013,Automatic,455,2026-05-22,,True
1079,1079,2TGONTPCDAAIZV5IZ,Contoso Motors,2011,Automatic,79,2026-05-22,,True
1080,1080,F810N41O2NRBJHKBY,Contoso Motors,2014,Automatic,341,2026-05-22,,True
1081,1081,CG7TF9695SQWL3MQD,Contoso Motors,2015,Automatic,342,2026-05-22,,True
1082,1082,OMTGA1J3TP19R3J72,Contoso Motors,2007,Automatic,82,2026-05-22,,True
1083,1083,9VVBO24LAH7ECEN20,Contoso Motors,2004,Automatic,357,2026-05-22,,True
1084,1084,PPMZZUHU269M8SGTV,Contoso Motors,2011,Automatic,84,2026-05-22,,True
1085,1085,J1JB7GZ4YXVOBG1EA,Contoso Motors,2016,Automatic,360,2026-05-22,,True
1086,1086,L9L9DDVI0AHOSCCEC,Contoso Motors,2015,Automatic,86,2026-05-22,,True
1087,1087,VC5VO4P4XSNE9OEWN,Contoso Motors,2016,Automatic,87,2026-05-22,,True
1088,1088,YU7771OZT6S9XSMYO,Contoso Motors,2013,Automatic,88,2026-05-22,,True
1089,1089,2CPYH0ER405RCQAYG,Contoso Motors,2014,Automatic,89,2026-05-22,,True
1090,1090,EMMXPYQ0IUMCNZFZV,Contoso Motors,2015,Automatic,90,2026-05-22,,True
1091,1091,WSWBI8IGT84RW9LKD,Contoso Motors,2011,Automatic,167,2026-05-22,,True
1092,1092,COLOE9MMMYL1WJU0J,Contoso Motors,2004,Automatic,948,2026-05-22,,True
1093,1093,O7S1FKA1U3UZ6NLIO,Contoso Motors,2007,Automatic,187,2026-05-22,,True
1094,1094,C36JJAMQ08MEXWSEK,Contoso Motors,2011,Automatic,189,2026-05-22,,True
1095,1095,OIJU9UUM1TPF4K4ZU,Contoso Motors,2011,Automatic,361,2026-05-22,,True
1096,1096,ZRIDFO6YXSH409QIZ,Contoso Motors,2016,Automatic,248,2026-05-22,,True
1097,1097,DW4MISZ52U5R2C921,Contoso Motors,2016,Automatic,307,2026-05-22,,True
1098,1098,CPYLYGBYUZSLZVZQZ,Contoso Motors,2011,Automatic,996,2026-05-22,,True
1099,1099,JNP5QPIVUH4LQEWXV,Contoso Motors,2007,Automatic,50,2026-05-22,,True
1100,1100,JSDIXWR4J6UKQ0BZ7,Contoso Motors,2016,Automatic,100,2026-05-22,,True
1101,1101,W9QRD06GOHX1IALUY,Contoso Motors,2011,Automatic,101,2026-05-22,,True
1102,1102,MRRL7VUHBO1I0OXIP,Contoso Motors,2014,Automatic,363,2026-05-22,,True
1103,1103,VCGP9QOH9SJXZU7NT,Contoso Motors,2016,Automatic,51,2026-05-22,,True
1104,1104,J4PSIF7V9LS7CM0JH,Contoso Motors,2004,Automatic,344,2026-05-22,,True
1105,1105,H9B2RLTFU2H2I7ZZA,Contoso Motors,2004,Automatic,365,2026-05-22,,True
1106,1106,X40KN3GR0W7WOUBPX,Contoso Motors,2014,Automatic,261,2026-05-22,,True
1107,1107,DTZSU66GZ5I2ZJ9ON,Contoso Motors,2007,Automatic,55,2026-05-22,,True
1108,1108,HAPAPY13LGVYN6IOI,Contoso Motors,2016,Automatic,108,2026-05-22,,True
1109,1109,E0IFFYJHBQ9KGBL26,Contoso Motors,2011,Automatic,375,2026-05-22,,True
1110,1110,3M98H0RS5EO18NICW,Contoso Motors,2015,Automatic,382,2026-05-22,,True
1111,1111,2JKXDM0Q7W56MBA58,Contoso Motors,2014,Automatic,55,2026-05-22,,True
1112,1112,OYYG0JKCW4RW8QIX6,Contoso Motors,2015,Automatic,112,2026-05-22,,True
1113,1113,1QQK7Z53NPZJMEH01,Contoso Motors,2016,Automatic,315,2026-05-22,,True
1114,1114,29UQM5DGL3FVCLCTN,Contoso Motors,2015,Semi-Automatic,114,2026-05-22,,True
1115,1115,CGDEZOWRBIU0HYIJG,Contoso Motors,2005,Automatic,384,2026-05-22,,True
1116,1116,WBHEY1DCGL0KYJEEC,Contoso Motors,2016,Automatic,72,2026-05-22,,True
1117,1117,VIHYRVDRYHM61RNGH,Contoso Motors,2014,Automatic,309,2026-05-22,,True
1118,1118,PYU038HFUCIK6WB6N,Contoso Motors,2011,Automatic,381,2026-05-22,,True
1119,1119,RWCS7RS110HZ89X0Y,Contoso Motors,2007,Automatic,407,2026-05-22,,True
1120,1120,0GBRHQWAUQB1PL0TB,Contoso Motors,2006,Automatic,103,2026-05-22,,True
1121,1121,60A9H95T0VSGPZJBV,Contoso Motors,2011,Automatic,392,2026-05-22,,True
1122,1122,5NLUW3AXQLK8OZAPB,Contoso Motors,2007,Automatic,451,2026-05-22,,True
1123,1123,AAS8RO78FE8H8XY1T,Contoso Motors,2007,Automatic,363,2026-05-22,,True
1124,1124,JFBFPBZ9IO4GGYUD0,Contoso Motors,2014,Semi-Automatic,124,2026-05-22,,True
1125,1125,IKY867K1HQH3NKVJ1,Contoso Motors,2014,Automatic,385,2026-05-22,,True
1126,1126,AMAG0W5B0AU5DDSX8,Contoso Motors,2014,Automatic,583,2026-05-22,,True
1127,1127,9BOSV00YBSTO45Q75,Contoso Motors,2013,Automatic,127,2026-05-22,,True
1128,1128,89EGUL97CRN0OQ7R2,Contoso Motors,2005,Automatic,389,2026-05-22,,True
1129,1129,FYTOU2AV5ODJ68U56,Contoso Motors,2007,Automatic,390,2026-05-22,,True
1130,1130,VC4MRSR10TENVX9D2,Contoso Motors,2015,Automatic,130,2026-05-22,,True
1131,1131,L1BME38PEG6TOUKR8,Contoso Motors,2011,Automatic,405,2026-05-22,,True
1132,1132,OJLU3VSLXRLKVJA7G,Contoso Motors,2013,Automatic,132,2026-05-22,,True
1133,1133,23MRDQ3RS24GTHL0Z,Contoso Motors,2015,Automatic,408,2026-05-22,,True
1134,1134,ABGMRTW4A8U1KF7IL,Contoso Motors,2015,Automatic,134,2026-05-22,,True
1135,1135,3V35G3IU9O1FX58DC,Contoso Motors,2013,Automatic,135,2026-05-22,,True
1136,1136,0SFG8RQQ0FUYXMDP3,Contoso Motors,2004,Automatic,136,2026-05-22,,True
1137,1137,X5PMD0O0PES0B906V,Contoso Motors,2005,Automatic,137,2026-05-22,,True
1138,1138,QFKKDE2Q455EL97LA,Contoso Motors,2007,Automatic,138,2026-05-22,,True
1139,1139,VPL1QJ2CW6DXESKEI,Contoso Motors,2004,Automatic,427,2026-05-22,,True
1140,1140,97ZDH28ATAZN1XLWY,Contoso Motors,2005,Automatic,164,2026-05-22,,True
1141,1141,2ZUKP41V4QTLXOWLD,Contoso Motors,2007,Automatic,429,2026-05-22,,True
1142,1142,UG25XB71ROX6VWX3F,Contoso Motors,2011,Automatic,453,2026-05-22,,True
1143,1143,YSS5SQTLGD33K8SL1,Contoso Motors,2004,Automatic,409,2026-05-22,,True
1144,1144,I29S8BXMFZKVS8IRC,Contoso Motors,2004,Automatic,457,2026-05-22,,True
1145,1145,0T19RSQE02TINDAAL,Contoso Motors,2011,Automatic,480,2026-05-22,,True
1146,1146,FWHC82R5PP8ZEXXAD,Contoso Motors,2016,Automatic,188,2026-05-22,,True
1147,1147,GORVXJBZ0O6JW2J3N,Contoso Motors,2012,Automatic,195,2026-05-22,,True
1148,1148,SZ0IU82I78EXJI8EO,Contoso Motors,2007,Automatic,148,2026-05-22,,True
1149,1149,6NNDPGBHMT2Z5EIUS,Contoso Motors,2004,Automatic,149,2026-05-22,,True
1150,1150,G2XP09WBQD4AH7E0X,Contoso Motors,2007,Automatic,411,2026-05-22,,True
1151,1151,GYHLH8H7FM5MU90X5,Contoso Motors,2004,Automatic,212,2026-05-22,,True
1152,1152,3JOAP9YH2NS9BNBMQ,Contoso Motors,2014,Automatic,481,2026-05-22,,True
1153,1153,8JE4ZZRGE7A19KLES,Contoso Motors,2011,Automatic,413,2026-05-22,,True
1154,1154,D1Z9A1BETTMBRI4NW,Contoso Motors,2005,Automatic,454,2026-05-22,,True
1155,1155,X78P7EE6VPA1H57Y7,Contoso Motors,2014,Automatic,243,2026-05-22,,True
1156,1156,P0I71GC5S21ZIBAUF,Contoso Motors,2015,Automatic,156,2026-05-22,,True
1157,1157,T6MGWM3HFCT09DWAN,Contoso Motors,2013,Automatic,423,2026-05-22,,True
1158,1158,B4WZ7V4Q2XKB6HVS0,Contoso Motors,2015,Automatic,430,2026-05-22,,True
1159,1159,DYPS8PMDK9HBLFQD7,Contoso Motors,2014,Automatic,111,2026-05-22,,True
1160,1160,ZJUN70Z1VDKIKW6JT,Contoso Motors,2016,Manual,160,2026-05-22,,True
1161,1161,S7360F4IWKE5TRHZI,Contoso Motors,2005,Automatic,401,2026-05-22,,True
1162,1162,F6T5VFTMUHT3N0PKK,Contoso Motors,2014,Semi-Automatic,162,2026-05-22,,True
1163,1163,GA2AJ5X7DH9HBQ55Y,Contoso Motors,2011,Automatic,505,2026-05-22,,True
1164,1164,JWGUIFIV3Q7XXDA9P,Contoso Motors,2007,Automatic,247,2026-05-22,,True
1165,1165,CVEW9BUKF8OI77XY7,Contoso Motors,2005,Automatic,477,2026-05-22,,True
1166,1166,90GB5N6DRZ7V781D4,Contoso Motors,2007,Automatic,478,2026-05-22,,True
1167,1167,41AWJADS0XG8B48YY,Contoso Motors,2004,Automatic,501,2026-05-22,,True
1168,1168,I0SXGXIBU2K45UM4F,Contoso Motors,2013,Automatic,264,2026-05-22,,True
1169,1169,PVY0PV7AADAH2DJYC,Contoso Motors,2013,Automatic,506,2026-05-22,,True
1170,1170,1WOFHPROXWGN96QOG,Contoso Motors,2013,Automatic,528,2026-05-22,,True
1171,1171,RGWBMK8KQ4MEP7NNW,Contoso Motors,2004,Automatic,449,2026-05-22,,True
1172,1172,3NF1S5NWW07XKMSG7,Contoso Motors,2014,Semi-Automatic,172,2026-05-22,,True
1173,1173,530W2IAE5A9T8SZ0Y,Contoso Motors,2005,Automatic,433,2026-05-22,,True
1174,1174,2BDXIN8PZK2AQRC17,Contoso Motors,2014,Automatic,639,2026-05-22,,True
1175,1175,N85D2K3A60TXOA9LB,Contoso Motors,2016,Manual,175,2026-05-22,,True
1176,1176,TBRA01B6HVUVAA72C,Contoso Motors,2004,Automatic,437,2026-05-22,,True
1177,1177,C7JW8JCYBIV9ORFZ5,Contoso Motors,2005,Automatic,438,2026-05-22,,True
1178,1178,906HDJ8H0W9BL65SV,Contoso Motors,2015,Automatic,178,2026-05-22,,True
1179,1179,XVFP29B0NL0AKUD5P,Contoso Motors,2004,Automatic,453,2026-05-22,,True
1180,1180,ELUHSYBVDCFNNFPKC,Contoso Motors,2004,Automatic,180,2026-05-22,,True
1181,1181,2N6XHWSUOHT8WC08V,Contoso Motors,2016,Automatic,456,2026-05-22,,True
1182,1182,TMTTU60BTN1545T38,Contoso Motors,2007,Automatic,182,2026-05-22,,True
1183,1183,1HNKIHZL5Z1M33ZQ5,Contoso Motors,2016,Automatic,183,2026-05-22,,True
1184,1184,L67F49WJBZ8S0RBGM,Contoso Motors,2011,Automatic,184,2026-05-22,,True
1185,1185,0BXDIHRSNQQKYSL5W,Contoso Motors,2004,Automatic,185,2026-05-22,,True
1186,1186,VRG8KBFGZW30CSGGF,Contoso Motors,2005,Automatic,186,2026-05-22,,True
1187,1187,CB3RI2UW96J2XY7O6,Contoso Motors,2005,Automatic,502,2026-05-22,,True
1188,1188,EQQ1NZWQZALHWSQFN,Contoso Motors,2016,Automatic,284,2026-05-22,,True
1189,1189,XE5MSTKF0DYWNV1ZT,Contoso Motors,2012,Automatic,503,2026-05-22,,True
1190,1190,K31X83Q8OAWY41TG4,Contoso Motors,2014,Automatic,525,2026-05-22,,True
1191,1191,LFQW1OKHGC3OSPYIA,Contoso Motors,2011,Automatic,457,2026-05-22,,True
1192,1192,ER1E7N85MRKL9ANO9,Contoso Motors,2005,Automatic,577,2026-05-22,,True
1193,1193,1GA8S8N4J1FG3XOQ9,Contoso Motors,2016,Automatic,584,2026-05-22,,True
1194,1194,GJG4UW3FTNVX2473G,Contoso Motors,2013,Automatic,308,2026-05-22,,True
1195,1195,TQ22E75PAKKD1T2NL,Contoso Motors,2004,Automatic,312,2026-05-22,,True
1196,1196,26PK7J56X3W3ZXMH4,Contoso Motors,2016,Automatic,196,2026-05-22,,True
1197,1197,VRWLYRD3XW8XQ5PN6,Contoso Motors,2011,Automatic,197,2026-05-22,,True
1198,1198,U4P0RTX0KIORVCVU3,Contoso Motors,2004,Automatic,459,2026-05-22,,True
1199,1199,3T9KCUYCGS6EY7VM6,Contoso Motors,2015,Automatic,332,2026-05-22,,True
1200,1200,XAOBIMU080AVB4CME,Contoso Motors,2011,Automatic,624,2026-05-22,,True
1201,1201,BOP2XCCXIGHE7N6TQ,Contoso Motors,2007,Automatic,461,2026-05-22,,True
1202,1202,PL239SH0GJM53U9UZ,Contoso Motors,2016,Automatic,571,2026-05-22,,True
1203,1203,LIY5IZ7YLRSMSGGWI,Contoso Motors,2009,Automatic,338,2026-05-22,,True
1204,1204,PBGJM7MBFGRQ3OH9W,Contoso Motors,2016,Automatic,204,2026-05-22,,True
1205,1205,76623FQEO37MWMVVR,Contoso Motors,2016,Automatic,471,2026-05-22,,True
1206,1206,YSHUK8KE32XMS6ADJ,Contoso Motors,2007,Automatic,478,2026-05-22,,True
1207,1207,LKRCL68SFDKLK42PP,Contoso Motors,2014,Automatic,167,2026-05-22,,True
1208,1208,0Z42ATJI1R3D1RCQE,Contoso Motors,2005,Manual,208,2026-05-22,,True
1209,1209,1ELTWJFFQHN8MGSRL,Contoso Motors,2004,Automatic,603,2026-05-22,,True
1210,1210,C7K8EWK29HKF71V1E,Contoso Motors,2014,Semi-Automatic,210,2026-05-22,,True
1211,1211,1X0BEZG5RFU5P2SCE,Contoso Motors,2004,Automatic,625,2026-05-22,,True
1212,1212,H2SIWYECXGY668PKR,Contoso Motors,2013,Automatic,347,2026-05-22,,True
1213,1213,XNJG3ESF0KIBQYXYC,Contoso Motors,2004,Automatic,597,2026-05-22,,True
1214,1214,1IR4Z93B2RB32ILZW,Contoso Motors,2013,Automatic,619,2026-05-22,,True
1215,1215,XF3GTQ4DXGRVOPIKZ,Contoso Motors,2005,Automatic,621,2026-05-22,,True
1216,1216,OM89K40I5L1PNACD9,Contoso Motors,2011,Automatic,404,2026-05-22,,True
1217,1217,VHMGA88HZ7CBE8VO9,Contoso Motors,2016,Automatic,680,2026-05-22,,True
1218,1218,MQFUZ427AFCL7WD2U,Contoso Motors,2004,Automatic,691,2026-05-22,,True
1219,1219,I3IJBG6NFJEYNQ006,Contoso Motors,2014,Automatic,833,2026-05-22,,True
1220,1220,0I30WSXTJIMT05NMZ,Contoso Motors,2014,Semi-Automatic,220,2026-05-22,,True
1221,1221,NDCDLJOTWMEKBJPND,Contoso Motors,2004,Automatic,481,2026-05-22,,True
1222,1222,BWADR3Y9RZ034T69R,Contoso Motors,2015,Automatic,70,2026-05-22,,True
1223,1223,XLSP2XOXW4PSDKDMU,Contoso Motors,2013,Manual,223,2026-05-22,,True
1224,1224,2NNBYPLXMPYIGE1T5,Contoso Motors,2011,Automatic,485,2026-05-22,,True
1225,1225,GHWDQ7A3UZIL3XMVH,Contoso Motors,2005,Automatic,486,2026-05-22,,True
1226,1226,DSAC1X4P9DF5Y68KQ,Contoso Motors,2007,Automatic,226,2026-05-22,,True
1227,1227,RZAW4278UQ6HPF19Q,Contoso Motors,2011,Automatic,501,2026-05-22,,True
1228,1228,4A4UHN656JD1DBMX4,Contoso Motors,2011,Automatic,228,2026-05-22,,True
1229,1229,JE8FF9NU4JOWBY72H,Contoso Motors,2005,Automatic,504,2026-05-22,,True
1230,1230,5RBDKWDUX9ADDYK0G,Contoso Motors,2005,Automatic,230,2026-05-22,,True
1231,1231,58ZOCI38QKP897IZT,Contoso Motors,2007,Automatic,231,2026-05-22,,True
1232,1232,Z1FXORB5IZ8LWUANM,Contoso Motors,2016,Automatic,232,2026-05-22,,True
1233,1233,5O12NDTI6VVRZZJ8E,Contoso Motors,2011,Automatic,233,2026-05-22,,True
1234,1234,YYPFAPQ7FR6EAEU8N,Contoso Motors,2005,Automatic,234,2026-05-22,,True
1235,1235,NJAJ6E9MSUEVP9IQB,Contoso Motors,2007,Automatic,622,2026-05-22,,True
1236,1236,L3CSZU1SEURP4WI9D,Contoso Motors,2005,Automatic,428,2026-05-22,,True
1237,1237,FT4W77VTWPTOAI30M,Contoso Motors,2011,Automatic,645,2026-05-22,,True
1238,1238,YYUF7P2NL99J1F9WP,Contoso Motors,2013,Automatic,682,2026-05-22,,True
1239,1239,WQFQF43WVB7VDMIVK,Contoso Motors,2007,Automatic,505,2026-05-22,,True
1240,1240,ZGL3U8RGPUDWAL5SK,Contoso Motors,2005,Automatic,697,2026-05-22,,True
1241,1241,T6IPJJ74Q1ZKCMA34,Contoso Motors,2007,Automatic,720,2026-05-22,,True
1242,1242,ETRQ5IK20QUNLMHG0,Contoso Motors,2016,Automatic,452,2026-05-22,,True
1243,1243,MG938KW4ROP139RKI,Contoso Motors,2004,Automatic,476,2026-05-22,,True
1244,1244,E96DUTRPKKFTBZY69,Contoso Motors,2015,Automatic,244,2026-05-22,,True
1245,1245,M8FU8QCVRN89ZIRXA,Contoso Motors,2004,Automatic,245,2026-05-22,,True
1246,1246,0TRTC0ZNZP8VJY56Y,Contoso Motors,2011,Automatic,507,2026-05-22,,True
1247,1247,LFMINWIJD3BDT3Z7A,Contoso Motors,2015,Automatic,482,2026-05-22,,True
1248,1248,BBAWQA6H4DGS3R6GQ,Contoso Motors,2011,Automatic,739,2026-05-22,,True
1249,1249,ODZH8NPF5MDVGYSIZ,Contoso Motors,2005,Automatic,509,2026-05-22,,True
1250,1250,IK3852NSY885GO899,Contoso Motors,2011,Automatic,717,2026-05-22,,True
1251,1251,GAXQKXF247DXMV87J,Contoso Motors,2007,Automatic,500,2026-05-22,,True
1252,1252,NCGT352M2HBLTB991,Contoso Motors,2005,Automatic,252,2026-05-22,,True
1253,1253,NRGMCKB8AGZVYQOD8,Contoso Motors,2013,Automatic,519,2026-05-22,,True
1254,1254,VLJDAURTHW5D3TH3Z,Contoso Motors,2005,Automatic,526,2026-05-22,,True
1255,1255,ULBEOJBJNIIY81QP0,Contoso Motors,2015,Automatic,646,2026-05-22,,True
1256,1256,4W5SZGAL7ZWK0VNV3,Contoso Motors,2004,Manual,256,2026-05-22,,True
1257,1257,Y46JJS1HPE59U638H,Contoso Motors,2014,Automatic,881,2026-05-22,,True
1258,1258,DH5KEKXT2JKA4ZGQ6,Contoso Motors,2014,Semi-Automatic,258,2026-05-22,,True
1259,1259,4QJFB96VQMZKHAPV8,Contoso Motors,2014,Automatic,745,2026-05-22,,True
1260,1260,AVL35XR093PIZO6K7,Contoso Motors,2016,Automatic,504,2026-05-22,,True
1261,1261,EG75SX4LRFNW9T2L8,Contoso Motors,2005,Automatic,741,2026-05-22,,True
1262,1262,I6GWV0XSZIQT23ZHY,Contoso Motors,2007,Automatic,742,2026-05-22,,True
1263,1263,M264PSN0D764LP4E0,Contoso Motors,2013,Automatic,743,2026-05-22,,True
1264,1264,SB1LWHLPSQJ6PWUEU,Contoso Motors,2011,Automatic,524,2026-05-22,,True
1265,1265,6Y4HPKD65POPBXDAU,Contoso Motors,2016,Automatic,768,2026-05-22,,True
1266,1266,66UVTJW2DY0O8PYMK,Contoso Motors,2005,Automatic,824,2026-05-22,,True
1267,1267,5HH7R527ZJOYIA8OY,Contoso Motors,2006,Automatic,939,2026-05-22,,True
1268,1268,XJ6KDFQ2PBQ4ZUBGB,Contoso Motors,2014,Semi-Automatic,268,2026-05-22,,True
1269,1269,9SZFR2BHGVEAF6JOX,Contoso Motors,2011,Automatic,529,2026-05-22,,True
1270,1270,NGIMR2OG7496H3DFC,Contoso Motors,2015,Automatic,174,2026-05-22,,True
1271,1271,MK7GA9A923OPBECLB,Contoso Motors,2016,Manual,271,2026-05-22,,True
1272,1272,LAM5A9404QPQHTRAZ,Contoso Motors,2004,Automatic,533,2026-05-22,,True
1273,1273,IDEKL3UODAAI6CG4K,Contoso Motors,2005,Automatic,534,2026-05-22,,True
1274,1274,F9CT3R8M8E4ZAHJF6,Contoso Motors,2005,Automatic,274,2026-05-22,,True
1275,1275,TM1JD19QYMFO1P574,Contoso Motors,2007,Automatic,549,2026-05-22,,True
1276,1276,GTOEXK959CMD932ZB,Contoso Motors,2016,Automatic,276,2026-05-22,,True
1277,1277,K1RQ6TZOABLZ68O03,Contoso Motors,2004,Automatic,552,2026-05-22,,True
1278,1278,V4YYL9QFC49ZAEM49,Contoso Motors,2005,Automatic,278,2026-05-22,,True
1279,1279,LCBU82I3PQ88AJRPC,Contoso Motors,2006,Automatic,279,2026-05-22,,True
1280,1280,M0FFTDSRAVLG9AI8R,Contoso Motors,2007,Automatic,280,2026-05-22,,True
1281,1281,SJEWVZES6P40RFJ2C,Contoso Motors,2004,Automatic,281,2026-05-22,,True
1282,1282,UNHJ1BS4IJDD9JJQ4,Contoso Motors,2005,Automatic,282,2026-05-22,,True
1283,1283,DRO9OF9GDWEPDU90B,Contoso Motors,2004,Automatic,765,2026-05-22,,True
1284,1284,AV977M67R6FW2C7UY,Contoso Motors,2016,Automatic,600,2026-05-22,,True
1285,1285,WRIDNN9F6V38KKPDJ,Contoso Motors,2016,Automatic,826,2026-05-22,,True
1286,1286,AX0J6KW0FDI04F222,Contoso Motors,2016,Automatic,887,2026-05-22,,True
1287,1287,IZGBOUOH0QDT7KX44,Contoso Motors,2005,Automatic,553,2026-05-22,,True
1288,1288,JVHJQQ3CAYW85TKM6,Contoso Motors,2007,Automatic,913,2026-05-22,,True
1289,1289,MH96VP2EWK2CU8QLO,Contoso Motors,2011,Automatic,937,2026-05-22,,True
1290,1290,TEJKXNOSEJQHD43H6,Contoso Motors,2004,Automatic,620,2026-05-22,,True
1291,1291,66FZ8F20WBAKUQR4W,Contoso Motors,2006,Automatic,631,2026-05-22,,True
1292,1292,D8GCDIXB5352RWT9L,Contoso Motors,2016,Automatic,292,2026-05-22,,True
1293,1293,T5G690OUAUEORIOUO,Contoso Motors,2011,Automatic,293,2026-05-22,,True
1294,1294,E6I1WU4V68P2YI9EZ,Contoso Motors,2013,Automatic,555,2026-05-22,,True
1295,1295,A8KAMYGO3AKYV081V,Contoso Motors,2016,Automatic,644,2026-05-22,,True
1296,1296,3PBED0J26IA5PGY7C,Contoso Motors,2005,Automatic,938,2026-05-22,,True
1297,1297,5JK0ZIYX9GGG3HWD1,Contoso Motors,2014,Automatic,557,2026-05-22,,True
1298,1298,KGKU39G92BWMGN5L3,Contoso Motors,2009,Automatic,910,2026-05-22,,True
1299,1299,LSCQSH0E0ZO6FQXA1,Contoso Motors,2005,Automatic,648,2026-05-22,,True
1300,1300,FTX8HD931F3FMWDHA,Contoso Motors,2004,Automatic,300,2026-05-22,,True
1301,1301,ONE99UYVELKPCUTDP,Contoso Motors,2016,Automatic,567,2026-05-22,,True
1302,1302,MCGQ5T5PN01IP9MZ8,Contoso Motors,2005,Automatic,574,2026-05-22,,True
1303,1303,UI06J0D5G0CAAFY19,Contoso Motors,2015,Automatic,222,2026-05-22,,True
1304,1304,Y5SBTSW4WX021KGFA,Contoso Motors,2011,Manual,304,2026-05-22,,True
1305,1305,MP0S8AKU43RPKD90V,Contoso Motors,2004,Automatic,73,2026-05-22,,True
1306,1306,YHIK1NXRYJEB9PVH1,Contoso Motors,2014,Semi-Automatic,306,2026-05-22,,True
1307,1307,34X7MRZ9LNSQT9DQU,Contoso Motors,2004,Automatic,960,2026-05-22,,True
1308,1308,2UJ2QKEYM218KRM6J,Contoso Motors,2012,Automatic,679,2026-05-22,,True
1309,1309,6UHMXMW5NXMNQUAF0,Contoso Motors,2007,Automatic,935,2026-05-22,,True
1310,1310,314QP2MUZPKE4BAFS,Contoso Motors,2015,Automatic,970,2026-05-22,,True
1311,1311,B13S39TMEEIO3NBHJ,Contoso Motors,2005,Automatic,30,2026-05-22,,True
1312,1312,XW440S0HCDHEM9P9F,Contoso Motors,2014,Automatic,683,2026-05-22,,True
1313,1313,SPTF6X75CP3H9LH2O,Contoso Motors,2005,Automatic,961,2026-05-22,,True
1314,1314,22ADQR3GY64IQ96JF,Contoso Motors,2007,Automatic,979,2026-05-22,,True
1315,1315,RM1WZGYS9YABON8Q8,Contoso Motors,2011,Automatic,121,2026-05-22,,True
1316,1316,UF0BKWQIZ10FZ6B9E,Contoso Motors,2014,Semi-Automatic,316,2026-05-22,,True
1317,1317,E3EBBLYQZ88UC2Z7W,Contoso Motors,2004,Automatic,577,2026-05-22,,True
1318,1318,99HNLW25GFLZEJ2PS,Contoso Motors,2015,Automatic,702,2026-05-22,,True
1319,1319,TAE9Z89VLO83PHJR1,Contoso Motors,2007,Manual,319,2026-05-22,,True
1320,1320,Y1BNRSA5R4BXLBPMK,Contoso Motors,2011,Automatic,581,2026-05-22,,True
1321,1321,GYR52YP8G2NKMLWBH,Contoso Motors,2013,Automatic,582,2026-05-22,,True
1322,1322,BVMNWWVGHRTC3GEDU,Contoso Motors,2005,Automatic,322,2026-05-22,,True
1323,1323,SBF0EH6V8KP76QGL4,Contoso Motors,2005,Automatic,597,2026-05-22,,True
1324,1324,YYZWNGOX1RUWRC7XC,Contoso Motors,2007,Automatic,324,2026-05-22,,True
1325,1325,LJ6F4OZPZ9KYSBCM2,Contoso Motors,2011,Automatic,600,2026-05-22,,True
1326,1326,QTWN80VZUV7PXBZBK,Contoso Motors,2005,Automatic,326,2026-05-22,,True
1327,1327,F7QHYEUVCVPREJVZR,Contoso Motors,2012,Automatic,327,2026-05-22,,True
1328,1328,ODHWMT1905X771A4G,Contoso Motors,2016,Automatic,328,2026-05-22,,True
1329,1329,5UVV52TCPL8K6P7Z0,Contoso Motors,2011,Automatic,329,2026-05-22,,True
1330,1330,2PSIBOHIZGHIVTM1T,Contoso Motors,2013,Automatic,330,2026-05-22,,True
1331,1331,C3U7E7UASKXHUVXQS,Contoso Motors,2016,Automatic,99,2026-05-22,,True
1332,1332,6Y0AHLH3LQ1AI4WXW,Contoso Motors,2012,Automatic,723,2026-05-22,,True
1333,1333,I40PBTA95H61CKPWB,Contoso Motors,2007,Automatic,127,2026-05-22,,True
1334,1334,ROVY27XJA4YWIAXG6,Contoso Motors,2007,Automatic,150,2026-05-22,,True
1335,1335,M3CW0MS6MFSL5UAAD,Contoso Motors,2014,Automatic,601,2026-05-22,,True
1336,1336,DAGVB9T3K577ZR0KK,Contoso Motors,2004,Automatic,16,2026-05-22,,True
1337,1337,IGFMX01JATNY81JNK,Contoso Motors,2011,Automatic,33,2026-05-22,,True
1338,1338,PVCT3LTTZSQN0IRET,Contoso Motors,2004,Automatic,740,2026-05-22,,True
1339,1339,TFPD7W5PGE4JJUPHN,Contoso Motors,2011,Automatic,744,2026-05-22,,True
1340,1340,INUX9NV7E99VIABYE,Contoso Motors,2005,Automatic,340,2026-05-22,,True
1341,1341,R9PQY8C8BV6YLW8HP,Contoso Motors,2007,Automatic,341,2026-05-22,,True
1342,1342,FVX12C6OGRUE5ZY8I,Contoso Motors,2016,Automatic,603,2026-05-22,,True
1343,1343,K81ISYCQ22EWXGU6W,Contoso Motors,2007,Automatic,764,2026-05-22,,True
1344,1344,WBL4WLJG14TKK0MDZ,Contoso Motors,2013,Automatic,56,2026-05-22,,True
1345,1345,RTJ0QA3ECF8QO010S,Contoso Motors,2014,Automatic,605,2026-05-22,,True
1346,1346,BKB70LRTCH9G77TGB,Contoso Motors,2004,Automatic,175,2026-05-22,,True
1347,1347,ME44GUAR7A2LB4HZD,Contoso Motors,2004,Automatic,823,2026-05-22,,True
1348,1348,I1PDM5GBDKL1A46DQ,Contoso Motors,2011,Automatic,348,2026-05-22,,True
1349,1349,A66BQTFUEM23UF0YQ,Contoso Motors,2007,Automatic,615,2026-05-22,,True
1350,1350,R32L45Y45CXJ1832L,Contoso Motors,2005,Automatic,622,2026-05-22,,True
1351,1351,KUSBIPA04LYM2EIIP,Contoso Motors,2015,Automatic,750,2026-05-22,,True
1352,1352,QYY4ASV4JLB7RCT3Y,Contoso Motors,2013,Manual,352,2026-05-22,,True
1353,1353,R6BV391OVKDOB81RH,Contoso Motors,2011,Automatic,179,2026-05-22,,True
1354,1354,SD1FDIMAM885VRR4K,Contoso Motors,2014,Semi-Automatic,354,2026-05-22,,True
1355,1355,OJ0HVO4LHFR5EJ4F5,Contoso Motors,2014,Automatic,57,2026-05-22,,True
1356,1356,MZGKYCHARBJTS7WZO,Contoso Motors,2011,Automatic,827,2026-05-22,,True
1357,1357,RMBSQDOAPJSSMRR9Q,Contoso Motors,2010,Automatic,258,2026-05-22,,True
1358,1358,ZOPYIRVU7EI9GHUMQ,Contoso Motors,2005,Automatic,269,2026-05-22,,True
1359,1359,D1DDKVM88RR3PLBAT,Contoso Motors,2014,Automatic,317,2026-05-22,,True
1360,1360,DXBHUHLUGYJDY1PNK,Contoso Motors,2013,Automatic,836,2026-05-22,,True
1361,1361,KRB9R16B5VHMT1D6R,Contoso Motors,2011,Automatic,64,2026-05-22,,True
1362,1362,FZC84TTVLD7HFOORL,Contoso Motors,2014,Automatic,81,2026-05-22,,True
1363,1363,ILVKP2FAG3WG5IM8C,Contoso Motors,2005,Automatic,313,2026-05-22,,True
1364,1364,3MOPQ5ZT5C38AXQ2U,Contoso Motors,2014,Semi-Automatic,364,2026-05-22,,True
1365,1365,CY6LZH8RR2H1SAREI,Contoso Motors,2011,Automatic,625,2026-05-22,,True
1366,1366,OYG2928S3NRJW1YKT,Contoso Motors,2015,Automatic,230,2026-05-22,,True
1367,1367,MHAK658W5TEUHITRR,Contoso Motors,2006,Manual,367,2026-05-22,,True
1368,1368,1FVYIKXVMOTS48FD3,Contoso Motors,2004,Automatic,629,2026-05-22,,True
1369,1369,GEFAEBS0H3FIVOR2J,Contoso Motors,2010,Automatic,630,2026-05-22,,True
1370,1370,514EHHUJ1TFYIS65E,Contoso Motors,2005,Automatic,370,2026-05-22,,True
1371,1371,GW9NI5JQVOG703PZB,Contoso Motors,2014,Automatic,645,2026-05-22,,True
1372,1372,YEL4K5RNX940QFNL3,Contoso Motors,2016,Automatic,372,2026-05-22,,True
1373,1373,Q78598MH3T1V54KFM,Contoso Motors,2013,Automatic,648,2026-05-22,,True
1374,1374,LH732XEZDKI4Z394T,Contoso Motors,2013,Automatic,374,2026-05-22,,True
1375,1375,ICT9RIOF32THO9556,Contoso Motors,2014,Automatic,375,2026-05-22,,True
1376,1376,QRP61J8WWMFEC1OJ9,Contoso Motors,2015,Automatic,376,2026-05-22,,True
1377,1377,Q1FF8A1TVWBJI28E2,Contoso Motors,2004,Automatic,377,2026-05-22,,True
1378,1378,D4E4HC4Y1OBFLZ63T,Contoso Motors,2010,Automatic,378,2026-05-22,,True
1379,1379,D80AUFIV83HX8YCH3,Contoso Motors,2004,Automatic,389,2026-05-22,,True
1380,1380,2ZZD7EGUGGMKFQ18O,Contoso Motors,2015,Automatic,860,2026-05-22,,True
1381,1381,70AVZHYLXOOVE6YOR,Contoso Motors,2016,Automatic,415,2026-05-22,,True
1382,1382,O4URHRZXH6XPYFM6P,Contoso Motors,2007,Automatic,435,2026-05-22,,True
1383,1383,39GI4HW1QA7DPSHVZ,Contoso Motors,2014,Automatic,649,2026-05-22,,True
1384,1384,CV1U309RLIH6HDXT1,Contoso Motors,2004,Automatic,153,2026-05-22,,True
1385,1385,QEUZ5VK4OZ3LC3N6E,Contoso Motors,2007,Automatic,177,2026-05-22,,True
1386,1386,GGU564Y01QWH8GW9H,Contoso Motors,2004,Automatic,884,2026-05-22,,True
1387,1387,ORR4OWHTW0CEF66X2,Contoso Motors,2013,Automatic,919,2026-05-22,,True
1388,1388,VDRKMX1QOU4MITQAL,Contoso Motors,2004,Automatic,388,2026-05-22,,True
1389,1389,XG8VBMCYEO2QOG8ZR,Contoso Motors,2005,Automatic,389,2026-05-22,,True
1390,1390,MJ401YWXY32Z6KTKM,Contoso Motors,2013,Automatic,651,2026-05-22,,True
1391,1391,7Q4UWJ6Q6CDFFKVAZ,Contoso Motors,2016,Automatic,936,2026-05-22,,True
1392,1392,R6WSJIP4RU0PIYO36,Contoso Motors,2016,Automatic,178,2026-05-22,,True
1393,1393,N88SJT15AC6Y5J2R9,Contoso Motors,2005,Automatic,653,2026-05-22,,True
1394,1394,0T0ZLCUSG9BVJX2VW,Contoso Motors,2011,Automatic,437,2026-05-22,,True
1395,1395,ZY4NAV7ZN2VT1VR0K,Contoso Motors,2005,Automatic,956,2026-05-22,,True
1396,1396,60VWQA1A274G0SAVL,Contoso Motors,2013,Automatic,396,2026-05-22,,True
1397,1397,G0VMNUCY2U8RK3G1F,Contoso Motors,2006,Automatic,663,2026-05-22,,True
1398,1398,KTTD6O22EY8MVZW5S,Contoso Motors,2013,Automatic,670,2026-05-22,,True
1399,1399,5AYXF6STXFTDRP7GA,Contoso Motors,2015,Automatic,278,2026-05-22,,True
1400,1400,CCYMU05361DPN6Y5H,Contoso Motors,2004,Manual,400,2026-05-22,,True
1401,1401,Z4DCRPF5BA7QXDT12,Contoso Motors,2013,Automatic,323,2026-05-22,,True
1402,1402,H7W70OJO6GKA2G5PN,Contoso Motors,2014,Semi-Automatic,402,2026-05-22,,True
1403,1403,SWLZX9W7G065UO78G,Contoso Motors,2016,Automatic,200,2026-05-22,,True
1404,1404,23QEY2EIZJ7TSBDNM,Contoso Motors,2004,Automatic,4,2026-05-22,,True
1405,1405,IPPH7JTK8J2GIGIBP,Contoso Motors,2004,Automatic,85,2026-05-22,,True
1406,1406,KIB84CBLSYJDN2ZRD,Contoso Motors,2014,Automatic,205,2026-05-22,,True
1407,1407,W09CFDMO31STQUN0D,Contoso Motors,2005,Automatic,829,2026-05-22,,True
1408,1408,0OOJ8IQVRVRDAU642,Contoso Motors,2015,Automatic,58,2026-05-22,,True
1409,1409,CWKWH6MOEIGGCIFTB,Contoso Motors,2011,Automatic,201,2026-05-22,,True
1410,1410,2POR20L908FD1YUHI,Contoso Motors,2015,Automatic,256,2026-05-22,,True
1411,1411,A1VDWB1U6X26VT7LV,Contoso Motors,2016,Automatic,371,2026-05-22,,True
1412,1412,24EDQV9L503HDA204,Contoso Motors,2014,Semi-Automatic,412,2026-05-22,,True
1413,1413,F7SFZ0MU1XFQG9077,Contoso Motors,2004,Automatic,673,2026-05-22,,True
1414,1414,HUHAD0APMI22Q8C7X,Contoso Motors,2016,Automatic,295,2026-05-22,,True
1415,1415,ASIDMJ6V33NZT5VSG,Contoso Motors,2012,Manual,415,2026-05-22,,True
1416,1416,A9F6PH28NZ5ZIBKMC,Contoso Motors,2011,Automatic,677,2026-05-22,,True
1417,1417,OKQBG2ICF2KRYHDUY,Contoso Motors,2009,Automatic,678,2026-05-22,,True
1418,1418,SENNKVN947MLANT7V,Contoso Motors,2013,Automatic,418,2026-05-22,,True
1419,1419,E2AOT1D1ZAQXRZAXC,Contoso Motors,2014,Automatic,693,2026-05-22,,True
1420,1420,UW092M9QVF7OLA7J1,Contoso Motors,2015,Automatic,420,2026-05-22,,True
1421,1421,RJIQL9ZNREDLQVYBG,Contoso Motors,2004,Automatic,696,2026-05-22,,True
1422,1422,G1G0IUTLXIYUUV6CS,Contoso Motors,2010,Automatic,422,2026-05-22,,True
1423,1423,O9CANIIHM3UQE3A1J,Contoso Motors,2007,Automatic,423,2026-05-22,,True
1424,1424,MXPHR91GN9DGQOIJ0,Contoso Motors,2016,Automatic,424,2026-05-22,,True
1425,1425,T3KLZ617OKEGL3TGJ,Contoso Motors,2011,Automatic,425,2026-05-22,,True
1426,1426,2KBITZA6S4WDX8XA0,Contoso Motors,2009,Automatic,426,2026-05-22,,True
1427,1427,FSQKIDJEC19ESR9AR,Contoso Motors,2005,Automatic,949,2026-05-22,,True
1428,1428,2JES0TXB2WPP8V4B0,Contoso Motors,2013,Automatic,59,2026-05-22,,True
1429,1429,7H44MSTH0YTYQH5KQ,Contoso Motors,2005,Automatic,213,2026-05-22,,True
1430,1430,6L8D6ON3GFMXNFB9F,Contoso Motors,2004,Automatic,333,2026-05-22,,True
1431,1431,LXAITSU9VBN5WLGPC,Contoso Motors,2005,Automatic,697,2026-05-22,,True
1432,1432,PWQM69O8290304IBT,Contoso Motors,2013,Automatic,315,2026-05-22,,True
1433,1433,TOPX706T4XBB7RO75,Contoso Motors,2005,Automatic,352,2026-05-22,,True
1434,1434,XG8TA9ISLW21GL1FT,Contoso Motors,2007,Automatic,67,2026-05-22,,True
1435,1435,9AB0R9HP7PD4OQCG6,Contoso Motors,2016,Automatic,76,2026-05-22,,True
1436,1436,KXUE0W39UBTR9D24M,Contoso Motors,2011,Automatic,436,2026-05-22,,True
1437,1437,ESAMLQHZ457J3EJ9K,Contoso Motors,2014,Automatic,437,2026-05-22,,True
1438,1438,1YT0TLVVYGW5OBC0H,Contoso Motors,2016,Automatic,699,2026-05-22,,True
1439,1439,NUMPGRXLUG5WUN6N9,Contoso Motors,2015,Automatic,80,2026-05-22,,True
1440,1440,Q8G63B9ZWLE5RRHCP,Contoso Motors,2016,Automatic,392,2026-05-22,,True
1441,1441,U7MDJAR5LL5ALEY01,Contoso Motors,2004,Automatic,701,2026-05-22,,True
1442,1442,SLR5PLAM3Q4GGUY8W,Contoso Motors,2007,Automatic,957,2026-05-22,,True
1443,1443,WG8RHF60Y173NRFBC,Contoso Motors,2006,Automatic,115,2026-05-22,,True
1444,1444,65VLT3C6AL03OD9OV,Contoso Motors,2004,Automatic,444,2026-05-22,,True
1445,1445,HVH2QDGUKRBYSEUCM,Contoso Motors,2012,Automatic,711,2026-05-22,,True
1446,1446,X74HXEXZQ4TFL9GE8,Contoso Motors,2010,Automatic,718,2026-05-22,,True
1447,1447,S4IHKUK9UXS1GXBA1,Contoso Motors,2016,Automatic,550,2026-05-22,,True
1448,1448,5FWPP08E5U40S90JF,Contoso Motors,2011,Manual,448,2026-05-22,,True
1449,1449,A6F0W6YJMU6KPAEWT,Contoso Motors,2014,Automatic,409,2026-05-22,,True
1450,1450,DD354DXEQ2C8GK1K2,Contoso Motors,2014,Semi-Automatic,450,2026-05-22,,True
1451,1451,9XGRHDQAU86GJT7DZ,Contoso Motors,2004,Automatic,400,2026-05-22,,True
1452,1452,BY82VNI3MZ7TBCZ61,Contoso Motors,2015,Automatic,124,2026-05-22,,True
1453,1453,0E5QAEMVCDAOZE81L,Contoso Motors,2011,Automatic,77,2026-05-22,,True
1454,1454,YGSDTSSEOJX2D7DRX,Contoso Motors,2011,Automatic,341,2026-05-22,,True
1455,1455,2TALRZCYSSCGLYJB7,Contoso Motors,2004,Manual,461,2026-05-22,,True
1456,1456,04KB5JW22G7L17K58,Contoso Motors,2006,Automatic,159,2026-05-22,,True
1457,1457,BAWJQMV834O3RGTQN,Contoso Motors,2005,Automatic,440,2026-05-22,,True
1458,1458,9RLZ3KDXEIZ0KPFOO,Contoso Motors,2005,Manual,466,2026-05-22,,True
1459,1459,DRFYNAK6B3OLGP3ME,Contoso Motors,2005,Automatic,457,2026-05-22,,True
1460,1460,WXIXIATNJAIVOJ5DP,Contoso Motors,2014,Semi-Automatic,460,2026-05-22,,True
1461,1461,E55ZK1LVHO5LY26NK,Contoso Motors,2011,Automatic,721,2026-05-22,,True
1462,1462,VYER3B0FUJ7EBHRPV,Contoso Motors,2012,Automatic,263,2026-05-22,,True
1463,1463,2WMI3NEZPP3LFAFXN,Contoso Motors,2014,Automatic,463,2026-05-22,,True
1464,1464,NJ09G7SCLOOYSVGF2,Contoso Motors,2007,Automatic,725,2026-05-22,,True
1465,1465,M0HEYXR1FQ58L52S7,Contoso Motors,2016,Automatic,726,2026-05-22,,True
1466,1466,EQ4OEBLVRVOWHQZZX,Contoso Motors,2010,Automatic,466,2026-05-22,,True
1467,1467,47VI6DSJ9ZSRXAIQ9,Contoso Motors,2005,Automatic,741,2026-05-22,,True
1468,1468,JER538BP9QVGHG3PJ,Contoso Motors,2016,Automatic,468,2026-05-22,,True
1469,1469,SDAGYHT0D9ACO185Q,Contoso Motors,2011,Automatic,744,2026-05-22,,True
1470,1470,ROGKNHHPJYJENJ5BF,Contoso Motors,2009,Automatic,470,2026-05-22,,True
1471,1471,D67GEPWUEHW2RGDTE,Contoso Motors,2004,Automatic,471,2026-05-22,,True
1472,1472,CJRJSONFBZ0KLNGKR,Contoso Motors,2005,Automatic,472,2026-05-22,,True
1473,1473,UR8HWELJ219P0FEAN,Contoso Motors,2007,Automatic,473,2026-05-22,,True
1474,1474,MYQF0W644K2TQCPFB,Contoso Motors,2016,Automatic,474,2026-05-22,,True
1475,1475,VCYVW0WUZNBTM594J,Contoso Motors,2010,Semi-Automatic,14,2026-05-22,,True
1476,1476,7P44TV27Q82RVL5D2,Contoso Motors,2005,Automatic,176,2026-05-22,,True
1477,1477,1MVGQFGP8BR90WYK4,Contoso Motors,2005,Semi-Automatic,37,2026-05-22,,True
1478,1478,HIY403UZ5QSU9D9T1,Contoso Motors,2016,Semi-Automatic,83,2026-05-22,,True
1479,1479,LWYISXURRBFELINPT,Contoso Motors,2004,Automatic,745,2026-05-22,,True
1480,1480,6VUFZH9DQ1OHVWWHL,Contoso Motors,2013,Manual,496,2026-05-22,,True
1481,1481,WYNIIY42VKV6OQS1J,Contoso Motors,2011,Automatic,17,2026-05-22,,True
1482,1482,K1J4FM1E05H45I3XJ,Contoso Motors,2005,Automatic,202,2026-05-22,,True
1483,1483,XDTPFNWVM1IDB4KUK,Contoso Motors,2006,Automatic,203,2026-05-22,,True
1484,1484,91OD1VSTDP4QT5V3W,Contoso Motors,2013,Automatic,484,2026-05-22,,True
1485,1485,WE9YLC1VHIA8IYWQ4,Contoso Motors,2014,Automatic,485,2026-05-22,,True
1486,1486,RE5LS5OHYBH4CGGH6,Contoso Motors,2007,Automatic,747,2026-05-22,,True
1487,1487,1DL7WYTFPXLJRUC3H,Contoso Motors,2014,Automatic,255,2026-05-22,,True
1488,1488,8K1DYE2X4NWT6B1KY,Contoso Motors,2004,Automatic,137,2026-05-22,,True
1489,1489,VL7ZSJ9XMZRFSVVYW,Contoso Motors,2011,Automatic,749,2026-05-22,,True
1490,1490,YKENBK1A0J2TOLRIU,Contoso Motors,2005,Semi-Automatic,134,2026-05-22,,True
1491,1491,9CNMVH24G72Z4EH26,Contoso Motors,2011,Automatic,272,2026-05-22,,True
1492,1492,AMQU4G115NOBZ1EAJ,Contoso Motors,2011,Automatic,492,2026-05-22,,True
1493,1493,V3MF6B9JWO4AD92W0,Contoso Motors,2014,Automatic,759,2026-05-22,,True
1494,1494,PQERC0DIQ23RLNGAN,Contoso Motors,2009,Automatic,766,2026-05-22,,True
1495,1495,1K7G3JQVU24TX1XOG,Contoso Motors,2012,Automatic,886,2026-05-22,,True
1496,1496,IR31Z4JMBQ7BR3DT6,Contoso Motors,2016,Automatic,496,2026-05-22,,True
1497,1497,C8IR133QT4UP6GHDN,Contoso Motors,2004,Automatic,393,2026-05-22,,True
1498,1498,26VHOKX71LZ7UPXOP,Contoso Motors,2014,Semi-Automatic,498,2026-05-22,,True
1499,1499,CEMSQ9VOTYU9UB9W4,Contoso Motors,2005,Automatic,257,2026-05-22,,True
1500,1500,DGNFGS0NKM1CFCPQ7,Contoso Motors,2007,Automatic,292,2026-05-22,,True
1501,1501,T4V0PIGVKXY7TLYWZ,Contoso Motors,2005,Semi-Automatic,157,2026-05-22,,True
1502,1502,AZGRJZ1Q4K8LY3IDS,Contoso Motors,2009,Semi-Automatic,194,2026-05-22,,True
1503,1503,9QDQL8PGET15GXOA4,Contoso Motors,2015,Semi-Automatic,254,2026-05-22,,True
1504,1504,M3N1WXSP9UKDFAW3O,Contoso Motors,2011,Automatic,316,2026-05-22,,True
1505,1505,ZUM234INX6MPOJ1D6,Contoso Motors,2013,Automatic,384,2026-05-22,,True
1506,1506,H12V1ZVTMOAEYM126,Contoso Motors,2004,Automatic,401,2026-05-22,,True
1507,1507,20Q8Q0OL6VU1OZTS5,Contoso Motors,2011,Automatic,633,2026-05-22,,True
1508,1508,WUOPKVM97HJ99K9TW,Contoso Motors,2014,Semi-Automatic,508,2026-05-22,,True
1509,1509,BHLOGG4XR7G0925IY,Contoso Motors,2007,Automatic,769,2026-05-22,,True
1510,1510,GRRQSUNYCMBO1JCIM,Contoso Motors,2012,Automatic,846,2026-05-22,,True
1511,1511,CW1GOX8G0SCEOHMGV,Contoso Motors,2007,Automatic,511,2026-05-22,,True
1512,1512,1UGMYO6ZDQ3KC72HT,Contoso Motors,2005,Automatic,773,2026-05-22,,True
1513,1513,5JIE8CIRSG6DO5D6Y,Contoso Motors,2007,Automatic,774,2026-05-22,,True
1514,1514,SHFW1485JP8BKDCN2,Contoso Motors,2009,Automatic,514,2026-05-22,,True
1515,1515,UNXA7MYFRC185UENT,Contoso Motors,2004,Automatic,789,2026-05-22,,True
1516,1516,FVZH6SUQJS69V5DGG,Contoso Motors,2005,Automatic,516,2026-05-22,,True
1517,1517,XOFNWGQJNGM873DZT,Contoso Motors,2016,Automatic,792,2026-05-22,,True
1518,1518,UUYYO73V5Y6LZ1NVL,Contoso Motors,2016,Automatic,518,2026-05-22,,True
1519,1519,6Y8Y0BNPFVH43DZ1D,Contoso Motors,2011,Automatic,519,2026-05-22,,True
1520,1520,WIMUHV7ZOBKPI03BD,Contoso Motors,2004,Automatic,520,2026-05-22,,True
1521,1521,27SEXSHYVQ6VY54IT,Contoso Motors,2005,Automatic,521,2026-05-22,,True
1522,1522,5HDV89IZ3WY50VUOY,Contoso Motors,2007,Automatic,522,2026-05-22,,True
1523,1523,TFMQU0D2MDU2FP5Q8,Contoso Motors,2004,Semi-Automatic,277,2026-05-22,,True
1524,1524,UOSRNKXPQ6TW69O0V,Contoso Motors,2013,Automatic,320,2026-05-22,,True
1525,1525,KNUVWH1HPMMKNR6SS,Contoso Motors,2005,Semi-Automatic,398,2026-05-22,,True
1526,1526,W87OFVPYZZRGFXOYV,Contoso Motors,2006,Semi-Automatic,399,2026-05-22,,True
1527,1527,HL7QWAKSLPLGGIA5Z,Contoso Motors,2011,Automatic,793,2026-05-22,,True
1528,1528,9K6N3B4YM0MDPZBK4,Contoso Motors,2005,Automatic,521,2026-05-22,,True
1529,1529,QWC264BKO406G99YX,Contoso Motors,2016,Automatic,624,2026-05-22,,True
1530,1530,BB6JTFWSINXUHNLS2,Contoso Motors,2016,Automatic,340,2026-05-22,,True
1531,1531,TK0KO40ZA5A4S28MS,Contoso Motors,2010,Automatic,346,2026-05-22,,True
1532,1532,9LZYSQ2EI0ARBTSAJ,Contoso Motors,2004,Automatic,532,2026-05-22,,True
1533,1533,KXNKAFRAK1J6E2U1B,Contoso Motors,2005,Automatic,533,2026-05-22,,True
1534,1534,5CFGO2J07EC6FCJFA,Contoso Motors,2006,Automatic,795,2026-05-22,,True
1535,1535,4Q5OVWVJQGKWWQXGS,Contoso Motors,2011,Automatic,355,2026-05-22,,True
1536,1536,JFVLSAR3BYBMAEJT5,Contoso Motors,2005,Automatic,641,2026-05-22,,True
1537,1537,SH85GQO77AR5YFRTD,Contoso Motors,2004,Automatic,797,2026-05-22,,True
1538,1538,NMFWXCAUUDH36P048,Contoso Motors,2013,Semi-Automatic,467,2026-05-22,,True
1539,1539,AEO5LVAOL7IREKB6E,Contoso Motors,2004,Automatic,412,2026-05-22,,True
1540,1540,LECL9ZZ9XECVR48E2,Contoso Motors,2016,Automatic,540,2026-05-22,,True
1541,1541,6YOYKFUC5X42DUNNC,Contoso Motors,2007,Automatic,807,2026-05-22,,True
1542,1542,XLVJSCH9EPSN7QVD5,Contoso Motors,2016,Automatic,814,2026-05-22,,True
1543,1543,NZOEWO2I5KZ9VITWL,Contoso Motors,2012,Automatic,894,2026-05-22,,True
1544,1544,4FYGDM5C6HS2K3RY5,Contoso Motors,2007,Automatic,544,2026-05-22,,True
1545,1545,W345EOIZ1P4D71V97,Contoso Motors,2014,Automatic,777,2026-05-22,,True
1546,1546,KVMP01U4Q6L1F5E6C,Contoso Motors,2014,Semi-Automatic,546,2026-05-22,,True
1547,1547,5FE440DUQUZKYDFF7,Contoso Motors,2015,Automatic,760,2026-05-22,,True
1548,1548,EKW640T5T4QOFIC2U,Contoso Motors,2016,Automatic,436,2026-05-22,,True
1549,1549,KS8EL125HYA3EBP5E,Contoso Motors,2015,Semi-Automatic,470,2026-05-22,,True
1550,1550,7OFQRQ2M19MUJIUSJ,Contoso Motors,2015,Semi-Automatic,518,2026-05-22,,True
1551,1551,LNLAAIQWMT7JVMPMS,Contoso Motors,2005,Semi-Automatic,530,2026-05-22,,True
1552,1552,O3B237IYWMPFSF20Q,Contoso Motors,2011,Automatic,443,2026-05-22,,True
1553,1553,O3JB3WYC014ALTBDG,Contoso Motors,2013,Automatic,1000,2026-05-22,,True
1554,1554,T2TF0BJTVUI5DRJZU,Contoso Motors,2011,Automatic,145,2026-05-22,,True
1555,1555,68QK5KSFDUQ70LYOF,Contoso Motors,2004,Automatic,17,2026-05-22,,True
1556,1556,36GQ6LK7ZZG18PZEZ,Contoso Motors,2014,Semi-Automatic,556,2026-05-22,,True
1557,1557,AW70NLMX8PV0LAS0C,Contoso Motors,2005,Automatic,817,2026-05-22,,True
1558,1558,5P57WNFONMMCH2J8C,Contoso Motors,2012,Automatic,15,2026-05-22,,True
1559,1559,Z4X5MYSEL1B0UVLLA,Contoso Motors,2004,Automatic,559,2026-05-22,,True
1560,1560,N2KHHTB57D9IJGIBK,Contoso Motors,2016,Automatic,821,2026-05-22,,True
1561,1561,3LM6L9DBF0WM7OT2G,Contoso Motors,2015,Automatic,822,2026-05-22,,True
1562,1562,O983ZFAOX3EX873I2,Contoso Motors,2016,Automatic,562,2026-05-22,,True
1563,1563,JX41LIDZE71NUSCTG,Contoso Motors,2011,Automatic,837,2026-05-22,,True
1564,1564,JCDCAMUP86TWW8HK4,Contoso Motors,2004,Automatic,564,2026-05-22,,True
1565,1565,QH9CF10U8A2Y6M89K,Contoso Motors,2007,Automatic,840,2026-05-22,,True
1566,1566,E4JKDQZU95AZHIBYC,Contoso Motors,2007,Automatic,566,2026-05-22,,True
1567,1567,KJLW8ZRR3ANX19RCF,Contoso Motors,2013,Automatic,567,2026-05-22,,True
1568,1568,BGEPPHL3N48B3GWP0,Contoso Motors,2011,Automatic,568,2026-05-22,,True
1569,1569,3RU2E6A5BY89CDQ5Y,Contoso Motors,2014,Automatic,569,2026-05-22,,True
1570,1570,M6TTBHZY8DGMNKRN2,Contoso Motors,2015,Automatic,570,2026-05-22,,True
1571,1571,WQ6DTHHUJLDR1E0YA,Contoso Motors,2005,Semi-Automatic,578,2026-05-22,,True
1572,1572,XRM3ZG9CN2B8L7XZA,Contoso Motors,2011,Automatic,460,2026-05-22,,True
1573,1573,EV2ACSWSTKFJW079L,Contoso Motors,2009,Semi-Automatic,590,2026-05-22,,True
1574,1574,0IESVCF1KGKEOXYYS,Contoso Motors,2016,Semi-Automatic,638,2026-05-22,,True
1575,1575,RO1KIV05KIY4ZQ48E,Contoso Motors,2004,Automatic,841,2026-05-22,,True
1576,1576,0SEZX361T08ETSC2U,Contoso Motors,2014,Automatic,265,2026-05-22,,True
1577,1577,F0DCI60VY9KL3FSJM,Contoso Motors,2007,Automatic,385,2026-05-22,,True
1578,1578,AAS75KHKTTGXX1D1M,Contoso Motors,2013,Automatic,491,2026-05-22,,True
1579,1579,AXTJKB5CSA5TXKUPQ,Contoso Motors,2016,Automatic,495,2026-05-22,,True
1580,1580,C1KTYKY80U1A2FF5F,Contoso Motors,2011,Automatic,580,2026-05-22,,True
1581,1581,S3CB9EBFGNB9ZV587,Contoso Motors,2004,Automatic,581,2026-05-22,,True
1582,1582,OR5ODEZT9BLC55KG9,Contoso Motors,2012,Automatic,843,2026-05-22,,True
1583,1583,R68X8CRT7UFQ57SKV,Contoso Motors,2007,Automatic,444,2026-05-22,,True
1584,1584,U8DNJABNVRSI6QNGO,Contoso Motors,2014,Automatic,529,2026-05-22,,True
1585,1585,H90FJDYMZQHOTJJRG,Contoso Motors,2011,Automatic,845,2026-05-22,,True
1586,1586,UC85N8APJRKY3LH9T,Contoso Motors,2011,Semi-Automatic,639,2026-05-22,,True
1587,1587,5KUKWLQS8YX657DNF,Contoso Motors,2004,Automatic,564,2026-05-22,,True
1588,1588,8LXHG9FTX5LUIKBYN,Contoso Motors,2007,Automatic,588,2026-05-22,,True
1589,1589,2MPL86P3AN8ASIW0E,Contoso Motors,2004,Automatic,855,2026-05-22,,True
1590,1590,FUJGPJPKYW3MC45LY,Contoso Motors,2007,Automatic,862,2026-05-22,,True
1591,1591,VE98QV3EYDPB42RBQ,Contoso Motors,2012,Automatic,71,2026-05-22,,True
1592,1592,8Z9YKS53ZTWY2OJ4O,Contoso Motors,2016,Automatic,592,2026-05-22,,True
1593,1593,TJUPIEC0LBKARMSH3,Contoso Motors,2004,Automatic,641,2026-05-22,,True
1594,1594,SOUVK7HBM2FAQTAUS,Contoso Motors,2014,Semi-Automatic,594,2026-05-22,,True
1595,1595,SDPJZR8GREG3ODHOY,Contoso Motors,2007,Automatic,632,2026-05-22,,True
1596,1596,7I3ZI3DKNA6XADQPF,Contoso Motors,2016,Automatic,880,2026-05-22,,True
1597,1597,W61TLR0P38YATPSIA,Contoso Motors,2004,Semi-Automatic,709,2026-05-22,,True
1598,1598,CLKWTZ5BN3ACTUDIS,Contoso Motors,2014,Semi-Automatic,733,2026-05-22,,True
1599,1599,OTUUHSVXY7IOUZ5DG,Contoso Motors,2011,Semi-Automatic,757,2026-05-22,,True
1600,1600,X4Z73EKSECVVYOQQQ,Contoso Motors,2013,Automatic,572,2026-05-22,,True
1601,1601,CKDCP5VZ1PXLMFJUI,Contoso Motors,2007,Automatic,649,2026-05-22,,True
1602,1602,IOW6X2ZEXLU7D64P8,Contoso Motors,2011,Automatic,769,2026-05-22,,True
1603,1603,1VMWIOFFE6U5C9KKP,Contoso Motors,2011,Automatic,25,2026-05-22,,True
1604,1604,48V6TR0VQRG82KOC2,Contoso Motors,2014,Semi-Automatic,604,2026-05-22,,True
1605,1605,QGSHJB1517N4COP7K,Contoso Motors,2014,Automatic,865,2026-05-22,,True
1606,1606,K3DPIDNVWANODBD7R,Contoso Motors,2012,Automatic,270,2026-05-22,,True
1607,1607,AP64B4T7XRHYVXC08,Contoso Motors,2011,Automatic,607,2026-05-22,,True
1608,1608,GDQVJW6S5CSXD9Z5A,Contoso Motors,2014,Automatic,869,2026-05-22,,True
1609,1609,NJRFWCQ33IK75ATJO,Contoso Motors,2015,Automatic,870,2026-05-22,,True
1610,1610,R0EQZMXVG017N3F2R,Contoso Motors,2007,Automatic,610,2026-05-22,,True
1611,1611,M0YBUYR0WKKIXXROP,Contoso Motors,2004,Automatic,885,2026-05-22,,True
1612,1612,6GIQIXZOSS7BUWGYN,Contoso Motors,2011,Automatic,612,2026-05-22,,True
1613,1613,UEC7FUGRL4HHW2GQQ,Contoso Motors,2016,Automatic,888,2026-05-22,,True
1614,1614,QC02434PWRNE2T2QR,Contoso Motors,2015,Automatic,614,2026-05-22,,True
1615,1615,W2Y8E93DPYWST0C6A,Contoso Motors,2016,Automatic,615,2026-05-22,,True
1616,1616,H89THI6GKS5JY6E83,Contoso Motors,2013,Automatic,616,2026-05-22,,True
1617,1617,7SSRFBKWIGBOIW14F,Contoso Motors,2014,Automatic,617,2026-05-22,,True
1618,1618,AK3R6RZ2O7KHFZMHW,Contoso Motors,2015,Automatic,618,2026-05-22,,True
1619,1619,GS7OYBBL6M7ENHIK5,Contoso Motors,2013,Semi-Automatic,783,2026-05-22,,True
1620,1620,5IEFLIT90OWI1KNST,Contoso Motors,2005,Automatic,692,2026-05-22,,True
1621,1621,G7IUI1Q9GU0WLHMPM,Contoso Motors,2004,Semi-Automatic,877,2026-05-22,,True
1622,1622,33K4PI1RAWSFEIK5M,Contoso Motors,2014,Semi-Automatic,997,2026-05-22,,True
1623,1623,HYAUQ6AX10I4TF368,Contoso Motors,2011,Automatic,889,2026-05-22,,True
1624,1624,56SVWIRUKQ69VDJ4L,Contoso Motors,2011,Automatic,8,2026-05-22,,True
1625,1625,HFN5V4PWXEJLZN7UG,Contoso Motors,2014,Automatic,273,2026-05-22,,True
1626,1626,ELM5U2P7ODFHPBWXE,Contoso Motors,2011,Automatic,888,2026-05-22,,True
1627,1627,R2ENORLBCSEJ8X371,Contoso Motors,2016,Automatic,128,2026-05-22,,True
1628,1628,XXFCC7ZSMPG0UP5Z8,Contoso Motors,2016,Automatic,628,2026-05-22,,True
1629,1629,H7LNDN98IKLXV7Y2D,Contoso Motors,2011,Automatic,629,2026-05-22,,True
1630,1630,3VAMZNIAR2V18EPKW,Contoso Motors,2014,Automatic,891,2026-05-22,,True
1631,1631,0XNJORPFB4OV80G8R,Contoso Motors,2006,Automatic,91,2026-05-22,,True
1632,1632,E4LPYGCU1QXJ660GS,Contoso Motors,2011,Automatic,393,2026-05-22,,True
1633,1633,E690S50JPHBMKS9A5,Contoso Motors,2004,Automatic,893,2026-05-22,,True
1634,1634,0MQFIU5MSNIT1IC17,Contoso Motors,2014,Semi-Automatic,23,2026-05-22,,True
1635,1635,P7POEO9Q5GYMD72WP,Contoso Motors,2014,Automatic,143,2026-05-22,,True
1636,1636,5QNO3F92BPWRIAYSQ,Contoso Motors,2016,Automatic,636,2026-05-22,,True
1637,1637,NMBWNK2V5FTSVAYNC,Contoso Motors,2011,Automatic,903,2026-05-22,,True
1638,1638,BVHUVVTKZ1L9J035P,Contoso Motors,2015,Automatic,910,2026-05-22,,True
1639,1639,SWGF4JG31KV2Q6IW0,Contoso Motors,2012,Automatic,326,2026-05-22,,True
1640,1640,PND40OKF3OGAOF3PQ,Contoso Motors,2015,Automatic,640,2026-05-22,,True
1641,1641,953FW7GH2DQGMUB83,Contoso Motors,2013,Automatic,211,2026-05-22,,True
1642,1642,SPC2R8IRDA7BLB1FU,Contoso Motors,2014,Semi-Automatic,642,2026-05-22,,True
1643,1643,22TYPMI6D6BKTOWS4,Contoso Motors,2011,Automatic,40,2026-05-22,,True
1644,1644,MWNPDQI25FRHDJIKM,Contoso Motors,2011,Automatic,160,2026-05-22,,True
1645,1645,YNPSM3Y08JPJJL9IE,Contoso Motors,2005,Semi-Automatic,142,2026-05-22,,True
1646,1646,PNUB63REXYJO573IT,Contoso Motors,2007,Semi-Automatic,165,2026-05-22,,True
1647,1647,FM7TA6Q201H1QXYK2,Contoso Motors,2010,Semi-Automatic,202,2026-05-22,,True
1648,1648,OVHKMMLW5QZCZ4A06,Contoso Motors,2013,Automatic,208,2026-05-22,,True
1649,1649,7RAHAO9T3W02YNGOX,Contoso Motors,2007,Automatic,65,2026-05-22,,True
1650,1650,YK95FLWKUTBBUZZST,Contoso Motors,2016,Automatic,88,2026-05-22,,True
1651,1651,K0G1FK363MS3V74UJ,Contoso Motors,2011,Automatic,441,2026-05-22,,True
1652,1652,I50RB3EXAQIXZ0EYK,Contoso Motors,2014,Semi-Automatic,652,2026-05-22,,True
1653,1653,J20TWR816OYXHKYK4,Contoso Motors,2014,Automatic,913,2026-05-22,,True
1654,1654,2Q8MCU41CQ69AAB6J,Contoso Motors,2012,Automatic,30,2026-05-22,,True
1655,1655,EABPP9R6HJCHQHAJE,Contoso Motors,2013,Automatic,655,2026-05-22,,True
1656,1656,G8N3Y50OFFYEW0D77,Contoso Motors,2005,Automatic,917,2026-05-22,,True
1657,1657,W1Y9YYJOU2JB89YJX,Contoso Motors,2007,Automatic,918,2026-05-22,,True
1658,1658,EF8METSVDOITMZ5I0,Contoso Motors,2015,Automatic,658,2026-05-22,,True
1659,1659,JZLTQ6VXVL68UJXMX,Contoso Motors,2011,Automatic,933,2026-05-22,,True
1660,1660,SCHZX0UZ8NNBP32KX,Contoso Motors,2013,Automatic,660,2026-05-22,,True
1661,1661,MU8D93ZS7FWREBRP1,Contoso Motors,2015,Automatic,936,2026-05-22,,True
1662,1662,JJFQR6FXV45S2XG55,Contoso Motors,2015,Automatic,662,2026-05-22,,True
1663,1663,O0VDILSSHN16FX14C,Contoso Motors,2013,Automatic,663,2026-05-22,,True
1664,1664,FDSW7I802BKJJDR6B,Contoso Motors,2004,Automatic,664,2026-05-22,,True
1665,1665,QU0VRE0558IS31EM6,Contoso Motors,2005,Automatic,665,2026-05-22,,True
1666,1666,FCCC0JZUGXD4WUZFR,Contoso Motors,2007,Automatic,666,2026-05-22,,True
1667,1667,7Q3YDXZB1ZRY2BNX6,Contoso Motors,2015,Semi-Automatic,262,2026-05-22,,True
1668,1668,E5X1LZVX86QN3CV2R,Contoso Motors,2011,Automatic,304,2026-05-22,,True
1669,1669,L4FD2S6N5GC7OD7RX,Contoso Motors,2011,Semi-Automatic,285,2026-05-22,,True
1670,1670,K3ZQGLFTDBM0BDDXB,Contoso Motors,2014,Semi-Automatic,331,2026-05-22,,True
1671,1671,5L0DMBN9IHY07PXGZ,Contoso Motors,2004,Automatic,937,2026-05-22,,True
1672,1672,GEYMICFG1HBNERZ6L,Contoso Motors,2011,Automatic,185,2026-05-22,,True
1673,1673,HWNOTJPA7R5PBDWLZ,Contoso Motors,2013,Automatic,203,2026-05-22,,True
1674,1674,7C82LT94JMLBD9YEL,Contoso Motors,2016,Automatic,330,2026-05-22,,True
1675,1675,7ZRZ7SQNBX2E1PR3X,Contoso Motors,2007,Automatic,527,2026-05-22,,True
1676,1676,Z371Z54EPYQPMESC8,Contoso Motors,2007,Automatic,676,2026-05-22,,True
1677,1677,V3UU8QTZWYW6UDMAG,Contoso Motors,2004,Automatic,677,2026-05-22,,True
1678,1678,QPLT2V1KC14RVJ2HZ,Contoso Motors,2007,Automatic,939,2026-05-22,,True
1679,1679,M89LQAUR2M8OJL9NB,Contoso Motors,2005,Automatic,570,2026-05-22,,True
1680,1680,6O32POOF1DXPOGKOQ,Contoso Motors,2016,Automatic,280,2026-05-22,,True
1681,1681,396IUGLTRPN4VKBKX,Contoso Motors,2011,Automatic,941,2026-05-22,,True
1682,1682,9EDN7R7D50YQZWN8Y,Contoso Motors,2009,Semi-Automatic,382,2026-05-22,,True
1683,1683,IKJ5NQPEW4LNC8AYM,Contoso Motors,2012,Automatic,579,2026-05-22,,True
1684,1684,YP7A6G1W2N7VNJ849,Contoso Motors,2015,Automatic,684,2026-05-22,,True
1685,1685,FIFQC8G5IQDSP0HZW,Contoso Motors,2013,Automatic,951,2026-05-22,,True
1686,1686,DZ0JN3HME3OKBBFYU,Contoso Motors,2015,Automatic,958,2026-05-22,,True
1687,1687,AESQX3ZKCFM25HNNE,Contoso Motors,2010,Automatic,118,2026-05-22,,True
1688,1688,NH1SK0I6BX6XF05MX,Contoso Motors,2016,Automatic,688,2026-05-22,,True
1689,1689,B98FFFQ3HDRX8SLMV,Contoso Motors,2007,Automatic,835,2026-05-22,,True
1690,1690,8DPS2FIS26U15IL9P,Contoso Motors,2014,Semi-Automatic,690,2026-05-22,,True
1691,1691,DHPVT5LN2MSGSMEMP,Contoso Motors,2013,Automatic,450,2026-05-22,,True
1692,1692,SZBAR4VUGY08X8JKN,Contoso Motors,2013,Automatic,780,2026-05-22,,True
1693,1693,PK70FRDXM0A7D00IB,Contoso Motors,2004,Semi-Automatic,405,2026-05-22,,True
1694,1694,87NAPA5IHNG5E2FLU,Contoso Motors,2006,Semi-Automatic,455,2026-05-22,,True
1695,1695,8NTGYTURD5U7DNX0Z,Contoso Motors,2015,Semi-Automatic,526,2026-05-22,,True
1696,1696,4TIX69ZZ8YSTOLDZ3,Contoso Motors,2016,Automatic,852,2026-05-22,,True
1697,1697,ME04HHTNX276VQD15,Contoso Motors,2014,Automatic,473,2026-05-22,,True
1698,1698,RHY4I7HZ15471I333,Contoso Motors,2007,Automatic,587,2026-05-22,,True
1699,1699,2YWYDXNLDHHR9XRME,Contoso Motors,2011,Automatic,969,2026-05-22,,True
1700,1700,JO5ZFOCJD72V9CX0D,Contoso Motors,2014,Semi-Automatic,700,2026-05-22,,True
1701,1701,U9OIY7EOWOI2YE72I,Contoso Motors,2005,Automatic,961,2026-05-22,,True
1702,1702,5JZN82IAK0YTZDH4R,Contoso Motors,2010,Automatic,454,2026-05-22,,True
1703,1703,LLA6XUGWOTOZ0X5FX,Contoso Motors,2016,Automatic,703,2026-05-22,,True
1704,1704,O2BP2GUZ5NTPXT0AQ,Contoso Motors,2004,Automatic,965,2026-05-22,,True
1705,1705,FBBYST4XSAYYR2RL8,Contoso Motors,2005,Automatic,966,2026-05-22,,True
1706,1706,JJW3OFY2BK8439VBD,Contoso Motors,2015,Automatic,706,2026-05-22,,True
1707,1707,XTLXKBJTDD9VU4KEU,Contoso Motors,2004,Automatic,981,2026-05-22,,True
1708,1708,TOIXIEYYLH11CH7NH,Contoso Motors,2004,Automatic,708,2026-05-22,,True
1709,1709,JT68XQJP6G4OQTB30,Contoso Motors,2016,Automatic,984,2026-05-22,,True
1710,1710,MV9IRF1YD2M42M0L1,Contoso Motors,2007,Automatic,710,2026-05-22,,True
1711,1711,SSBRUGC4FBHQEJ3RK,Contoso Motors,2016,Automatic,711,2026-05-22,,True
1712,1712,0IPUYIOCUWJT4V20V,Contoso Motors,2011,Automatic,712,2026-05-22,,True
1713,1713,R19QRPMJUKFVUG4UT,Contoso Motors,2004,Automatic,713,2026-05-22,,True
1714,1714,NP704LVE7E996YTR3,Contoso Motors,2005,Automatic,714,2026-05-22,,True
1715,1715,Q8M77PMTJUT0JEFY0,Contoso Motors,2005,Semi-Automatic,538,2026-05-22,,True
1716,1716,ZQOYYE8AWT1N28DIC,Contoso Motors,2005,Automatic,900,2026-05-22,,True
1717,1717,PLD1V7LHPF90MXQ0C,Contoso Motors,2005,Semi-Automatic,586,2026-05-22,,True
1718,1718,H3H68R551K4NH4RIX,Contoso Motors,2010,Semi-Automatic,598,2026-05-22,,True
1719,1719,I7W8KMBD4L3XHBI96,Contoso Motors,2011,Automatic,985,2026-05-22,,True
1720,1720,7AZTQAEV9PQZ5GLAC,Contoso Motors,2007,Automatic,593,2026-05-22,,True
1721,1721,AF0WV5FT4P49HYO9A,Contoso Motors,2007,Automatic,786,2026-05-22,,True
1722,1722,RC7K5KN7EY5V6QQSW,Contoso Motors,2007,Automatic,906,2026-05-22,,True
1723,1723,WTXY1OCOXVUIJNT3U,Contoso Motors,2015,Automatic,954,2026-05-22,,True
1724,1724,9L8C15C6NR9I5FL1E,Contoso Motors,2016,Automatic,724,2026-05-22,,True
1725,1725,NR0SA18C6MJ0CCXNP,Contoso Motors,2011,Automatic,725,2026-05-22,,True
1726,1726,DRWBKV5QE7DVWAU52,Contoso Motors,2004,Automatic,987,2026-05-22,,True
1727,1727,JJJIT8DTGXFM0VCAB,Contoso Motors,2016,Automatic,955,2026-05-22,,True
1728,1728,VW8W9V1YBK90CNUA1,Contoso Motors,2005,Automatic,834,2026-05-22,,True
1729,1729,5F2WJD2504ZITUWH9,Contoso Motors,2007,Automatic,989,2026-05-22,,True
1730,1730,I5W0PH8ULHIVIG8H4,Contoso Motors,2009,Semi-Automatic,646,2026-05-22,,True
1731,1731,3Y56J5XSHHIZ2HFCT,Contoso Motors,2016,Automatic,963,2026-05-22,,True
1732,1732,27YT7WTB98IX4L9DL,Contoso Motors,2016,Automatic,732,2026-05-22,,True
1733,1733,B2C46I8SHH5Q08LUL,Contoso Motors,2016,Automatic,999,2026-05-22,,True
1734,1734,FBJQ161J0SU3XU4IJ,Contoso Motors,2007,Automatic,6,2026-05-22,,True
1735,1735,RZ9GTU4PGH4XKDHPW,Contoso Motors,2010,Automatic,982,2026-05-22,,True
1736,1736,UHEJIUFBZCYY9CH44,Contoso Motors,2005,Automatic,736,2026-05-22,,True
1737,1737,02PA8MBT8WD7OWXL1,Contoso Motors,2016,Automatic,219,2026-05-22,,True
1738,1738,1S75U8FVSTNS1B5GL,Contoso Motors,2014,Semi-Automatic,738,2026-05-22,,True
1739,1739,9WZO4FCN511COUNSE,Contoso Motors,2013,Automatic,912,2026-05-22,,True
1740,1740,WI6VDD1ARHRCAOBOJ,Contoso Motors,2007,Automatic,972,2026-05-22,,True
1741,1741,YTJ51G030H2TMZ1OT,Contoso Motors,2004,Semi-Automatic,647,2026-05-22,,True
1742,1742,JPDBX1NWE0A6WXK0W,Contoso Motors,2007,Semi-Automatic,715,2026-05-22,,True
1743,1743,3FZRIHE0VMBV7V12F,Contoso Motors,2005,Semi-Automatic,718,2026-05-22,,True
1744,1744,RT0EVODU2WMUFGWOA,Contoso Motors,2016,Automatic,20,2026-05-22,,True
1745,1745,8RRMNKA6SN8JH8R6M,Contoso Motors,2004,Automatic,960,2026-05-22,,True
1746,1746,AVI2ZLRQCTFNGFE9O,Contoso Motors,2010,Automatic,26,2026-05-22,,True
1747,1747,8CEDMXZMCVTNXRU74,Contoso Motors,2011,Automatic,689,2026-05-22,,True
1748,1748,1RSOR232QDNZZ6BBM,Contoso Motors,2014,Semi-Automatic,748,2026-05-22,,True
1749,1749,WJ9J39U387P1N2G5J,Contoso Motors,2004,Automatic,9,2026-05-22,,True
1750,1750,9L2WOKP3K45W1WN7X,Contoso Motors,2010,Automatic,510,2026-05-22,,True
1751,1751,LY6F0YA00Y86CGISY,Contoso Motors,2013,Automatic,751,2026-05-22,,True
1752,1752,KH69C01UU2UHF4ONV,Contoso Motors,2011,Automatic,13,2026-05-22,,True
1753,1753,2OINCR4ERI6O76LOK,Contoso Motors,2005,Automatic,14,2026-05-22,,True
1754,1754,HZ0L5C2W3FWWD236E,Contoso Motors,2007,Automatic,754,2026-05-22,,True
1755,1755,CUG33X4JOKD5B9DPA,Contoso Motors,2011,Automatic,29,2026-05-22,,True
1756,1756,TS3Y5M400JJTJ8YEC,Contoso Motors,2011,Automatic,756,2026-05-22,,True
1757,1757,9VWJ26SNMDE0MEI4Q,Contoso Motors,2005,Automatic,32,2026-05-22,,True
1758,1758,FY5UV1NQ4UJTUU8UB,Contoso Motors,2005,Automatic,758,2026-05-22,,True
1759,1759,ZYPF5QNPQ7PNFK3PY,Contoso Motors,2007,Automatic,759,2026-05-22,,True
1760,1760,JU3Q3513FALGQ08W3,Contoso Motors,2016,Automatic,760,2026-05-22,,True
1761,1761,MJ70EVZCNL9XX8G1S,Contoso Motors,2011,Automatic,761,2026-05-22,,True
1762,1762,VI68NRJ8R9N5BSMPG,Contoso Motors,2005,Automatic,762,2026-05-22,,True
1763,1763,HYUG7ML73M5VXE80S,Contoso Motors,2005,Semi-Automatic,766,2026-05-22,,True
1764,1764,L4314B5E2KN0VTXPB,Contoso Motors,2012,Automatic,151,2026-05-22,,True
1765,1765,ZFN1NLE3ARXQ9QIQC,Contoso Motors,2009,Semi-Automatic,778,2026-05-22,,True
1766,1766,YA7V5AXQATUJ29WXF,Contoso Motors,2014,Semi-Automatic,837,2026-05-22,,True
1767,1767,L5RLIIHHEZCF5I817,Contoso Motors,2007,Automatic,33,2026-05-22,,True
1768,1768,HHQRWJO5J5QX6UCGB,Contoso Motors,2016,Automatic,56,2026-05-22,,True
1769,1769,950LO0X8PNK5487WW,Contoso Motors,2004,Automatic,193,2026-05-22,,True
1770,1770,ZFVIDRM7CQVFL94XE,Contoso Motors,2004,Automatic,168,2026-05-22,,True
1771,1771,JWXZS5SPNAXAUPMIZ,Contoso Motors,2011,Automatic,216,2026-05-22,,True
1772,1772,APTZCVQF6U47AM6RU,Contoso Motors,2015,Automatic,772,2026-05-22,,True
1773,1773,RGBKBUR5PY0XTFUYR,Contoso Motors,2004,Automatic,773,2026-05-22,,True
1774,1774,FD9OG0V80KMOYR9B1,Contoso Motors,2011,Automatic,35,2026-05-22,,True
1775,1775,134T02W19WT2VNI5T,Contoso Motors,2004,Automatic,339,2026-05-22,,True
1776,1776,R8T22E4QX2VMD4NAX,Contoso Motors,2011,Automatic,211,2026-05-22,,True
1777,1777,7Q7708FOQJAZWZBE6,Contoso Motors,2005,Automatic,37,2026-05-22,,True
1778,1778,DNLMNFXIQT6GQ5HPO,Contoso Motors,2004,Semi-Automatic,861,2026-05-22,,True
1779,1779,11HA9J4HC7G8RL2U1,Contoso Motors,2013,Automatic,391,2026-05-22,,True
1780,1780,ZFHWOW6VA67ALFFGK,Contoso Motors,2005,Automatic,780,2026-05-22,,True
1781,1781,H72CUVX2A4NLX2Y2V,Contoso Motors,2013,Automatic,47,2026-05-22,,True
1782,1782,S5IPMWQCM63VARAJ0,Contoso Motors,2005,Automatic,54,2026-05-22,,True
1783,1783,XFVZKAWXKSCH1CYYD,Contoso Motors,2010,Automatic,38,2026-05-22,,True
1784,1784,HF4UKFMQ86SYX6V8D,Contoso Motors,2004,Automatic,784,2026-05-22,,True
1785,1785,HV22RYC92SAU3UBDF,Contoso Motors,2004,Automatic,977,2026-05-22,,True
1786,1786,NQRSIXZF2KVL8SFU1,Contoso Motors,2014,Semi-Automatic,786,2026-05-22,,True
1787,1787,HKKEXL35XCVVERPBA,Contoso Motors,2015,Automatic,288,2026-05-22,,True
1788,1788,8Q0SLA97OMN4ID000,Contoso Motors,2016,Automatic,408,2026-05-22,,True
1789,1789,OK0280NTIJRD4GV19,Contoso Motors,2005,Semi-Automatic,885,2026-05-22,,True
1790,1790,I5GNNKNP7DE9X8MAL,Contoso Motors,2005,Semi-Automatic,5,2026-05-22,,True
1791,1791,3WCD7AMA2J9AZ7HCL,Contoso Motors,2012,Semi-Automatic,31,2026-05-22,,True
1792,1792,ZCH21XKUMFD1416PX,Contoso Motors,2016,Automatic,535,2026-05-22,,True
1793,1793,N2TXGSXON7ICLCZ2C,Contoso Motors,2005,Automatic,313,2026-05-22,,True
1794,1794,Z7JLMXF3R4MVGV6HW,Contoso Motors,2016,Automatic,336,2026-05-22,,True
1795,1795,UEK5ALXCMX6B3SOP5,Contoso Motors,2007,Automatic,83,2026-05-22,,True
1796,1796,AS8N7YAOVUXYD538A,Contoso Motors,2014,Semi-Automatic,796,2026-05-22,,True
1797,1797,WZD0FAWB8AKGBDW70,Contoso Motors,2011,Automatic,57,2026-05-22,,True
1798,1798,43OWHTKJL3PGWXUDQ,Contoso Motors,2011,Automatic,103,2026-05-22,,True
1799,1799,JL9HGQYKX3Z1GTXH6,Contoso Motors,2016,Automatic,799,2026-05-22,,True
1800,1800,B9HA6Z09KY4TM0A76,Contoso Motors,2004,Automatic,61,2026-05-22,,True
1801,1801,7JHXB50SUPQOL8XMX,Contoso Motors,2005,Automatic,62,2026-05-22,,True
1802,1802,DYY2LF6JWHNB58M6W,Contoso Motors,2005,Automatic,802,2026-05-22,,True
1803,1803,PE24KWIAW35HOI5W9,Contoso Motors,2007,Automatic,77,2026-05-22,,True
1804,1804,IVTNM5RLIWIA7LMSA,Contoso Motors,2016,Automatic,804,2026-05-22,,True
1805,1805,RRZM5JFZQHT7R0A64,Contoso Motors,2004,Automatic,80,2026-05-22,,True
1806,1806,N9MF131UGWSR9U0GV,Contoso Motors,2005,Automatic,806,2026-05-22,,True
1807,1807,OD05AHPM25NHX48OP,Contoso Motors,2006,Automatic,807,2026-05-22,,True
1808,1808,F0F2WHGSIH4MS541Y,Contoso Motors,2007,Automatic,808,2026-05-22,,True
1809,1809,YQ1CEMGT924O5514L,Contoso Motors,2004,Automatic,809,2026-05-22,,True
1810,1810,CSMZSNI8K7WGL9SH4,Contoso Motors,2005,Automatic,810,2026-05-22,,True
1811,1811,9JVGMLPA2NEUMPT6K,Contoso Motors,2004,Semi-Automatic,125,2026-05-22,,True
1812,1812,TIQ2UHLCRYEJL4T5R,Contoso Motors,2007,Automatic,578,2026-05-22,,True
1813,1813,O5V5DV6OY6TERV773,Contoso Motors,2013,Semi-Automatic,210,2026-05-22,,True
1814,1814,3C1YNXSSPZQEWG7H8,Contoso Motors,2007,Semi-Automatic,270,2026-05-22,,True
1815,1815,4VHS63K95IBOG1TZZ,Contoso Motors,2015,Automatic,81,2026-05-22,,True
1816,1816,LSNWMQXA8YOK8STO7,Contoso Motors,2004,Automatic,432,2026-05-22,,True
1817,1817,TPD5S8UKQ1X3Z5K9L,Contoso Motors,2005,Automatic,458,2026-05-22,,True
1818,1818,8AH2ECGMEM9JP24RE,Contoso Motors,2006,Automatic,587,2026-05-22,,True
1819,1819,WQKDPLZAT3A7XBYK7,Contoso Motors,2007,Automatic,775,2026-05-22,,True
1820,1820,CXRPHGM4VI2L1FA4P,Contoso Motors,2016,Automatic,820,2026-05-22,,True
1821,1821,O1NWZUDN720THHPDX,Contoso Motors,2011,Automatic,821,2026-05-22,,True
1822,1822,YEDKX73PT6BGST3H5,Contoso Motors,2013,Automatic,83,2026-05-22,,True
1823,1823,V0L2KGR4VDZAYBQ4A,Contoso Motors,2016,Automatic,908,2026-05-22,,True
1824,1824,7Y758EU9YC4MYFRLG,Contoso Motors,2014,Automatic,595,2026-05-22,,True
1825,1825,HLBI37GB8RC4UGAP5,Contoso Motors,2014,Automatic,85,2026-05-22,,True
1826,1826,TGFDQ9VIJ5X6MDMO8,Contoso Motors,2004,Semi-Automatic,293,2026-05-22,,True
1827,1827,E73WPS71QUWYR1K45,Contoso Motors,2016,Automatic,914,2026-05-22,,True
1828,1828,MJN7MCX1E4WVOGG92,Contoso Motors,2004,Automatic,828,2026-05-22,,True
1829,1829,RVRD9TF8CQZIGU49W,Contoso Motors,2016,Automatic,95,2026-05-22,,True
1830,1830,R8U6PF4JESGYE4MGI,Contoso Motors,2005,Automatic,102,2026-05-22,,True
1831,1831,62CYUL4PG3PCMZ8C6,Contoso Motors,2011,Automatic,727,2026-05-22,,True
1832,1832,1GESGTOO1FP3KZXLM,Contoso Motors,2011,Automatic,832,2026-05-22,,True
1833,1833,2NAMMYRMFTRNA194Z,Contoso Motors,2006,Automatic,467,2026-05-22,,True
1834,1834,W81TWMICRR833W3T6,Contoso Motors,2014,Semi-Automatic,834,2026-05-22,,True
1835,1835,80K0NUUU1CUV2ZBK1,Contoso Motors,2011,Automatic,601,2026-05-22,,True
1836,1836,HSYWQVTTD0Z6HRF4O,Contoso Motors,2007,Automatic,962,2026-05-22,,True
1837,1837,YESD0077ML2GMPSIO,Contoso Motors,2012,Semi-Automatic,339,2026-05-22,,True
1838,1838,HETWVNS7R9YFPECZZ,Contoso Motors,2010,Semi-Automatic,390,2026-05-22,,True
1839,1839,86P1ESMFO5MGSFRWG,Contoso Motors,2005,Semi-Automatic,413,2026-05-22,,True
1840,1840,RMY6DQK9ELFIMUZSG,Contoso Motors,2013,Automatic,963,2026-05-22,,True
1841,1841,7TWHX14WEK0DEJUT6,Contoso Motors,2007,Automatic,698,2026-05-22,,True
1842,1842,OY0GDA2LRL6XE1XOB,Contoso Motors,2004,Automatic,721,2026-05-22,,True
1843,1843,BR0GT9CILRZ9A43F3,Contoso Motors,2011,Automatic,105,2026-05-22,,True
1844,1844,Y1RE4Q1EJZ1PUYCFN,Contoso Motors,2014,Semi-Automatic,844,2026-05-22,,True
1845,1845,AA5UPOYD33EGVZSOQ,Contoso Motors,2004,Automatic,105,2026-05-22,,True
1846,1846,6R64SKO0C3FR7140B,Contoso Motors,2011,Automatic,255,2026-05-22,,True
1847,1847,NQHCP46HGWCGBRKX7,Contoso Motors,2007,Automatic,847,2026-05-22,,True
1848,1848,9DIDL80LPEKAJ8MDA,Contoso Motors,2011,Automatic,109,2026-05-22,,True
1849,1849,PBNZG6IQCB8KONIBD,Contoso Motors,2013,Automatic,110,2026-05-22,,True
1850,1850,O06VDJVYL92YUWDZY,Contoso Motors,2005,Automatic,850,2026-05-22,,True
1851,1851,3VF7QH2ALJKCN2I67,Contoso Motors,2005,Automatic,125,2026-05-22,,True
1852,1852,GR75XOTA85XMLMLUP,Contoso Motors,2007,Automatic,852,2026-05-22,,True
1853,1853,J1W0CUNROHESE2OK9,Contoso Motors,2011,Automatic,128,2026-05-22,,True
1854,1854,K1GW6D8UH0DW6ULJU,Contoso Motors,2005,Automatic,854,2026-05-22,,True
1855,1855,YLTY2V3NF3W77WSAK,Contoso Motors,2012,Automatic,855,2026-05-22,,True
1856,1856,ZP2VWPVYBL00QZCIT,Contoso Motors,2016,Automatic,856,2026-05-22,,True
1857,1857,PLPRZO05BHM85ZZDD,Contoso Motors,2011,Automatic,857,2026-05-22,,True
1858,1858,E0681XOGP7TKBCYRW,Contoso Motors,2013,Automatic,858,2026-05-22,,True
1859,1859,MCQ41XLMCAD42B6QR,Contoso Motors,2015,Semi-Automatic,450,2026-05-22,,True
1860,1860,HZGPND740G0BNWYZG,Contoso Motors,2013,Automatic,971,2026-05-22,,True
1861,1861,HNVCE6YFZSA5M82NY,Contoso Motors,2007,Semi-Automatic,15,2026-05-22,,True
1862,1862,OI8WD4DRDZEWW4COT,Contoso Motors,2013,Semi-Automatic,35,2026-05-22,,True
1863,1863,SYK3UOPF19CTZGQAC,Contoso Motors,2014,Automatic,129,2026-05-22,,True
1864,1864,NUJSKHZITRCC4FSEB,Contoso Motors,2011,Automatic,920,2026-05-22,,True
1865,1865,ML0FPNHO2KQCRJ005,Contoso Motors,2013,Automatic,968,2026-05-22,,True
1866,1866,LHTP6GFS9IDBZPJVA,Contoso Motors,2016,Automatic,980,2026-05-22,,True
1867,1867,0WR03RBQOIEE54NP1,Contoso Motors,2007,Automatic,28,2026-05-22,,True
1868,1868,NH3WQOEUGGJ1H01BC,Contoso Motors,2005,Automatic,868,2026-05-22,,True
1869,1869,552KVXMT7HLB031E9,Contoso Motors,2007,Automatic,869,2026-05-22,,True
1870,1870,MLFFX7XURJHTIQ670,Contoso Motors,2016,Automatic,131,2026-05-22,,True
1871,1871,0OTTMK0TJTZRN6GHM,Contoso Motors,2013,Automatic,100,2026-05-22,,True
1872,1872,UAMGBQH7MRNQF3P7C,Contoso Motors,2013,Automatic,34,2026-05-22,,True
1873,1873,Z4BWOKJ4K9746485Z,Contoso Motors,2014,Automatic,133,2026-05-22,,True
1874,1874,M65841L7FNKYEPQ1D,Contoso Motors,2007,Semi-Automatic,38,2026-05-22,,True
1875,1875,YM5490ZK7EDU2UB2J,Contoso Motors,2004,Automatic,148,2026-05-22,,True
1876,1876,QTIB92YVNGGZ5NCSB,Contoso Motors,2011,Automatic,876,2026-05-22,,True
1877,1877,23RLNWFGBMPZ5R283,Contoso Motors,2007,Automatic,143,2026-05-22,,True
1878,1878,RZF15ASCAPSG1YFX5,Contoso Motors,2005,Automatic,150,2026-05-22,,True
1879,1879,GHZE1IXGUO2ST98OX,Contoso Motors,2011,Automatic,783,2026-05-22,,True
1880,1880,CFYAOEH0C1H0UCXTF,Contoso Motors,2013,Automatic,880,2026-05-22,,True
1881,1881,AO2M20D51UUYDZFT0,Contoso Motors,2016,Automatic,163,2026-05-22,,True
1882,1882,GAE2DZ0TO7X99Z5K5,Contoso Motors,2014,Semi-Automatic,882,2026-05-22,,True
1883,1883,6PSV5WJIRTVY7476X,Contoso Motors,2010,Automatic,82,2026-05-22,,True
1884,1884,DETPST38DZY7DXE21,Contoso Motors,2005,Automatic,154,2026-05-22,,True
1885,1885,RYLMK2QG390E4DJP2,Contoso Motors,2013,Semi-Automatic,98,2026-05-22,,True
1886,1886,4ESZLV9P45UX28XB6,Contoso Motors,2007,Semi-Automatic,158,2026-05-22,,True
1887,1887,HN4NBI7CWAIBSU9SZ,Contoso Motors,2012,Semi-Automatic,227,2026-05-22,,True
1888,1888,VFIZXSGDTRI7MDRUG,Contoso Motors,2012,Automatic,207,2026-05-22,,True
1889,1889,YUU2FD5H2K66V8NKV,Contoso Motors,2007,Automatic,160,2026-05-22,,True
1890,1890,AA3EHHRB707R62KHH,Contoso Motors,2016,Automatic,296,2026-05-22,,True
1891,1891,NI1WFQKIABQN1EA4I,Contoso Motors,2007,Automatic,307,2026-05-22,,True
1892,1892,XOX7TQJKPSIDBHE9V,Contoso Motors,2014,Semi-Automatic,892,2026-05-22,,True
1893,1893,XZBMPMLG88ST2A1VY,Contoso Motors,2011,Automatic,153,2026-05-22,,True
1894,1894,7NNFSYIU12C79B34H,Contoso Motors,2011,Automatic,182,2026-05-22,,True
1895,1895,ZMKK68LG6P29T391M,Contoso Motors,2006,Automatic,895,2026-05-22,,True
1896,1896,L7LK0N5XKOZMGRKO0,Contoso Motors,2004,Automatic,157,2026-05-22,,True
1897,1897,9WUAZI8WYKE2HLN74,Contoso Motors,2010,Automatic,158,2026-05-22,,True
1898,1898,89K02IJKPPMHR6P29,Contoso Motors,2005,Automatic,898,2026-05-22,,True
1899,1899,QKCHRE6RZGZ9RN71P,Contoso Motors,2014,Automatic,173,2026-05-22,,True
1900,1900,7A5P5CAVN7ECYUWB3,Contoso Motors,2016,Automatic,900,2026-05-22,,True
1901,1901,WA487EEOQ5WCKZYLR,Contoso Motors,2013,Automatic,176,2026-05-22,,True
1902,1902,18EAJ0D3N68L32XHZ,Contoso Motors,2013,Automatic,902,2026-05-22,,True
1903,1903,KL6L0A8IGL5OMNCLY,Contoso Motors,2014,Automatic,903,2026-05-22,,True
1904,1904,A6W492X9QZZIOIHMJ,Contoso Motors,2015,Automatic,904,2026-05-22,,True
1905,1905,LJWY307L1YB167PUX,Contoso Motors,2004,Automatic,905,2026-05-22,,True
1906,1906,2EEIVXYW67W47AMWE,Contoso Motors,2010,Automatic,906,2026-05-22,,True
1907,1907,H623WDYR5UVWD9OTB,Contoso Motors,2013,Automatic,255,2026-05-22,,True
1908,1908,XBN0KTOXQE3Y0W7H2,Contoso Motors,2007,Automatic,347,2026-05-22,,True
1909,1909,G535XU2EP4EZYQ9V5,Contoso Motors,2014,Automatic,275,2026-05-22,,True
1910,1910,VI8ICCWWC8MXVBNDX,Contoso Motors,2010,Automatic,278,2026-05-22,,True
1911,1911,1LIE370RGVBQSNGYW,Contoso Motors,2014,Automatic,177,2026-05-22,,True
1912,1912,WLJ9LSVNPL0NN8BRQ,Contoso Motors,2014,Automatic,321,2026-05-22,,True
1913,1913,JKKU5T3KPDSAG2FQN,Contoso Motors,2015,Automatic,344,2026-05-22,,True
1914,1914,0Y2F1LU2675YG73T6,Contoso Motors,2011,Automatic,399,2026-05-22,,True
1915,1915,SHCFMZY6U55X1GU6F,Contoso Motors,2011,Automatic,416,2026-05-22,,True
1916,1916,88KN6269SHW7SO6RX,Contoso Motors,2004,Automatic,916,2026-05-22,,True
1917,1917,63M8BQ5Y0CFK1SOJY,Contoso Motors,2005,Automatic,917,2026-05-22,,True
1918,1918,ESSKZFS50KRY3KDVC,Contoso Motors,2013,Automatic,179,2026-05-22,,True
1919,1919,7R14LHOCKXGTMX5EQ,Contoso Motors,2016,Automatic,464,2026-05-22,,True
1920,1920,SUJUGG82U7R82JVP2,Contoso Motors,2007,Automatic,441,2026-05-22,,True
1921,1921,N5NRZD4B92K2KJFKU,Contoso Motors,2005,Automatic,181,2026-05-22,,True
1922,1922,KCBY8S2REET1ZNWWR,Contoso Motors,2007,Automatic,302,2026-05-22,,True
1923,1923,OOYDCQ5731N18LOMC,Contoso Motors,2005,Automatic,42,2026-05-22,,True
1924,1924,9JYNZBLTIYDQ73N6M,Contoso Motors,2013,Automatic,924,2026-05-22,,True
1925,1925,HUDTMC2MY0LQ4J3TI,Contoso Motors,2006,Automatic,191,2026-05-22,,True
1926,1926,70PQPODP5A2LE93UA,Contoso Motors,2013,Automatic,198,2026-05-22,,True
1927,1927,D8E4AYK4RAY0XVG32,Contoso Motors,2011,Automatic,215,2026-05-22,,True
1928,1928,ZLRJLFDZKY6PQASXX,Contoso Motors,2004,Automatic,928,2026-05-22,,True
1929,1929,E1U7K2VBNE5SZ0785,Contoso Motors,2006,Automatic,355,2026-05-22,,True
1930,1930,0M1PLR2LLPAWSDQA5,Contoso Motors,2014,Semi-Automatic,930,2026-05-22,,True
1931,1931,GJVUKI2XMRT53TTTO,Contoso Motors,2016,Manual,459,2026-05-22,,True
1932,1932,HM3MLK42H5QEJE660,Contoso Motors,2007,Automatic,43,2026-05-22,,True
1933,1933,A3EPVS1D5RFF9A1TU,Contoso Motors,2015,Automatic,338,2026-05-22,,True
1934,1934,1EXU6S978JMN2FSPR,Contoso Motors,2011,Automatic,419,2026-05-22,,True
1935,1935,XDP9D86SP6V7QLVQX,Contoso Motors,2005,Automatic,421,2026-05-22,,True
1936,1936,BWPQY645OPHPE6CXZ,Contoso Motors,2006,Automatic,47,2026-05-22,,True
1937,1937,H0VF7DTNQWLN5ENEG,Contoso Motors,2004,Automatic,41,2026-05-22,,True
1938,1938,04NMXATAMN8S6VKBB,Contoso Motors,2016,Automatic,66,2026-05-22,,True
1939,1939,V5E59SEPOBKDUOZQU,Contoso Motors,2014,Automatic,451,2026-05-22,,True
1940,1940,GDYOSNEAIJ2BFYVY9,Contoso Motors,2014,Semi-Automatic,940,2026-05-22,,True
1941,1941,A22MHRP7Z0D5TE3XJ,Contoso Motors,2004,Automatic,201,2026-05-22,,True
1942,1942,9CRW18JAVJ6OQP9HY,Contoso Motors,2011,Automatic,311,2026-05-22,,True
1943,1943,5W9DX7TH0HTYSZWT7,Contoso Motors,2012,Automatic,943,2026-05-22,,True
1944,1944,63REOYYUHOPS1D62C,Contoso Motors,2011,Automatic,205,2026-05-22,,True
1945,1945,HSW81YZHGFAK8T17G,Contoso Motors,2009,Automatic,206,2026-05-22,,True
1946,1946,0OVW2G8QLXRSNDCZH,Contoso Motors,2013,Automatic,946,2026-05-22,,True
1947,1947,NPBYEBKRXEEVMLXG6,Contoso Motors,2014,Automatic,221,2026-05-22,,True
1948,1948,AR62WFWQCKSEUCCDK,Contoso Motors,2015,Automatic,948,2026-05-22,,True
1949,1949,1KR728DT8OAD58949,Contoso Motors,2004,Automatic,224,2026-05-22,,True
1950,1950,GDKTORY3WRN2ZAJMB,Contoso Motors,2010,Automatic,950,2026-05-22,,True
1951,1951,MKXI32S392M70JIFQ,Contoso Motors,2007,Automatic,951,2026-05-22,,True
1952,1952,QGJCLX8PBXTYPK7TU,Contoso Motors,2016,Automatic,952,2026-05-22,,True
1953,1953,SCGIKWBHNK6VOAC1E,Contoso Motors,2011,Automatic,953,2026-05-22,,True
1954,1954,XSSACT0GS4LV8Q82Z,Contoso Motors,2009,Automatic,954,2026-05-22,,True
1955,1955,HEEF4DKFI00AIGYFQ,Contoso Motors,2007,Automatic,422,2026-05-22,,True
1956,1956,UKQ0QCBBLEHJ5URTI,Contoso Motors,2012,Automatic,95,2026-05-22,,True
1957,1957,L7PLS7U6EJI6V774I,Contoso Motors,2005,Automatic,482,2026-05-22,,True
1958,1958,SLO85LFFBQ1XVDDO4,Contoso Motors,2004,Automatic,541,2026-05-22,,True
1959,1959,C6KZKW6RB216N1VDX,Contoso Motors,2005,Automatic,225,2026-05-22,,True
1960,1960,8HRHW45SB7L1YZ34X,Contoso Motors,2011,Automatic,89,2026-05-22,,True
1961,1961,I4D2TYI6BR8YYA8PP,Contoso Motors,2004,Automatic,107,2026-05-22,,True
1962,1962,FPO88LWG2EJ7GLA4S,Contoso Motors,2013,Automatic,186,2026-05-22,,True
1963,1963,L2IK6CE4KVESWBQLA,Contoso Motors,2004,Automatic,195,2026-05-22,,True
1964,1964,K7K2KO3M6CV8DZUWQ,Contoso Motors,2011,Automatic,964,2026-05-22,,True
1965,1965,15YDAX23IHOPRZBFV,Contoso Motors,2014,Automatic,965,2026-05-22,,True
1966,1966,JVPP0P4OZJD8KD7V4,Contoso Motors,2016,Automatic,227,2026-05-22,,True
1967,1967,HQ8LKEE05RW6NXMPH,Contoso Motors,2009,Automatic,282,2026-05-22,,True
1968,1968,RDVDFYX73UM18D7S4,Contoso Motors,2011,Automatic,155,2026-05-22,,True
1969,1969,RHXKA5YFO8375E9PG,Contoso Motors,2004,Automatic,229,2026-05-22,,True
1970,1970,OWU6HKEFU3NVEXCVT,Contoso Motors,2010,Automatic,542,2026-05-22,,True
1971,1971,SY76YRA77QSDZCJ09,Contoso Motors,2004,Automatic,283,2026-05-22,,True
1972,1972,QPBLBSK9HPHBC98JY,Contoso Motors,2004,Automatic,972,2026-05-22,,True
1973,1973,N7WH5LORFP87A71Q5,Contoso Motors,2012,Automatic,239,2026-05-22,,True
1974,1974,NM8PDE61Z253S8322,Contoso Motors,2010,Automatic,246,2026-05-22,,True
1975,1975,CB4VM1J7KXZ2I59AY,Contoso Motors,2011,Automatic,374,2026-05-22,,True
1976,1976,4QYATR9NXWNSAUVQU,Contoso Motors,2011,Automatic,976,2026-05-22,,True
1977,1977,II2VF0IYP5IAF0BS8,Contoso Motors,2011,Automatic,537,2026-05-22,,True
1978,1978,HLJL1EYJU4STU1SHF,Contoso Motors,2014,Semi-Automatic,978,2026-05-22,,True
1979,1979,C461JCACRS28PP9FE,Contoso Motors,2014,Automatic,161,2026-05-22,,True
1980,1980,DVLBK8JHO9IDPNVZB,Contoso Motors,2011,Automatic,287,2026-05-22,,True
1981,1981,D0Y9DCN9ECL52DQUG,Contoso Motors,2007,Automatic,543,2026-05-22,,True
1982,1982,VJR5LRKIK7RSLIZV9,Contoso Motors,2004,Automatic,591,2026-05-22,,True
1983,1983,X8P5T9MNMF770UL5P,Contoso Motors,2007,Automatic,659,2026-05-22,,True
1984,1984,3SV8RATUAKG0IDFLU,Contoso Motors,2011,Automatic,331,2026-05-22,,True
1985,1985,6CDTHKINUASVINVRZ,Contoso Motors,2015,Automatic,162,2026-05-22,,True
1986,1986,K6JUTP61EA8MTEI3K,Contoso Motors,2014,Automatic,209,2026-05-22,,True
1987,1987,V7R05AQ3TFEFE5NI2,Contoso Motors,2004,Automatic,585,2026-05-22,,True
1988,1988,4GVNID6GR0JPWZ7BQ,Contoso Motors,2014,Semi-Automatic,988,2026-05-22,,True
1989,1989,QMA85LH8AOBZ0T4IJ,Contoso Motors,2011,Automatic,249,2026-05-22,,True
1990,1990,MCW2JMAJT2A0SREG8,Contoso Motors,2011,Automatic,422,2026-05-22,,True
1991,1991,DXNK27ZGT4UYXVPY4,Contoso Motors,2014,Automatic,991,2026-05-22,,True
1992,1992,1IH8RAIVEX4L2DE0W,Contoso Motors,2007,Automatic,253,2026-05-22,,True
1993,1993,YW1COWICS4YHRIZRN,Contoso Motors,2016,Automatic,254,2026-05-22,,True
1994,1994,O4PIQFIU1ULCNH3RE,Contoso Motors,2010,Automatic,994,2026-05-22,,True
1995,1995,7X5AAFGEPWLZ10PQ6,Contoso Motors,2005,Automatic,269,2026-05-22,,True
1996,1996,41E52LGERXMYRPRCX,Contoso Motors,2016,Automatic,996,2026-05-22,,True
1997,1997,6MS0AKFNMOLRZB881,Contoso Motors,2011,Automatic,272,2026-05-22,,True
1998,1998,B5FCS6XKFGUEW5FKB,Contoso Motors,2009,Automatic,998,2026-05-22,,True
1999,1999,WOKP6O9O78AWNBMZU,Contoso Motors,2004,Automatic,999,2026-05-22,,True
2000,2000,BO0GQC6Y9U6OJZD3I,Contoso Motors,2005,Automatic,1000,2026-05-22,,True
2001,2001,3JS4JR5LUQZ6ZV9A2,Contoso Motors,2007,Automatic,1,2026-05-22,,True
2002,2002,U99KDNOMCUJEMGEVB,Contoso Motors,2016,Automatic,2,2026-05-22,,True
2003,2003,Y6IIVPLN3H58KBA99,Contoso Motors,2011,Automatic,661,2026-05-22,,True
2004,2004,ZBG9JSH4WNAB7JBVZ,Contoso Motors,2013,Automatic,335,2026-05-22,,True
2005,2005,J7790Y3A2T2FT2CAB,Contoso Motors,2005,Automatic,662,2026-05-22,,True
2006,2006,MIJEIYGK7NCWZM95Y,Contoso Motors,2005,Automatic,685,2026-05-22,,True
2007,2007,YOYV41FKMHHRYOK0H,Contoso Motors,2004,Automatic,273,2026-05-22,,True
2008,2008,4JTNBZGC0M2XKVXTY,Contoso Motors,2011,Automatic,281,2026-05-22,,True
2009,2009,NF3JYJ4DOS5SN28SN,Contoso Motors,2004,Automatic,305,2026-05-22,,True
2010,2010,AC7DTSQ3QV5B5GCW2,Contoso Motors,2016,Automatic,339,2026-05-22,,True
2011,2011,4LP8Z49AGG6AP1IWS,Contoso Motors,2004,Automatic,420,2026-05-22,,True
2012,2012,61JSA8I616OAFUVXE,Contoso Motors,2013,Automatic,12,2026-05-22,,True
2013,2013,ROGSIK4HFC6I1X8NA,Contoso Motors,2014,Automatic,13,2026-05-22,,True
2014,2014,FQ86HMLT1NYHTB5Z3,Contoso Motors,2007,Automatic,275,2026-05-22,,True
2015,2015,6IKQPF5LQTF9LRYG0,Contoso Motors,2011,Automatic,468,2026-05-22,,True
2016,2016,NW8XPQ2KV5IK9F13E,Contoso Motors,2005,Automatic,306,2026-05-22,,True
2017,2017,M7B0IP5MX7AU6IIWJ,Contoso Motors,2011,Automatic,277,2026-05-22,,True
2018,2018,K02VYHU7BI7ASD35G,Contoso Motors,2007,Automatic,686,2026-05-22,,True
2019,2019,0ZGVI20GIS84M1B4D,Contoso Motors,2015,Automatic,474,2026-05-22,,True
2020,2020,3HPC0JW7121DJH8EA,Contoso Motors,2011,Automatic,20,2026-05-22,,True
2021,2021,510XHWE6BLIS093EF,Contoso Motors,2014,Automatic,287,2026-05-22,,True
2022,2022,12TXJHH0ZCUTH7XN4,Contoso Motors,2009,Automatic,294,2026-05-22,,True
2023,2023,14CU4537BFS4GD6YE,Contoso Motors,2011,Automatic,470,2026-05-22,,True
2024,2024,VLMXDEJFQT20T0W49,Contoso Motors,2016,Automatic,24,2026-05-22,,True
2025,2025,CJ2CTWXO7IOXPFHBX,Contoso Motors,2007,Automatic,681,2026-05-22,,True
2026,2026,H2LS21TGVR617YQ6C,Contoso Motors,2014,Semi-Automatic,26,2026-05-22,,True
2027,2027,CUMPZ506JY1C0W677,Contoso Motors,2005,Automatic,328,2026-05-22,,True
2028,2028,J1YMQ73245YDTJAKU,Contoso Motors,2016,Automatic,479,2026-05-22,,True
2029,2029,GBL0FGCMLK5M0OJVR,Contoso Motors,2013,Automatic,687,2026-05-22,,True
2030,2030,JOMG2C9BQAKOXVG24,Contoso Motors,2006,Automatic,707,2026-05-22,,True
2031,2031,IC9CF11B6Z5VOUG3G,Contoso Motors,2005,Automatic,710,2026-05-22,,True
2032,2032,KQC7LMS73TETDTG58,Contoso Motors,2007,Automatic,483,2026-05-22,,True
2033,2033,TR3MWDPJJF2DD1LS9,Contoso Motors,2011,Automatic,336,2026-05-22,,True
2034,2034,4MGJT91I1X0KYCFAD,Contoso Motors,2011,Automatic,480,2026-05-22,,True
2035,2035,RIXA83JDGJ63UO86D,Contoso Motors,2013,Automatic,739,2026-05-22,,True
2036,2036,F2BMC7VU638NLKCLL,Contoso Motors,2014,Semi-Automatic,36,2026-05-22,,True
2037,2037,C9FG2PIFTHCDAYMY7,Contoso Motors,2007,Automatic,297,2026-05-22,,True
2038,2038,EI4QXI2AXVQQING4I,Contoso Motors,2012,Automatic,7,2026-05-22,,True
2039,2039,LPOTAMVB93MZ95377,Contoso Motors,2007,Automatic,39,2026-05-22,,True
2040,2040,HDV0ZKR4LFHOK4HJK,Contoso Motors,2005,Automatic,301,2026-05-22,,True
2041,2041,A4YDTUJHRHRILJ0IA,Contoso Motors,2007,Automatic,302,2026-05-22,,True
2042,2042,AY73A1ZW9UJRYSXIR,Contoso Motors,2009,Automatic,42,2026-05-22,,True
2043,2043,6048WERXQ0LC1GOLU,Contoso Motors,2004,Automatic,317,2026-05-22,,True
2044,2044,3NICGPISGH608LW93,Contoso Motors,2005,Automatic,44,2026-05-22,,True
2045,2045,RNQCK6SGTVG9HWP3R,Contoso Motors,2016,Automatic,320,2026-05-22,,True
2046,2046,T45F1QE4C2SUHDCVJ,Contoso Motors,2016,Automatic,46,2026-05-22,,True
2047,2047,5CQKGWKI1651A0KV7,Contoso Motors,2011,Automatic,47,2026-05-22,,True
2048,2048,W9PTGPK6SVA7K3ZE5,Contoso Motors,2004,Automatic,48,2026-05-22,,True
2049,2049,2G7EYW7BNN13BRKHD,Contoso Motors,2005,Automatic,49,2026-05-22,,True
2050,2050,BGOW4YM5N76HAM013,Contoso Motors,2007,Automatic,50,2026-05-22,,True
2051,2051,59GPR9CDL4WMQ8DTA,Contoso Motors,2015,Automatic,734,2026-05-22,,True
2052,2052,JAXX9XILRPUOV6RC2,Contoso Motors,2006,Automatic,531,2026-05-22,,True
2053,2053,FYU34LOP2UG73CU2G,Contoso Motors,2016,Automatic,735,2026-05-22,,True
2054,2054,YS4FNU31PU90JAGVB,Contoso Motors,2013,Automatic,758,2026-05-22,,True
2055,2055,W3V0HAOQ8T6A14L0S,Contoso Motors,2011,Automatic,321,2026-05-22,,True
2056,2056,T6EX309MJUZTLEWEG,Contoso Motors,2016,Automatic,528,2026-05-22,,True
2057,2057,E9RWPNIBQL3FRLSMX,Contoso Motors,2014,Automatic,539,2026-05-22,,True
2058,2058,LSVZWJ6MCG6GSDP1I,Contoso Motors,2015,Automatic,540,2026-05-22,,True
2059,2059,SQSP37SUBMYRE39P0,Contoso Motors,2007,Automatic,571,2026-05-22,,True
2060,2060,OUYDEQ9FWTUURW9VQ,Contoso Motors,2004,Automatic,60,2026-05-22,,True
2061,2061,4326MAYJS1CHPK68H,Contoso Motors,2005,Automatic,61,2026-05-22,,True
2062,2062,ZEW3DH9QCUOYLFEFD,Contoso Motors,2006,Automatic,323,2026-05-22,,True
2063,2063,14BZZQO5WQN3AWNQU,Contoso Motors,2016,Automatic,588,2026-05-22,,True
2064,2064,ZJEKTYM8PGDF8YBKT,Contoso Motors,2016,Automatic,594,2026-05-22,,True
2065,2065,3AXTOTXDH60ZY077P,Contoso Motors,2004,Automatic,325,2026-05-22,,True
2066,2066,HDME4T9M5YGJLROO2,Contoso Motors,2014,Automatic,781,2026-05-22,,True
2067,2067,9616FPPXT9BOD8M1O,Contoso Motors,2016,Automatic,660,2026-05-22,,True
2068,2068,YWE53U7FGHYRYOCZ9,Contoso Motors,2016,Automatic,68,2026-05-22,,True
2069,2069,3LMR47TXFR0Y2T634,Contoso Motors,2007,Automatic,335,2026-05-22,,True
2070,2070,M02QTFJCCGXJSSOJT,Contoso Motors,2016,Automatic,342,2026-05-22,,True
2071,2071,8QZT8BMSONWOHU64W,Contoso Motors,2012,Automatic,151,2026-05-22,,True
2072,2072,8LZLKAELFQG202JDO,Contoso Motors,2007,Automatic,72,2026-05-22,,True
2073,2073,JBSEXVRSSR09P5ZG4,Contoso Motors,2016,Automatic,787,2026-05-22,,True
2074,2074,TOINZQVRGOUBMB0RS,Contoso Motors,2014,Semi-Automatic,74,2026-05-22,,True
2075,2075,AM295TTTOAF6XD750,Contoso Motors,2011,Automatic,683,2026-05-22,,True
2076,2076,6DHFHCBOVOFHD8SM5,Contoso Motors,2004,Automatic,684,2026-05-22,,True
2077,2077,HIBGR9SXA5HEZMDF9,Contoso Motors,2007,Automatic,818,2026-05-22,,True
2078,2078,P9BW4VLYSN5ZGF08A,Contoso Motors,2011,Automatic,853,2026-05-22,,True
2079,2079,X3ZNAQAGH1RBZDVK7,Contoso Motors,2009,Automatic,854,2026-05-22,,True
2080,2080,UV96M83QQL7VED4YB,Contoso Motors,2013,Automatic,714,2026-05-22,,True
2081,2081,D5NP0JQW13P5IALBN,Contoso Motors,2016,Automatic,712,2026-05-22,,True
2082,2082,0VGM5AIRUFTSALI9A,Contoso Motors,2011,Automatic,713,2026-05-22,,True
2083,2083,A6K50K0IZ2N6E37GK,Contoso Motors,2014,Automatic,979,2026-05-22,,True
2084,2084,9KZYYXWSAYPDDUTXQ,Contoso Motors,2014,Semi-Automatic,84,2026-05-22,,True
2085,2085,0CAVOBG7A1NMKANNM,Contoso Motors,2005,Automatic,345,2026-05-22,,True
2086,2086,XRPKCQXJWMI5T5KKV,Contoso Motors,2012,Automatic,166,2026-05-22,,True
2087,2087,1TB2EMNCF4Q38PIXB,Contoso Motors,2004,Automatic,87,2026-05-22,,True
2088,2088,GZR2FS3NTEHLXE067,Contoso Motors,2014,Automatic,349,2026-05-22,,True
2089,2089,PSIZ5CMZ8S562L6NT,Contoso Motors,2015,Automatic,350,2026-05-22,,True
2090,2090,HG2636UNJE175WMZN,Contoso Motors,2016,Automatic,90,2026-05-22,,True
2091,2091,OUOM2BSVTDVC3YQT0,Contoso Motors,2011,Automatic,365,2026-05-22,,True
2092,2092,FB2I1HSQSLVKXD05B,Contoso Motors,2004,Automatic,92,2026-05-22,,True
2093,2093,EVHYTP9ZXJHI8I4DL,Contoso Motors,2007,Automatic,368,2026-05-22,,True
2094,2094,DJYEEHVIR7LW60N3I,Contoso Motors,2007,Automatic,94,2026-05-22,,True
2095,2095,IJSFCM8M68EVE3CZY,Contoso Motors,2013,Automatic,95,2026-05-22,,True
2096,2096,XDN1QCBT3H1IW3P6B,Contoso Motors,2011,Automatic,96,2026-05-22,,True
2097,2097,0JL0RIVFKS97P8TXH,Contoso Motors,2014,Automatic,97,2026-05-22,,True
2098,2098,R8OWGDBIZSR615IVM,Contoso Motors,2015,Automatic,98,2026-05-22,,True
2099,2099,SQ29C4WAYE7NG0NZR,Contoso Motors,2005,Automatic,878,2026-05-22,,True
2100,2100,FT40OPA6RU40OS0SO,Contoso Motors,2014,Automatic,715,2026-05-22,,True
2101,2101,YM2HZ6DNUMALMEW73,Contoso Motors,2007,Automatic,901,2026-05-22,,True
2102,2102,TPB12DJ11P523SHDN,Contoso Motors,2015,Automatic,914,2026-05-22,,True
2103,2103,A6FL49UICGI1WB4YI,Contoso Motors,2004,Automatic,369,2026-05-22,,True
2104,2104,RRNM129XIPM5IXFG4,Contoso Motors,2013,Automatic,731,2026-05-22,,True
2105,2105,5UNFFVE2WRHLEGZZW,Contoso Motors,2014,Automatic,737,2026-05-22,,True
2106,2106,8XWRS39URQRAIZC8T,Contoso Motors,2013,Automatic,736,2026-05-22,,True
2107,2107,MNMEII8AFW5T0ZV1S,Contoso Motors,2004,Automatic,767,2026-05-22,,True
2108,2108,7UR6JL87ER4CUZ60G,Contoso Motors,2011,Automatic,108,2026-05-22,,True
2109,2109,CIVJXO28MABBCE6DQ,Contoso Motors,2004,Automatic,109,2026-05-22,,True
2110,2110,1LY9QW7EQBB45DARA,Contoso Motors,2012,Automatic,371,2026-05-22,,True
2111,2111,C1L2DIPNXT6NMTY0Y,Contoso Motors,2004,Automatic,784,2026-05-22,,True
2112,2112,5OGW6GDSQ65F4HDU3,Contoso Motors,2015,Automatic,738,2026-05-22,,True
2113,2113,MAI0ABHVSQAEZFYCL,Contoso Motors,2011,Automatic,373,2026-05-22,,True
2114,2114,FXGIRD6YD8XQ39KH0,Contoso Motors,2011,Automatic,947,2026-05-22,,True
2115,2115,BTX7EUM3JK0B0MAFS,Contoso Motors,2016,Automatic,858,2026-05-22,,True
2116,2116,UFAHGVZVBLF8CKPHU,Contoso Motors,2007,Automatic,116,2026-05-22,,True
2117,2117,Z5Y638ZJHBO7U8HC9,Contoso Motors,2004,Automatic,383,2026-05-22,,True
2118,2118,DVBJQCASJTOIGDXRP,Contoso Motors,2007,Automatic,390,2026-05-22,,True
2119,2119,PTZYTOTXBWVWBAJVG,Contoso Motors,2012,Automatic,199,2026-05-22,,True
2120,2120,UE3A8TPQR8Z9JF5K9,Contoso Motors,2016,Automatic,120,2026-05-22,,True
2121,2121,U2DT2ETCNKEH88IGU,Contoso Motors,2007,Automatic,27,2026-05-22,,True
2122,2122,PQA4WN88NS1W4ZD8W,Contoso Motors,2014,Semi-Automatic,122,2026-05-22,,True
2123,2123,1I8GUC8MMI436YJQ7,Contoso Motors,2013,Automatic,827,2026-05-22,,True
2124,2124,3OQE2DL51SU3H6SOA,Contoso Motors,2011,Automatic,859,2026-05-22,,True
2125,2125,A6VKEWT7Y751GW02O,Contoso Motors,2004,Automatic,973,2026-05-22,,True
2126,2126,HVGQNQYHELQ72M51U,Contoso Motors,2005,Automatic,974,2026-05-22,,True
2127,2127,P1H6Z2D0ETZHF7PIA,Contoso Motors,2012,Automatic,975,2026-05-22,,True
2128,2128,JJUETE6DBV04TR3AM,Contoso Motors,2013,Automatic,907,2026-05-22,,True
2129,2129,PJ0YJOPQ9TY79K3FH,Contoso Motors,2005,Automatic,856,2026-05-22,,True
2130,2130,MZYUIRAKGOTGXTBLV,Contoso Motors,2007,Automatic,857,2026-05-22,,True
2131,2131,LXSDE7OWIOVOI0FUC,Contoso Motors,2004,Automatic,113,2026-05-22,,True
2132,2132,DWI6BBYF5LA50S0XZ,Contoso Motors,2014,Semi-Automatic,132,2026-05-22,,True
2133,2133,JQC2RGN47QHCL4IYC,Contoso Motors,2014,Automatic,393,2026-05-22,,True
2134,2134,EFK5VY250TGRATBE3,Contoso Motors,2012,Automatic,214,2026-05-22,,True
2135,2135,TOLLB7LBXYK0RE01L,Contoso Motors,2011,Automatic,135,2026-05-22,,True
2136,2136,FVVHAPRJJ3J0NBCCV,Contoso Motors,2014,Automatic,397,2026-05-22,,True
2137,2137,3G9XM8XE0NWMK9MAY,Contoso Motors,2015,Automatic,398,2026-05-22,,True
2138,2138,6BHLR4KJDMVLBJD7N,Contoso Motors,2007,Automatic,138,2026-05-22,,True
2139,2139,ZHZOLAO29N67J3752,Contoso Motors,2004,Automatic,413,2026-05-22,,True
2140,2140,QJJ8UCACA2NWEJJU5,Contoso Motors,2011,Automatic,140,2026-05-22,,True
2141,2141,TNDL0V535P6192TS7,Contoso Motors,2016,Automatic,416,2026-05-22,,True
2142,2142,WH4ITIMI67TF7PCK6,Contoso Motors,2015,Automatic,142,2026-05-22,,True
2143,2143,FZYPVQJYC1EED18NP,Contoso Motors,2016,Automatic,143,2026-05-22,,True
2144,2144,JNJL52L9UU8UMJX02,Contoso Motors,2013,Automatic,144,2026-05-22,,True
2145,2145,IFU2K5V6QVLOZ19SD,Contoso Motors,2014,Automatic,145,2026-05-22,,True
2146,2146,V1H6N115RIWQ4YN0N,Contoso Motors,2015,Automatic,146,2026-05-22,,True
2147,2147,W4ZJ108TP918JPKAT,Contoso Motors,2015,Automatic,998,2026-05-22,,True
2148,2148,9I0PJHCOKD0GQCSBQ,Contoso Motors,2013,Automatic,915,2026-05-22,,True
2149,2149,Y0UTJW6K47XDTCMU1,Contoso Motors,2011,Automatic,21,2026-05-22,,True
2150,2150,O4LOL0OOCLTBOI3NJ,Contoso Motors,2005,Automatic,58,2026-05-22,,True
2151,2151,3RF78NSSI01GTTBBT,Contoso Motors,2011,Automatic,417,2026-05-22,,True
2152,2152,Y87WBSKE13RBKGABE,Contoso Motors,2004,Automatic,904,2026-05-22,,True
2153,2153,WX401NYKM13Y49F2Z,Contoso Motors,2011,Automatic,977,2026-05-22,,True
2154,2154,SNWXKXTD3LIII3N96,Contoso Motors,2016,Automatic,976,2026-05-22,,True
2155,2155,5VPBNXWIHJH5FJ4Z1,Contoso Motors,2016,Automatic,7,2026-05-22,,True
2156,2156,Z68XLXLYZXJTSMEK5,Contoso Motors,2016,Automatic,156,2026-05-22,,True
2157,2157,XI7222B5XEJE42FEH,Contoso Motors,2011,Automatic,157,2026-05-22,,True
2158,2158,C2LZBDZPC5I0XE4AG,Contoso Motors,2014,Automatic,419,2026-05-22,,True
2159,2159,0683L38QLUMUD45ST,Contoso Motors,2015,Automatic,24,2026-05-22,,True
2160,2160,P0M5KPZ6BZHHXHGGX,Contoso Motors,2013,Automatic,978,2026-05-22,,True
2161,2161,2IJ4PQP2Q6PWJG3DG,Contoso Motors,2004,Automatic,421,2026-05-22,,True
2162,2162,VO88MA25Z6QT6P0YR,Contoso Motors,2013,Automatic,91,2026-05-22,,True
2163,2163,XCR42T8W8LP5NX5N6,Contoso Motors,2006,Automatic,59,2026-05-22,,True
2164,2164,916MCU14UPAI2I6FH,Contoso Motors,2016,Automatic,164,2026-05-22,,True
2165,2165,PGGCTO2VLSWPW8IIM,Contoso Motors,2011,Automatic,431,2026-05-22,,True
2166,2166,RWXI8PPEDQDT6XQLA,Contoso Motors,2015,Automatic,438,2026-05-22,,True
2167,2167,R8TXVYHDO7FGFAF1V,Contoso Motors,2012,Automatic,262,2026-05-22,,True
2168,2168,SMBHX507B05HAKW95,Contoso Motors,2015,Automatic,168,2026-05-22,,True
2169,2169,GRV86FL72HKMP2YU7,Contoso Motors,2013,Automatic,171,2026-05-22,,True
2170,2170,A21EL7LWAFXDS7J4J,Contoso Motors,2014,Semi-Automatic,170,2026-05-22,,True
2171,2171,FOW5XT4RSWMAVKL2I,Contoso Motors,2007,Automatic,115,2026-05-22,,True
2172,2172,EE3A5XLT2JB6MLDJ0,Contoso Motors,2004,Automatic,92,2026-05-22,,True
2173,2173,PZ8XE1L8L2S8OAJJX,Contoso Motors,2016,Automatic,166,2026-05-22,,True
2174,2174,ELMUN9LXM0G885FFH,Contoso Motors,2006,Automatic,235,2026-05-22,,True
2175,2175,A0MHUOS27CZESMXC7,Contoso Motors,2016,Automatic,263,2026-05-22,,True
2176,2176,LES1GRXC5IAGJVLST,Contoso Motors,2012,Automatic,107,2026-05-22,,True
2177,2177,PO17H9K9KO64SMRTN,Contoso Motors,2004,Automatic,163,2026-05-22,,True
2178,2178,DFMBPCG5Y5GSB65DH,Contoso Motors,2005,Automatic,169,2026-05-22,,True
2179,2179,LBRUHJBSME1M2T1CB,Contoso Motors,2014,Automatic,353,2026-05-22,,True
2180,2180,PQ2XNLDLUPW6X3AFN,Contoso Motors,2014,Semi-Automatic,180,2026-05-22,,True
2181,2181,LKNJC1MDRJRVG8J1J,Contoso Motors,2014,Automatic,441,2026-05-22,,True
2182,2182,GDSBMKC9UJR181097,Contoso Motors,2012,Automatic,310,2026-05-22,,True
2183,2183,FQPJDXTUQYOCGKSSJ,Contoso Motors,2013,Automatic,183,2026-05-22,,True
2184,2184,1GC0VJXOXP5LYVFZ5,Contoso Motors,2005,Automatic,445,2026-05-22,,True
2185,2185,1AY5CKJ1H2N8XB48T,Contoso Motors,2007,Automatic,446,2026-05-22,,True
2186,2186,STOYPFGIK9T4RO95A,Contoso Motors,2015,Automatic,186,2026-05-22,,True
2187,2187,BDFE3ZQ4KQXIMABTI,Contoso Motors,2011,Automatic,461,2026-05-22,,True
2188,2188,GLNH74V0WADP6LDVN,Contoso Motors,2013,Automatic,188,2026-05-22,,True
2189,2189,1PF8UYCKS5PBXBW3F,Contoso Motors,2015,Automatic,464,2026-05-22,,True
2190,2190,HBNOSQYQ5IPQ8XY2A,Contoso Motors,2015,Automatic,190,2026-05-22,,True
2191,2191,AIHXG16QC8OPI3P2G,Contoso Motors,2013,Automatic,191,2026-05-22,,True
2192,2192,ONWQBAWGLLCMZ557H,Contoso Motors,2004,Automatic,192,2026-05-22,,True
2193,2193,LYOU1AO664SVDF4XM,Contoso Motors,2005,Automatic,193,2026-05-22,,True
2194,2194,GMBHTPISGX8T0NG40,Contoso Motors,2007,Automatic,194,2026-05-22,,True
2195,2195,MYQF3XTX0U9K2WGK1,Contoso Motors,2012,Automatic,283,2026-05-22,,True
2196,2196,1AH8QEMZ1RB61DP1U,Contoso Motors,2016,Automatic,116,2026-05-22,,True
2197,2197,K1R5DE2I2WD5PJUTX,Contoso Motors,2013,Automatic,286,2026-05-22,,True
2198,2198,RMHP66V75I4REDNGE,Contoso Motors,2007,Automatic,346,2026-05-22,,True
2199,2199,N8XWE4A743108HM48,Contoso Motors,2004,Automatic,465,2026-05-22,,True
2200,2200,7WU6EDU0TCR961G00,Contoso Motors,2007,Automatic,170,2026-05-22,,True
2201,2201,UO38Z9PCMK4JS2VHV,Contoso Motors,2014,Automatic,217,2026-05-22,,True
2202,2202,4PX9QVH2P40V6ZOO4,Contoso Motors,2005,Automatic,194,2026-05-22,,True
2203,2203,VQX3F6T4EBDL4U4QQ,Contoso Motors,2007,Automatic,203,2026-05-22,,True
2204,2204,BE7LTC3MUNNP8JHLU,Contoso Motors,2007,Automatic,204,2026-05-22,,True
2205,2205,6DEQYJ902A5G55P38,Contoso Motors,2004,Automatic,205,2026-05-22,,True
2206,2206,FWM5JX30N8L27H1FP,Contoso Motors,2007,Automatic,467,2026-05-22,,True
2207,2207,VTXSKKCISR8EA52J4,Contoso Motors,2010,Automatic,290,2026-05-22,,True
2208,2208,HM1OJ1V7N5XE961FO,Contoso Motors,2004,Automatic,289,2026-05-22,,True
2209,2209,VKZVB3644IJYMMX6L,Contoso Motors,2011,Automatic,469,2026-05-22,,True
2210,2210,JON0B8C2USMK8K8GK,Contoso Motors,2005,Automatic,406,2026-05-22,,True
2211,2211,GL9S17PZGKASHINZZ,Contoso Motors,2007,Automatic,291,2026-05-22,,True
2212,2212,7DSKPKMAYZ8NZC0PI,Contoso Motors,2015,Automatic,212,2026-05-22,,True
2213,2213,CRU1AL0J93AONKXRO,Contoso Motors,2013,Automatic,479,2026-05-22,,True
2214,2214,AY0WBHDM399UZVGMT,Contoso Motors,2015,Automatic,486,2026-05-22,,True
2215,2215,US26MD7Q1XL67M16K,Contoso Motors,2012,Automatic,358,2026-05-22,,True
2216,2216,712FWWFYWDWUU99QS,Contoso Motors,2016,Automatic,216,2026-05-22,,True
2217,2217,3UTBRXSW67M9H9ATH,Contoso Motors,2006,Automatic,411,2026-05-22,,True
2218,2218,3TVO6IZ7HPU4OIS9Z,Contoso Motors,2014,Semi-Automatic,218,2026-05-22,,True
2219,2219,RRI0LH27W9UD0Q6JS,Contoso Motors,2007,Automatic,314,2026-05-22,,True
2220,2220,TT5QLE33TY7Z49389,Contoso Motors,2004,Automatic,295,2026-05-22,,True
2221,2221,OCKYJ5M7K30G0UUJO,Contoso Motors,2016,Automatic,430,2026-05-22,,True
2222,2222,G8O68N981KKJ2L89A,Contoso Motors,2007,Automatic,490,2026-05-22,,True
2223,2223,FPT8E2AY65LTRK8XE,Contoso Motors,2011,Automatic,549,2026-05-22,,True
2224,2224,ZP9EJ1VLYOUQ6ENN2,Contoso Motors,2011,Automatic,343,2026-05-22,,True
2225,2225,4PHMPZIQD1IS5GU95,Contoso Motors,2011,Automatic,337,2026-05-22,,True
2226,2226,H7PIVFWQHY5V37BJH,Contoso Motors,2013,Automatic,355,2026-05-22,,True
2227,2227,94XZTW5XKDIZS40PG,Contoso Motors,2012,Automatic,459,2026-05-22,,True
2228,2228,VVDZDWAK46NWIEDOB,Contoso Motors,2014,Semi-Automatic,228,2026-05-22,,True
2229,2229,U24BZLYD9UBTHHJ86,Contoso Motors,2005,Automatic,489,2026-05-22,,True
2230,2230,M7577XKWAM1GYE5GG,Contoso Motors,2012,Automatic,391,2026-05-22,,True
2231,2231,RD2UHPZVP8N3GOVXU,Contoso Motors,2016,Automatic,231,2026-05-22,,True
2232,2232,08PX2GDJLZWKQW1PF,Contoso Motors,2004,Automatic,493,2026-05-22,,True
2233,2233,VG00TY223B2LB67TM,Contoso Motors,2005,Automatic,494,2026-05-22,,True
2234,2234,UXMQSNJYR08O5ZKJ0,Contoso Motors,2015,Automatic,234,2026-05-22,,True
2235,2235,RF7AYLKZ778DLR4ZW,Contoso Motors,2004,Automatic,509,2026-05-22,,True
2236,2236,FWYIB1Q75ZI42B43C,Contoso Motors,2004,Automatic,236,2026-05-22,,True
2237,2237,X4GN234PCLDN55786,Contoso Motors,2007,Automatic,605,2026-05-22,,True
2238,2238,015A9EVN1V8IAH3F3,Contoso Motors,2007,Automatic,238,2026-05-22,,True
2239,2239,Q7WL3I3YD9BMHQ4AB,Contoso Motors,2016,Automatic,239,2026-05-22,,True
2240,2240,5QDR3K94EZ7TWPT4Y,Contoso Motors,2011,Automatic,240,2026-05-22,,True
2241,2241,B1T8X3DD6U3JJD9L4,Contoso Motors,2004,Automatic,241,2026-05-22,,True
2242,2242,8OMTQKSYP5W7UX0HH,Contoso Motors,2005,Automatic,242,2026-05-22,,True
2243,2243,Z48A0CPYQX9DZBS68,Contoso Motors,2013,Automatic,550,2026-05-22,,True
2244,2244,ZK6FFOG4BAJW7KKLN,Contoso Motors,2007,Automatic,434,2026-05-22,,True
2245,2245,H0RJ44XH5HZH6PASN,Contoso Motors,2014,Automatic,551,2026-05-22,,True
2246,2246,LRWDEF280WL3QK66Q,Contoso Motors,2007,Automatic,599,2026-05-22,,True
2247,2247,SK1XO7HL7B7UBPSKZ,Contoso Motors,2005,Automatic,653,2026-05-22,,True
2248,2248,NS0HEBHDII6439Z10,Contoso Motors,2016,Automatic,403,2026-05-22,,True
2249,2249,S8GJR1GKQ65RBU79R,Contoso Motors,2011,Automatic,409,2026-05-22,,True
2250,2250,FMK6KLF0BT31IJ6KZ,Contoso Motors,2013,Automatic,435,2026-05-22,,True
2251,2251,VP5FE665H960W2U27,Contoso Motors,2016,Automatic,439,2026-05-22,,True
2252,2252,ESR85BB0HP4B7MVXB,Contoso Motors,2016,Automatic,252,2026-05-22,,True
2253,2253,AOYFEXU5HTDUIBMQU,Contoso Motors,2011,Automatic,253,2026-05-22,,True
2254,2254,N3R2AXY2SJQW0QP75,Contoso Motors,2011,Automatic,805,2026-05-22,,True
2255,2255,HMVPRTD67HJN3ZI90,Contoso Motors,2007,Automatic,456,2026-05-22,,True
2256,2256,IIUUZDK5VRTXUU0S4,Contoso Motors,2005,Automatic,410,2026-05-22,,True
2257,2257,PWK0N6N8V1XLJWZ5M,Contoso Motors,2005,Automatic,829,2026-05-22,,True
2258,2258,QRIQSLE1LWW1XKY0P,Contoso Motors,2016,Automatic,667,2026-05-22,,True
2259,2259,AMPU0E8M8XN9UTSLB,Contoso Motors,2016,Automatic,483,2026-05-22,,True
2260,2260,KDY5ZSBACBWBCL6IW,Contoso Motors,2016,Automatic,260,2026-05-22,,True
2261,2261,WI4JCYWQNLC88EZTF,Contoso Motors,2004,Automatic,853,2026-05-22,,True
2262,2262,0WKRN4NV62R1ZJ0N7,Contoso Motors,2014,Automatic,877,2026-05-22,,True
2263,2263,5C6IBIILRGMKOO0NO,Contoso Motors,2016,Automatic,823,2026-05-22,,True
2264,2264,WAGJ73XR6QEHXGPMW,Contoso Motors,2005,Automatic,264,2026-05-22,,True
2265,2265,Q39N5PQ5LW7OS0Q3Y,Contoso Motors,2004,Automatic,545,2026-05-22,,True
2266,2266,B2HXV0CBL9BUUKVIJ,Contoso Motors,2014,Semi-Automatic,266,2026-05-22,,True
2267,2267,YSJJE7M0SU16RA6PS,Contoso Motors,2005,Automatic,433,2026-05-22,,True
2268,2268,X12NN58IPJX71DVV7,Contoso Motors,2013,Automatic,487,2026-05-22,,True
2269,2269,F29WCB5XQTWC5BQ29,Contoso Motors,2004,Automatic,669,2026-05-22,,True
2270,2270,IZTM4LENAUV5IX1XA,Contoso Motors,2005,Automatic,670,2026-05-22,,True
2271,2271,FNCQQF8AL8SNYQPJM,Contoso Motors,2010,Automatic,730,2026-05-22,,True
2272,2272,EZG79I4D1RAUCVKXX,Contoso Motors,2016,Automatic,491,2026-05-22,,True
2273,2273,LRIMSPKCYLCDNFB38,Contoso Motors,2004,Automatic,488,2026-05-22,,True
2274,2274,PX7ARXQM5ZL77U63V,Contoso Motors,2011,Automatic,536,2026-05-22,,True
2275,2275,1ES2EN7NPH7XKXVWE,Contoso Motors,2011,Automatic,593,2026-05-22,,True
2276,2276,T5SR1DM2L0OJTOK92,Contoso Motors,2014,Semi-Automatic,276,2026-05-22,,True
2277,2277,FSCJWTXS75VKJSYCQ,Contoso Motors,2012,Automatic,899,2026-05-22,,True
2278,2278,STV3XNVILS2Q7ATAO,Contoso Motors,2016,Automatic,919,2026-05-22,,True
2279,2279,3L5XGW4T6T2Q3SWAS,Contoso Motors,2013,Automatic,279,2026-05-22,,True
2280,2280,8G5B3HV03IGJ0W79I,Contoso Motors,2004,Automatic,911,2026-05-22,,True
2281,2281,EFL5LREZR8HD8BMDB,Contoso Motors,2014,Automatic,947,2026-05-22,,True
2282,2282,3UR1I6XW05CB2TZ1B,Contoso Motors,2007,Automatic,282,2026-05-22,,True
2283,2283,BN01OU37FBVJH7S64,Contoso Motors,2011,Automatic,959,2026-05-22,,True
2284,2284,FZFXAOR4KTU7UYV58,Contoso Motors,2011,Automatic,284,2026-05-22,,True
2285,2285,TAM5XCY6I03ZFSNVM,Contoso Motors,2004,Automatic,993,2026-05-22,,True
2286,2286,LGQCCNRBWOSF7TZVG,Contoso Motors,2005,Automatic,286,2026-05-22,,True
2287,2287,54Y4WLBYHCDRBUFDN,Contoso Motors,2007,Automatic,287,2026-05-22,,True
2288,2288,63FOUWGB16FDMGF40,Contoso Motors,2016,Automatic,288,2026-05-22,,True
2289,2289,WXVGUH6ZXOIMUTPNX,Contoso Motors,2011,Automatic,289,2026-05-22,,True
2290,2290,9LT2YRKZE7PI5JAVA,Contoso Motors,2005,Automatic,290,2026-05-22,,True
2291,2291,HRUXGQR9S224ZOP9U,Contoso Motors,2014,Automatic,789,2026-05-22,,True
2292,2292,LBMCUAYCN4JIQNV93,Contoso Motors,2007,Automatic,539,2026-05-22,,True
2293,2293,2AJZAUZIMQQEVR6NS,Contoso Motors,2015,Automatic,790,2026-05-22,,True
2294,2294,RU1ZSW52GLZP481D9,Contoso Motors,2016,Automatic,791,2026-05-22,,True
2295,2295,5T3AVLN8605RIOE3F,Contoso Motors,2005,Automatic,17,2026-05-22,,True
2296,2296,2S3KH45R8GNGKK20P,Contoso Motors,2012,Automatic,547,2026-05-22,,True
2297,2297,46MAD6MGY8HFFQSS8,Contoso Motors,2009,Automatic,602,2026-05-22,,True
2298,2298,52DKNL3VUFO4JD1MX,Contoso Motors,2016,Automatic,548,2026-05-22,,True
2299,2299,N2QO5BZUDL8OD8MFC,Contoso Motors,2016,Automatic,579,2026-05-22,,True
2300,2300,XO6YQDIVBB5ESDLPY,Contoso Motors,2015,Automatic,300,2026-05-22,,True
2301,2301,PSL1PS3BHKZKNGIPG,Contoso Motors,2004,Automatic,301,2026-05-22,,True
2302,2302,4RJEJ6Y8ZZPKBJZMM,Contoso Motors,2005,Automatic,181,2026-05-22,,True
2303,2303,WZYKUBWOWKNZUCIW3,Contoso Motors,2015,Automatic,596,2026-05-22,,True
2304,2304,URHJH6BGSJBK4IJ68,Contoso Motors,2015,Automatic,728,2026-05-22,,True
2305,2305,9V1JPZYE07T8VEAJC,Contoso Motors,2014,Automatic,229,2026-05-22,,True
2306,2306,BCBZE8SJ0821LTRYC,Contoso Motors,2012,Automatic,811,2026-05-22,,True
2307,2307,6G5BCY304NZFYVA61,Contoso Motors,2011,Automatic,668,2026-05-22,,True
2308,2308,O1PXYSQ4CCVGHI2F8,Contoso Motors,2005,Automatic,308,2026-05-22,,True
2309,2309,H689PF77ZBYQ145AP,Contoso Motors,2005,Automatic,357,2026-05-22,,True
2310,2310,50X8H6SZ6NEXFJHB8,Contoso Motors,2004,Automatic,381,2026-05-22,,True
2311,2311,OSPSHSDC0N9OOJBEL,Contoso Motors,2016,Automatic,78,2026-05-22,,True
2312,2312,W6TTL6JBZWF9XP12N,Contoso Motors,2004,Automatic,312,2026-05-22,,True
2313,2313,PY4SD6PWXNVEWH3QU,Contoso Motors,2013,Automatic,699,2026-05-22,,True
2314,2314,WL4IDPXPIJQ7XUZTR,Contoso Motors,2014,Semi-Automatic,314,2026-05-22,,True
2315,2315,UFRMM5MM823D9BZOO,Contoso Motors,2016,Automatic,776,2026-05-22,,True
2316,2316,6M3HNO30YP24Q3FLE,Contoso Motors,2016,Automatic,716,2026-05-22,,True
2317,2317,QI99PE56OPY3OWZ2K,Contoso Motors,2011,Automatic,813,2026-05-22,,True
2318,2318,XZW60NQWOYY5KAB9Z,Contoso Motors,2013,Automatic,814,2026-05-22,,True
2319,2319,E3W97Z31LEGYBROE6,Contoso Motors,2015,Automatic,838,2026-05-22,,True
2320,2320,KRUCIGUXHA9BZGOYE,Contoso Motors,2005,Automatic,722,2026-05-22,,True
2321,2321,RUO2ZFES9YUIJDXRG,Contoso Motors,2013,Automatic,787,2026-05-22,,True
2322,2322,S87ILE50Y2HG8323I,Contoso Motors,2016,Automatic,835,2026-05-22,,True
2323,2323,UTP7TX9KY9M2QCQRQ,Contoso Motors,2005,Automatic,785,2026-05-22,,True
2324,2324,WPKLDYZA8FMYIK1BF,Contoso Motors,2014,Semi-Automatic,324,2026-05-22,,True
2325,2325,QU3ALCZ58145U8E35,Contoso Motors,2014,Automatic,405,2026-05-22,,True
2326,2326,3L3JCGMOWRPFHL6FQ,Contoso Motors,2016,Automatic,351,2026-05-22,,True
2327,2327,SXJEORK6FJMOMBKWI,Contoso Motors,2016,Automatic,327,2026-05-22,,True
2328,2328,WGONIBI1SS2RMVN7C,Contoso Motors,2011,Automatic,429,2026-05-22,,True
2329,2329,0RMY5PBNQLMINI0ZQ,Contoso Motors,2014,Automatic,475,2026-05-22,,True
2330,2330,4C3BOEICC4UCFXR59,Contoso Motors,2005,Automatic,330,2026-05-22,,True
2331,2331,J4GR9OUM95BEP5GT7,Contoso Motors,2011,Automatic,487,2026-05-22,,True
2332,2332,QUAMHMOIAU76G0HSX,Contoso Motors,2016,Automatic,332,2026-05-22,,True
2333,2333,1F1S7HXT6PL3DCD7P,Contoso Motors,2013,Automatic,120,2026-05-22,,True
2334,2334,ADRO23TG51ZM10K3T,Contoso Motors,2005,Automatic,334,2026-05-22,,True
2335,2335,TQP9QKRT9QEYG3H53,Contoso Motors,2006,Automatic,335,2026-05-22,,True
2336,2336,9SGS5BWFW4DN0L6TH,Contoso Motors,2007,Automatic,336,2026-05-22,,True
2337,2337,BHCFIOQSKV4D6NBSS,Contoso Motors,2004,Automatic,337,2026-05-22,,True
2338,2338,F1D5UQUA9FQUW7XV3,Contoso Motors,2005,Automatic,338,2026-05-22,,True
2339,2339,GUS9E5A2EULF3P1UN,Contoso Motors,2013,Automatic,839,2026-05-22,,True
2340,2340,W29LAITYD0GF4N2VK,Contoso Motors,2014,Automatic,727,2026-05-22,,True
2341,2341,0MKU5TFQWZO9HS11S,Contoso Motors,2014,Automatic,859,2026-05-22,,True
2342,2342,IF5LEBW3XLERX1AOF,Contoso Motors,2010,Automatic,862,2026-05-22,,True
2343,2343,E8YUR9V0IIKNOPX4K,Contoso Motors,2014,Automatic,168,2026-05-22,,True
2344,2344,H6WBYGAU0DKHQUWHU,Contoso Motors,2005,Automatic,841,2026-05-22,,True
2345,2345,M9Z4NT0OZWDRCRIFO,Contoso Motors,2007,Automatic,842,2026-05-22,,True
2346,2346,BTIYRWQYHREVNUCOO,Contoso Motors,2007,Automatic,731,2026-05-22,,True
2347,2347,8B2KG3W6E58UPYO6W,Contoso Motors,2004,Automatic,779,2026-05-22,,True
2348,2348,KY60WAD6SWG0I3PEZ,Contoso Motors,2016,Automatic,348,2026-05-22,,True
2349,2349,DZGOKUI83H467PFA3,Contoso Motors,2011,Automatic,349,2026-05-22,,True
2350,2350,M5IRPAK8IJ99VO24S,Contoso Motors,2005,Automatic,542,2026-05-22,,True
2351,2351,KUFX2YZQER5BVT9SJ,Contoso Motors,2011,Automatic,788,2026-05-22,,True
2352,2352,87B1J3GIST2ZN77HZ,Contoso Motors,2016,Automatic,864,2026-05-22,,True
2353,2353,7G6X8NLJ5WQGBUMRR,Contoso Motors,2005,Automatic,590,2026-05-22,,True
2354,2354,2BUH9734KF9CB3DTS,Contoso Motors,2007,Automatic,886,2026-05-22,,True
2355,2355,8F67N4MUFVYKXT21M,Contoso Motors,2016,Automatic,812,2026-05-22,,True
2356,2356,5EL43FDB3S6PCROAF,Contoso Motors,2004,Automatic,356,2026-05-22,,True
2357,2357,8V2FOIP9L5WBBUOSF,Contoso Motors,2011,Automatic,800,2026-05-22,,True
2358,2358,M9ZIPUYWV2CU2G8RW,Contoso Motors,2016,Automatic,848,2026-05-22,,True
2359,2359,AITTWWNTTUG1ILMZZ,Contoso Motors,2016,Automatic,447,2026-05-22,,True
2360,2360,KR0MZKIKO4T2J2HHZ,Contoso Motors,2011,Automatic,360,2026-05-22,,True
2361,2361,1NKYRZ6FU15V11RJ9,Contoso Motors,2016,Automatic,843,2026-05-22,,True
2362,2362,U4EDAMJTBG33WZV9H,Contoso Motors,2014,Semi-Automatic,362,2026-05-22,,True
2363,2363,OT1N11WQREOJCF5NN,Contoso Motors,2011,Automatic,865,2026-05-22,,True
2364,2364,75JVOTV15ITZLHTN9,Contoso Motors,2004,Automatic,840,2026-05-22,,True
2365,2365,2M6KK8UVWNBOFC0TE,Contoso Motors,2011,Automatic,909,2026-05-22,,True
2366,2366,LM85CQ4WOOPTLWKUA,Contoso Motors,2015,Automatic,922,2026-05-22,,True
2367,2367,SEEBUKI753MZBSX8I,Contoso Motors,2004,Automatic,955,2026-05-22,,True
2368,2368,MOP5NPNQXYXR0359O,Contoso Motors,2009,Automatic,866,2026-05-22,,True
2369,2369,58FQM4VMQJNVGWSXS,Contoso Motors,2005,Automatic,912,2026-05-22,,True
2370,2370,O4WHDXBBNJ46PBN7S,Contoso Motors,2004,Automatic,985,2026-05-22,,True
2371,2371,Q4X2YNNVPP0CPHYE0,Contoso Motors,2012,Automatic,987,2026-05-22,,True
2372,2372,BYZ35GWG9FA3Q7OZW,Contoso Motors,2014,Semi-Automatic,372,2026-05-22,,True
2373,2373,H5FBWO1JFX5BVEL7G,Contoso Motors,2007,Automatic,918,2026-05-22,,True
2374,2374,MJJ542649SI5DU495,Contoso Motors,2016,Automatic,606,2026-05-22,,True
2375,2375,66CT4PTFXZTW1ENLU,Contoso Motors,2007,Automatic,375,2026-05-22,,True
2376,2376,JPKMEMQ2RTIU09SXF,Contoso Motors,2015,Automatic,966,2026-05-22,,True
2377,2377,K6V3QP8LYHLBBQLBG,Contoso Motors,2005,Automatic,118,2026-05-22,,True
2378,2378,D386UE4DBEZO5CF4S,Contoso Motors,2005,Automatic,378,2026-05-22,,True
2379,2379,EZKO4K3WCRTXSO7GA,Contoso Motors,2016,Automatic,376,2026-05-22,,True
2380,2380,O97GOAG4FW8RY93FH,Contoso Motors,2007,Automatic,380,2026-05-22,,True
2381,2381,1FJ70SCU3XMQV7DOA,Contoso Motors,2007,Automatic,424,2026-05-22,,True
2382,2382,TRKGKVZRVOHBPM859,Contoso Motors,2005,Automatic,382,2026-05-22,,True
2383,2383,7ORM9PJ4WF2Y0DSA6,Contoso Motors,2012,Automatic,383,2026-05-22,,True
2384,2384,JRDPCRDRV0B3LOI4L,Contoso Motors,2016,Automatic,384,2026-05-22,,True
2385,2385,QZ39PWMWU9F813DUL,Contoso Motors,2011,Automatic,385,2026-05-22,,True
2386,2386,YTK5LWVXKXF52CGBN,Contoso Motors,2013,Automatic,386,2026-05-22,,True
2387,2387,EGZQJW317LG04JDW0,Contoso Motors,2011,Automatic,981,2026-05-22,,True
2388,2388,WK9JBR89LJSCCMKAR,Contoso Motors,2004,Automatic,867,2026-05-22,,True
2389,2389,0H88E8YY3EUELB457,Contoso Motors,2005,Automatic,982,2026-05-22,,True
2390,2390,2A1E0RYT84IYLGQYE,Contoso Motors,2006,Automatic,983,2026-05-22,,True
2391,2391,UP959AI0X9PWJZZ8K,Contoso Motors,2007,Automatic,446,2026-05-22,,True
2392,2392,PWIR4HU7C1L7REMTB,Contoso Motors,2005,Automatic,986,2026-05-22,,True
2393,2393,81PGUL7CD9MKHVJQX,Contoso Motors,2012,Automatic,75,2026-05-22,,True
2394,2394,J0KNBODJP64BKGLQO,Contoso Motors,2011,Automatic,915,2026-05-22,,True
2395,2395,4Y432C25BWZ1PYPEI,Contoso Motors,2016,Automatic,923,2026-05-22,,True
2396,2396,QLJ2V8GTJPGPU4E14,Contoso Motors,2005,Automatic,396,2026-05-22,,True
2397,2397,ORG6J6VS5OFIJ8WDO,Contoso Motors,2007,Automatic,397,2026-05-22,,True
2398,2398,XG18AH4I0IK4VPZ6G,Contoso Motors,2015,Automatic,494,2026-05-22,,True
2399,2399,32INKI8D3FDCWXOHE,Contoso Motors,2007,Automatic,984,2026-05-22,,True
2400,2400,VBINP5TYVKFQUJ0IA,Contoso Motors,2004,Automatic,104,2026-05-22,,True
2401,2401,6ZJ668J7QRCS2C3Q1,Contoso Motors,2013,Automatic,638,2026-05-22,,True
2402,2402,7L8PQIBM8TW80Y6YY,Contoso Motors,2007,Automatic,6,2026-05-22,,True
2403,2403,IHLWRGHA841Q3T77I,Contoso Motors,2013,Automatic,15,2026-05-22,,True
2404,2404,35NUF9X54IA8UTR5R,Contoso Motors,2011,Automatic,404,2026-05-22,,True
2405,2405,CNO7586FGQKY8T6N4,Contoso Motors,2010,Automatic,686,2026-05-22,,True
2406,2406,OWMWC68IU1W8ULGRF,Contoso Motors,2007,Automatic,896,2026-05-22,,True
2407,2407,5OZ5NAFNXKDX16SOM,Contoso Motors,2016,Automatic,879,2026-05-22,,True
2408,2408,JV74YJF2S4X5BZH2U,Contoso Motors,2013,Automatic,408,2026-05-22,,True
2409,2409,OWM2AG0E2LL25WINX,Contoso Motors,2014,Automatic,35,2026-05-22,,True
2410,2410,JB14SFZLSLEZKHAWP,Contoso Motors,2014,Semi-Automatic,410,2026-05-22,,True
2411,2411,7ZFDG6ES1E755296A,Contoso Motors,2005,Automatic,105,2026-05-22,,True
2412,2412,MJGSGSAUJVKMRAZ60,Contoso Motors,2016,Automatic,32,2026-05-22,,True
2413,2413,86E392XO7V0R2BEHV,Contoso Motors,2004,Automatic,29,2026-05-22,,True
2414,2414,MNCX469QMLCFQRN8O,Contoso Motors,2005,Automatic,66,2026-05-22,,True
2415,2415,PM4IFV0XUDG3ONI0U,Contoso Motors,2014,Automatic,101,2026-05-22,,True
2416,2416,H5FYN9PAL84J655SR,Contoso Motors,2007,Automatic,106,2026-05-22,,True
2417,2417,OPWUXGFX3BX7KA530,Contoso Motors,2011,Automatic,152,2026-05-22,,True
2418,2418,23TYO4FWHKFYAT8N5,Contoso Motors,2016,Automatic,208,2026-05-22,,True
2419,2419,P5KMN1V8VOBG8B5E2,Contoso Motors,2011,Automatic,217,2026-05-22,,True
2420,2420,3ZOY2EDPVL2XT4KW6,Contoso Motors,2014,Semi-Automatic,420,2026-05-22,,True
2421,2421,WWD462YBU0W5PVLLE,Contoso Motors,2016,Automatic,944,2026-05-22,,True
2422,2422,O8ARADZW18TVCXVJL,Contoso Motors,2016,Automatic,975,2026-05-22,,True
2423,2423,0JLR5E366CE3MGTMA,Contoso Motors,2006,Automatic,423,2026-05-22,,True
2424,2424,QDS8HR3EOONY2SNH9,Contoso Motors,2015,Automatic,14,2026-05-22,,True
2425,2425,HUOIEZLHKJA34WFO9,Contoso Motors,2013,Automatic,166,2026-05-22,,True
2426,2426,V3J6BOFZI1FBTD6QZ,Contoso Motors,2005,Automatic,426,2026-05-22,,True
2427,2427,AA2P3R4QL85D64DIW,Contoso Motors,2010,Automatic,214,2026-05-22,,True
2428,2428,3J9JJJDN7S9LRCLRN,Contoso Motors,2016,Automatic,428,2026-05-22,,True
2429,2429,M61LE5QZV5HNK9A60,Contoso Motors,2016,Automatic,472,2026-05-22,,True
2430,2430,MMXDMYOFAETN49NX7,Contoso Motors,2013,Automatic,430,2026-05-22,,True
2431,2431,C5JQCH80ZJZ2FM75Y,Contoso Motors,2014,Automatic,431,2026-05-22,,True
2432,2432,A06TXGL7YFI3PLBTW,Contoso Motors,2015,Automatic,432,2026-05-22,,True
2433,2433,HZVAXGE5XAWKUBOOY,Contoso Motors,2004,Automatic,433,2026-05-22,,True
2434,2434,5ZCY7GM0YYHSKOW69,Contoso Motors,2010,Automatic,434,2026-05-22,,True
2435,2435,UVVHT98ZZYOCRTYYH,Contoso Motors,2015,Automatic,102,2026-05-22,,True
2436,2436,I39EL0PMLW1MOZL48,Contoso Motors,2016,Automatic,107,2026-05-22,,True
2437,2437,1NZIQ2GVDFT784IOR,Contoso Motors,2010,Automatic,126,2026-05-22,,True
2438,2438,ME6BJOY0EHQW0E04U,Contoso Motors,2005,Automatic,149,2026-05-22,,True
2439,2439,0H3E2WOM1H3CH79V8,Contoso Motors,2005,Automatic,46,2026-05-22,,True
2440,2440,NBRS9H6B5JOZOUT1L,Contoso Motors,2004,Automatic,219,2026-05-22,,True
2441,2441,9HB2C6KE1UE4IM7QZ,Contoso Motors,2011,Automatic,297,2026-05-22,,True
2442,2442,IKVMWK9PXVMCFTM7R,Contoso Motors,2007,Automatic,155,2026-05-22,,True
2443,2443,WY94KZYNXHXKG18P1,Contoso Motors,2012,Automatic,163,2026-05-22,,True
2444,2444,56H3FPUVHSKUOXFQS,Contoso Motors,2014,Semi-Automatic,444,2026-05-22,,True
2445,2445,34KNKYGFW99AI5J3R,Contoso Motors,2015,Semi-Automatic,445,2026-05-22,,True
2446,2446,2LY9PP21E94R5IFMW,Contoso Motors,2005,Automatic,94,2026-05-22,,True
2447,2447,QF1CJASYP14RWCWLJ,Contoso Motors,2014,Automatic,211,2026-05-22,,True
2448,2448,J2NS55590Y4QVDD1K,Contoso Motors,2015,Automatic,322,2026-05-22,,True
2449,2449,26O4C6HDVAIY1X75I,Contoso Motors,2004,Automatic,608,2026-05-22,,True
2450,2450,QYD0HBXWCPGT56JEI,Contoso Motors,2005,Automatic,162,2026-05-22,,True
2451,2451,0JRRUZZ79CWROR1F9,Contoso Motors,2005,Automatic,220,2026-05-22,,True
2452,2452,2KMXIGM3V5PVD8DPN,Contoso Motors,2015,Semi-Automatic,452,2026-05-22,,True
2453,2453,CJ985XFGB378GVORJ,Contoso Motors,2011,Automatic,656,2026-05-22,,True
2454,2454,6CJEHTPYLFHZBGF46,Contoso Motors,2013,Automatic,726,2026-05-22,,True
2455,2455,J0M6XHZSXLJWA1AO7,Contoso Motors,2016,Automatic,134,2026-05-22,,True
2456,2456,1KM7AB36UNEVBK97I,Contoso Motors,2004,Automatic,456,2026-05-22,,True
2457,2457,98DC1LKL823EOQYHI,Contoso Motors,2014,Automatic,361,2026-05-22,,True
2458,2458,AZOVWYGV416KUHS9Q,Contoso Motors,2014,Semi-Automatic,458,2026-05-22,,True
2459,2459,6KE9DCHAD5FUVEYFU,Contoso Motors,2004,Automatic,345,2026-05-22,,True
2460,2460,ZBE06GF9Q3XUEO5YF,Contoso Motors,2016,Automatic,244,2026-05-22,,True
2461,2461,DHK77M8UHCHA99I53,Contoso Motors,2007,Automatic,243,2026-05-22,,True
2462,2462,1GLVOHV5NGSUMC88H,Contoso Motors,2013,Automatic,271,2026-05-22,,True
2463,2463,5LDXZ18TB6O9V90T2,Contoso Motors,2006,Automatic,291,2026-05-22,,True
2464,2464,ZGUTQ2JBSYC9D0LIP,Contoso Motors,2013,Automatic,298,2026-05-22,,True
2465,2465,PEIIMD3IQ7BH8V815,Contoso Motors,2016,Automatic,363,2026-05-22,,True
2466,2466,LNDJRW6Q67BYS52A0,Contoso Motors,2013,Automatic,411,2026-05-22,,True
2467,2467,785W70MDO5TBWODK4,Contoso Motors,2007,Automatic,419,2026-05-22,,True
2468,2468,KYTEWUNKPVJ2X71L1,Contoso Motors,2014,Semi-Automatic,468,2026-05-22,,True
2469,2469,76TNWV5H7IFJ6LWD8,Contoso Motors,2010,Automatic,774,2026-05-22,,True
2470,2470,TDONL64Z957KISFL7,Contoso Motors,2016,Automatic,407,2026-05-22,,True
2471,2471,FKARCUOB7DWOR73WY,Contoso Motors,2012,Automatic,471,2026-05-22,,True
2472,2472,J2KN8TDXZLU50MNFK,Contoso Motors,2015,Automatic,926,2026-05-22,,True
2473,2473,YS7MIQZIM4TC703JA,Contoso Motors,2007,Automatic,974,2026-05-22,,True
2474,2474,Y7LBILNT9PRTTZCXH,Contoso Motors,2015,Semi-Automatic,474,2026-05-22,,True
2475,2475,L6UUGNMA6HJZ5XTBC,Contoso Motors,2011,Automatic,184,2026-05-22,,True
2476,2476,RQHU7Q59DB61I8NLK,Contoso Motors,2015,Semi-Automatic,476,2026-05-22,,True
2477,2477,9LQXO66DD8Z3QHXMH,Contoso Motors,2013,Automatic,232,2026-05-22,,True
2478,2478,L8Q69Z71LLFBT6J34,Contoso Motors,2015,Semi-Automatic,478,2026-05-22,,True
2479,2479,4543G4RPQH45IAAB1,Contoso Motors,2015,Semi-Automatic,479,2026-05-22,,True
2480,2480,O99B5UZF3GHV0Z0AZ,Contoso Motors,2015,Semi-Automatic,480,2026-05-22,,True
2481,2481,7DHTS9TSHVSKRVKHL,Contoso Motors,2015,Semi-Automatic,481,2026-05-22,,True
2482,2482,JPK4B4WDJ66F1XK97,Contoso Motors,2015,Semi-Automatic,482,2026-05-22,,True
2483,2483,T4YXBQ25KI2PSERGJ,Contoso Motors,2005,Automatic,294,2026-05-22,,True
2484,2484,41BI6I6OYO5383AWX,Contoso Motors,2014,Automatic,299,2026-05-22,,True
2485,2485,YQES6XB7OFM1ZFZON,Contoso Motors,2016,Automatic,354,2026-05-22,,True
2486,2486,XGI7BX1IZLQ2ET0BR,Contoso Motors,2007,Automatic,414,2026-05-22,,True
2487,2487,5I20H161H79HJJVTB,Contoso Motors,2010,Automatic,302,2026-05-22,,True
2488,2488,AY9TON90O26301P47,Contoso Motors,2004,Automatic,417,2026-05-22,,True
2489,2489,RVDFP5HC4VOCLU81W,Contoso Motors,2005,Automatic,418,2026-05-22,,True
2490,2490,25HYK145SWD2RILCZ,Contoso Motors,2007,Automatic,303,2026-05-22,,True
2491,2491,O62991K6ACY7VASJY,Contoso Motors,2004,Automatic,351,2026-05-22,,True
2492,2492,QZ4DG4IHP3GN2K64Z,Contoso Motors,2015,Semi-Automatic,492,2026-05-22,,True
2493,2493,F3UPFVEDU7XZMH0V9,Contoso Motors,2015,Semi-Automatic,493,2026-05-22,,True
2494,2494,HK0NRUP7XH9K4NCKB,Contoso Motors,2009,Automatic,350,2026-05-22,,True
2495,2495,F2QF364UFYSWT4Q99,Contoso Motors,2016,Automatic,442,2026-05-22,,True
2496,2496,OYPHRS6VM6UU1FMX3,Contoso Motors,2011,Manual,465,2026-05-22,,True
2497,2497,T32D7RMOFLU8TYSXR,Contoso Motors,2015,Automatic,454,2026-05-22,,True
2498,2498,X9MB24XGIOPA4EE45,Contoso Motors,2004,Automatic,483,2026-05-22,,True
2499,2499,ZMGBCA9KQTS48JNBL,Contoso Motors,2016,Automatic,451,2026-05-22,,True
2500,2500,S3E3UCOEIP6BUUH51,Contoso Motors,2014,Semi-Automatic,500,2026-05-22,,True
