date_id,date,year,quarter,month,day,day_of_week,is_weekend,week_of_year
7305,2020-01-01,2020,1,1,1,2,False,1
7306,2020-01-02,2020,1,1,2,3,False,1
7307,2020-01-03,2020,1,1,3,4,False,1
7308,2020-01-04,2020,1,1,4,5,True,1
7309,2020-01-05,2020,1,1,5,6,True,1
7310,2020-01-06,2020,1,1,6,0,False,2
7311,2020-01-07,2020,1,1,7,1,False,2
7312,2020-01-08,2020,1,1,8,2,False,2
7313,2020-01-09,2020,1,1,9,3,False,2
7314,2020-01-10,2020,1,1,10,4,False,2
7315,2020-01-11,2020,1,1,11,5,True,2
7316,2020-01-12,2020,1,1,12,6,True,2
7317,2020-01-13,2020,1,1,13,0,False,3
7318,2020-01-14,2020,1,1,14,1,False,3
7319,2020-01-15,2020,1,1,15,2,False,3
7320,2020-01-16,2020,1,1,16,3,False,3
7321,2020-01-17,2020,1,1,17,4,False,3
7322,2020-01-18,2020,1,1,18,5,True,3
7323,2020-01-19,2020,1,1,19,6,True,3
7324,2020-01-20,2020,1,1,20,0,False,4
7325,2020-01-21,2020,1,1,21,1,False,4
7326,2020-01-22,2020,1,1,22,2,False,4
7327,2020-01-23,2020,1,1,23,3,False,4
7328,2020-01-24,2020,1,1,24,4,False,4
7329,2020-01-25,2020,1,1,25,5,True,4
7330,2020-01-26,2020,1,1,26,6,True,4
7331,2020-01-27,2020,1,1,27,0,False,5
7332,2020-01-28,2020,1,1,28,1,False,5
7333,2020-01-29,2020,1,1,29,2,False,5
7334,2020-01-30,2020,1,1,30,3,False,5
7335,2020-01-31,2020,1,1,31,4,False,5
7336,2020-02-01,2020,1,2,1,5,True,5
7337,2020-02-02,2020,1,2,2,6,True,5
7338,2020-02-03,2020,1,2,3,0,False,6
7339,2020-02-04,2020,1,2,4,1,False,6
7340,2020-02-05,2020,1,2,5,2,False,6
7341,2020-02-06,2020,1,2,6,3,False,6
7342,2020-02-07,2020,1,2,7,4,False,6
7343,2020-02-08,2020,1,2,8,5,True,6
7344,2020-02-09,2020,1,2,9,6,True,6
7345,2020-02-10,2020,1,2,10,0,False,7
7346,2020-02-11,2020,1,2,11,1,False,7
7347,2020-02-12,2020,1,2,12,2,False,7
7348,2020-02-13,2020,1,2,13,3,False,7
7349,2020-02-14,2020,1,2,14,4,False,7
7350,2020-02-15,2020,1,2,15,5,True,7
7351,2020-02-16,2020,1,2,16,6,True,7
7352,2020-02-17,2020,1,2,17,0,False,8
7353,2020-02-18,2020,1,2,18,1,False,8
7354,2020-02-19,2020,1,2,19,2,False,8
7355,2020-02-20,2020,1,2,20,3,False,8
7356,2020-02-21,2020,1,2,21,4,False,8
7357,2020-02-22,2020,1,2,22,5,True,8
7358,2020-02-23,2020,1,2,23,6,True,8
7359,2020-02-24,2020,1,2,24,0,False,9
7360,2020-02-25,2020,1,2,25,1,False,9
7361,2020-02-26,2020,1,2,26,2,False,9
7362,2020-02-27,2020,1,2,27,3,False,9
7363,2020-02-28,2020,1,2,28,4,False,9
7364,2020-02-29,2020,1,2,29,5,True,9
7365,2020-03-01,2020,1,3,1,6,True,9
7366,2020-03-02,2020,1,3,2,0,False,10
7367,2020-03-03,2020,1,3,3,1,False,10
7368,2020-03-04,2020,1,3,4,2,False,10
7369,2020-03-05,2020,1,3,5,3,False,10
7370,2020-03-06,2020,1,3,6,4,False,10
7371,2020-03-07,2020,1,3,7,5,True,10
7372,2020-03-08,2020,1,3,8,6,True,10
7373,2020-03-09,2020,1,3,9,0,False,11
7374,2020-03-10,2020,1,3,10,1,False,11
7375,2020-03-11,2020,1,3,11,2,False,11
7376,2020-03-12,2020,1,3,12,3,False,11
7377,2020-03-13,2020,1,3,13,4,False,11
7378,2020-03-14,2020,1,3,14,5,True,11
7379,2020-03-15,2020,1,3,15,6,True,11
7380,2020-03-16,2020,1,3,16,0,False,12
7381,2020-03-17,2020,1,3,17,1,False,12
7382,2020-03-18,2020,1,3,18,2,False,12
7383,2020-03-19,2020,1,3,19,3,False,12
7384,2020-03-20,2020,1,3,20,4,False,12
7385,2020-03-21,2020,1,3,21,5,True,12
7386,2020-03-22,2020,1,3,22,6,True,12
7387,2020-03-23,2020,1,3,23,0,False,13
7388,2020-03-24,2020,1,3,24,1,False,13
7389,2020-03-25,2020,1,3,25,2,False,13
7390,2020-03-26,2020,1,3,26,3,False,13
7391,2020-03-27,2020,1,3,27,4,False,13
7392,2020-03-28,2020,1,3,28,5,True,13
7393,2020-03-29,2020,1,3,29,6,True,13
7394,2020-03-30,2020,1,3,30,0,False,14
7395,2020-03-31,2020,1,3,31,1,False,14
7396,2020-04-01,2020,2,4,1,2,False,14
7397,2020-04-02,2020,2,4,2,3,False,14
7398,2020-04-03,2020,2,4,3,4,False,14
7399,2020-04-04,2020,2,4,4,5,True,14
7400,2020-04-05,2020,2,4,5,6,True,14
7401,2020-04-06,2020,2,4,6,0,False,15
7402,2020-04-07,2020,2,4,7,1,False,15
7403,2020-04-08,2020,2,4,8,2,False,15
7404,2020-04-09,2020,2,4,9,3,False,15
7405,2020-04-10,2020,2,4,10,4,False,15
7406,2020-04-11,2020,2,4,11,5,True,15
7407,2020-04-12,2020,2,4,12,6,True,15
7408,2020-04-13,2020,2,4,13,0,False,16
7409,2020-04-14,2020,2,4,14,1,False,16
7410,2020-04-15,2020,2,4,15,2,False,16
7411,2020-04-16,2020,2,4,16,3,False,16
7412,2020-04-17,2020,2,4,17,4,False,16
7413,2020-04-18,2020,2,4,18,5,True,16
7414,2020-04-19,2020,2,4,19,6,True,16
7415,2020-04-20,2020,2,4,20,0,False,17
7416,2020-04-21,2020,2,4,21,1,False,17
7417,2020-04-22,2020,2,4,22,2,False,17
7418,2020-04-23,2020,2,4,23,3,False,17
7419,2020-04-24,2020,2,4,24,4,False,17
7420,2020-04-25,2020,2,4,25,5,True,17
7421,2020-04-26,2020,2,4,26,6,True,17
7422,2020-04-27,2020,2,4,27,0,False,18
7423,2020-04-28,2020,2,4,28,1,False,18
7424,2020-04-29,2020,2,4,29,2,False,18
7425,2020-04-30,2020,2,4,30,3,False,18
7426,2020-05-01,2020,2,5,1,4,False,18
7427,2020-05-02,2020,2,5,2,5,True,18
7428,2020-05-03,2020,2,5,3,6,True,18
7429,2020-05-04,2020,2,5,4,0,False,19
7430,2020-05-05,2020,2,5,5,1,False,19
7431,2020-05-06,2020,2,5,6,2,False,19
7432,2020-05-07,2020,2,5,7,3,False,19
7433,2020-05-08,2020,2,5,8,4,False,19
7434,2020-05-09,2020,2,5,9,5,True,19
7435,2020-05-10,2020,2,5,10,6,True,19
7436,2020-05-11,2020,2,5,11,0,False,20
7437,2020-05-12,2020,2,5,12,1,False,20
7438,2020-05-13,2020,2,5,13,2,False,20
7439,2020-05-14,2020,2,5,14,3,False,20
7440,2020-05-15,2020,2,5,15,4,False,20
7441,2020-05-16,2020,2,5,16,5,True,20
7442,2020-05-17,2020,2,5,17,6,True,20
7443,2020-05-18,2020,2,5,18,0,False,21
7444,2020-05-19,2020,2,5,19,1,False,21
7445,2020-05-20,2020,2,5,20,2,False,21
7446,2020-05-21,2020,2,5,21,3,False,21
7447,2020-05-22,2020,2,5,22,4,False,21
7448,2020-05-23,2020,2,5,23,5,True,21
7449,2020-05-24,2020,2,5,24,6,True,21
7450,2020-05-25,2020,2,5,25,0,False,22
7451,2020-05-26,2020,2,5,26,1,False,22
7452,2020-05-27,2020,2,5,27,2,False,22
7453,2020-05-28,2020,2,5,28,3,False,22
7454,2020-05-29,2020,2,5,29,4,False,22
7455,2020-05-30,2020,2,5,30,5,True,22
7456,2020-05-31,2020,2,5,31,6,True,22
7457,2020-06-01,2020,2,6,1,0,False,23
7458,2020-06-02,2020,2,6,2,1,False,23
7459,2020-06-03,2020,2,6,3,2,False,23
7460,2020-06-04,2020,2,6,4,3,False,23
7461,2020-06-05,2020,2,6,5,4,False,23
7462,2020-06-06,2020,2,6,6,5,True,23
7463,2020-06-07,2020,2,6,7,6,True,23
7464,2020-06-08,2020,2,6,8,0,False,24
7465,2020-06-09,2020,2,6,9,1,False,24
7466,2020-06-10,2020,2,6,10,2,False,24
7467,2020-06-11,2020,2,6,11,3,False,24
7468,2020-06-12,2020,2,6,12,4,False,24
7469,2020-06-13,2020,2,6,13,5,True,24
7470,2020-06-14,2020,2,6,14,6,True,24
7471,2020-06-15,2020,2,6,15,0,False,25
7472,2020-06-16,2020,2,6,16,1,False,25
7473,2020-06-17,2020,2,6,17,2,False,25
7474,2020-06-18,2020,2,6,18,3,False,25
7475,2020-06-19,2020,2,6,19,4,False,25
7476,2020-06-20,2020,2,6,20,5,True,25
7477,2020-06-21,2020,2,6,21,6,True,25
7478,2020-06-22,2020,2,6,22,0,False,26
7479,2020-06-23,2020,2,6,23,1,False,26
7480,2020-06-24,2020,2,6,24,2,False,26
7481,2020-06-25,2020,2,6,25,3,False,26
7482,2020-06-26,2020,2,6,26,4,False,26
7483,2020-06-27,2020,2,6,27,5,True,26
7484,2020-06-28,2020,2,6,28,6,True,26
7485,2020-06-29,2020,2,6,29,0,False,27
7486,2020-06-30,2020,2,6,30,1,False,27
7487,2020-07-01,2020,3,7,1,2,False,27
7488,2020-07-02,2020,3,7,2,3,False,27
7489,2020-07-03,2020,3,7,3,4,False,27
7490,2020-07-04,2020,3,7,4,5,True,27
7491,2020-07-05,2020,3,7,5,6,True,27
7492,2020-07-06,2020,3,7,6,0,False,28
7493,2020-07-07,2020,3,7,7,1,False,28
7494,2020-07-08,2020,3,7,8,2,False,28
7495,2020-07-09,2020,3,7,9,3,False,28
7496,2020-07-10,2020,3,7,10,4,False,28
7497,2020-07-11,2020,3,7,11,5,True,28
7498,2020-07-12,2020,3,7,12,6,True,28
7499,2020-07-13,2020,3,7,13,0,False,29
7500,2020-07-14,2020,3,7,14,1,False,29
7501,2020-07-15,2020,3,7,15,2,False,29
7502,2020-07-16,2020,3,7,16,3,False,29
7503,2020-07-17,2020,3,7,17,4,False,29
7504,2020-07-18,2020,3,7,18,5,True,29
7505,2020-07-19,2020,3,7,19,6,True,29
7506,2020-07-20,2020,3,7,20,0,False,30
7507,2020-07-21,2020,3,7,21,1,False,30
7508,2020-07-22,2020,3,7,22,2,False,30
7509,2020-07-23,2020,3,7,23,3,False,30
7510,2020-07-24,2020,3,7,24,4,False,30
7511,2020-07-25,2020,3,7,25,5,True,30
7512,2020-07-26,2020,3,7,26,6,True,30
7513,2020-07-27,2020,3,7,27,0,False,31
7514,2020-07-28,2020,3,7,28,1,False,31
7515,2020-07-29,2020,3,7,29,2,False,31
7516,2020-07-30,2020,3,7,30,3,False,31
7517,2020-07-31,2020,3,7,31,4,False,31
7518,2020-08-01,2020,3,8,1,5,True,31
7519,2020-08-02,2020,3,8,2,6,True,31
7520,2020-08-03,2020,3,8,3,0,False,32
7521,2020-08-04,2020,3,8,4,1,False,32
7522,2020-08-05,2020,3,8,5,2,False,32
7523,2020-08-06,2020,3,8,6,3,False,32
7524,2020-08-07,2020,3,8,7,4,False,32
7525,2020-08-08,2020,3,8,8,5,True,32
7526,2020-08-09,2020,3,8,9,6,True,32
7527,2020-08-10,2020,3,8,10,0,False,33
7528,2020-08-11,2020,3,8,11,1,False,33
7529,2020-08-12,2020,3,8,12,2,False,33
7530,2020-08-13,2020,3,8,13,3,False,33
7531,2020-08-14,2020,3,8,14,4,False,33
7532,2020-08-15,2020,3,8,15,5,True,33
7533,2020-08-16,2020,3,8,16,6,True,33
7534,2020-08-17,2020,3,8,17,0,False,34
7535,2020-08-18,2020,3,8,18,1,False,34
7536,2020-08-19,2020,3,8,19,2,False,34
7537,2020-08-20,2020,3,8,20,3,False,34
7538,2020-08-21,2020,3,8,21,4,False,34
7539,2020-08-22,2020,3,8,22,5,True,34
7540,2020-08-23,2020,3,8,23,6,True,34
7541,2020-08-24,2020,3,8,24,0,False,35
7542,2020-08-25,2020,3,8,25,1,False,35
7543,2020-08-26,2020,3,8,26,2,False,35
7544,2020-08-27,2020,3,8,27,3,False,35
7545,2020-08-28,2020,3,8,28,4,False,35
7546,2020-08-29,2020,3,8,29,5,True,35
7547,2020-08-30,2020,3,8,30,6,True,35
7548,2020-08-31,2020,3,8,31,0,False,36
7549,2020-09-01,2020,3,9,1,1,False,36
7550,2020-09-02,2020,3,9,2,2,False,36
7551,2020-09-03,2020,3,9,3,3,False,36
7552,2020-09-04,2020,3,9,4,4,False,36
7553,2020-09-05,2020,3,9,5,5,True,36
7554,2020-09-06,2020,3,9,6,6,True,36
7555,2020-09-07,2020,3,9,7,0,False,37
7556,2020-09-08,2020,3,9,8,1,False,37
7557,2020-09-09,2020,3,9,9,2,False,37
7558,2020-09-10,2020,3,9,10,3,False,37
7559,2020-09-11,2020,3,9,11,4,False,37
7560,2020-09-12,2020,3,9,12,5,True,37
7561,2020-09-13,2020,3,9,13,6,True,37
7562,2020-09-14,2020,3,9,14,0,False,38
7563,2020-09-15,2020,3,9,15,1,False,38
7564,2020-09-16,2020,3,9,16,2,False,38
7565,2020-09-17,2020,3,9,17,3,False,38
7566,2020-09-18,2020,3,9,18,4,False,38
7567,2020-09-19,2020,3,9,19,5,True,38
7568,2020-09-20,2020,3,9,20,6,True,38
7569,2020-09-21,2020,3,9,21,0,False,39
7570,2020-09-22,2020,3,9,22,1,False,39
7571,2020-09-23,2020,3,9,23,2,False,39
7572,2020-09-24,2020,3,9,24,3,False,39
7573,2020-09-25,2020,3,9,25,4,False,39
7574,2020-09-26,2020,3,9,26,5,True,39
7575,2020-09-27,2020,3,9,27,6,True,39
7576,2020-09-28,2020,3,9,28,0,False,40
7577,2020-09-29,2020,3,9,29,1,False,40
7578,2020-09-30,2020,3,9,30,2,False,40
7579,2020-10-01,2020,4,10,1,3,False,40
7580,2020-10-02,2020,4,10,2,4,False,40
7581,2020-10-03,2020,4,10,3,5,True,40
7582,2020-10-04,2020,4,10,4,6,True,40
7583,2020-10-05,2020,4,10,5,0,False,41
7584,2020-10-06,2020,4,10,6,1,False,41
7585,2020-10-07,2020,4,10,7,2,False,41
7586,2020-10-08,2020,4,10,8,3,False,41
7587,2020-10-09,2020,4,10,9,4,False,41
7588,2020-10-10,2020,4,10,10,5,True,41
7589,2020-10-11,2020,4,10,11,6,True,41
7590,2020-10-12,2020,4,10,12,0,False,42
7591,2020-10-13,2020,4,10,13,1,False,42
7592,2020-10-14,2020,4,10,14,2,False,42
7593,2020-10-15,2020,4,10,15,3,False,42
7594,2020-10-16,2020,4,10,16,4,False,42
7595,2020-10-17,2020,4,10,17,5,True,42
7596,2020-10-18,2020,4,10,18,6,True,42
7597,2020-10-19,2020,4,10,19,0,False,43
7598,2020-10-20,2020,4,10,20,1,False,43
7599,2020-10-21,2020,4,10,21,2,False,43
7600,2020-10-22,2020,4,10,22,3,False,43
7601,2020-10-23,2020,4,10,23,4,False,43
7602,2020-10-24,2020,4,10,24,5,True,43
7603,2020-10-25,2020,4,10,25,6,True,43
7604,2020-10-26,2020,4,10,26,0,False,44
7605,2020-10-27,2020,4,10,27,1,False,44
7606,2020-10-28,2020,4,10,28,2,False,44
7607,2020-10-29,2020,4,10,29,3,False,44
7608,2020-10-30,2020,4,10,30,4,False,44
7609,2020-10-31,2020,4,10,31,5,True,44
7610,2020-11-01,2020,4,11,1,6,True,44
7611,2020-11-02,2020,4,11,2,0,False,45
7612,2020-11-03,2020,4,11,3,1,False,45
7613,2020-11-04,2020,4,11,4,2,False,45
7614,2020-11-05,2020,4,11,5,3,False,45
7615,2020-11-06,2020,4,11,6,4,False,45
7616,2020-11-07,2020,4,11,7,5,True,45
7617,2020-11-08,2020,4,11,8,6,True,45
7618,2020-11-09,2020,4,11,9,0,False,46
7619,2020-11-10,2020,4,11,10,1,False,46
7620,2020-11-11,2020,4,11,11,2,False,46
7621,2020-11-12,2020,4,11,12,3,False,46
7622,2020-11-13,2020,4,11,13,4,False,46
7623,2020-11-14,2020,4,11,14,5,True,46
7624,2020-11-15,2020,4,11,15,6,True,46
7625,2020-11-16,2020,4,11,16,0,False,47
7626,2020-11-17,2020,4,11,17,1,False,47
7627,2020-11-18,2020,4,11,18,2,False,47
7628,2020-11-19,2020,4,11,19,3,False,47
7629,2020-11-20,2020,4,11,20,4,False,47
7630,2020-11-21,2020,4,11,21,5,True,47
7631,2020-11-22,2020,4,11,22,6,True,47
7632,2020-11-23,2020,4,11,23,0,False,48
7633,2020-11-24,2020,4,11,24,1,False,48
7634,2020-11-25,2020,4,11,25,2,False,48
7635,2020-11-26,2020,4,11,26,3,False,48
7636,2020-11-27,2020,4,11,27,4,False,48
7637,2020-11-28,2020,4,11,28,5,True,48
7638,2020-11-29,2020,4,11,29,6,True,48
7639,2020-11-30,2020,4,11,30,0,False,49
7640,2020-12-01,2020,4,12,1,1,False,49
7641,2020-12-02,2020,4,12,2,2,False,49
7642,2020-12-03,2020,4,12,3,3,False,49
7643,2020-12-04,2020,4,12,4,4,False,49
7644,2020-12-05,2020,4,12,5,5,True,49
7645,2020-12-06,2020,4,12,6,6,True,49
7646,2020-12-07,2020,4,12,7,0,False,50
7647,2020-12-08,2020,4,12,8,1,False,50
7648,2020-12-09,2020,4,12,9,2,False,50
7649,2020-12-10,2020,4,12,10,3,False,50
7650,2020-12-11,2020,4,12,11,4,False,50
7651,2020-12-12,2020,4,12,12,5,True,50
7652,2020-12-13,2020,4,12,13,6,True,50
7653,2020-12-14,2020,4,12,14,0,False,51
7654,2020-12-15,2020,4,12,15,1,False,51
7655,2020-12-16,2020,4,12,16,2,False,51
7656,2020-12-17,2020,4,12,17,3,False,51
7657,2020-12-18,2020,4,12,18,4,False,51
7658,2020-12-19,2020,4,12,19,5,True,51
7659,2020-12-20,2020,4,12,20,6,True,51
7660,2020-12-21,2020,4,12,21,0,False,52
7661,2020-12-22,2020,4,12,22,1,False,52
7662,2020-12-23,2020,4,12,23,2,False,52
7663,2020-12-24,2020,4,12,24,3,False,52
7664,2020-12-25,2020,4,12,25,4,False,52
7665,2020-12-26,2020,4,12,26,5,True,52
7666,2020-12-27,2020,4,12,27,6,True,52
7667,2020-12-28,2020,4,12,28,0,False,53
7668,2020-12-29,2020,4,12,29,1,False,53
7669,2020-12-30,2020,4,12,30,2,False,53
7670,2020-12-31,2020,4,12,31,3,False,53
7671,2021-01-01,2021,1,1,1,4,False,53
7672,2021-01-02,2021,1,1,2,5,True,53
7673,2021-01-03,2021,1,1,3,6,True,53
7674,2021-01-04,2021,1,1,4,0,False,1
7675,2021-01-05,2021,1,1,5,1,False,1
7676,2021-01-06,2021,1,1,6,2,False,1
7677,2021-01-07,2021,1,1,7,3,False,1
7678,2021-01-08,2021,1,1,8,4,False,1
7679,2021-01-09,2021,1,1,9,5,True,1
7680,2021-01-10,2021,1,1,10,6,True,1
7681,2021-01-11,2021,1,1,11,0,False,2
7682,2021-01-12,2021,1,1,12,1,False,2
7683,2021-01-13,2021,1,1,13,2,False,2
7684,2021-01-14,2021,1,1,14,3,False,2
7685,2021-01-15,2021,1,1,15,4,False,2
7686,2021-01-16,2021,1,1,16,5,True,2
7687,2021-01-17,2021,1,1,17,6,True,2
7688,2021-01-18,2021,1,1,18,0,False,3
7689,2021-01-19,2021,1,1,19,1,False,3
7690,2021-01-20,2021,1,1,20,2,False,3
7691,2021-01-21,2021,1,1,21,3,False,3
7692,2021-01-22,2021,1,1,22,4,False,3
7693,2021-01-23,2021,1,1,23,5,True,3
7694,2021-01-24,2021,1,1,24,6,True,3
7695,2021-01-25,2021,1,1,25,0,False,4
7696,2021-01-26,2021,1,1,26,1,False,4
7697,2021-01-27,2021,1,1,27,2,False,4
7698,2021-01-28,2021,1,1,28,3,False,4
7699,2021-01-29,2021,1,1,29,4,False,4
7700,2021-01-30,2021,1,1,30,5,True,4
7701,2021-01-31,2021,1,1,31,6,True,4
7702,2021-02-01,2021,1,2,1,0,False,5
7703,2021-02-02,2021,1,2,2,1,False,5
7704,2021-02-03,2021,1,2,3,2,False,5
7705,2021-02-04,2021,1,2,4,3,False,5
7706,2021-02-05,2021,1,2,5,4,False,5
7707,2021-02-06,2021,1,2,6,5,True,5
7708,2021-02-07,2021,1,2,7,6,True,5
7709,2021-02-08,2021,1,2,8,0,False,6
7710,2021-02-09,2021,1,2,9,1,False,6
7711,2021-02-10,2021,1,2,10,2,False,6
7712,2021-02-11,2021,1,2,11,3,False,6
7713,2021-02-12,2021,1,2,12,4,False,6
7714,2021-02-13,2021,1,2,13,5,True,6
7715,2021-02-14,2021,1,2,14,6,True,6
7716,2021-02-15,2021,1,2,15,0,False,7
7717,2021-02-16,2021,1,2,16,1,False,7
7718,2021-02-17,2021,1,2,17,2,False,7
7719,2021-02-18,2021,1,2,18,3,False,7
7720,2021-02-19,2021,1,2,19,4,False,7
7721,2021-02-20,2021,1,2,20,5,True,7
7722,2021-02-21,2021,1,2,21,6,True,7
7723,2021-02-22,2021,1,2,22,0,False,8
7724,2021-02-23,2021,1,2,23,1,False,8
7725,2021-02-24,2021,1,2,24,2,False,8
7726,2021-02-25,2021,1,2,25,3,False,8
7727,2021-02-26,2021,1,2,26,4,False,8
7728,2021-02-27,2021,1,2,27,5,True,8
7729,2021-02-28,2021,1,2,28,6,True,8
7730,2021-03-01,2021,1,3,1,0,False,9
7731,2021-03-02,2021,1,3,2,1,False,9
7732,2021-03-03,2021,1,3,3,2,False,9
7733,2021-03-04,2021,1,3,4,3,False,9
7734,2021-03-05,2021,1,3,5,4,False,9
7735,2021-03-06,2021,1,3,6,5,True,9
7736,2021-03-07,2021,1,3,7,6,True,9
7737,2021-03-08,2021,1,3,8,0,False,10
7738,2021-03-09,2021,1,3,9,1,False,10
7739,2021-03-10,2021,1,3,10,2,False,10
7740,2021-03-11,2021,1,3,11,3,False,10
7741,2021-03-12,2021,1,3,12,4,False,10
7742,2021-03-13,2021,1,3,13,5,True,10
7743,2021-03-14,2021,1,3,14,6,True,10
7744,2021-03-15,2021,1,3,15,0,False,11
7745,2021-03-16,2021,1,3,16,1,False,11
7746,2021-03-17,2021,1,3,17,2,False,11
7747,2021-03-18,2021,1,3,18,3,False,11
7748,2021-03-19,2021,1,3,19,4,False,11
7749,2021-03-20,2021,1,3,20,5,True,11
7750,2021-03-21,2021,1,3,21,6,True,11
7751,2021-03-22,2021,1,3,22,0,False,12
7752,2021-03-23,2021,1,3,23,1,False,12
7753,2021-03-24,2021,1,3,24,2,False,12
7754,2021-03-25,2021,1,3,25,3,False,12
7755,2021-03-26,2021,1,3,26,4,False,12
7756,2021-03-27,2021,1,3,27,5,True,12
7757,2021-03-28,2021,1,3,28,6,True,12
7758,2021-03-29,2021,1,3,29,0,False,13
7759,2021-03-30,2021,1,3,30,1,False,13
7760,2021-03-31,2021,1,3,31,2,False,13
7761,2021-04-01,2021,2,4,1,3,False,13
7762,2021-04-02,2021,2,4,2,4,False,13
7763,2021-04-03,2021,2,4,3,5,True,13
7764,2021-04-04,2021,2,4,4,6,True,13
7765,2021-04-05,2021,2,4,5,0,False,14
7766,2021-04-06,2021,2,4,6,1,False,14
7767,2021-04-07,2021,2,4,7,2,False,14
7768,2021-04-08,2021,2,4,8,3,False,14
7769,2021-04-09,2021,2,4,9,4,False,14
7770,2021-04-10,2021,2,4,10,5,True,14
7771,2021-04-11,2021,2,4,11,6,True,14
7772,2021-04-12,2021,2,4,12,0,False,15
7773,2021-04-13,2021,2,4,13,1,False,15
7774,2021-04-14,2021,2,4,14,2,False,15
7775,2021-04-15,2021,2,4,15,3,False,15
7776,2021-04-16,2021,2,4,16,4,False,15
7777,2021-04-17,2021,2,4,17,5,True,15
7778,2021-04-18,2021,2,4,18,6,True,15
7779,2021-04-19,2021,2,4,19,0,False,16
7780,2021-04-20,2021,2,4,20,1,False,16
7781,2021-04-21,2021,2,4,21,2,False,16
7782,2021-04-22,2021,2,4,22,3,False,16
7783,2021-04-23,2021,2,4,23,4,False,16
7784,2021-04-24,2021,2,4,24,5,True,16
7785,2021-04-25,2021,2,4,25,6,True,16
7786,2021-04-26,2021,2,4,26,0,False,17
7787,2021-04-27,2021,2,4,27,1,False,17
7788,2021-04-28,2021,2,4,28,2,False,17
7789,2021-04-29,2021,2,4,29,3,False,17
7790,2021-04-30,2021,2,4,30,4,False,17
7791,2021-05-01,2021,2,5,1,5,True,17
7792,2021-05-02,2021,2,5,2,6,True,17
7793,2021-05-03,2021,2,5,3,0,False,18
7794,2021-05-04,2021,2,5,4,1,False,18
7795,2021-05-05,2021,2,5,5,2,False,18
7796,2021-05-06,2021,2,5,6,3,False,18
7797,2021-05-07,2021,2,5,7,4,False,18
7798,2021-05-08,2021,2,5,8,5,True,18
7799,2021-05-09,2021,2,5,9,6,True,18
7800,2021-05-10,2021,2,5,10,0,False,19
7801,2021-05-11,2021,2,5,11,1,False,19
7802,2021-05-12,2021,2,5,12,2,False,19
7803,2021-05-13,2021,2,5,13,3,False,19
7804,2021-05-14,2021,2,5,14,4,False,19
7805,2021-05-15,2021,2,5,15,5,True,19
7806,2021-05-16,2021,2,5,16,6,True,19
7807,2021-05-17,2021,2,5,17,0,False,20
7808,2021-05-18,2021,2,5,18,1,False,20
7809,2021-05-19,2021,2,5,19,2,False,20
7810,2021-05-20,2021,2,5,20,3,False,20
7811,2021-05-21,2021,2,5,21,4,False,20
7812,2021-05-22,2021,2,5,22,5,True,20
7813,2021-05-23,2021,2,5,23,6,True,20
7814,2021-05-24,2021,2,5,24,0,False,21
7815,2021-05-25,2021,2,5,25,1,False,21
7816,2021-05-26,2021,2,5,26,2,False,21
7817,2021-05-27,2021,2,5,27,3,False,21
7818,2021-05-28,2021,2,5,28,4,False,21
7819,2021-05-29,2021,2,5,29,5,True,21
7820,2021-05-30,2021,2,5,30,6,True,21
7821,2021-05-31,2021,2,5,31,0,False,22
7822,2021-06-01,2021,2,6,1,1,False,22
7823,2021-06-02,2021,2,6,2,2,False,22
7824,2021-06-03,2021,2,6,3,3,False,22
7825,2021-06-04,2021,2,6,4,4,False,22
7826,2021-06-05,2021,2,6,5,5,True,22
7827,2021-06-06,2021,2,6,6,6,True,22
7828,2021-06-07,2021,2,6,7,0,False,23
7829,2021-06-08,2021,2,6,8,1,False,23
7830,2021-06-09,2021,2,6,9,2,False,23
7831,2021-06-10,2021,2,6,10,3,False,23
7832,2021-06-11,2021,2,6,11,4,False,23
7833,2021-06-12,2021,2,6,12,5,True,23
7834,2021-06-13,2021,2,6,13,6,True,23
7835,2021-06-14,2021,2,6,14,0,False,24
7836,2021-06-15,2021,2,6,15,1,False,24
7837,2021-06-16,2021,2,6,16,2,False,24
7838,2021-06-17,2021,2,6,17,3,False,24
7839,2021-06-18,2021,2,6,18,4,False,24
7840,2021-06-19,2021,2,6,19,5,True,24
7841,2021-06-20,2021,2,6,20,6,True,24
7842,2021-06-21,2021,2,6,21,0,False,25
7843,2021-06-22,2021,2,6,22,1,False,25
7844,2021-06-23,2021,2,6,23,2,False,25
7845,2021-06-24,2021,2,6,24,3,False,25
7846,2021-06-25,2021,2,6,25,4,False,25
7847,2021-06-26,2021,2,6,26,5,True,25
7848,2021-06-27,2021,2,6,27,6,True,25
7849,2021-06-28,2021,2,6,28,0,False,26
7850,2021-06-29,2021,2,6,29,1,False,26
7851,2021-06-30,2021,2,6,30,2,False,26
7852,2021-07-01,2021,3,7,1,3,False,26
7853,2021-07-02,2021,3,7,2,4,False,26
7854,2021-07-03,2021,3,7,3,5,True,26
7855,2021-07-04,2021,3,7,4,6,True,26
7856,2021-07-05,2021,3,7,5,0,False,27
7857,2021-07-06,2021,3,7,6,1,False,27
7858,2021-07-07,2021,3,7,7,2,False,27
7859,2021-07-08,2021,3,7,8,3,False,27
7860,2021-07-09,2021,3,7,9,4,False,27
7861,2021-07-10,2021,3,7,10,5,True,27
7862,2021-07-11,2021,3,7,11,6,True,27
7863,2021-07-12,2021,3,7,12,0,False,28
7864,2021-07-13,2021,3,7,13,1,False,28
7865,2021-07-14,2021,3,7,14,2,False,28
7866,2021-07-15,2021,3,7,15,3,False,28
7867,2021-07-16,2021,3,7,16,4,False,28
7868,2021-07-17,2021,3,7,17,5,True,28
7869,2021-07-18,2021,3,7,18,6,True,28
7870,2021-07-19,2021,3,7,19,0,False,29
7871,2021-07-20,2021,3,7,20,1,False,29
7872,2021-07-21,2021,3,7,21,2,False,29
7873,2021-07-22,2021,3,7,22,3,False,29
7874,2021-07-23,2021,3,7,23,4,False,29
7875,2021-07-24,2021,3,7,24,5,True,29
7876,2021-07-25,2021,3,7,25,6,True,29
7877,2021-07-26,2021,3,7,26,0,False,30
7878,2021-07-27,2021,3,7,27,1,False,30
7879,2021-07-28,2021,3,7,28,2,False,30
7880,2021-07-29,2021,3,7,29,3,False,30
7881,2021-07-30,2021,3,7,30,4,False,30
7882,2021-07-31,2021,3,7,31,5,True,30
7883,2021-08-01,2021,3,8,1,6,True,30
7884,2021-08-02,2021,3,8,2,0,False,31
7885,2021-08-03,2021,3,8,3,1,False,31
7886,2021-08-04,2021,3,8,4,2,False,31
7887,2021-08-05,2021,3,8,5,3,False,31
7888,2021-08-06,2021,3,8,6,4,False,31
7889,2021-08-07,2021,3,8,7,5,True,31
7890,2021-08-08,2021,3,8,8,6,True,31
7891,2021-08-09,2021,3,8,9,0,False,32
7892,2021-08-10,2021,3,8,10,1,False,32
7893,2021-08-11,2021,3,8,11,2,False,32
7894,2021-08-12,2021,3,8,12,3,False,32
7895,2021-08-13,2021,3,8,13,4,False,32
7896,2021-08-14,2021,3,8,14,5,True,32
7897,2021-08-15,2021,3,8,15,6,True,32
7898,2021-08-16,2021,3,8,16,0,False,33
7899,2021-08-17,2021,3,8,17,1,False,33
7900,2021-08-18,2021,3,8,18,2,False,33
7901,2021-08-19,2021,3,8,19,3,False,33
7902,2021-08-20,2021,3,8,20,4,False,33
7903,2021-08-21,2021,3,8,21,5,True,33
7904,2021-08-22,2021,3,8,22,6,True,33
7905,2021-08-23,2021,3,8,23,0,False,34
7906,2021-08-24,2021,3,8,24,1,False,34
7907,2021-08-25,2021,3,8,25,2,False,34
7908,2021-08-26,2021,3,8,26,3,False,34
7909,2021-08-27,2021,3,8,27,4,False,34
7910,2021-08-28,2021,3,8,28,5,True,34
7911,2021-08-29,2021,3,8,29,6,True,34
7912,2021-08-30,2021,3,8,30,0,False,35
7913,2021-08-31,2021,3,8,31,1,False,35
7914,2021-09-01,2021,3,9,1,2,False,35
7915,2021-09-02,2021,3,9,2,3,False,35
7916,2021-09-03,2021,3,9,3,4,False,35
7917,2021-09-04,2021,3,9,4,5,True,35
7918,2021-09-05,2021,3,9,5,6,True,35
7919,2021-09-06,2021,3,9,6,0,False,36
7920,2021-09-07,2021,3,9,7,1,False,36
7921,2021-09-08,2021,3,9,8,2,False,36
7922,2021-09-09,2021,3,9,9,3,False,36
7923,2021-09-10,2021,3,9,10,4,False,36
7924,2021-09-11,2021,3,9,11,5,True,36
7925,2021-09-12,2021,3,9,12,6,True,36
7926,2021-09-13,2021,3,9,13,0,False,37
7927,2021-09-14,2021,3,9,14,1,False,37
7928,2021-09-15,2021,3,9,15,2,False,37
7929,2021-09-16,2021,3,9,16,3,False,37
7930,2021-09-17,2021,3,9,17,4,False,37
7931,2021-09-18,2021,3,9,18,5,True,37
7932,2021-09-19,2021,3,9,19,6,True,37
7933,2021-09-20,2021,3,9,20,0,False,38
7934,2021-09-21,2021,3,9,21,1,False,38
7935,2021-09-22,2021,3,9,22,2,False,38
7936,2021-09-23,2021,3,9,23,3,False,38
7937,2021-09-24,2021,3,9,24,4,False,38
7938,2021-09-25,2021,3,9,25,5,True,38
7939,2021-09-26,2021,3,9,26,6,True,38
7940,2021-09-27,2021,3,9,27,0,False,39
7941,2021-09-28,2021,3,9,28,1,False,39
7942,2021-09-29,2021,3,9,29,2,False,39
7943,2021-09-30,2021,3,9,30,3,False,39
7944,2021-10-01,2021,4,10,1,4,False,39
7945,2021-10-02,2021,4,10,2,5,True,39
7946,2021-10-03,2021,4,10,3,6,True,39
7947,2021-10-04,2021,4,10,4,0,False,40
7948,2021-10-05,2021,4,10,5,1,False,40
7949,2021-10-06,2021,4,10,6,2,False,40
7950,2021-10-07,2021,4,10,7,3,False,40
7951,2021-10-08,2021,4,10,8,4,False,40
7952,2021-10-09,2021,4,10,9,5,True,40
7953,2021-10-10,2021,4,10,10,6,True,40
7954,2021-10-11,2021,4,10,11,0,False,41
7955,2021-10-12,2021,4,10,12,1,False,41
7956,2021-10-13,2021,4,10,13,2,False,41
7957,2021-10-14,2021,4,10,14,3,False,41
7958,2021-10-15,2021,4,10,15,4,False,41
7959,2021-10-16,2021,4,10,16,5,True,41
7960,2021-10-17,2021,4,10,17,6,True,41
7961,2021-10-18,2021,4,10,18,0,False,42
7962,2021-10-19,2021,4,10,19,1,False,42
7963,2021-10-20,2021,4,10,20,2,False,42
7964,2021-10-21,2021,4,10,21,3,False,42
7965,2021-10-22,2021,4,10,22,4,False,42
7966,2021-10-23,2021,4,10,23,5,True,42
7967,2021-10-24,2021,4,10,24,6,True,42
7968,2021-10-25,2021,4,10,25,0,False,43
7969,2021-10-26,2021,4,10,26,1,False,43
7970,2021-10-27,2021,4,10,27,2,False,43
7971,2021-10-28,2021,4,10,28,3,False,43
7972,2021-10-29,2021,4,10,29,4,False,43
7973,2021-10-30,2021,4,10,30,5,True,43
7974,2021-10-31,2021,4,10,31,6,True,43
7975,2021-11-01,2021,4,11,1,0,False,44
7976,2021-11-02,2021,4,11,2,1,False,44
7977,2021-11-03,2021,4,11,3,2,False,44
7978,2021-11-04,2021,4,11,4,3,False,44
7979,2021-11-05,2021,4,11,5,4,False,44
7980,2021-11-06,2021,4,11,6,5,True,44
7981,2021-11-07,2021,4,11,7,6,True,44
7982,2021-11-08,2021,4,11,8,0,False,45
7983,2021-11-09,2021,4,11,9,1,False,45
7984,2021-11-10,2021,4,11,10,2,False,45
7985,2021-11-11,2021,4,11,11,3,False,45
7986,2021-11-12,2021,4,11,12,4,False,45
7987,2021-11-13,2021,4,11,13,5,True,45
7988,2021-11-14,2021,4,11,14,6,True,45
7989,2021-11-15,2021,4,11,15,0,False,46
7990,2021-11-16,2021,4,11,16,1,False,46
7991,2021-11-17,2021,4,11,17,2,False,46
7992,2021-11-18,2021,4,11,18,3,False,46
7993,2021-11-19,2021,4,11,19,4,False,46
7994,2021-11-20,2021,4,11,20,5,True,46
7995,2021-11-21,2021,4,11,21,6,True,46
7996,2021-11-22,2021,4,11,22,0,False,47
7997,2021-11-23,2021,4,11,23,1,False,47
7998,2021-11-24,2021,4,11,24,2,False,47
7999,2021-11-25,2021,4,11,25,3,False,47
8000,2021-11-26,2021,4,11,26,4,False,47
8001,2021-11-27,2021,4,11,27,5,True,47
8002,2021-11-28,2021,4,11,28,6,True,47
8003,2021-11-29,2021,4,11,29,0,False,48
8004,2021-11-30,2021,4,11,30,1,False,48
8005,2021-12-01,2021,4,12,1,2,False,48
8006,2021-12-02,2021,4,12,2,3,False,48
8007,2021-12-03,2021,4,12,3,4,False,48
8008,2021-12-04,2021,4,12,4,5,True,48
8009,2021-12-05,2021,4,12,5,6,True,48
8010,2021-12-06,2021,4,12,6,0,False,49
8011,2021-12-07,2021,4,12,7,1,False,49
8012,2021-12-08,2021,4,12,8,2,False,49
8013,2021-12-09,2021,4,12,9,3,False,49
8014,2021-12-10,2021,4,12,10,4,False,49
8015,2021-12-11,2021,4,12,11,5,True,49
8016,2021-12-12,2021,4,12,12,6,True,49
8017,2021-12-13,2021,4,12,13,0,False,50
8018,2021-12-14,2021,4,12,14,1,False,50
8019,2021-12-15,2021,4,12,15,2,False,50
8020,2021-12-16,2021,4,12,16,3,False,50
8021,2021-12-17,2021,4,12,17,4,False,50
8022,2021-12-18,2021,4,12,18,5,True,50
8023,2021-12-19,2021,4,12,19,6,True,50
8024,2021-12-20,2021,4,12,20,0,False,51
8025,2021-12-21,2021,4,12,21,1,False,51
8026,2021-12-22,2021,4,12,22,2,False,51
8027,2021-12-23,2021,4,12,23,3,False,51
8028,2021-12-24,2021,4,12,24,4,False,51
8029,2021-12-25,2021,4,12,25,5,True,51
8030,2021-12-26,2021,4,12,26,6,True,51
8031,2021-12-27,2021,4,12,27,0,False,52
8032,2021-12-28,2021,4,12,28,1,False,52
8033,2021-12-29,2021,4,12,29,2,False,52
8034,2021-12-30,2021,4,12,30,3,False,52
8035,2021-12-31,2021,4,12,31,4,False,52
8036,2022-01-01,2022,1,1,1,5,True,52
8037,2022-01-02,2022,1,1,2,6,True,52
8038,2022-01-03,2022,1,1,3,0,False,1
8039,2022-01-04,2022,1,1,4,1,False,1
8040,2022-01-05,2022,1,1,5,2,False,1
8041,2022-01-06,2022,1,1,6,3,False,1
8042,2022-01-07,2022,1,1,7,4,False,1
8043,2022-01-08,2022,1,1,8,5,True,1
8044,2022-01-09,2022,1,1,9,6,True,1
8045,2022-01-10,2022,1,1,10,0,False,2
8046,2022-01-11,2022,1,1,11,1,False,2
8047,2022-01-12,2022,1,1,12,2,False,2
8048,2022-01-13,2022,1,1,13,3,False,2
8049,2022-01-14,2022,1,1,14,4,False,2
8050,2022-01-15,2022,1,1,15,5,True,2
8051,2022-01-16,2022,1,1,16,6,True,2
8052,2022-01-17,2022,1,1,17,0,False,3
8053,2022-01-18,2022,1,1,18,1,False,3
8054,2022-01-19,2022,1,1,19,2,False,3
8055,2022-01-20,2022,1,1,20,3,False,3
8056,2022-01-21,2022,1,1,21,4,False,3
8057,2022-01-22,2022,1,1,22,5,True,3
8058,2022-01-23,2022,1,1,23,6,True,3
8059,2022-01-24,2022,1,1,24,0,False,4
8060,2022-01-25,2022,1,1,25,1,False,4
8061,2022-01-26,2022,1,1,26,2,False,4
8062,2022-01-27,2022,1,1,27,3,False,4
8063,2022-01-28,2022,1,1,28,4,False,4
8064,2022-01-29,2022,1,1,29,5,True,4
8065,2022-01-30,2022,1,1,30,6,True,4
8066,2022-01-31,2022,1,1,31,0,False,5
8067,2022-02-01,2022,1,2,1,1,False,5
8068,2022-02-02,2022,1,2,2,2,False,5
8069,2022-02-03,2022,1,2,3,3,False,5
8070,2022-02-04,2022,1,2,4,4,False,5
8071,2022-02-05,2022,1,2,5,5,True,5
8072,2022-02-06,2022,1,2,6,6,True,5
8073,2022-02-07,2022,1,2,7,0,False,6
8074,2022-02-08,2022,1,2,8,1,False,6
8075,2022-02-09,2022,1,2,9,2,False,6
8076,2022-02-10,2022,1,2,10,3,False,6
8077,2022-02-11,2022,1,2,11,4,False,6
8078,2022-02-12,2022,1,2,12,5,True,6
8079,2022-02-13,2022,1,2,13,6,True,6
8080,2022-02-14,2022,1,2,14,0,False,7
8081,2022-02-15,2022,1,2,15,1,False,7
8082,2022-02-16,2022,1,2,16,2,False,7
8083,2022-02-17,2022,1,2,17,3,False,7
8084,2022-02-18,2022,1,2,18,4,False,7
8085,2022-02-19,2022,1,2,19,5,True,7
8086,2022-02-20,2022,1,2,20,6,True,7
8087,2022-02-21,2022,1,2,21,0,False,8
8088,2022-02-22,2022,1,2,22,1,False,8
8089,2022-02-23,2022,1,2,23,2,False,8
8090,2022-02-24,2022,1,2,24,3,False,8
8091,2022-02-25,2022,1,2,25,4,False,8
8092,2022-02-26,2022,1,2,26,5,True,8
8093,2022-02-27,2022,1,2,27,6,True,8
8094,2022-02-28,2022,1,2,28,0,False,9
8095,2022-03-01,2022,1,3,1,1,False,9
8096,2022-03-02,2022,1,3,2,2,False,9
8097,2022-03-03,2022,1,3,3,3,False,9
8098,2022-03-04,2022,1,3,4,4,False,9
8099,2022-03-05,2022,1,3,5,5,True,9
8100,2022-03-06,2022,1,3,6,6,True,9
8101,2022-03-07,2022,1,3,7,0,False,10
8102,2022-03-08,2022,1,3,8,1,False,10
8103,2022-03-09,2022,1,3,9,2,False,10
8104,2022-03-10,2022,1,3,10,3,False,10
8105,2022-03-11,2022,1,3,11,4,False,10
8106,2022-03-12,2022,1,3,12,5,True,10
8107,2022-03-13,2022,1,3,13,6,True,10
8108,2022-03-14,2022,1,3,14,0,False,11
8109,2022-03-15,2022,1,3,15,1,False,11
8110,2022-03-16,2022,1,3,16,2,False,11
8111,2022-03-17,2022,1,3,17,3,False,11
8112,2022-03-18,2022,1,3,18,4,False,11
8113,2022-03-19,2022,1,3,19,5,True,11
8114,2022-03-20,2022,1,3,20,6,True,11
8115,2022-03-21,2022,1,3,21,0,False,12
8116,2022-03-22,2022,1,3,22,1,False,12
8117,2022-03-23,2022,1,3,23,2,False,12
8118,2022-03-24,2022,1,3,24,3,False,12
8119,2022-03-25,2022,1,3,25,4,False,12
8120,2022-03-26,2022,1,3,26,5,True,12
8121,2022-03-27,2022,1,3,27,6,True,12
8122,2022-03-28,2022,1,3,28,0,False,13
8123,2022-03-29,2022,1,3,29,1,False,13
8124,2022-03-30,2022,1,3,30,2,False,13
8125,2022-03-31,2022,1,3,31,3,False,13
8126,2022-04-01,2022,2,4,1,4,False,13
8127,2022-04-02,2022,2,4,2,5,True,13
8128,2022-04-03,2022,2,4,3,6,True,13
8129,2022-04-04,2022,2,4,4,0,False,14
8130,2022-04-05,2022,2,4,5,1,False,14
8131,2022-04-06,2022,2,4,6,2,False,14
8132,2022-04-07,2022,2,4,7,3,False,14
8133,2022-04-08,2022,2,4,8,4,False,14
8134,2022-04-09,2022,2,4,9,5,True,14
8135,2022-04-10,2022,2,4,10,6,True,14
8136,2022-04-11,2022,2,4,11,0,False,15
8137,2022-04-12,2022,2,4,12,1,False,15
8138,2022-04-13,2022,2,4,13,2,False,15
8139,2022-04-14,2022,2,4,14,3,False,15
8140,2022-04-15,2022,2,4,15,4,False,15
8141,2022-04-16,2022,2,4,16,5,True,15
8142,2022-04-17,2022,2,4,17,6,True,15
8143,2022-04-18,2022,2,4,18,0,False,16
8144,2022-04-19,2022,2,4,19,1,False,16
8145,2022-04-20,2022,2,4,20,2,False,16
8146,2022-04-21,2022,2,4,21,3,False,16
8147,2022-04-22,2022,2,4,22,4,False,16
8148,2022-04-23,2022,2,4,23,5,True,16
8149,2022-04-24,2022,2,4,24,6,True,16
8150,2022-04-25,2022,2,4,25,0,False,17
8151,2022-04-26,2022,2,4,26,1,False,17
8152,2022-04-27,2022,2,4,27,2,False,17
8153,2022-04-28,2022,2,4,28,3,False,17
8154,2022-04-29,2022,2,4,29,4,False,17
8155,2022-04-30,2022,2,4,30,5,True,17
8156,2022-05-01,2022,2,5,1,6,True,17
8157,2022-05-02,2022,2,5,2,0,False,18
8158,2022-05-03,2022,2,5,3,1,False,18
8159,2022-05-04,2022,2,5,4,2,False,18
8160,2022-05-05,2022,2,5,5,3,False,18
8161,2022-05-06,2022,2,5,6,4,False,18
8162,2022-05-07,2022,2,5,7,5,True,18
8163,2022-05-08,2022,2,5,8,6,True,18
8164,2022-05-09,2022,2,5,9,0,False,19
8165,2022-05-10,2022,2,5,10,1,False,19
8166,2022-05-11,2022,2,5,11,2,False,19
8167,2022-05-12,2022,2,5,12,3,False,19
8168,2022-05-13,2022,2,5,13,4,False,19
8169,2022-05-14,2022,2,5,14,5,True,19
8170,2022-05-15,2022,2,5,15,6,True,19
8171,2022-05-16,2022,2,5,16,0,False,20
8172,2022-05-17,2022,2,5,17,1,False,20
8173,2022-05-18,2022,2,5,18,2,False,20
8174,2022-05-19,2022,2,5,19,3,False,20
8175,2022-05-20,2022,2,5,20,4,False,20
8176,2022-05-21,2022,2,5,21,5,True,20
8177,2022-05-22,2022,2,5,22,6,True,20
8178,2022-05-23,2022,2,5,23,0,False,21
8179,2022-05-24,2022,2,5,24,1,False,21
8180,2022-05-25,2022,2,5,25,2,False,21
8181,2022-05-26,2022,2,5,26,3,False,21
8182,2022-05-27,2022,2,5,27,4,False,21
8183,2022-05-28,2022,2,5,28,5,True,21
8184,2022-05-29,2022,2,5,29,6,True,21
8185,2022-05-30,2022,2,5,30,0,False,22
8186,2022-05-31,2022,2,5,31,1,False,22
8187,2022-06-01,2022,2,6,1,2,False,22
8188,2022-06-02,2022,2,6,2,3,False,22
8189,2022-06-03,2022,2,6,3,4,False,22
8190,2022-06-04,2022,2,6,4,5,True,22
8191,2022-06-05,2022,2,6,5,6,True,22
8192,2022-06-06,2022,2,6,6,0,False,23
8193,2022-06-07,2022,2,6,7,1,False,23
8194,2022-06-08,2022,2,6,8,2,False,23
8195,2022-06-09,2022,2,6,9,3,False,23
8196,2022-06-10,2022,2,6,10,4,False,23
8197,2022-06-11,2022,2,6,11,5,True,23
8198,2022-06-12,2022,2,6,12,6,True,23
8199,2022-06-13,2022,2,6,13,0,False,24
8200,2022-06-14,2022,2,6,14,1,False,24
8201,2022-06-15,2022,2,6,15,2,False,24
8202,2022-06-16,2022,2,6,16,3,False,24
8203,2022-06-17,2022,2,6,17,4,False,24
8204,2022-06-18,2022,2,6,18,5,True,24
8205,2022-06-19,2022,2,6,19,6,True,24
8206,2022-06-20,2022,2,6,20,0,False,25
8207,2022-06-21,2022,2,6,21,1,False,25
8208,2022-06-22,2022,2,6,22,2,False,25
8209,2022-06-23,2022,2,6,23,3,False,25
8210,2022-06-24,2022,2,6,24,4,False,25
8211,2022-06-25,2022,2,6,25,5,True,25
8212,2022-06-26,2022,2,6,26,6,True,25
8213,2022-06-27,2022,2,6,27,0,False,26
8214,2022-06-28,2022,2,6,28,1,False,26
8215,2022-06-29,2022,2,6,29,2,False,26
8216,2022-06-30,2022,2,6,30,3,False,26
8217,2022-07-01,2022,3,7,1,4,False,26
8218,2022-07-02,2022,3,7,2,5,True,26
8219,2022-07-03,2022,3,7,3,6,True,26
8220,2022-07-04,2022,3,7,4,0,False,27
8221,2022-07-05,2022,3,7,5,1,False,27
8222,2022-07-06,2022,3,7,6,2,False,27
8223,2022-07-07,2022,3,7,7,3,False,27
8224,2022-07-08,2022,3,7,8,4,False,27
8225,2022-07-09,2022,3,7,9,5,True,27
8226,2022-07-10,2022,3,7,10,6,True,27
8227,2022-07-11,2022,3,7,11,0,False,28
8228,2022-07-12,2022,3,7,12,1,False,28
8229,2022-07-13,2022,3,7,13,2,False,28
8230,2022-07-14,2022,3,7,14,3,False,28
8231,2022-07-15,2022,3,7,15,4,False,28
8232,2022-07-16,2022,3,7,16,5,True,28
8233,2022-07-17,2022,3,7,17,6,True,28
8234,2022-07-18,2022,3,7,18,0,False,29
8235,2022-07-19,2022,3,7,19,1,False,29
8236,2022-07-20,2022,3,7,20,2,False,29
8237,2022-07-21,2022,3,7,21,3,False,29
8238,2022-07-22,2022,3,7,22,4,False,29
8239,2022-07-23,2022,3,7,23,5,True,29
8240,2022-07-24,2022,3,7,24,6,True,29
8241,2022-07-25,2022,3,7,25,0,False,30
8242,2022-07-26,2022,3,7,26,1,False,30
8243,2022-07-27,2022,3,7,27,2,False,30
8244,2022-07-28,2022,3,7,28,3,False,30
8245,2022-07-29,2022,3,7,29,4,False,30
8246,2022-07-30,2022,3,7,30,5,True,30
8247,2022-07-31,2022,3,7,31,6,True,30
8248,2022-08-01,2022,3,8,1,0,False,31
8249,2022-08-02,2022,3,8,2,1,False,31
8250,2022-08-03,2022,3,8,3,2,False,31
8251,2022-08-04,2022,3,8,4,3,False,31
8252,2022-08-05,2022,3,8,5,4,False,31
8253,2022-08-06,2022,3,8,6,5,True,31
8254,2022-08-07,2022,3,8,7,6,True,31
8255,2022-08-08,2022,3,8,8,0,False,32
8256,2022-08-09,2022,3,8,9,1,False,32
8257,2022-08-10,2022,3,8,10,2,False,32
8258,2022-08-11,2022,3,8,11,3,False,32
8259,2022-08-12,2022,3,8,12,4,False,32
8260,2022-08-13,2022,3,8,13,5,True,32
8261,2022-08-14,2022,3,8,14,6,True,32
8262,2022-08-15,2022,3,8,15,0,False,33
8263,2022-08-16,2022,3,8,16,1,False,33
8264,2022-08-17,2022,3,8,17,2,False,33
8265,2022-08-18,2022,3,8,18,3,False,33
8266,2022-08-19,2022,3,8,19,4,False,33
8267,2022-08-20,2022,3,8,20,5,True,33
8268,2022-08-21,2022,3,8,21,6,True,33
8269,2022-08-22,2022,3,8,22,0,False,34
8270,2022-08-23,2022,3,8,23,1,False,34
8271,2022-08-24,2022,3,8,24,2,False,34
8272,2022-08-25,2022,3,8,25,3,False,34
8273,2022-08-26,2022,3,8,26,4,False,34
8274,2022-08-27,2022,3,8,27,5,True,34
8275,2022-08-28,2022,3,8,28,6,True,34
8276,2022-08-29,2022,3,8,29,0,False,35
8277,2022-08-30,2022,3,8,30,1,False,35
8278,2022-08-31,2022,3,8,31,2,False,35
8279,2022-09-01,2022,3,9,1,3,False,35
8280,2022-09-02,2022,3,9,2,4,False,35
8281,2022-09-03,2022,3,9,3,5,True,35
8282,2022-09-04,2022,3,9,4,6,True,35
8283,2022-09-05,2022,3,9,5,0,False,36
8284,2022-09-06,2022,3,9,6,1,False,36
8285,2022-09-07,2022,3,9,7,2,False,36
8286,2022-09-08,2022,3,9,8,3,False,36
8287,2022-09-09,2022,3,9,9,4,False,36
8288,2022-09-10,2022,3,9,10,5,True,36
8289,2022-09-11,2022,3,9,11,6,True,36
8290,2022-09-12,2022,3,9,12,0,False,37
8291,2022-09-13,2022,3,9,13,1,False,37
8292,2022-09-14,2022,3,9,14,2,False,37
8293,2022-09-15,2022,3,9,15,3,False,37
8294,2022-09-16,2022,3,9,16,4,False,37
8295,2022-09-17,2022,3,9,17,5,True,37
8296,2022-09-18,2022,3,9,18,6,True,37
8297,2022-09-19,2022,3,9,19,0,False,38
8298,2022-09-20,2022,3,9,20,1,False,38
8299,2022-09-21,2022,3,9,21,2,False,38
8300,2022-09-22,2022,3,9,22,3,False,38
8301,2022-09-23,2022,3,9,23,4,False,38
8302,2022-09-24,2022,3,9,24,5,True,38
8303,2022-09-25,2022,3,9,25,6,True,38
8304,2022-09-26,2022,3,9,26,0,False,39
8305,2022-09-27,2022,3,9,27,1,False,39
8306,2022-09-28,2022,3,9,28,2,False,39
8307,2022-09-29,2022,3,9,29,3,False,39
8308,2022-09-30,2022,3,9,30,4,False,39
8309,2022-10-01,2022,4,10,1,5,True,39
8310,2022-10-02,2022,4,10,2,6,True,39
8311,2022-10-03,2022,4,10,3,0,False,40
8312,2022-10-04,2022,4,10,4,1,False,40
8313,2022-10-05,2022,4,10,5,2,False,40
8314,2022-10-06,2022,4,10,6,3,False,40
8315,2022-10-07,2022,4,10,7,4,False,40
8316,2022-10-08,2022,4,10,8,5,True,40
8317,2022-10-09,2022,4,10,9,6,True,40
8318,2022-10-10,2022,4,10,10,0,False,41
8319,2022-10-11,2022,4,10,11,1,False,41
8320,2022-10-12,2022,4,10,12,2,False,41
8321,2022-10-13,2022,4,10,13,3,False,41
8322,2022-10-14,2022,4,10,14,4,False,41
8323,2022-10-15,2022,4,10,15,5,True,41
8324,2022-10-16,2022,4,10,16,6,True,41
8325,2022-10-17,2022,4,10,17,0,False,42
8326,2022-10-18,2022,4,10,18,1,False,42
8327,2022-10-19,2022,4,10,19,2,False,42
8328,2022-10-20,2022,4,10,20,3,False,42
8329,2022-10-21,2022,4,10,21,4,False,42
8330,2022-10-22,2022,4,10,22,5,True,42
8331,2022-10-23,2022,4,10,23,6,True,42
8332,2022-10-24,2022,4,10,24,0,False,43
8333,2022-10-25,2022,4,10,25,1,False,43
8334,2022-10-26,2022,4,10,26,2,False,43
8335,2022-10-27,2022,4,10,27,3,False,43
8336,2022-10-28,2022,4,10,28,4,False,43
8337,2022-10-29,2022,4,10,29,5,True,43
8338,2022-10-30,2022,4,10,30,6,True,43
8339,2022-10-31,2022,4,10,31,0,False,44
8340,2022-11-01,2022,4,11,1,1,False,44
8341,2022-11-02,2022,4,11,2,2,False,44
8342,2022-11-03,2022,4,11,3,3,False,44
8343,2022-11-04,2022,4,11,4,4,False,44
8344,2022-11-05,2022,4,11,5,5,True,44
8345,2022-11-06,2022,4,11,6,6,True,44
8346,2022-11-07,2022,4,11,7,0,False,45
8347,2022-11-08,2022,4,11,8,1,False,45
8348,2022-11-09,2022,4,11,9,2,False,45
8349,2022-11-10,2022,4,11,10,3,False,45
8350,2022-11-11,2022,4,11,11,4,False,45
8351,2022-11-12,2022,4,11,12,5,True,45
8352,2022-11-13,2022,4,11,13,6,True,45
8353,2022-11-14,2022,4,11,14,0,False,46
8354,2022-11-15,2022,4,11,15,1,False,46
8355,2022-11-16,2022,4,11,16,2,False,46
8356,2022-11-17,2022,4,11,17,3,False,46
8357,2022-11-18,2022,4,11,18,4,False,46
8358,2022-11-19,2022,4,11,19,5,True,46
8359,2022-11-20,2022,4,11,20,6,True,46
8360,2022-11-21,2022,4,11,21,0,False,47
8361,2022-11-22,2022,4,11,22,1,False,47
8362,2022-11-23,2022,4,11,23,2,False,47
8363,2022-11-24,2022,4,11,24,3,False,47
8364,2022-11-25,2022,4,11,25,4,False,47
8365,2022-11-26,2022,4,11,26,5,True,47
8366,2022-11-27,2022,4,11,27,6,True,47
8367,2022-11-28,2022,4,11,28,0,False,48
8368,2022-11-29,2022,4,11,29,1,False,48
8369,2022-11-30,2022,4,11,30,2,False,48
8370,2022-12-01,2022,4,12,1,3,False,48
8371,2022-12-02,2022,4,12,2,4,False,48
8372,2022-12-03,2022,4,12,3,5,True,48
8373,2022-12-04,2022,4,12,4,6,True,48
8374,2022-12-05,2022,4,12,5,0,False,49
8375,2022-12-06,2022,4,12,6,1,False,49
8376,2022-12-07,2022,4,12,7,2,False,49
8377,2022-12-08,2022,4,12,8,3,False,49
8378,2022-12-09,2022,4,12,9,4,False,49
8379,2022-12-10,2022,4,12,10,5,True,49
8380,2022-12-11,2022,4,12,11,6,True,49
8381,2022-12-12,2022,4,12,12,0,False,50
8382,2022-12-13,2022,4,12,13,1,False,50
8383,2022-12-14,2022,4,12,14,2,False,50
8384,2022-12-15,2022,4,12,15,3,False,50
8385,2022-12-16,2022,4,12,16,4,False,50
8386,2022-12-17,2022,4,12,17,5,True,50
8387,2022-12-18,2022,4,12,18,6,True,50
8388,2022-12-19,2022,4,12,19,0,False,51
8389,2022-12-20,2022,4,12,20,1,False,51
8390,2022-12-21,2022,4,12,21,2,False,51
8391,2022-12-22,2022,4,12,22,3,False,51
8392,2022-12-23,2022,4,12,23,4,False,51
8393,2022-12-24,2022,4,12,24,5,True,51
8394,2022-12-25,2022,4,12,25,6,True,51
8395,2022-12-26,2022,4,12,26,0,False,52
8396,2022-12-27,2022,4,12,27,1,False,52
8397,2022-12-28,2022,4,12,28,2,False,52
8398,2022-12-29,2022,4,12,29,3,False,52
8399,2022-12-30,2022,4,12,30,4,False,52
8400,2022-12-31,2022,4,12,31,5,True,52
8401,2023-01-01,2023,1,1,1,6,True,52
8402,2023-01-02,2023,1,1,2,0,False,1
8403,2023-01-03,2023,1,1,3,1,False,1
8404,2023-01-04,2023,1,1,4,2,False,1
8405,2023-01-05,2023,1,1,5,3,False,1
8406,2023-01-06,2023,1,1,6,4,False,1
8407,2023-01-07,2023,1,1,7,5,True,1
8408,2023-01-08,2023,1,1,8,6,True,1
8409,2023-01-09,2023,1,1,9,0,False,2
8410,2023-01-10,2023,1,1,10,1,False,2
8411,2023-01-11,2023,1,1,11,2,False,2
8412,2023-01-12,2023,1,1,12,3,False,2
8413,2023-01-13,2023,1,1,13,4,False,2
8414,2023-01-14,2023,1,1,14,5,True,2
8415,2023-01-15,2023,1,1,15,6,True,2
8416,2023-01-16,2023,1,1,16,0,False,3
8417,2023-01-17,2023,1,1,17,1,False,3
8418,2023-01-18,2023,1,1,18,2,False,3
8419,2023-01-19,2023,1,1,19,3,False,3
8420,2023-01-20,2023,1,1,20,4,False,3
8421,2023-01-21,2023,1,1,21,5,True,3
8422,2023-01-22,2023,1,1,22,6,True,3
8423,2023-01-23,2023,1,1,23,0,False,4
8424,2023-01-24,2023,1,1,24,1,False,4
8425,2023-01-25,2023,1,1,25,2,False,4
8426,2023-01-26,2023,1,1,26,3,False,4
8427,2023-01-27,2023,1,1,27,4,False,4
8428,2023-01-28,2023,1,1,28,5,True,4
8429,2023-01-29,2023,1,1,29,6,True,4
8430,2023-01-30,2023,1,1,30,0,False,5
8431,2023-01-31,2023,1,1,31,1,False,5
8432,2023-02-01,2023,1,2,1,2,False,5
8433,2023-02-02,2023,1,2,2,3,False,5
8434,2023-02-03,2023,1,2,3,4,False,5
8435,2023-02-04,2023,1,2,4,5,True,5
8436,2023-02-05,2023,1,2,5,6,True,5
8437,2023-02-06,2023,1,2,6,0,False,6
8438,2023-02-07,2023,1,2,7,1,False,6
8439,2023-02-08,2023,1,2,8,2,False,6
8440,2023-02-09,2023,1,2,9,3,False,6
8441,2023-02-10,2023,1,2,10,4,False,6
8442,2023-02-11,2023,1,2,11,5,True,6
8443,2023-02-12,2023,1,2,12,6,True,6
8444,2023-02-13,2023,1,2,13,0,False,7
8445,2023-02-14,2023,1,2,14,1,False,7
8446,2023-02-15,2023,1,2,15,2,False,7
8447,2023-02-16,2023,1,2,16,3,False,7
8448,2023-02-17,2023,1,2,17,4,False,7
8449,2023-02-18,2023,1,2,18,5,True,7
8450,2023-02-19,2023,1,2,19,6,True,7
8451,2023-02-20,2023,1,2,20,0,False,8
8452,2023-02-21,2023,1,2,21,1,False,8
8453,2023-02-22,2023,1,2,22,2,False,8
8454,2023-02-23,2023,1,2,23,3,False,8
8455,2023-02-24,2023,1,2,24,4,False,8
8456,2023-02-25,2023,1,2,25,5,True,8
8457,2023-02-26,2023,1,2,26,6,True,8
8458,2023-02-27,2023,1,2,27,0,False,9
8459,2023-02-28,2023,1,2,28,1,False,9
8460,2023-03-01,2023,1,3,1,2,False,9
8461,2023-03-02,2023,1,3,2,3,False,9
8462,2023-03-03,2023,1,3,3,4,False,9
8463,2023-03-04,2023,1,3,4,5,True,9
8464,2023-03-05,2023,1,3,5,6,True,9
8465,2023-03-06,2023,1,3,6,0,False,10
8466,2023-03-07,2023,1,3,7,1,False,10
8467,2023-03-08,2023,1,3,8,2,False,10
8468,2023-03-09,2023,1,3,9,3,False,10
8469,2023-03-10,2023,1,3,10,4,False,10
8470,2023-03-11,2023,1,3,11,5,True,10
8471,2023-03-12,2023,1,3,12,6,True,10
8472,2023-03-13,2023,1,3,13,0,False,11
8473,2023-03-14,2023,1,3,14,1,False,11
8474,2023-03-15,2023,1,3,15,2,False,11
8475,2023-03-16,2023,1,3,16,3,False,11
8476,2023-03-17,2023,1,3,17,4,False,11
8477,2023-03-18,2023,1,3,18,5,True,11
8478,2023-03-19,2023,1,3,19,6,True,11
8479,2023-03-20,2023,1,3,20,0,False,12
8480,2023-03-21,2023,1,3,21,1,False,12
8481,2023-03-22,2023,1,3,22,2,False,12
8482,2023-03-23,2023,1,3,23,3,False,12
8483,2023-03-24,2023,1,3,24,4,False,12
8484,2023-03-25,2023,1,3,25,5,True,12
8485,2023-03-26,2023,1,3,26,6,True,12
8486,2023-03-27,2023,1,3,27,0,False,13
8487,2023-03-28,2023,1,3,28,1,False,13
8488,2023-03-29,2023,1,3,29,2,False,13
8489,2023-03-30,2023,1,3,30,3,False,13
8490,2023-03-31,2023,1,3,31,4,False,13
8491,2023-04-01,2023,2,4,1,5,True,13
8492,2023-04-02,2023,2,4,2,6,True,13
8493,2023-04-03,2023,2,4,3,0,False,14
8494,2023-04-04,2023,2,4,4,1,False,14
8495,2023-04-05,2023,2,4,5,2,False,14
8496,2023-04-06,2023,2,4,6,3,False,14
8497,2023-04-07,2023,2,4,7,4,False,14
8498,2023-04-08,2023,2,4,8,5,True,14
8499,2023-04-09,2023,2,4,9,6,True,14
8500,2023-04-10,2023,2,4,10,0,False,15
8501,2023-04-11,2023,2,4,11,1,False,15
8502,2023-04-12,2023,2,4,12,2,False,15
8503,2023-04-13,2023,2,4,13,3,False,15
8504,2023-04-14,2023,2,4,14,4,False,15
8505,2023-04-15,2023,2,4,15,5,True,15
8506,2023-04-16,2023,2,4,16,6,True,15
8507,2023-04-17,2023,2,4,17,0,False,16
8508,2023-04-18,2023,2,4,18,1,False,16
8509,2023-04-19,2023,2,4,19,2,False,16
8510,2023-04-20,2023,2,4,20,3,False,16
8511,2023-04-21,2023,2,4,21,4,False,16
8512,2023-04-22,2023,2,4,22,5,True,16
8513,2023-04-23,2023,2,4,23,6,True,16
8514,2023-04-24,2023,2,4,24,0,False,17
8515,2023-04-25,2023,2,4,25,1,False,17
8516,2023-04-26,2023,2,4,26,2,False,17
8517,2023-04-27,2023,2,4,27,3,False,17
8518,2023-04-28,2023,2,4,28,4,False,17
8519,2023-04-29,2023,2,4,29,5,True,17
8520,2023-04-30,2023,2,4,30,6,True,17
8521,2023-05-01,2023,2,5,1,0,False,18
8522,2023-05-02,2023,2,5,2,1,False,18
8523,2023-05-03,2023,2,5,3,2,False,18
8524,2023-05-04,2023,2,5,4,3,False,18
8525,2023-05-05,2023,2,5,5,4,False,18
8526,2023-05-06,2023,2,5,6,5,True,18
8527,2023-05-07,2023,2,5,7,6,True,18
8528,2023-05-08,2023,2,5,8,0,False,19
8529,2023-05-09,2023,2,5,9,1,False,19
8530,2023-05-10,2023,2,5,10,2,False,19
8531,2023-05-11,2023,2,5,11,3,False,19
8532,2023-05-12,2023,2,5,12,4,False,19
8533,2023-05-13,2023,2,5,13,5,True,19
8534,2023-05-14,2023,2,5,14,6,True,19
8535,2023-05-15,2023,2,5,15,0,False,20
8536,2023-05-16,2023,2,5,16,1,False,20
8537,2023-05-17,2023,2,5,17,2,False,20
8538,2023-05-18,2023,2,5,18,3,False,20
8539,2023-05-19,2023,2,5,19,4,False,20
8540,2023-05-20,2023,2,5,20,5,True,20
8541,2023-05-21,2023,2,5,21,6,True,20
8542,2023-05-22,2023,2,5,22,0,False,21
8543,2023-05-23,2023,2,5,23,1,False,21
8544,2023-05-24,2023,2,5,24,2,False,21
8545,2023-05-25,2023,2,5,25,3,False,21
8546,2023-05-26,2023,2,5,26,4,False,21
8547,2023-05-27,2023,2,5,27,5,True,21
8548,2023-05-28,2023,2,5,28,6,True,21
8549,2023-05-29,2023,2,5,29,0,False,22
8550,2023-05-30,2023,2,5,30,1,False,22
8551,2023-05-31,2023,2,5,31,2,False,22
8552,2023-06-01,2023,2,6,1,3,False,22
8553,2023-06-02,2023,2,6,2,4,False,22
8554,2023-06-03,2023,2,6,3,5,True,22
8555,2023-06-04,2023,2,6,4,6,True,22
8556,2023-06-05,2023,2,6,5,0,False,23
8557,2023-06-06,2023,2,6,6,1,False,23
8558,2023-06-07,2023,2,6,7,2,False,23
8559,2023-06-08,2023,2,6,8,3,False,23
8560,2023-06-09,2023,2,6,9,4,False,23
8561,2023-06-10,2023,2,6,10,5,True,23
8562,2023-06-11,2023,2,6,11,6,True,23
8563,2023-06-12,2023,2,6,12,0,False,24
8564,2023-06-13,2023,2,6,13,1,False,24
8565,2023-06-14,2023,2,6,14,2,False,24
8566,2023-06-15,2023,2,6,15,3,False,24
8567,2023-06-16,2023,2,6,16,4,False,24
8568,2023-06-17,2023,2,6,17,5,True,24
8569,2023-06-18,2023,2,6,18,6,True,24
8570,2023-06-19,2023,2,6,19,0,False,25
8571,2023-06-20,2023,2,6,20,1,False,25
8572,2023-06-21,2023,2,6,21,2,False,25
8573,2023-06-22,2023,2,6,22,3,False,25
8574,2023-06-23,2023,2,6,23,4,False,25
8575,2023-06-24,2023,2,6,24,5,True,25
8576,2023-06-25,2023,2,6,25,6,True,25
8577,2023-06-26,2023,2,6,26,0,False,26
8578,2023-06-27,2023,2,6,27,1,False,26
8579,2023-06-28,2023,2,6,28,2,False,26
8580,2023-06-29,2023,2,6,29,3,False,26
8581,2023-06-30,2023,2,6,30,4,False,26
8582,2023-07-01,2023,3,7,1,5,True,26
8583,2023-07-02,2023,3,7,2,6,True,26
8584,2023-07-03,2023,3,7,3,0,False,27
8585,2023-07-04,2023,3,7,4,1,False,27
8586,2023-07-05,2023,3,7,5,2,False,27
8587,2023-07-06,2023,3,7,6,3,False,27
8588,2023-07-07,2023,3,7,7,4,False,27
8589,2023-07-08,2023,3,7,8,5,True,27
8590,2023-07-09,2023,3,7,9,6,True,27
8591,2023-07-10,2023,3,7,10,0,False,28
8592,2023-07-11,2023,3,7,11,1,False,28
8593,2023-07-12,2023,3,7,12,2,False,28
8594,2023-07-13,2023,3,7,13,3,False,28
8595,2023-07-14,2023,3,7,14,4,False,28
8596,2023-07-15,2023,3,7,15,5,True,28
8597,2023-07-16,2023,3,7,16,6,True,28
8598,2023-07-17,2023,3,7,17,0,False,29
8599,2023-07-18,2023,3,7,18,1,False,29
8600,2023-07-19,2023,3,7,19,2,False,29
8601,2023-07-20,2023,3,7,20,3,False,29
8602,2023-07-21,2023,3,7,21,4,False,29
8603,2023-07-22,2023,3,7,22,5,True,29
8604,2023-07-23,2023,3,7,23,6,True,29
8605,2023-07-24,2023,3,7,24,0,False,30
8606,2023-07-25,2023,3,7,25,1,False,30
8607,2023-07-26,2023,3,7,26,2,False,30
8608,2023-07-27,2023,3,7,27,3,False,30
8609,2023-07-28,2023,3,7,28,4,False,30
8610,2023-07-29,2023,3,7,29,5,True,30
8611,2023-07-30,2023,3,7,30,6,True,30
8612,2023-07-31,2023,3,7,31,0,False,31
8613,2023-08-01,2023,3,8,1,1,False,31
8614,2023-08-02,2023,3,8,2,2,False,31
8615,2023-08-03,2023,3,8,3,3,False,31
8616,2023-08-04,2023,3,8,4,4,False,31
8617,2023-08-05,2023,3,8,5,5,True,31
8618,2023-08-06,2023,3,8,6,6,True,31
8619,2023-08-07,2023,3,8,7,0,False,32
8620,2023-08-08,2023,3,8,8,1,False,32
8621,2023-08-09,2023,3,8,9,2,False,32
8622,2023-08-10,2023,3,8,10,3,False,32
8623,2023-08-11,2023,3,8,11,4,False,32
8624,2023-08-12,2023,3,8,12,5,True,32
8625,2023-08-13,2023,3,8,13,6,True,32
8626,2023-08-14,2023,3,8,14,0,False,33
8627,2023-08-15,2023,3,8,15,1,False,33
8628,2023-08-16,2023,3,8,16,2,False,33
8629,2023-08-17,2023,3,8,17,3,False,33
8630,2023-08-18,2023,3,8,18,4,False,33
8631,2023-08-19,2023,3,8,19,5,True,33
8632,2023-08-20,2023,3,8,20,6,True,33
8633,2023-08-21,2023,3,8,21,0,False,34
8634,2023-08-22,2023,3,8,22,1,False,34
8635,2023-08-23,2023,3,8,23,2,False,34
8636,2023-08-24,2023,3,8,24,3,False,34
8637,2023-08-25,2023,3,8,25,4,False,34
8638,2023-08-26,2023,3,8,26,5,True,34
8639,2023-08-27,2023,3,8,27,6,True,34
8640,2023-08-28,2023,3,8,28,0,False,35
8641,2023-08-29,2023,3,8,29,1,False,35
8642,2023-08-30,2023,3,8,30,2,False,35
8643,2023-08-31,2023,3,8,31,3,False,35
8644,2023-09-01,2023,3,9,1,4,False,35
8645,2023-09-02,2023,3,9,2,5,True,35
8646,2023-09-03,2023,3,9,3,6,True,35
8647,2023-09-04,2023,3,9,4,0,False,36
8648,2023-09-05,2023,3,9,5,1,False,36
8649,2023-09-06,2023,3,9,6,2,False,36
8650,2023-09-07,2023,3,9,7,3,False,36
8651,2023-09-08,2023,3,9,8,4,False,36
8652,2023-09-09,2023,3,9,9,5,True,36
8653,2023-09-10,2023,3,9,10,6,True,36
8654,2023-09-11,2023,3,9,11,0,False,37
8655,2023-09-12,2023,3,9,12,1,False,37
8656,2023-09-13,2023,3,9,13,2,False,37
8657,2023-09-14,2023,3,9,14,3,False,37
8658,2023-09-15,2023,3,9,15,4,False,37
8659,2023-09-16,2023,3,9,16,5,True,37
8660,2023-09-17,2023,3,9,17,6,True,37
8661,2023-09-18,2023,3,9,18,0,False,38
8662,2023-09-19,2023,3,9,19,1,False,38
8663,2023-09-20,2023,3,9,20,2,False,38
8664,2023-09-21,2023,3,9,21,3,False,38
8665,2023-09-22,2023,3,9,22,4,False,38
8666,2023-09-23,2023,3,9,23,5,True,38
8667,2023-09-24,2023,3,9,24,6,True,38
8668,2023-09-25,2023,3,9,25,0,False,39
8669,2023-09-26,2023,3,9,26,1,False,39
8670,2023-09-27,2023,3,9,27,2,False,39
8671,2023-09-28,2023,3,9,28,3,False,39
8672,2023-09-29,2023,3,9,29,4,False,39
8673,2023-09-30,2023,3,9,30,5,True,39
8674,2023-10-01,2023,4,10,1,6,True,39
8675,2023-10-02,2023,4,10,2,0,False,40
8676,2023-10-03,2023,4,10,3,1,False,40
8677,2023-10-04,2023,4,10,4,2,False,40
8678,2023-10-05,2023,4,10,5,3,False,40
8679,2023-10-06,2023,4,10,6,4,False,40
8680,2023-10-07,2023,4,10,7,5,True,40
8681,2023-10-08,2023,4,10,8,6,True,40
8682,2023-10-09,2023,4,10,9,0,False,41
8683,2023-10-10,2023,4,10,10,1,False,41
8684,2023-10-11,2023,4,10,11,2,False,41
8685,2023-10-12,2023,4,10,12,3,False,41
8686,2023-10-13,2023,4,10,13,4,False,41
8687,2023-10-14,2023,4,10,14,5,True,41
8688,2023-10-15,2023,4,10,15,6,True,41
8689,2023-10-16,2023,4,10,16,0,False,42
8690,2023-10-17,2023,4,10,17,1,False,42
8691,2023-10-18,2023,4,10,18,2,False,42
8692,2023-10-19,2023,4,10,19,3,False,42
8693,2023-10-20,2023,4,10,20,4,False,42
8694,2023-10-21,2023,4,10,21,5,True,42
8695,2023-10-22,2023,4,10,22,6,True,42
8696,2023-10-23,2023,4,10,23,0,False,43
8697,2023-10-24,2023,4,10,24,1,False,43
8698,2023-10-25,2023,4,10,25,2,False,43
8699,2023-10-26,2023,4,10,26,3,False,43
8700,2023-10-27,2023,4,10,27,4,False,43
8701,2023-10-28,2023,4,10,28,5,True,43
8702,2023-10-29,2023,4,10,29,6,True,43
8703,2023-10-30,2023,4,10,30,0,False,44
8704,2023-10-31,2023,4,10,31,1,False,44
8705,2023-11-01,2023,4,11,1,2,False,44
8706,2023-11-02,2023,4,11,2,3,False,44
8707,2023-11-03,2023,4,11,3,4,False,44
8708,2023-11-04,2023,4,11,4,5,True,44
8709,2023-11-05,2023,4,11,5,6,True,44
8710,2023-11-06,2023,4,11,6,0,False,45
8711,2023-11-07,2023,4,11,7,1,False,45
8712,2023-11-08,2023,4,11,8,2,False,45
8713,2023-11-09,2023,4,11,9,3,False,45
8714,2023-11-10,2023,4,11,10,4,False,45
8715,2023-11-11,2023,4,11,11,5,True,45
8716,2023-11-12,2023,4,11,12,6,True,45
8717,2023-11-13,2023,4,11,13,0,False,46
8718,2023-11-14,2023,4,11,14,1,False,46
8719,2023-11-15,2023,4,11,15,2,False,46
8720,2023-11-16,2023,4,11,16,3,False,46
8721,2023-11-17,2023,4,11,17,4,False,46
8722,2023-11-18,2023,4,11,18,5,True,46
8723,2023-11-19,2023,4,11,19,6,True,46
8724,2023-11-20,2023,4,11,20,0,False,47
8725,2023-11-21,2023,4,11,21,1,False,47
8726,2023-11-22,2023,4,11,22,2,False,47
8727,2023-11-23,2023,4,11,23,3,False,47
8728,2023-11-24,2023,4,11,24,4,False,47
8729,2023-11-25,2023,4,11,25,5,True,47
8730,2023-11-26,2023,4,11,26,6,True,47
8731,2023-11-27,2023,4,11,27,0,False,48
8732,2023-11-28,2023,4,11,28,1,False,48
8733,2023-11-29,2023,4,11,29,2,False,48
8734,2023-11-30,2023,4,11,30,3,False,48
8735,2023-12-01,2023,4,12,1,4,False,48
8736,2023-12-02,2023,4,12,2,5,True,48
8737,2023-12-03,2023,4,12,3,6,True,48
8738,2023-12-04,2023,4,12,4,0,False,49
8739,2023-12-05,2023,4,12,5,1,False,49
8740,2023-12-06,2023,4,12,6,2,False,49
8741,2023-12-07,2023,4,12,7,3,False,49
8742,2023-12-08,2023,4,12,8,4,False,49
8743,2023-12-09,2023,4,12,9,5,True,49
8744,2023-12-10,2023,4,12,10,6,True,49
8745,2023-12-11,2023,4,12,11,0,False,50
8746,2023-12-12,2023,4,12,12,1,False,50
8747,2023-12-13,2023,4,12,13,2,False,50
8748,2023-12-14,2023,4,12,14,3,False,50
8749,2023-12-15,2023,4,12,15,4,False,50
8750,2023-12-16,2023,4,12,16,5,True,50
8751,2023-12-17,2023,4,12,17,6,True,50
8752,2023-12-18,2023,4,12,18,0,False,51
8753,2023-12-19,2023,4,12,19,1,False,51
8754,2023-12-20,2023,4,12,20,2,False,51
8755,2023-12-21,2023,4,12,21,3,False,51
8756,2023-12-22,2023,4,12,22,4,False,51
8757,2023-12-23,2023,4,12,23,5,True,51
8758,2023-12-24,2023,4,12,24,6,True,51
8759,2023-12-25,2023,4,12,25,0,False,52
8760,2023-12-26,2023,4,12,26,1,False,52
8761,2023-12-27,2023,4,12,27,2,False,52
8762,2023-12-28,2023,4,12,28,3,False,52
8763,2023-12-29,2023,4,12,29,4,False,52
8764,2023-12-30,2023,4,12,30,5,True,52
8765,2023-12-31,2023,4,12,31,6,True,52
8766,2024-01-01,2024,1,1,1,0,False,1
8767,2024-01-02,2024,1,1,2,1,False,1
8768,2024-01-03,2024,1,1,3,2,False,1
8769,2024-01-04,2024,1,1,4,3,False,1
8770,2024-01-05,2024,1,1,5,4,False,1
8771,2024-01-06,2024,1,1,6,5,True,1
8772,2024-01-07,2024,1,1,7,6,True,1
8773,2024-01-08,2024,1,1,8,0,False,2
8774,2024-01-09,2024,1,1,9,1,False,2
8775,2024-01-10,2024,1,1,10,2,False,2
8776,2024-01-11,2024,1,1,11,3,False,2
8777,2024-01-12,2024,1,1,12,4,False,2
8778,2024-01-13,2024,1,1,13,5,True,2
8779,2024-01-14,2024,1,1,14,6,True,2
8780,2024-01-15,2024,1,1,15,0,False,3
8781,2024-01-16,2024,1,1,16,1,False,3
8782,2024-01-17,2024,1,1,17,2,False,3
8783,2024-01-18,2024,1,1,18,3,False,3
8784,2024-01-19,2024,1,1,19,4,False,3
8785,2024-01-20,2024,1,1,20,5,True,3
8786,2024-01-21,2024,1,1,21,6,True,3
8787,2024-01-22,2024,1,1,22,0,False,4
8788,2024-01-23,2024,1,1,23,1,False,4
8789,2024-01-24,2024,1,1,24,2,False,4
8790,2024-01-25,2024,1,1,25,3,False,4
8791,2024-01-26,2024,1,1,26,4,False,4
8792,2024-01-27,2024,1,1,27,5,True,4
8793,2024-01-28,2024,1,1,28,6,True,4
8794,2024-01-29,2024,1,1,29,0,False,5
8795,2024-01-30,2024,1,1,30,1,False,5
8796,2024-01-31,2024,1,1,31,2,False,5
8797,2024-02-01,2024,1,2,1,3,False,5
8798,2024-02-02,2024,1,2,2,4,False,5
8799,2024-02-03,2024,1,2,3,5,True,5
8800,2024-02-04,2024,1,2,4,6,True,5
8801,2024-02-05,2024,1,2,5,0,False,6
8802,2024-02-06,2024,1,2,6,1,False,6
8803,2024-02-07,2024,1,2,7,2,False,6
8804,2024-02-08,2024,1,2,8,3,False,6
8805,2024-02-09,2024,1,2,9,4,False,6
8806,2024-02-10,2024,1,2,10,5,True,6
8807,2024-02-11,2024,1,2,11,6,True,6
8808,2024-02-12,2024,1,2,12,0,False,7
8809,2024-02-13,2024,1,2,13,1,False,7
8810,2024-02-14,2024,1,2,14,2,False,7
8811,2024-02-15,2024,1,2,15,3,False,7
8812,2024-02-16,2024,1,2,16,4,False,7
8813,2024-02-17,2024,1,2,17,5,True,7
8814,2024-02-18,2024,1,2,18,6,True,7
8815,2024-02-19,2024,1,2,19,0,False,8
8816,2024-02-20,2024,1,2,20,1,False,8
8817,2024-02-21,2024,1,2,21,2,False,8
8818,2024-02-22,2024,1,2,22,3,False,8
8819,2024-02-23,2024,1,2,23,4,False,8
8820,2024-02-24,2024,1,2,24,5,True,8
8821,2024-02-25,2024,1,2,25,6,True,8
8822,2024-02-26,2024,1,2,26,0,False,9
8823,2024-02-27,2024,1,2,27,1,False,9
8824,2024-02-28,2024,1,2,28,2,False,9
8825,2024-02-29,2024,1,2,29,3,False,9
8826,2024-03-01,2024,1,3,1,4,False,9
8827,2024-03-02,2024,1,3,2,5,True,9
8828,2024-03-03,2024,1,3,3,6,True,9
8829,2024-03-04,2024,1,3,4,0,False,10
8830,2024-03-05,2024,1,3,5,1,False,10
8831,2024-03-06,2024,1,3,6,2,False,10
8832,2024-03-07,2024,1,3,7,3,False,10
8833,2024-03-08,2024,1,3,8,4,False,10
8834,2024-03-09,2024,1,3,9,5,True,10
8835,2024-03-10,2024,1,3,10,6,True,10
8836,2024-03-11,2024,1,3,11,0,False,11
8837,2024-03-12,2024,1,3,12,1,False,11
8838,2024-03-13,2024,1,3,13,2,False,11
8839,2024-03-14,2024,1,3,14,3,False,11
8840,2024-03-15,2024,1,3,15,4,False,11
8841,2024-03-16,2024,1,3,16,5,True,11
8842,2024-03-17,2024,1,3,17,6,True,11
8843,2024-03-18,2024,1,3,18,0,False,12
8844,2024-03-19,2024,1,3,19,1,False,12
8845,2024-03-20,2024,1,3,20,2,False,12
8846,2024-03-21,2024,1,3,21,3,False,12
8847,2024-03-22,2024,1,3,22,4,False,12
8848,2024-03-23,2024,1,3,23,5,True,12
8849,2024-03-24,2024,1,3,24,6,True,12
8850,2024-03-25,2024,1,3,25,0,False,13
8851,2024-03-26,2024,1,3,26,1,False,13
8852,2024-03-27,2024,1,3,27,2,False,13
8853,2024-03-28,2024,1,3,28,3,False,13
8854,2024-03-29,2024,1,3,29,4,False,13
8855,2024-03-30,2024,1,3,30,5,True,13
8856,2024-03-31,2024,1,3,31,6,True,13
8857,2024-04-01,2024,2,4,1,0,False,14
8858,2024-04-02,2024,2,4,2,1,False,14
8859,2024-04-03,2024,2,4,3,2,False,14
8860,2024-04-04,2024,2,4,4,3,False,14
8861,2024-04-05,2024,2,4,5,4,False,14
8862,2024-04-06,2024,2,4,6,5,True,14
8863,2024-04-07,2024,2,4,7,6,True,14
8864,2024-04-08,2024,2,4,8,0,False,15
8865,2024-04-09,2024,2,4,9,1,False,15
8866,2024-04-10,2024,2,4,10,2,False,15
8867,2024-04-11,2024,2,4,11,3,False,15
8868,2024-04-12,2024,2,4,12,4,False,15
8869,2024-04-13,2024,2,4,13,5,True,15
8870,2024-04-14,2024,2,4,14,6,True,15
8871,2024-04-15,2024,2,4,15,0,False,16
8872,2024-04-16,2024,2,4,16,1,False,16
8873,2024-04-17,2024,2,4,17,2,False,16
8874,2024-04-18,2024,2,4,18,3,False,16
8875,2024-04-19,2024,2,4,19,4,False,16
8876,2024-04-20,2024,2,4,20,5,True,16
8877,2024-04-21,2024,2,4,21,6,True,16
8878,2024-04-22,2024,2,4,22,0,False,17
8879,2024-04-23,2024,2,4,23,1,False,17
8880,2024-04-24,2024,2,4,24,2,False,17
8881,2024-04-25,2024,2,4,25,3,False,17
8882,2024-04-26,2024,2,4,26,4,False,17
8883,2024-04-27,2024,2,4,27,5,True,17
8884,2024-04-28,2024,2,4,28,6,True,17
8885,2024-04-29,2024,2,4,29,0,False,18
8886,2024-04-30,2024,2,4,30,1,False,18
8887,2024-05-01,2024,2,5,1,2,False,18
8888,2024-05-02,2024,2,5,2,3,False,18
8889,2024-05-03,2024,2,5,3,4,False,18
8890,2024-05-04,2024,2,5,4,5,True,18
8891,2024-05-05,2024,2,5,5,6,True,18
8892,2024-05-06,2024,2,5,6,0,False,19
8893,2024-05-07,2024,2,5,7,1,False,19
8894,2024-05-08,2024,2,5,8,2,False,19
8895,2024-05-09,2024,2,5,9,3,False,19
8896,2024-05-10,2024,2,5,10,4,False,19
8897,2024-05-11,2024,2,5,11,5,True,19
8898,2024-05-12,2024,2,5,12,6,True,19
8899,2024-05-13,2024,2,5,13,0,False,20
8900,2024-05-14,2024,2,5,14,1,False,20
8901,2024-05-15,2024,2,5,15,2,False,20
8902,2024-05-16,2024,2,5,16,3,False,20
8903,2024-05-17,2024,2,5,17,4,False,20
8904,2024-05-18,2024,2,5,18,5,True,20
8905,2024-05-19,2024,2,5,19,6,True,20
8906,2024-05-20,2024,2,5,20,0,False,21
8907,2024-05-21,2024,2,5,21,1,False,21
8908,2024-05-22,2024,2,5,22,2,False,21
8909,2024-05-23,2024,2,5,23,3,False,21
8910,2024-05-24,2024,2,5,24,4,False,21
8911,2024-05-25,2024,2,5,25,5,True,21
8912,2024-05-26,2024,2,5,26,6,True,21
8913,2024-05-27,2024,2,5,27,0,False,22
8914,2024-05-28,2024,2,5,28,1,False,22
8915,2024-05-29,2024,2,5,29,2,False,22
8916,2024-05-30,2024,2,5,30,3,False,22
8917,2024-05-31,2024,2,5,31,4,False,22
8918,2024-06-01,2024,2,6,1,5,True,22
8919,2024-06-02,2024,2,6,2,6,True,22
8920,2024-06-03,2024,2,6,3,0,False,23
8921,2024-06-04,2024,2,6,4,1,False,23
8922,2024-06-05,2024,2,6,5,2,False,23
8923,2024-06-06,2024,2,6,6,3,False,23
8924,2024-06-07,2024,2,6,7,4,False,23
8925,2024-06-08,2024,2,6,8,5,True,23
8926,2024-06-09,2024,2,6,9,6,True,23
8927,2024-06-10,2024,2,6,10,0,False,24
8928,2024-06-11,2024,2,6,11,1,False,24
8929,2024-06-12,2024,2,6,12,2,False,24
8930,2024-06-13,2024,2,6,13,3,False,24
8931,2024-06-14,2024,2,6,14,4,False,24
8932,2024-06-15,2024,2,6,15,5,True,24
8933,2024-06-16,2024,2,6,16,6,True,24
8934,2024-06-17,2024,2,6,17,0,False,25
8935,2024-06-18,2024,2,6,18,1,False,25
8936,2024-06-19,2024,2,6,19,2,False,25
8937,2024-06-20,2024,2,6,20,3,False,25
8938,2024-06-21,2024,2,6,21,4,False,25
8939,2024-06-22,2024,2,6,22,5,True,25
8940,2024-06-23,2024,2,6,23,6,True,25
8941,2024-06-24,2024,2,6,24,0,False,26
8942,2024-06-25,2024,2,6,25,1,False,26
8943,2024-06-26,2024,2,6,26,2,False,26
8944,2024-06-27,2024,2,6,27,3,False,26
8945,2024-06-28,2024,2,6,28,4,False,26
8946,2024-06-29,2024,2,6,29,5,True,26
8947,2024-06-30,2024,2,6,30,6,True,26
8948,2024-07-01,2024,3,7,1,0,False,27
8949,2024-07-02,2024,3,7,2,1,False,27
8950,2024-07-03,2024,3,7,3,2,False,27
8951,2024-07-04,2024,3,7,4,3,False,27
8952,2024-07-05,2024,3,7,5,4,False,27
8953,2024-07-06,2024,3,7,6,5,True,27
8954,2024-07-07,2024,3,7,7,6,True,27
8955,2024-07-08,2024,3,7,8,0,False,28
8956,2024-07-09,2024,3,7,9,1,False,28
8957,2024-07-10,2024,3,7,10,2,False,28
8958,2024-07-11,2024,3,7,11,3,False,28
8959,2024-07-12,2024,3,7,12,4,False,28
8960,2024-07-13,2024,3,7,13,5,True,28
8961,2024-07-14,2024,3,7,14,6,True,28
8962,2024-07-15,2024,3,7,15,0,False,29
8963,2024-07-16,2024,3,7,16,1,False,29
8964,2024-07-17,2024,3,7,17,2,False,29
8965,2024-07-18,2024,3,7,18,3,False,29
8966,2024-07-19,2024,3,7,19,4,False,29
8967,2024-07-20,2024,3,7,20,5,True,29
8968,2024-07-21,2024,3,7,21,6,True,29
8969,2024-07-22,2024,3,7,22,0,False,30
8970,2024-07-23,2024,3,7,23,1,False,30
8971,2024-07-24,2024,3,7,24,2,False,30
8972,2024-07-25,2024,3,7,25,3,False,30
8973,2024-07-26,2024,3,7,26,4,False,30
8974,2024-07-27,2024,3,7,27,5,True,30
8975,2024-07-28,2024,3,7,28,6,True,30
8976,2024-07-29,2024,3,7,29,0,False,31
8977,2024-07-30,2024,3,7,30,1,False,31
8978,2024-07-31,2024,3,7,31,2,False,31
8979,2024-08-01,2024,3,8,1,3,False,31
8980,2024-08-02,2024,3,8,2,4,False,31
8981,2024-08-03,2024,3,8,3,5,True,31
8982,2024-08-04,2024,3,8,4,6,True,31
8983,2024-08-05,2024,3,8,5,0,False,32
8984,2024-08-06,2024,3,8,6,1,False,32
8985,2024-08-07,2024,3,8,7,2,False,32
8986,2024-08-08,2024,3,8,8,3,False,32
8987,2024-08-09,2024,3,8,9,4,False,32
8988,2024-08-10,2024,3,8,10,5,True,32
8989,2024-08-11,2024,3,8,11,6,True,32
8990,2024-08-12,2024,3,8,12,0,False,33
8991,2024-08-13,2024,3,8,13,1,False,33
8992,2024-08-14,2024,3,8,14,2,False,33
8993,2024-08-15,2024,3,8,15,3,False,33
8994,2024-08-16,2024,3,8,16,4,False,33
8995,2024-08-17,2024,3,8,17,5,True,33
8996,2024-08-18,2024,3,8,18,6,True,33
8997,2024-08-19,2024,3,8,19,0,False,34
8998,2024-08-20,2024,3,8,20,1,False,34
8999,2024-08-21,2024,3,8,21,2,False,34
9000,2024-08-22,2024,3,8,22,3,False,34
9001,2024-08-23,2024,3,8,23,4,False,34
9002,2024-08-24,2024,3,8,24,5,True,34
9003,2024-08-25,2024,3,8,25,6,True,34
9004,2024-08-26,2024,3,8,26,0,False,35
9005,2024-08-27,2024,3,8,27,1,False,35
9006,2024-08-28,2024,3,8,28,2,False,35
9007,2024-08-29,2024,3,8,29,3,False,35
9008,2024-08-30,2024,3,8,30,4,False,35
9009,2024-08-31,2024,3,8,31,5,True,35
9010,2024-09-01,2024,3,9,1,6,True,35
9011,2024-09-02,2024,3,9,2,0,False,36
9012,2024-09-03,2024,3,9,3,1,False,36
9013,2024-09-04,2024,3,9,4,2,False,36
9014,2024-09-05,2024,3,9,5,3,False,36
9015,2024-09-06,2024,3,9,6,4,False,36
9016,2024-09-07,2024,3,9,7,5,True,36
9017,2024-09-08,2024,3,9,8,6,True,36
9018,2024-09-09,2024,3,9,9,0,False,37
9019,2024-09-10,2024,3,9,10,1,False,37
9020,2024-09-11,2024,3,9,11,2,False,37
9021,2024-09-12,2024,3,9,12,3,False,37
9022,2024-09-13,2024,3,9,13,4,False,37
9023,2024-09-14,2024,3,9,14,5,True,37
9024,2024-09-15,2024,3,9,15,6,True,37
9025,2024-09-16,2024,3,9,16,0,False,38
9026,2024-09-17,2024,3,9,17,1,False,38
9027,2024-09-18,2024,3,9,18,2,False,38
9028,2024-09-19,2024,3,9,19,3,False,38
9029,2024-09-20,2024,3,9,20,4,False,38
9030,2024-09-21,2024,3,9,21,5,True,38
9031,2024-09-22,2024,3,9,22,6,True,38
9032,2024-09-23,2024,3,9,23,0,False,39
9033,2024-09-24,2024,3,9,24,1,False,39
9034,2024-09-25,2024,3,9,25,2,False,39
9035,2024-09-26,2024,3,9,26,3,False,39
9036,2024-09-27,2024,3,9,27,4,False,39
9037,2024-09-28,2024,3,9,28,5,True,39
9038,2024-09-29,2024,3,9,29,6,True,39
9039,2024-09-30,2024,3,9,30,0,False,40
9040,2024-10-01,2024,4,10,1,1,False,40
9041,2024-10-02,2024,4,10,2,2,False,40
9042,2024-10-03,2024,4,10,3,3,False,40
9043,2024-10-04,2024,4,10,4,4,False,40
9044,2024-10-05,2024,4,10,5,5,True,40
9045,2024-10-06,2024,4,10,6,6,True,40
9046,2024-10-07,2024,4,10,7,0,False,41
9047,2024-10-08,2024,4,10,8,1,False,41
9048,2024-10-09,2024,4,10,9,2,False,41
9049,2024-10-10,2024,4,10,10,3,False,41
9050,2024-10-11,2024,4,10,11,4,False,41
9051,2024-10-12,2024,4,10,12,5,True,41
9052,2024-10-13,2024,4,10,13,6,True,41
9053,2024-10-14,2024,4,10,14,0,False,42
9054,2024-10-15,2024,4,10,15,1,False,42
9055,2024-10-16,2024,4,10,16,2,False,42
9056,2024-10-17,2024,4,10,17,3,False,42
9057,2024-10-18,2024,4,10,18,4,False,42
9058,2024-10-19,2024,4,10,19,5,True,42
9059,2024-10-20,2024,4,10,20,6,True,42
9060,2024-10-21,2024,4,10,21,0,False,43
9061,2024-10-22,2024,4,10,22,1,False,43
9062,2024-10-23,2024,4,10,23,2,False,43
9063,2024-10-24,2024,4,10,24,3,False,43
9064,2024-10-25,2024,4,10,25,4,False,43
9065,2024-10-26,2024,4,10,26,5,True,43
9066,2024-10-27,2024,4,10,27,6,True,43
9067,2024-10-28,2024,4,10,28,0,False,44
9068,2024-10-29,2024,4,10,29,1,False,44
9069,2024-10-30,2024,4,10,30,2,False,44
9070,2024-10-31,2024,4,10,31,3,False,44
9071,2024-11-01,2024,4,11,1,4,False,44
9072,2024-11-02,2024,4,11,2,5,True,44
9073,2024-11-03,2024,4,11,3,6,True,44
9074,2024-11-04,2024,4,11,4,0,False,45
9075,2024-11-05,2024,4,11,5,1,False,45
9076,2024-11-06,2024,4,11,6,2,False,45
9077,2024-11-07,2024,4,11,7,3,False,45
9078,2024-11-08,2024,4,11,8,4,False,45
9079,2024-11-09,2024,4,11,9,5,True,45
9080,2024-11-10,2024,4,11,10,6,True,45
9081,2024-11-11,2024,4,11,11,0,False,46
9082,2024-11-12,2024,4,11,12,1,False,46
9083,2024-11-13,2024,4,11,13,2,False,46
9084,2024-11-14,2024,4,11,14,3,False,46
9085,2024-11-15,2024,4,11,15,4,False,46
9086,2024-11-16,2024,4,11,16,5,True,46
9087,2024-11-17,2024,4,11,17,6,True,46
9088,2024-11-18,2024,4,11,18,0,False,47
9089,2024-11-19,2024,4,11,19,1,False,47
9090,2024-11-20,2024,4,11,20,2,False,47
9091,2024-11-21,2024,4,11,21,3,False,47
9092,2024-11-22,2024,4,11,22,4,False,47
9093,2024-11-23,2024,4,11,23,5,True,47
9094,2024-11-24,2024,4,11,24,6,True,47
9095,2024-11-25,2024,4,11,25,0,False,48
9096,2024-11-26,2024,4,11,26,1,False,48
9097,2024-11-27,2024,4,11,27,2,False,48
9098,2024-11-28,2024,4,11,28,3,False,48
9099,2024-11-29,2024,4,11,29,4,False,48
9100,2024-11-30,2024,4,11,30,5,True,48
9101,2024-12-01,2024,4,12,1,6,True,48
9102,2024-12-02,2024,4,12,2,0,False,49
9103,2024-12-03,2024,4,12,3,1,False,49
9104,2024-12-04,2024,4,12,4,2,False,49
9105,2024-12-05,2024,4,12,5,3,False,49
9106,2024-12-06,2024,4,12,6,4,False,49
9107,2024-12-07,2024,4,12,7,5,True,49
9108,2024-12-08,2024,4,12,8,6,True,49
9109,2024-12-09,2024,4,12,9,0,False,50
9110,2024-12-10,2024,4,12,10,1,False,50
9111,2024-12-11,2024,4,12,11,2,False,50
9112,2024-12-12,2024,4,12,12,3,False,50
9113,2024-12-13,2024,4,12,13,4,False,50
9114,2024-12-14,2024,4,12,14,5,True,50
9115,2024-12-15,2024,4,12,15,6,True,50
9116,2024-12-16,2024,4,12,16,0,False,51
9117,2024-12-17,2024,4,12,17,1,False,51
9118,2024-12-18,2024,4,12,18,2,False,51
9119,2024-12-19,2024,4,12,19,3,False,51
9120,2024-12-20,2024,4,12,20,4,False,51
9121,2024-12-21,2024,4,12,21,5,True,51
9122,2024-12-22,2024,4,12,22,6,True,51
9123,2024-12-23,2024,4,12,23,0,False,52
9124,2024-12-24,2024,4,12,24,1,False,52
9125,2024-12-25,2024,4,12,25,2,False,52
9126,2024-12-26,2024,4,12,26,3,False,52
9127,2024-12-27,2024,4,12,27,4,False,52
9128,2024-12-28,2024,4,12,28,5,True,52
9129,2024-12-29,2024,4,12,29,6,True,52
9130,2024-12-30,2024,4,12,30,0,False,1
9131,2024-12-31,2024,4,12,31,1,False,1
9132,2025-01-01,2025,1,1,1,2,False,1
9133,2025-01-02,2025,1,1,2,3,False,1
9134,2025-01-03,2025,1,1,3,4,False,1
9135,2025-01-04,2025,1,1,4,5,True,1
9136,2025-01-05,2025,1,1,5,6,True,1
9137,2025-01-06,2025,1,1,6,0,False,2
9138,2025-01-07,2025,1,1,7,1,False,2
9139,2025-01-08,2025,1,1,8,2,False,2
9140,2025-01-09,2025,1,1,9,3,False,2
9141,2025-01-10,2025,1,1,10,4,False,2
9142,2025-01-11,2025,1,1,11,5,True,2
9143,2025-01-12,2025,1,1,12,6,True,2
9144,2025-01-13,2025,1,1,13,0,False,3
9145,2025-01-14,2025,1,1,14,1,False,3
9146,2025-01-15,2025,1,1,15,2,False,3
9147,2025-01-16,2025,1,1,16,3,False,3
9148,2025-01-17,2025,1,1,17,4,False,3
9149,2025-01-18,2025,1,1,18,5,True,3
9150,2025-01-19,2025,1,1,19,6,True,3
9151,2025-01-20,2025,1,1,20,0,False,4
9152,2025-01-21,2025,1,1,21,1,False,4
9153,2025-01-22,2025,1,1,22,2,False,4
9154,2025-01-23,2025,1,1,23,3,False,4
9155,2025-01-24,2025,1,1,24,4,False,4
9156,2025-01-25,2025,1,1,25,5,True,4
9157,2025-01-26,2025,1,1,26,6,True,4
9158,2025-01-27,2025,1,1,27,0,False,5
9159,2025-01-28,2025,1,1,28,1,False,5
9160,2025-01-29,2025,1,1,29,2,False,5
9161,2025-01-30,2025,1,1,30,3,False,5
9162,2025-01-31,2025,1,1,31,4,False,5
9163,2025-02-01,2025,1,2,1,5,True,5
9164,2025-02-02,2025,1,2,2,6,True,5
9165,2025-02-03,2025,1,2,3,0,False,6
9166,2025-02-04,2025,1,2,4,1,False,6
9167,2025-02-05,2025,1,2,5,2,False,6
9168,2025-02-06,2025,1,2,6,3,False,6
9169,2025-02-07,2025,1,2,7,4,False,6
9170,2025-02-08,2025,1,2,8,5,True,6
9171,2025-02-09,2025,1,2,9,6,True,6
9172,2025-02-10,2025,1,2,10,0,False,7
9173,2025-02-11,2025,1,2,11,1,False,7
9174,2025-02-12,2025,1,2,12,2,False,7
9175,2025-02-13,2025,1,2,13,3,False,7
9176,2025-02-14,2025,1,2,14,4,False,7
9177,2025-02-15,2025,1,2,15,5,True,7
9178,2025-02-16,2025,1,2,16,6,True,7
9179,2025-02-17,2025,1,2,17,0,False,8
9180,2025-02-18,2025,1,2,18,1,False,8
9181,2025-02-19,2025,1,2,19,2,False,8
9182,2025-02-20,2025,1,2,20,3,False,8
9183,2025-02-21,2025,1,2,21,4,False,8
9184,2025-02-22,2025,1,2,22,5,True,8
9185,2025-02-23,2025,1,2,23,6,True,8
9186,2025-02-24,2025,1,2,24,0,False,9
9187,2025-02-25,2025,1,2,25,1,False,9
9188,2025-02-26,2025,1,2,26,2,False,9
9189,2025-02-27,2025,1,2,27,3,False,9
9190,2025-02-28,2025,1,2,28,4,False,9
9191,2025-03-01,2025,1,3,1,5,True,9
9192,2025-03-02,2025,1,3,2,6,True,9
9193,2025-03-03,2025,1,3,3,0,False,10
9194,2025-03-04,2025,1,3,4,1,False,10
9195,2025-03-05,2025,1,3,5,2,False,10
9196,2025-03-06,2025,1,3,6,3,False,10
9197,2025-03-07,2025,1,3,7,4,False,10
9198,2025-03-08,2025,1,3,8,5,True,10
9199,2025-03-09,2025,1,3,9,6,True,10
9200,2025-03-10,2025,1,3,10,0,False,11
9201,2025-03-11,2025,1,3,11,1,False,11
9202,2025-03-12,2025,1,3,12,2,False,11
9203,2025-03-13,2025,1,3,13,3,False,11
9204,2025-03-14,2025,1,3,14,4,False,11
9205,2025-03-15,2025,1,3,15,5,True,11
9206,2025-03-16,2025,1,3,16,6,True,11
9207,2025-03-17,2025,1,3,17,0,False,12
9208,2025-03-18,2025,1,3,18,1,False,12
9209,2025-03-19,2025,1,3,19,2,False,12
9210,2025-03-20,2025,1,3,20,3,False,12
9211,2025-03-21,2025,1,3,21,4,False,12
9212,2025-03-22,2025,1,3,22,5,True,12
9213,2025-03-23,2025,1,3,23,6,True,12
9214,2025-03-24,2025,1,3,24,0,False,13
9215,2025-03-25,2025,1,3,25,1,False,13
9216,2025-03-26,2025,1,3,26,2,False,13
9217,2025-03-27,2025,1,3,27,3,False,13
9218,2025-03-28,2025,1,3,28,4,False,13
9219,2025-03-29,2025,1,3,29,5,True,13
9220,2025-03-30,2025,1,3,30,6,True,13
9221,2025-03-31,2025,1,3,31,0,False,14
9222,2025-04-01,2025,2,4,1,1,False,14
9223,2025-04-02,2025,2,4,2,2,False,14
9224,2025-04-03,2025,2,4,3,3,False,14
9225,2025-04-04,2025,2,4,4,4,False,14
9226,2025-04-05,2025,2,4,5,5,True,14
9227,2025-04-06,2025,2,4,6,6,True,14
9228,2025-04-07,2025,2,4,7,0,False,15
9229,2025-04-08,2025,2,4,8,1,False,15
9230,2025-04-09,2025,2,4,9,2,False,15
9231,2025-04-10,2025,2,4,10,3,False,15
9232,2025-04-11,2025,2,4,11,4,False,15
9233,2025-04-12,2025,2,4,12,5,True,15
9234,2025-04-13,2025,2,4,13,6,True,15
9235,2025-04-14,2025,2,4,14,0,False,16
9236,2025-04-15,2025,2,4,15,1,False,16
9237,2025-04-16,2025,2,4,16,2,False,16
9238,2025-04-17,2025,2,4,17,3,False,16
9239,2025-04-18,2025,2,4,18,4,False,16
9240,2025-04-19,2025,2,4,19,5,True,16
9241,2025-04-20,2025,2,4,20,6,True,16
9242,2025-04-21,2025,2,4,21,0,False,17
9243,2025-04-22,2025,2,4,22,1,False,17
9244,2025-04-23,2025,2,4,23,2,False,17
9245,2025-04-24,2025,2,4,24,3,False,17
9246,2025-04-25,2025,2,4,25,4,False,17
9247,2025-04-26,2025,2,4,26,5,True,17
9248,2025-04-27,2025,2,4,27,6,True,17
9249,2025-04-28,2025,2,4,28,0,False,18
9250,2025-04-29,2025,2,4,29,1,False,18
9251,2025-04-30,2025,2,4,30,2,False,18
9252,2025-05-01,2025,2,5,1,3,False,18
9253,2025-05-02,2025,2,5,2,4,False,18
9254,2025-05-03,2025,2,5,3,5,True,18
9255,2025-05-04,2025,2,5,4,6,True,18
9256,2025-05-05,2025,2,5,5,0,False,19
9257,2025-05-06,2025,2,5,6,1,False,19
9258,2025-05-07,2025,2,5,7,2,False,19
9259,2025-05-08,2025,2,5,8,3,False,19
9260,2025-05-09,2025,2,5,9,4,False,19
9261,2025-05-10,2025,2,5,10,5,True,19
9262,2025-05-11,2025,2,5,11,6,True,19
9263,2025-05-12,2025,2,5,12,0,False,20
9264,2025-05-13,2025,2,5,13,1,False,20
9265,2025-05-14,2025,2,5,14,2,False,20
9266,2025-05-15,2025,2,5,15,3,False,20
9267,2025-05-16,2025,2,5,16,4,False,20
9268,2025-05-17,2025,2,5,17,5,True,20
9269,2025-05-18,2025,2,5,18,6,True,20
9270,2025-05-19,2025,2,5,19,0,False,21
9271,2025-05-20,2025,2,5,20,1,False,21
9272,2025-05-21,2025,2,5,21,2,False,21
9273,2025-05-22,2025,2,5,22,3,False,21
9274,2025-05-23,2025,2,5,23,4,False,21
9275,2025-05-24,2025,2,5,24,5,True,21
9276,2025-05-25,2025,2,5,25,6,True,21
9277,2025-05-26,2025,2,5,26,0,False,22
9278,2025-05-27,2025,2,5,27,1,False,22
9279,2025-05-28,2025,2,5,28,2,False,22
9280,2025-05-29,2025,2,5,29,3,False,22
9281,2025-05-30,2025,2,5,30,4,False,22
9282,2025-05-31,2025,2,5,31,5,True,22
9283,2025-06-01,2025,2,6,1,6,True,22
9284,2025-06-02,2025,2,6,2,0,False,23
9285,2025-06-03,2025,2,6,3,1,False,23
9286,2025-06-04,2025,2,6,4,2,False,23
9287,2025-06-05,2025,2,6,5,3,False,23
9288,2025-06-06,2025,2,6,6,4,False,23
9289,2025-06-07,2025,2,6,7,5,True,23
9290,2025-06-08,2025,2,6,8,6,True,23
9291,2025-06-09,2025,2,6,9,0,False,24
9292,2025-06-10,2025,2,6,10,1,False,24
9293,2025-06-11,2025,2,6,11,2,False,24
9294,2025-06-12,2025,2,6,12,3,False,24
9295,2025-06-13,2025,2,6,13,4,False,24
9296,2025-06-14,2025,2,6,14,5,True,24
9297,2025-06-15,2025,2,6,15,6,True,24
9298,2025-06-16,2025,2,6,16,0,False,25
9299,2025-06-17,2025,2,6,17,1,False,25
9300,2025-06-18,2025,2,6,18,2,False,25
9301,2025-06-19,2025,2,6,19,3,False,25
9302,2025-06-20,2025,2,6,20,4,False,25
9303,2025-06-21,2025,2,6,21,5,True,25
9304,2025-06-22,2025,2,6,22,6,True,25
9305,2025-06-23,2025,2,6,23,0,False,26
9306,2025-06-24,2025,2,6,24,1,False,26
9307,2025-06-25,2025,2,6,25,2,False,26
9308,2025-06-26,2025,2,6,26,3,False,26
9309,2025-06-27,2025,2,6,27,4,False,26
9310,2025-06-28,2025,2,6,28,5,True,26
9311,2025-06-29,2025,2,6,29,6,True,26
9312,2025-06-30,2025,2,6,30,0,False,27
9313,2025-07-01,2025,3,7,1,1,False,27
9314,2025-07-02,2025,3,7,2,2,False,27
9315,2025-07-03,2025,3,7,3,3,False,27
9316,2025-07-04,2025,3,7,4,4,False,27
9317,2025-07-05,2025,3,7,5,5,True,27
9318,2025-07-06,2025,3,7,6,6,True,27
9319,2025-07-07,2025,3,7,7,0,False,28
9320,2025-07-08,2025,3,7,8,1,False,28
9321,2025-07-09,2025,3,7,9,2,False,28
9322,2025-07-10,2025,3,7,10,3,False,28
9323,2025-07-11,2025,3,7,11,4,False,28
9324,2025-07-12,2025,3,7,12,5,True,28
9325,2025-07-13,2025,3,7,13,6,True,28
9326,2025-07-14,2025,3,7,14,0,False,29
9327,2025-07-15,2025,3,7,15,1,False,29
9328,2025-07-16,2025,3,7,16,2,False,29
9329,2025-07-17,2025,3,7,17,3,False,29
9330,2025-07-18,2025,3,7,18,4,False,29
9331,2025-07-19,2025,3,7,19,5,True,29
9332,2025-07-20,2025,3,7,20,6,True,29
9333,2025-07-21,2025,3,7,21,0,False,30
9334,2025-07-22,2025,3,7,22,1,False,30
9335,2025-07-23,2025,3,7,23,2,False,30
9336,2025-07-24,2025,3,7,24,3,False,30
9337,2025-07-25,2025,3,7,25,4,False,30
9338,2025-07-26,2025,3,7,26,5,True,30
9339,2025-07-27,2025,3,7,27,6,True,30
9340,2025-07-28,2025,3,7,28,0,False,31
9341,2025-07-29,2025,3,7,29,1,False,31
9342,2025-07-30,2025,3,7,30,2,False,31
9343,2025-07-31,2025,3,7,31,3,False,31
9344,2025-08-01,2025,3,8,1,4,False,31
9345,2025-08-02,2025,3,8,2,5,True,31
9346,2025-08-03,2025,3,8,3,6,True,31
9347,2025-08-04,2025,3,8,4,0,False,32
9348,2025-08-05,2025,3,8,5,1,False,32
9349,2025-08-06,2025,3,8,6,2,False,32
9350,2025-08-07,2025,3,8,7,3,False,32
9351,2025-08-08,2025,3,8,8,4,False,32
9352,2025-08-09,2025,3,8,9,5,True,32
9353,2025-08-10,2025,3,8,10,6,True,32
9354,2025-08-11,2025,3,8,11,0,False,33
9355,2025-08-12,2025,3,8,12,1,False,33
9356,2025-08-13,2025,3,8,13,2,False,33
9357,2025-08-14,2025,3,8,14,3,False,33
9358,2025-08-15,2025,3,8,15,4,False,33
9359,2025-08-16,2025,3,8,16,5,True,33
9360,2025-08-17,2025,3,8,17,6,True,33
9361,2025-08-18,2025,3,8,18,0,False,34
9362,2025-08-19,2025,3,8,19,1,False,34
9363,2025-08-20,2025,3,8,20,2,False,34
9364,2025-08-21,2025,3,8,21,3,False,34
9365,2025-08-22,2025,3,8,22,4,False,34
9366,2025-08-23,2025,3,8,23,5,True,34
9367,2025-08-24,2025,3,8,24,6,True,34
9368,2025-08-25,2025,3,8,25,0,False,35
9369,2025-08-26,2025,3,8,26,1,False,35
9370,2025-08-27,2025,3,8,27,2,False,35
9371,2025-08-28,2025,3,8,28,3,False,35
9372,2025-08-29,2025,3,8,29,4,False,35
9373,2025-08-30,2025,3,8,30,5,True,35
9374,2025-08-31,2025,3,8,31,6,True,35
9375,2025-09-01,2025,3,9,1,0,False,36
9376,2025-09-02,2025,3,9,2,1,False,36
9377,2025-09-03,2025,3,9,3,2,False,36
9378,2025-09-04,2025,3,9,4,3,False,36
9379,2025-09-05,2025,3,9,5,4,False,36
9380,2025-09-06,2025,3,9,6,5,True,36
9381,2025-09-07,2025,3,9,7,6,True,36
9382,2025-09-08,2025,3,9,8,0,False,37
9383,2025-09-09,2025,3,9,9,1,False,37
9384,2025-09-10,2025,3,9,10,2,False,37
9385,2025-09-11,2025,3,9,11,3,False,37
9386,2025-09-12,2025,3,9,12,4,False,37
9387,2025-09-13,2025,3,9,13,5,True,37
9388,2025-09-14,2025,3,9,14,6,True,37
9389,2025-09-15,2025,3,9,15,0,False,38
9390,2025-09-16,2025,3,9,16,1,False,38
9391,2025-09-17,2025,3,9,17,2,False,38
9392,2025-09-18,2025,3,9,18,3,False,38
9393,2025-09-19,2025,3,9,19,4,False,38
9394,2025-09-20,2025,3,9,20,5,True,38
9395,2025-09-21,2025,3,9,21,6,True,38
9396,2025-09-22,2025,3,9,22,0,False,39
9397,2025-09-23,2025,3,9,23,1,False,39
9398,2025-09-24,2025,3,9,24,2,False,39
9399,2025-09-25,2025,3,9,25,3,False,39
9400,2025-09-26,2025,3,9,26,4,False,39
9401,2025-09-27,2025,3,9,27,5,True,39
9402,2025-09-28,2025,3,9,28,6,True,39
9403,2025-09-29,2025,3,9,29,0,False,40
9404,2025-09-30,2025,3,9,30,1,False,40
9405,2025-10-01,2025,4,10,1,2,False,40
9406,2025-10-02,2025,4,10,2,3,False,40
9407,2025-10-03,2025,4,10,3,4,False,40
9408,2025-10-04,2025,4,10,4,5,True,40
9409,2025-10-05,2025,4,10,5,6,True,40
9410,2025-10-06,2025,4,10,6,0,False,41
9411,2025-10-07,2025,4,10,7,1,False,41
9412,2025-10-08,2025,4,10,8,2,False,41
9413,2025-10-09,2025,4,10,9,3,False,41
9414,2025-10-10,2025,4,10,10,4,False,41
9415,2025-10-11,2025,4,10,11,5,True,41
9416,2025-10-12,2025,4,10,12,6,True,41
9417,2025-10-13,2025,4,10,13,0,False,42
9418,2025-10-14,2025,4,10,14,1,False,42
9419,2025-10-15,2025,4,10,15,2,False,42
9420,2025-10-16,2025,4,10,16,3,False,42
9421,2025-10-17,2025,4,10,17,4,False,42
9422,2025-10-18,2025,4,10,18,5,True,42
9423,2025-10-19,2025,4,10,19,6,True,42
9424,2025-10-20,2025,4,10,20,0,False,43
9425,2025-10-21,2025,4,10,21,1,False,43
9426,2025-10-22,2025,4,10,22,2,False,43
9427,2025-10-23,2025,4,10,23,3,False,43
9428,2025-10-24,2025,4,10,24,4,False,43
9429,2025-10-25,2025,4,10,25,5,True,43
9430,2025-10-26,2025,4,10,26,6,True,43
9431,2025-10-27,2025,4,10,27,0,False,44
9432,2025-10-28,2025,4,10,28,1,False,44
9433,2025-10-29,2025,4,10,29,2,False,44
9434,2025-10-30,2025,4,10,30,3,False,44
9435,2025-10-31,2025,4,10,31,4,False,44
9436,2025-11-01,2025,4,11,1,5,True,44
9437,2025-11-02,2025,4,11,2,6,True,44
9438,2025-11-03,2025,4,11,3,0,False,45
9439,2025-11-04,2025,4,11,4,1,False,45
9440,2025-11-05,2025,4,11,5,2,False,45
9441,2025-11-06,2025,4,11,6,3,False,45
9442,2025-11-07,2025,4,11,7,4,False,45
9443,2025-11-08,2025,4,11,8,5,True,45
9444,2025-11-09,2025,4,11,9,6,True,45
9445,2025-11-10,2025,4,11,10,0,False,46
9446,2025-11-11,2025,4,11,11,1,False,46
9447,2025-11-12,2025,4,11,12,2,False,46
9448,2025-11-13,2025,4,11,13,3,False,46
9449,2025-11-14,2025,4,11,14,4,False,46
9450,2025-11-15,2025,4,11,15,5,True,46
9451,2025-11-16,2025,4,11,16,6,True,46
9452,2025-11-17,2025,4,11,17,0,False,47
9453,2025-11-18,2025,4,11,18,1,False,47
9454,2025-11-19,2025,4,11,19,2,False,47
9455,2025-11-20,2025,4,11,20,3,False,47
9456,2025-11-21,2025,4,11,21,4,False,47
9457,2025-11-22,2025,4,11,22,5,True,47
9458,2025-11-23,2025,4,11,23,6,True,47
9459,2025-11-24,2025,4,11,24,0,False,48
9460,2025-11-25,2025,4,11,25,1,False,48
9461,2025-11-26,2025,4,11,26,2,False,48
9462,2025-11-27,2025,4,11,27,3,False,48
9463,2025-11-28,2025,4,11,28,4,False,48
9464,2025-11-29,2025,4,11,29,5,True,48
9465,2025-11-30,2025,4,11,30,6,True,48
9466,2025-12-01,2025,4,12,1,0,False,49
9467,2025-12-02,2025,4,12,2,1,False,49
9468,2025-12-03,2025,4,12,3,2,False,49
9469,2025-12-04,2025,4,12,4,3,False,49
9470,2025-12-05,2025,4,12,5,4,False,49
9471,2025-12-06,2025,4,12,6,5,True,49
9472,2025-12-07,2025,4,12,7,6,True,49
9473,2025-12-08,2025,4,12,8,0,False,50
9474,2025-12-09,2025,4,12,9,1,False,50
9475,2025-12-10,2025,4,12,10,2,False,50
9476,2025-12-11,2025,4,12,11,3,False,50
9477,2025-12-12,2025,4,12,12,4,False,50
9478,2025-12-13,2025,4,12,13,5,True,50
9479,2025-12-14,2025,4,12,14,6,True,50
9480,2025-12-15,2025,4,12,15,0,False,51
9481,2025-12-16,2025,4,12,16,1,False,51
9482,2025-12-17,2025,4,12,17,2,False,51
9483,2025-12-18,2025,4,12,18,3,False,51
9484,2025-12-19,2025,4,12,19,4,False,51
9485,2025-12-20,2025,4,12,20,5,True,51
9486,2025-12-21,2025,4,12,21,6,True,51
9487,2025-12-22,2025,4,12,22,0,False,52
9488,2025-12-23,2025,4,12,23,1,False,52
9489,2025-12-24,2025,4,12,24,2,False,52
9490,2025-12-25,2025,4,12,25,3,False,52
9491,2025-12-26,2025,4,12,26,4,False,52
9492,2025-12-27,2025,4,12,27,5,True,52
9493,2025-12-28,2025,4,12,28,6,True,52
9494,2025-12-29,2025,4,12,29,0,False,1
9495,2025-12-30,2025,4,12,30,1,False,1
9496,2025-12-31,2025,4,12,31,2,False,1
9497,2026-01-01,2026,1,1,1,3,False,1
9498,2026-01-02,2026,1,1,2,4,False,1
9499,2026-01-03,2026,1,1,3,5,True,1
9500,2026-01-04,2026,1,1,4,6,True,1
9501,2026-01-05,2026,1,1,5,0,False,2
9502,2026-01-06,2026,1,1,6,1,False,2
9503,2026-01-07,2026,1,1,7,2,False,2
9504,2026-01-08,2026,1,1,8,3,False,2
9505,2026-01-09,2026,1,1,9,4,False,2
9506,2026-01-10,2026,1,1,10,5,True,2
9507,2026-01-11,2026,1,1,11,6,True,2
9508,2026-01-12,2026,1,1,12,0,False,3
9509,2026-01-13,2026,1,1,13,1,False,3
9510,2026-01-14,2026,1,1,14,2,False,3
9511,2026-01-15,2026,1,1,15,3,False,3
9512,2026-01-16,2026,1,1,16,4,False,3
9513,2026-01-17,2026,1,1,17,5,True,3
9514,2026-01-18,2026,1,1,18,6,True,3
9515,2026-01-19,2026,1,1,19,0,False,4
9516,2026-01-20,2026,1,1,20,1,False,4
9517,2026-01-21,2026,1,1,21,2,False,4
9518,2026-01-22,2026,1,1,22,3,False,4
9519,2026-01-23,2026,1,1,23,4,False,4
9520,2026-01-24,2026,1,1,24,5,True,4
9521,2026-01-25,2026,1,1,25,6,True,4
9522,2026-01-26,2026,1,1,26,0,False,5
9523,2026-01-27,2026,1,1,27,1,False,5
9524,2026-01-28,2026,1,1,28,2,False,5
9525,2026-01-29,2026,1,1,29,3,False,5
9526,2026-01-30,2026,1,1,30,4,False,5
9527,2026-01-31,2026,1,1,31,5,True,5
9528,2026-02-01,2026,1,2,1,6,True,5
9529,2026-02-02,2026,1,2,2,0,False,6
9530,2026-02-03,2026,1,2,3,1,False,6
9531,2026-02-04,2026,1,2,4,2,False,6
9532,2026-02-05,2026,1,2,5,3,False,6
9533,2026-02-06,2026,1,2,6,4,False,6
9534,2026-02-07,2026,1,2,7,5,True,6
9535,2026-02-08,2026,1,2,8,6,True,6
9536,2026-02-09,2026,1,2,9,0,False,7
9537,2026-02-10,2026,1,2,10,1,False,7
9538,2026-02-11,2026,1,2,11,2,False,7
9539,2026-02-12,2026,1,2,12,3,False,7
9540,2026-02-13,2026,1,2,13,4,False,7
9541,2026-02-14,2026,1,2,14,5,True,7
9542,2026-02-15,2026,1,2,15,6,True,7
9543,2026-02-16,2026,1,2,16,0,False,8
9544,2026-02-17,2026,1,2,17,1,False,8
9545,2026-02-18,2026,1,2,18,2,False,8
9546,2026-02-19,2026,1,2,19,3,False,8
9547,2026-02-20,2026,1,2,20,4,False,8
9548,2026-02-21,2026,1,2,21,5,True,8
9549,2026-02-22,2026,1,2,22,6,True,8
9550,2026-02-23,2026,1,2,23,0,False,9
9551,2026-02-24,2026,1,2,24,1,False,9
9552,2026-02-25,2026,1,2,25,2,False,9
9553,2026-02-26,2026,1,2,26,3,False,9
9554,2026-02-27,2026,1,2,27,4,False,9
9555,2026-02-28,2026,1,2,28,5,True,9
9556,2026-03-01,2026,1,3,1,6,True,9
9557,2026-03-02,2026,1,3,2,0,False,10
9558,2026-03-03,2026,1,3,3,1,False,10
9559,2026-03-04,2026,1,3,4,2,False,10
9560,2026-03-05,2026,1,3,5,3,False,10
9561,2026-03-06,2026,1,3,6,4,False,10
9562,2026-03-07,2026,1,3,7,5,True,10
9563,2026-03-08,2026,1,3,8,6,True,10
9564,2026-03-09,2026,1,3,9,0,False,11
9565,2026-03-10,2026,1,3,10,1,False,11
9566,2026-03-11,2026,1,3,11,2,False,11
9567,2026-03-12,2026,1,3,12,3,False,11
9568,2026-03-13,2026,1,3,13,4,False,11
9569,2026-03-14,2026,1,3,14,5,True,11
9570,2026-03-15,2026,1,3,15,6,True,11
9571,2026-03-16,2026,1,3,16,0,False,12
9572,2026-03-17,2026,1,3,17,1,False,12
9573,2026-03-18,2026,1,3,18,2,False,12
9574,2026-03-19,2026,1,3,19,3,False,12
9575,2026-03-20,2026,1,3,20,4,False,12
9576,2026-03-21,2026,1,3,21,5,True,12
9577,2026-03-22,2026,1,3,22,6,True,12
9578,2026-03-23,2026,1,3,23,0,False,13
9579,2026-03-24,2026,1,3,24,1,False,13
9580,2026-03-25,2026,1,3,25,2,False,13
9581,2026-03-26,2026,1,3,26,3,False,13
9582,2026-03-27,2026,1,3,27,4,False,13
9583,2026-03-28,2026,1,3,28,5,True,13
9584,2026-03-29,2026,1,3,29,6,True,13
9585,2026-03-30,2026,1,3,30,0,False,14
9586,2026-03-31,2026,1,3,31,1,False,14
9587,2026-04-01,2026,2,4,1,2,False,14
9588,2026-04-02,2026,2,4,2,3,False,14
9589,2026-04-03,2026,2,4,3,4,False,14
9590,2026-04-04,2026,2,4,4,5,True,14
9591,2026-04-05,2026,2,4,5,6,True,14
9592,2026-04-06,2026,2,4,6,0,False,15
9593,2026-04-07,2026,2,4,7,1,False,15
9594,2026-04-08,2026,2,4,8,2,False,15
9595,2026-04-09,2026,2,4,9,3,False,15
9596,2026-04-10,2026,2,4,10,4,False,15
9597,2026-04-11,2026,2,4,11,5,True,15
9598,2026-04-12,2026,2,4,12,6,True,15
9599,2026-04-13,2026,2,4,13,0,False,16
9600,2026-04-14,2026,2,4,14,1,False,16
9601,2026-04-15,2026,2,4,15,2,False,16
9602,2026-04-16,2026,2,4,16,3,False,16
9603,2026-04-17,2026,2,4,17,4,False,16
9604,2026-04-18,2026,2,4,18,5,True,16
9605,2026-04-19,2026,2,4,19,6,True,16
9606,2026-04-20,2026,2,4,20,0,False,17
9607,2026-04-21,2026,2,4,21,1,False,17
9608,2026-04-22,2026,2,4,22,2,False,17
9609,2026-04-23,2026,2,4,23,3,False,17
9610,2026-04-24,2026,2,4,24,4,False,17
9611,2026-04-25,2026,2,4,25,5,True,17
9612,2026-04-26,2026,2,4,26,6,True,17
9613,2026-04-27,2026,2,4,27,0,False,18
9614,2026-04-28,2026,2,4,28,1,False,18
9615,2026-04-29,2026,2,4,29,2,False,18
9616,2026-04-30,2026,2,4,30,3,False,18
9617,2026-05-01,2026,2,5,1,4,False,18
9618,2026-05-02,2026,2,5,2,5,True,18
9619,2026-05-03,2026,2,5,3,6,True,18
9620,2026-05-04,2026,2,5,4,0,False,19
9621,2026-05-05,2026,2,5,5,1,False,19
9622,2026-05-06,2026,2,5,6,2,False,19
9623,2026-05-07,2026,2,5,7,3,False,19
9624,2026-05-08,2026,2,5,8,4,False,19
9625,2026-05-09,2026,2,5,9,5,True,19
9626,2026-05-10,2026,2,5,10,6,True,19
9627,2026-05-11,2026,2,5,11,0,False,20
9628,2026-05-12,2026,2,5,12,1,False,20
9629,2026-05-13,2026,2,5,13,2,False,20
9630,2026-05-14,2026,2,5,14,3,False,20
9631,2026-05-15,2026,2,5,15,4,False,20
9632,2026-05-16,2026,2,5,16,5,True,20
9633,2026-05-17,2026,2,5,17,6,True,20
9634,2026-05-18,2026,2,5,18,0,False,21
9635,2026-05-19,2026,2,5,19,1,False,21
9636,2026-05-20,2026,2,5,20,2,False,21
9637,2026-05-21,2026,2,5,21,3,False,21
9638,2026-05-22,2026,2,5,22,4,False,21
9639,2026-05-23,2026,2,5,23,5,True,21
9640,2026-05-24,2026,2,5,24,6,True,21
9641,2026-05-25,2026,2,5,25,0,False,22
9642,2026-05-26,2026,2,5,26,1,False,22
9643,2026-05-27,2026,2,5,27,2,False,22
9644,2026-05-28,2026,2,5,28,3,False,22
9645,2026-05-29,2026,2,5,29,4,False,22
9646,2026-05-30,2026,2,5,30,5,True,22
9647,2026-05-31,2026,2,5,31,6,True,22
9648,2026-06-01,2026,2,6,1,0,False,23
9649,2026-06-02,2026,2,6,2,1,False,23
9650,2026-06-03,2026,2,6,3,2,False,23
9651,2026-06-04,2026,2,6,4,3,False,23
9652,2026-06-05,2026,2,6,5,4,False,23
9653,2026-06-06,2026,2,6,6,5,True,23
9654,2026-06-07,2026,2,6,7,6,True,23
9655,2026-06-08,2026,2,6,8,0,False,24
9656,2026-06-09,2026,2,6,9,1,False,24
9657,2026-06-10,2026,2,6,10,2,False,24
9658,2026-06-11,2026,2,6,11,3,False,24
9659,2026-06-12,2026,2,6,12,4,False,24
9660,2026-06-13,2026,2,6,13,5,True,24
9661,2026-06-14,2026,2,6,14,6,True,24
9662,2026-06-15,2026,2,6,15,0,False,25
9663,2026-06-16,2026,2,6,16,1,False,25
9664,2026-06-17,2026,2,6,17,2,False,25
9665,2026-06-18,2026,2,6,18,3,False,25
9666,2026-06-19,2026,2,6,19,4,False,25
9667,2026-06-20,2026,2,6,20,5,True,25
9668,2026-06-21,2026,2,6,21,6,True,25
9669,2026-06-22,2026,2,6,22,0,False,26
9670,2026-06-23,2026,2,6,23,1,False,26
9671,2026-06-24,2026,2,6,24,2,False,26
9672,2026-06-25,2026,2,6,25,3,False,26
9673,2026-06-26,2026,2,6,26,4,False,26
9674,2026-06-27,2026,2,6,27,5,True,26
9675,2026-06-28,2026,2,6,28,6,True,26
9676,2026-06-29,2026,2,6,29,0,False,27
9677,2026-06-30,2026,2,6,30,1,False,27
9678,2026-07-01,2026,3,7,1,2,False,27
9679,2026-07-02,2026,3,7,2,3,False,27
9680,2026-07-03,2026,3,7,3,4,False,27
9681,2026-07-04,2026,3,7,4,5,True,27
9682,2026-07-05,2026,3,7,5,6,True,27
9683,2026-07-06,2026,3,7,6,0,False,28
9684,2026-07-07,2026,3,7,7,1,False,28
9685,2026-07-08,2026,3,7,8,2,False,28
9686,2026-07-09,2026,3,7,9,3,False,28
9687,2026-07-10,2026,3,7,10,4,False,28
9688,2026-07-11,2026,3,7,11,5,True,28
9689,2026-07-12,2026,3,7,12,6,True,28
9690,2026-07-13,2026,3,7,13,0,False,29
9691,2026-07-14,2026,3,7,14,1,False,29
9692,2026-07-15,2026,3,7,15,2,False,29
9693,2026-07-16,2026,3,7,16,3,False,29
9694,2026-07-17,2026,3,7,17,4,False,29
9695,2026-07-18,2026,3,7,18,5,True,29
9696,2026-07-19,2026,3,7,19,6,True,29
9697,2026-07-20,2026,3,7,20,0,False,30
9698,2026-07-21,2026,3,7,21,1,False,30
9699,2026-07-22,2026,3,7,22,2,False,30
9700,2026-07-23,2026,3,7,23,3,False,30
9701,2026-07-24,2026,3,7,24,4,False,30
9702,2026-07-25,2026,3,7,25,5,True,30
9703,2026-07-26,2026,3,7,26,6,True,30
9704,2026-07-27,2026,3,7,27,0,False,31
9705,2026-07-28,2026,3,7,28,1,False,31
9706,2026-07-29,2026,3,7,29,2,False,31
9707,2026-07-30,2026,3,7,30,3,False,31
9708,2026-07-31,2026,3,7,31,4,False,31
9709,2026-08-01,2026,3,8,1,5,True,31
9710,2026-08-02,2026,3,8,2,6,True,31
9711,2026-08-03,2026,3,8,3,0,False,32
9712,2026-08-04,2026,3,8,4,1,False,32
9713,2026-08-05,2026,3,8,5,2,False,32
9714,2026-08-06,2026,3,8,6,3,False,32
9715,2026-08-07,2026,3,8,7,4,False,32
9716,2026-08-08,2026,3,8,8,5,True,32
9717,2026-08-09,2026,3,8,9,6,True,32
9718,2026-08-10,2026,3,8,10,0,False,33
9719,2026-08-11,2026,3,8,11,1,False,33
9720,2026-08-12,2026,3,8,12,2,False,33
9721,2026-08-13,2026,3,8,13,3,False,33
9722,2026-08-14,2026,3,8,14,4,False,33
9723,2026-08-15,2026,3,8,15,5,True,33
9724,2026-08-16,2026,3,8,16,6,True,33
9725,2026-08-17,2026,3,8,17,0,False,34
9726,2026-08-18,2026,3,8,18,1,False,34
9727,2026-08-19,2026,3,8,19,2,False,34
9728,2026-08-20,2026,3,8,20,3,False,34
9729,2026-08-21,2026,3,8,21,4,False,34
9730,2026-08-22,2026,3,8,22,5,True,34
9731,2026-08-23,2026,3,8,23,6,True,34
9732,2026-08-24,2026,3,8,24,0,False,35
9733,2026-08-25,2026,3,8,25,1,False,35
9734,2026-08-26,2026,3,8,26,2,False,35
9735,2026-08-27,2026,3,8,27,3,False,35
9736,2026-08-28,2026,3,8,28,4,False,35
9737,2026-08-29,2026,3,8,29,5,True,35
9738,2026-08-30,2026,3,8,30,6,True,35
9739,2026-08-31,2026,3,8,31,0,False,36
9740,2026-09-01,2026,3,9,1,1,False,36
9741,2026-09-02,2026,3,9,2,2,False,36
9742,2026-09-03,2026,3,9,3,3,False,36
9743,2026-09-04,2026,3,9,4,4,False,36
9744,2026-09-05,2026,3,9,5,5,True,36
9745,2026-09-06,2026,3,9,6,6,True,36
9746,2026-09-07,2026,3,9,7,0,False,37
9747,2026-09-08,2026,3,9,8,1,False,37
9748,2026-09-09,2026,3,9,9,2,False,37
9749,2026-09-10,2026,3,9,10,3,False,37
9750,2026-09-11,2026,3,9,11,4,False,37
9751,2026-09-12,2026,3,9,12,5,True,37
9752,2026-09-13,2026,3,9,13,6,True,37
9753,2026-09-14,2026,3,9,14,0,False,38
9754,2026-09-15,2026,3,9,15,1,False,38
9755,2026-09-16,2026,3,9,16,2,False,38
9756,2026-09-17,2026,3,9,17,3,False,38
9757,2026-09-18,2026,3,9,18,4,False,38
9758,2026-09-19,2026,3,9,19,5,True,38
9759,2026-09-20,2026,3,9,20,6,True,38
9760,2026-09-21,2026,3,9,21,0,False,39
9761,2026-09-22,2026,3,9,22,1,False,39
9762,2026-09-23,2026,3,9,23,2,False,39
9763,2026-09-24,2026,3,9,24,3,False,39
9764,2026-09-25,2026,3,9,25,4,False,39
9765,2026-09-26,2026,3,9,26,5,True,39
9766,2026-09-27,2026,3,9,27,6,True,39
9767,2026-09-28,2026,3,9,28,0,False,40
9768,2026-09-29,2026,3,9,29,1,False,40
9769,2026-09-30,2026,3,9,30,2,False,40
9770,2026-10-01,2026,4,10,1,3,False,40
9771,2026-10-02,2026,4,10,2,4,False,40
9772,2026-10-03,2026,4,10,3,5,True,40
9773,2026-10-04,2026,4,10,4,6,True,40
9774,2026-10-05,2026,4,10,5,0,False,41
9775,2026-10-06,2026,4,10,6,1,False,41
9776,2026-10-07,2026,4,10,7,2,False,41
9777,2026-10-08,2026,4,10,8,3,False,41
9778,2026-10-09,2026,4,10,9,4,False,41
9779,2026-10-10,2026,4,10,10,5,True,41
9780,2026-10-11,2026,4,10,11,6,True,41
9781,2026-10-12,2026,4,10,12,0,False,42
9782,2026-10-13,2026,4,10,13,1,False,42
9783,2026-10-14,2026,4,10,14,2,False,42
9784,2026-10-15,2026,4,10,15,3,False,42
9785,2026-10-16,2026,4,10,16,4,False,42
9786,2026-10-17,2026,4,10,17,5,True,42
9787,2026-10-18,2026,4,10,18,6,True,42
9788,2026-10-19,2026,4,10,19,0,False,43
9789,2026-10-20,2026,4,10,20,1,False,43
9790,2026-10-21,2026,4,10,21,2,False,43
9791,2026-10-22,2026,4,10,22,3,False,43
9792,2026-10-23,2026,4,10,23,4,False,43
9793,2026-10-24,2026,4,10,24,5,True,43
9794,2026-10-25,2026,4,10,25,6,True,43
9795,2026-10-26,2026,4,10,26,0,False,44
9796,2026-10-27,2026,4,10,27,1,False,44
9797,2026-10-28,2026,4,10,28,2,False,44
9798,2026-10-29,2026,4,10,29,3,False,44
9799,2026-10-30,2026,4,10,30,4,False,44
9800,2026-10-31,2026,4,10,31,5,True,44
9801,2026-11-01,2026,4,11,1,6,True,44
9802,2026-11-02,2026,4,11,2,0,False,45
9803,2026-11-03,2026,4,11,3,1,False,45
9804,2026-11-04,2026,4,11,4,2,False,45
9805,2026-11-05,2026,4,11,5,3,False,45
9806,2026-11-06,2026,4,11,6,4,False,45
9807,2026-11-07,2026,4,11,7,5,True,45
9808,2026-11-08,2026,4,11,8,6,True,45
9809,2026-11-09,2026,4,11,9,0,False,46
9810,2026-11-10,2026,4,11,10,1,False,46
9811,2026-11-11,2026,4,11,11,2,False,46
9812,2026-11-12,2026,4,11,12,3,False,46
9813,2026-11-13,2026,4,11,13,4,False,46
9814,2026-11-14,2026,4,11,14,5,True,46
9815,2026-11-15,2026,4,11,15,6,True,46
9816,2026-11-16,2026,4,11,16,0,False,47
9817,2026-11-17,2026,4,11,17,1,False,47
9818,2026-11-18,2026,4,11,18,2,False,47
9819,2026-11-19,2026,4,11,19,3,False,47
9820,2026-11-20,2026,4,11,20,4,False,47
9821,2026-11-21,2026,4,11,21,5,True,47
9822,2026-11-22,2026,4,11,22,6,True,47
9823,2026-11-23,2026,4,11,23,0,False,48
9824,2026-11-24,2026,4,11,24,1,False,48
9825,2026-11-25,2026,4,11,25,2,False,48
9826,2026-11-26,2026,4,11,26,3,False,48
9827,2026-11-27,2026,4,11,27,4,False,48
9828,2026-11-28,2026,4,11,28,5,True,48
9829,2026-11-29,2026,4,11,29,6,True,48
9830,2026-11-30,2026,4,11,30,0,False,49
9831,2026-12-01,2026,4,12,1,1,False,49
9832,2026-12-02,2026,4,12,2,2,False,49
9833,2026-12-03,2026,4,12,3,3,False,49
9834,2026-12-04,2026,4,12,4,4,False,49
9835,2026-12-05,2026,4,12,5,5,True,49
9836,2026-12-06,2026,4,12,6,6,True,49
9837,2026-12-07,2026,4,12,7,0,False,50
9838,2026-12-08,2026,4,12,8,1,False,50
9839,2026-12-09,2026,4,12,9,2,False,50
9840,2026-12-10,2026,4,12,10,3,False,50
9841,2026-12-11,2026,4,12,11,4,False,50
9842,2026-12-12,2026,4,12,12,5,True,50
9843,2026-12-13,2026,4,12,13,6,True,50
9844,2026-12-14,2026,4,12,14,0,False,51
9845,2026-12-15,2026,4,12,15,1,False,51
9846,2026-12-16,2026,4,12,16,2,False,51
9847,2026-12-17,2026,4,12,17,3,False,51
9848,2026-12-18,2026,4,12,18,4,False,51
9849,2026-12-19,2026,4,12,19,5,True,51
9850,2026-12-20,2026,4,12,20,6,True,51
9851,2026-12-21,2026,4,12,21,0,False,52
9852,2026-12-22,2026,4,12,22,1,False,52
9853,2026-12-23,2026,4,12,23,2,False,52
9854,2026-12-24,2026,4,12,24,3,False,52
9855,2026-12-25,2026,4,12,25,4,False,52
9856,2026-12-26,2026,4,12,26,5,True,52
9857,2026-12-27,2026,4,12,27,6,True,52
9858,2026-12-28,2026,4,12,28,0,False,53
9859,2026-12-29,2026,4,12,29,1,False,53
9860,2026-12-30,2026,4,12,30,2,False,53
9861,2026-12-31,2026,4,12,31,3,False,53
9862,2027-01-01,2027,1,1,1,4,False,53
9863,2027-01-02,2027,1,1,2,5,True,53
9864,2027-01-03,2027,1,1,3,6,True,53
9865,2027-01-04,2027,1,1,4,0,False,1
9866,2027-01-05,2027,1,1,5,1,False,1
9867,2027-01-06,2027,1,1,6,2,False,1
9868,2027-01-07,2027,1,1,7,3,False,1
9869,2027-01-08,2027,1,1,8,4,False,1
9870,2027-01-09,2027,1,1,9,5,True,1
9871,2027-01-10,2027,1,1,10,6,True,1
9872,2027-01-11,2027,1,1,11,0,False,2
9873,2027-01-12,2027,1,1,12,1,False,2
9874,2027-01-13,2027,1,1,13,2,False,2
9875,2027-01-14,2027,1,1,14,3,False,2
9876,2027-01-15,2027,1,1,15,4,False,2
9877,2027-01-16,2027,1,1,16,5,True,2
9878,2027-01-17,2027,1,1,17,6,True,2
9879,2027-01-18,2027,1,1,18,0,False,3
9880,2027-01-19,2027,1,1,19,1,False,3
9881,2027-01-20,2027,1,1,20,2,False,3
9882,2027-01-21,2027,1,1,21,3,False,3
9883,2027-01-22,2027,1,1,22,4,False,3
9884,2027-01-23,2027,1,1,23,5,True,3
9885,2027-01-24,2027,1,1,24,6,True,3
9886,2027-01-25,2027,1,1,25,0,False,4
9887,2027-01-26,2027,1,1,26,1,False,4
9888,2027-01-27,2027,1,1,27,2,False,4
9889,2027-01-28,2027,1,1,28,3,False,4
9890,2027-01-29,2027,1,1,29,4,False,4
9891,2027-01-30,2027,1,1,30,5,True,4
9892,2027-01-31,2027,1,1,31,6,True,4
9893,2027-02-01,2027,1,2,1,0,False,5
9894,2027-02-02,2027,1,2,2,1,False,5
9895,2027-02-03,2027,1,2,3,2,False,5
9896,2027-02-04,2027,1,2,4,3,False,5
9897,2027-02-05,2027,1,2,5,4,False,5
9898,2027-02-06,2027,1,2,6,5,True,5
9899,2027-02-07,2027,1,2,7,6,True,5
9900,2027-02-08,2027,1,2,8,0,False,6
9901,2027-02-09,2027,1,2,9,1,False,6
9902,2027-02-10,2027,1,2,10,2,False,6
9903,2027-02-11,2027,1,2,11,3,False,6
9904,2027-02-12,2027,1,2,12,4,False,6
9905,2027-02-13,2027,1,2,13,5,True,6
9906,2027-02-14,2027,1,2,14,6,True,6
9907,2027-02-15,2027,1,2,15,0,False,7
9908,2027-02-16,2027,1,2,16,1,False,7
9909,2027-02-17,2027,1,2,17,2,False,7
9910,2027-02-18,2027,1,2,18,3,False,7
9911,2027-02-19,2027,1,2,19,4,False,7
9912,2027-02-20,2027,1,2,20,5,True,7
9913,2027-02-21,2027,1,2,21,6,True,7
9914,2027-02-22,2027,1,2,22,0,False,8
9915,2027-02-23,2027,1,2,23,1,False,8
9916,2027-02-24,2027,1,2,24,2,False,8
9917,2027-02-25,2027,1,2,25,3,False,8
9918,2027-02-26,2027,1,2,26,4,False,8
9919,2027-02-27,2027,1,2,27,5,True,8
9920,2027-02-28,2027,1,2,28,6,True,8
9921,2027-03-01,2027,1,3,1,0,False,9
9922,2027-03-02,2027,1,3,2,1,False,9
9923,2027-03-03,2027,1,3,3,2,False,9
9924,2027-03-04,2027,1,3,4,3,False,9
9925,2027-03-05,2027,1,3,5,4,False,9
9926,2027-03-06,2027,1,3,6,5,True,9
9927,2027-03-07,2027,1,3,7,6,True,9
9928,2027-03-08,2027,1,3,8,0,False,10
9929,2027-03-09,2027,1,3,9,1,False,10
9930,2027-03-10,2027,1,3,10,2,False,10
9931,2027-03-11,2027,1,3,11,3,False,10
9932,2027-03-12,2027,1,3,12,4,False,10
9933,2027-03-13,2027,1,3,13,5,True,10
9934,2027-03-14,2027,1,3,14,6,True,10
9935,2027-03-15,2027,1,3,15,0,False,11
9936,2027-03-16,2027,1,3,16,1,False,11
9937,2027-03-17,2027,1,3,17,2,False,11
9938,2027-03-18,2027,1,3,18,3,False,11
9939,2027-03-19,2027,1,3,19,4,False,11
9940,2027-03-20,2027,1,3,20,5,True,11
9941,2027-03-21,2027,1,3,21,6,True,11
9942,2027-03-22,2027,1,3,22,0,False,12
9943,2027-03-23,2027,1,3,23,1,False,12
9944,2027-03-24,2027,1,3,24,2,False,12
9945,2027-03-25,2027,1,3,25,3,False,12
9946,2027-03-26,2027,1,3,26,4,False,12
9947,2027-03-27,2027,1,3,27,5,True,12
9948,2027-03-28,2027,1,3,28,6,True,12
9949,2027-03-29,2027,1,3,29,0,False,13
9950,2027-03-30,2027,1,3,30,1,False,13
9951,2027-03-31,2027,1,3,31,2,False,13
9952,2027-04-01,2027,2,4,1,3,False,13
9953,2027-04-02,2027,2,4,2,4,False,13
9954,2027-04-03,2027,2,4,3,5,True,13
9955,2027-04-04,2027,2,4,4,6,True,13
9956,2027-04-05,2027,2,4,5,0,False,14
9957,2027-04-06,2027,2,4,6,1,False,14
9958,2027-04-07,2027,2,4,7,2,False,14
9959,2027-04-08,2027,2,4,8,3,False,14
9960,2027-04-09,2027,2,4,9,4,False,14
9961,2027-04-10,2027,2,4,10,5,True,14
9962,2027-04-11,2027,2,4,11,6,True,14
9963,2027-04-12,2027,2,4,12,0,False,15
9964,2027-04-13,2027,2,4,13,1,False,15
9965,2027-04-14,2027,2,4,14,2,False,15
9966,2027-04-15,2027,2,4,15,3,False,15
9967,2027-04-16,2027,2,4,16,4,False,15
9968,2027-04-17,2027,2,4,17,5,True,15
9969,2027-04-18,2027,2,4,18,6,True,15
9970,2027-04-19,2027,2,4,19,0,False,16
9971,2027-04-20,2027,2,4,20,1,False,16
9972,2027-04-21,2027,2,4,21,2,False,16
9973,2027-04-22,2027,2,4,22,3,False,16
9974,2027-04-23,2027,2,4,23,4,False,16
9975,2027-04-24,2027,2,4,24,5,True,16
9976,2027-04-25,2027,2,4,25,6,True,16
9977,2027-04-26,2027,2,4,26,0,False,17
9978,2027-04-27,2027,2,4,27,1,False,17
9979,2027-04-28,2027,2,4,28,2,False,17
9980,2027-04-29,2027,2,4,29,3,False,17
9981,2027-04-30,2027,2,4,30,4,False,17
9982,2027-05-01,2027,2,5,1,5,True,17
9983,2027-05-02,2027,2,5,2,6,True,17
9984,2027-05-03,2027,2,5,3,0,False,18
9985,2027-05-04,2027,2,5,4,1,False,18
9986,2027-05-05,2027,2,5,5,2,False,18
9987,2027-05-06,2027,2,5,6,3,False,18
9988,2027-05-07,2027,2,5,7,4,False,18
9989,2027-05-08,2027,2,5,8,5,True,18
9990,2027-05-09,2027,2,5,9,6,True,18
9991,2027-05-10,2027,2,5,10,0,False,19
9992,2027-05-11,2027,2,5,11,1,False,19
9993,2027-05-12,2027,2,5,12,2,False,19
9994,2027-05-13,2027,2,5,13,3,False,19
9995,2027-05-14,2027,2,5,14,4,False,19
9996,2027-05-15,2027,2,5,15,5,True,19
9997,2027-05-16,2027,2,5,16,6,True,19
9998,2027-05-17,2027,2,5,17,0,False,20
9999,2027-05-18,2027,2,5,18,1,False,20
10000,2027-05-19,2027,2,5,19,2,False,20
10001,2027-05-20,2027,2,5,20,3,False,20
10002,2027-05-21,2027,2,5,21,4,False,20
10003,2027-05-22,2027,2,5,22,5,True,20
10004,2027-05-23,2027,2,5,23,6,True,20
10005,2027-05-24,2027,2,5,24,0,False,21
10006,2027-05-25,2027,2,5,25,1,False,21
10007,2027-05-26,2027,2,5,26,2,False,21
10008,2027-05-27,2027,2,5,27,3,False,21
10009,2027-05-28,2027,2,5,28,4,False,21
10010,2027-05-29,2027,2,5,29,5,True,21
10011,2027-05-30,2027,2,5,30,6,True,21
10012,2027-05-31,2027,2,5,31,0,False,22
10013,2027-06-01,2027,2,6,1,1,False,22
10014,2027-06-02,2027,2,6,2,2,False,22
10015,2027-06-03,2027,2,6,3,3,False,22
10016,2027-06-04,2027,2,6,4,4,False,22
10017,2027-06-05,2027,2,6,5,5,True,22
10018,2027-06-06,2027,2,6,6,6,True,22
10019,2027-06-07,2027,2,6,7,0,False,23
10020,2027-06-08,2027,2,6,8,1,False,23
10021,2027-06-09,2027,2,6,9,2,False,23
10022,2027-06-10,2027,2,6,10,3,False,23
10023,2027-06-11,2027,2,6,11,4,False,23
10024,2027-06-12,2027,2,6,12,5,True,23
10025,2027-06-13,2027,2,6,13,6,True,23
10026,2027-06-14,2027,2,6,14,0,False,24
10027,2027-06-15,2027,2,6,15,1,False,24
10028,2027-06-16,2027,2,6,16,2,False,24
10029,2027-06-17,2027,2,6,17,3,False,24
10030,2027-06-18,2027,2,6,18,4,False,24
10031,2027-06-19,2027,2,6,19,5,True,24
10032,2027-06-20,2027,2,6,20,6,True,24
10033,2027-06-21,2027,2,6,21,0,False,25
10034,2027-06-22,2027,2,6,22,1,False,25
10035,2027-06-23,2027,2,6,23,2,False,25
10036,2027-06-24,2027,2,6,24,3,False,25
10037,2027-06-25,2027,2,6,25,4,False,25
10038,2027-06-26,2027,2,6,26,5,True,25
10039,2027-06-27,2027,2,6,27,6,True,25
10040,2027-06-28,2027,2,6,28,0,False,26
10041,2027-06-29,2027,2,6,29,1,False,26
10042,2027-06-30,2027,2,6,30,2,False,26
10043,2027-07-01,2027,3,7,1,3,False,26
10044,2027-07-02,2027,3,7,2,4,False,26
10045,2027-07-03,2027,3,7,3,5,True,26
10046,2027-07-04,2027,3,7,4,6,True,26
10047,2027-07-05,2027,3,7,5,0,False,27
10048,2027-07-06,2027,3,7,6,1,False,27
10049,2027-07-07,2027,3,7,7,2,False,27
10050,2027-07-08,2027,3,7,8,3,False,27
10051,2027-07-09,2027,3,7,9,4,False,27
10052,2027-07-10,2027,3,7,10,5,True,27
10053,2027-07-11,2027,3,7,11,6,True,27
10054,2027-07-12,2027,3,7,12,0,False,28
10055,2027-07-13,2027,3,7,13,1,False,28
10056,2027-07-14,2027,3,7,14,2,False,28
10057,2027-07-15,2027,3,7,15,3,False,28
10058,2027-07-16,2027,3,7,16,4,False,28
10059,2027-07-17,2027,3,7,17,5,True,28
10060,2027-07-18,2027,3,7,18,6,True,28
10061,2027-07-19,2027,3,7,19,0,False,29
10062,2027-07-20,2027,3,7,20,1,False,29
10063,2027-07-21,2027,3,7,21,2,False,29
10064,2027-07-22,2027,3,7,22,3,False,29
10065,2027-07-23,2027,3,7,23,4,False,29
10066,2027-07-24,2027,3,7,24,5,True,29
10067,2027-07-25,2027,3,7,25,6,True,29
10068,2027-07-26,2027,3,7,26,0,False,30
10069,2027-07-27,2027,3,7,27,1,False,30
10070,2027-07-28,2027,3,7,28,2,False,30
10071,2027-07-29,2027,3,7,29,3,False,30
10072,2027-07-30,2027,3,7,30,4,False,30
10073,2027-07-31,2027,3,7,31,5,True,30
10074,2027-08-01,2027,3,8,1,6,True,30
10075,2027-08-02,2027,3,8,2,0,False,31
10076,2027-08-03,2027,3,8,3,1,False,31
10077,2027-08-04,2027,3,8,4,2,False,31
10078,2027-08-05,2027,3,8,5,3,False,31
10079,2027-08-06,2027,3,8,6,4,False,31
10080,2027-08-07,2027,3,8,7,5,True,31
10081,2027-08-08,2027,3,8,8,6,True,31
10082,2027-08-09,2027,3,8,9,0,False,32
10083,2027-08-10,2027,3,8,10,1,False,32
10084,2027-08-11,2027,3,8,11,2,False,32
10085,2027-08-12,2027,3,8,12,3,False,32
10086,2027-08-13,2027,3,8,13,4,False,32
10087,2027-08-14,2027,3,8,14,5,True,32
10088,2027-08-15,2027,3,8,15,6,True,32
10089,2027-08-16,2027,3,8,16,0,False,33
10090,2027-08-17,2027,3,8,17,1,False,33
10091,2027-08-18,2027,3,8,18,2,False,33
10092,2027-08-19,2027,3,8,19,3,False,33
10093,2027-08-20,2027,3,8,20,4,False,33
10094,2027-08-21,2027,3,8,21,5,True,33
10095,2027-08-22,2027,3,8,22,6,True,33
10096,2027-08-23,2027,3,8,23,0,False,34
10097,2027-08-24,2027,3,8,24,1,False,34
10098,2027-08-25,2027,3,8,25,2,False,34
10099,2027-08-26,2027,3,8,26,3,False,34
10100,2027-08-27,2027,3,8,27,4,False,34
10101,2027-08-28,2027,3,8,28,5,True,34
10102,2027-08-29,2027,3,8,29,6,True,34
10103,2027-08-30,2027,3,8,30,0,False,35
10104,2027-08-31,2027,3,8,31,1,False,35
10105,2027-09-01,2027,3,9,1,2,False,35
10106,2027-09-02,2027,3,9,2,3,False,35
10107,2027-09-03,2027,3,9,3,4,False,35
10108,2027-09-04,2027,3,9,4,5,True,35
10109,2027-09-05,2027,3,9,5,6,True,35
10110,2027-09-06,2027,3,9,6,0,False,36
10111,2027-09-07,2027,3,9,7,1,False,36
10112,2027-09-08,2027,3,9,8,2,False,36
10113,2027-09-09,2027,3,9,9,3,False,36
10114,2027-09-10,2027,3,9,10,4,False,36
10115,2027-09-11,2027,3,9,11,5,True,36
10116,2027-09-12,2027,3,9,12,6,True,36
10117,2027-09-13,2027,3,9,13,0,False,37
10118,2027-09-14,2027,3,9,14,1,False,37
10119,2027-09-15,2027,3,9,15,2,False,37
10120,2027-09-16,2027,3,9,16,3,False,37
10121,2027-09-17,2027,3,9,17,4,False,37
10122,2027-09-18,2027,3,9,18,5,True,37
10123,2027-09-19,2027,3,9,19,6,True,37
10124,2027-09-20,2027,3,9,20,0,False,38
10125,2027-09-21,2027,3,9,21,1,False,38
10126,2027-09-22,2027,3,9,22,2,False,38
10127,2027-09-23,2027,3,9,23,3,False,38
10128,2027-09-24,2027,3,9,24,4,False,38
10129,2027-09-25,2027,3,9,25,5,True,38
10130,2027-09-26,2027,3,9,26,6,True,38
10131,2027-09-27,2027,3,9,27,0,False,39
10132,2027-09-28,2027,3,9,28,1,False,39
10133,2027-09-29,2027,3,9,29,2,False,39
10134,2027-09-30,2027,3,9,30,3,False,39
10135,2027-10-01,2027,4,10,1,4,False,39
10136,2027-10-02,2027,4,10,2,5,True,39
10137,2027-10-03,2027,4,10,3,6,True,39
10138,2027-10-04,2027,4,10,4,0,False,40
10139,2027-10-05,2027,4,10,5,1,False,40
10140,2027-10-06,2027,4,10,6,2,False,40
10141,2027-10-07,2027,4,10,7,3,False,40
10142,2027-10-08,2027,4,10,8,4,False,40
10143,2027-10-09,2027,4,10,9,5,True,40
10144,2027-10-10,2027,4,10,10,6,True,40
10145,2027-10-11,2027,4,10,11,0,False,41
10146,2027-10-12,2027,4,10,12,1,False,41
10147,2027-10-13,2027,4,10,13,2,False,41
10148,2027-10-14,2027,4,10,14,3,False,41
10149,2027-10-15,2027,4,10,15,4,False,41
10150,2027-10-16,2027,4,10,16,5,True,41
10151,2027-10-17,2027,4,10,17,6,True,41
10152,2027-10-18,2027,4,10,18,0,False,42
10153,2027-10-19,2027,4,10,19,1,False,42
10154,2027-10-20,2027,4,10,20,2,False,42
10155,2027-10-21,2027,4,10,21,3,False,42
10156,2027-10-22,2027,4,10,22,4,False,42
10157,2027-10-23,2027,4,10,23,5,True,42
10158,2027-10-24,2027,4,10,24,6,True,42
10159,2027-10-25,2027,4,10,25,0,False,43
10160,2027-10-26,2027,4,10,26,1,False,43
10161,2027-10-27,2027,4,10,27,2,False,43
10162,2027-10-28,2027,4,10,28,3,False,43
10163,2027-10-29,2027,4,10,29,4,False,43
10164,2027-10-30,2027,4,10,30,5,True,43
10165,2027-10-31,2027,4,10,31,6,True,43
10166,2027-11-01,2027,4,11,1,0,False,44
10167,2027-11-02,2027,4,11,2,1,False,44
10168,2027-11-03,2027,4,11,3,2,False,44
10169,2027-11-04,2027,4,11,4,3,False,44
10170,2027-11-05,2027,4,11,5,4,False,44
10171,2027-11-06,2027,4,11,6,5,True,44
10172,2027-11-07,2027,4,11,7,6,True,44
10173,2027-11-08,2027,4,11,8,0,False,45
10174,2027-11-09,2027,4,11,9,1,False,45
10175,2027-11-10,2027,4,11,10,2,False,45
10176,2027-11-11,2027,4,11,11,3,False,45
10177,2027-11-12,2027,4,11,12,4,False,45
10178,2027-11-13,2027,4,11,13,5,True,45
10179,2027-11-14,2027,4,11,14,6,True,45
10180,2027-11-15,2027,4,11,15,0,False,46
10181,2027-11-16,2027,4,11,16,1,False,46
10182,2027-11-17,2027,4,11,17,2,False,46
10183,2027-11-18,2027,4,11,18,3,False,46
10184,2027-11-19,2027,4,11,19,4,False,46
10185,2027-11-20,2027,4,11,20,5,True,46
10186,2027-11-21,2027,4,11,21,6,True,46
10187,2027-11-22,2027,4,11,22,0,False,47
10188,2027-11-23,2027,4,11,23,1,False,47
10189,2027-11-24,2027,4,11,24,2,False,47
10190,2027-11-25,2027,4,11,25,3,False,47
10191,2027-11-26,2027,4,11,26,4,False,47
10192,2027-11-27,2027,4,11,27,5,True,47
10193,2027-11-28,2027,4,11,28,6,True,47
10194,2027-11-29,2027,4,11,29,0,False,48
10195,2027-11-30,2027,4,11,30,1,False,48
10196,2027-12-01,2027,4,12,1,2,False,48
10197,2027-12-02,2027,4,12,2,3,False,48
10198,2027-12-03,2027,4,12,3,4,False,48
10199,2027-12-04,2027,4,12,4,5,True,48
10200,2027-12-05,2027,4,12,5,6,True,48
10201,2027-12-06,2027,4,12,6,0,False,49
10202,2027-12-07,2027,4,12,7,1,False,49
10203,2027-12-08,2027,4,12,8,2,False,49
10204,2027-12-09,2027,4,12,9,3,False,49
10205,2027-12-10,2027,4,12,10,4,False,49
10206,2027-12-11,2027,4,12,11,5,True,49
10207,2027-12-12,2027,4,12,12,6,True,49
10208,2027-12-13,2027,4,12,13,0,False,50
10209,2027-12-14,2027,4,12,14,1,False,50
10210,2027-12-15,2027,4,12,15,2,False,50
10211,2027-12-16,2027,4,12,16,3,False,50
10212,2027-12-17,2027,4,12,17,4,False,50
10213,2027-12-18,2027,4,12,18,5,True,50
10214,2027-12-19,2027,4,12,19,6,True,50
10215,2027-12-20,2027,4,12,20,0,False,51
10216,2027-12-21,2027,4,12,21,1,False,51
10217,2027-12-22,2027,4,12,22,2,False,51
10218,2027-12-23,2027,4,12,23,3,False,51
10219,2027-12-24,2027,4,12,24,4,False,51
10220,2027-12-25,2027,4,12,25,5,True,51
10221,2027-12-26,2027,4,12,26,6,True,51
10222,2027-12-27,2027,4,12,27,0,False,52
10223,2027-12-28,2027,4,12,28,1,False,52
10224,2027-12-29,2027,4,12,29,2,False,52
10225,2027-12-30,2027,4,12,30,3,False,52
10226,2027-12-31,2027,4,12,31,4,False,52
