event_key,event_id,vehicle_key,driver_key,date_id,time_id,odometer,vehicle_speed,fuel_level,engine_speed,accelerator_pedal_position,is_speeding,is_harsh_braking,is_harsh_acceleration,fuel_consumption_rate
1,2,2,1,6570,360,13966.579,0.0,89.674202,776,0.0,False,False,False,0.0005536252202332272
2,3,2,1,6570,360,13966.579,0.0,89.674202,782,0.0,False,False,False,0.0005538444421900173
3,4,2,1,6570,360,13966.579,0.0,89.674202,766,0.0,False,False,False,0.0005540635925524388
4,5,2,1,6570,360,13966.581,0.82,89.674202,752,3.8,False,False,False,0.0005543350706181693
5,6,2,1,6570,360,13966.592,2.35,89.565506,774,0.0,False,False,False,0.0005547264696735127
6,7,2,1,6570,360,13966.621,19.1,89.239418,1680,9.3,False,False,False,0.0005553877070404473
7,8,2,1,6570,360,13966.671,21.24,89.239418,1280,8.6,False,False,False,0.0005559851030282715
8,9,2,1,6570,360,13966.731,20.789999,88.91333,1192,6.3,False,False,False,0.0005563960961161122
9,10,2,1,6570,360,13966.785,15.059999,88.695938,776,0.0,False,False,False,0.0005567299324839264
10,11,2,1,6570,360,13966.84,27.76,88.36985,1656,13.3,False,False,False,0.0005576333205420451
11,12,2,1,6570,360,13966.895,5.21,88.36985,794,0.0,False,False,False,0.0005579096205978066
12,13,2,1,6570,360,13966.896,0.0,88.043762,772,0.0,False,False,False,0.0005581829933441658
13,14,2,1,6570,360,13966.896,4.65,87.608978,1140,7.0,False,False,False,0.0005584886227675234
14,15,2,1,6570,360,13966.938,25.369999,87.174194,2120,9.1,False,False,False,0.0005594035425987716
15,16,2,1,6570,360,13967.005,16.77,87.065498,870,0.0,False,False,False,0.0005597993414234889
16,17,2,1,6570,360,13967.017,0.0,87.065498,770,0.0,False,False,False,0.0005600632502093891
17,18,2,1,6570,360,13967.017,0.0,86.848106,772,0.0,False,False,False,0.0005603347991343367
18,19,2,1,6570,360,13967.017,0.0,86.413322,776,0.0,False,False,False,0.0005606082094544989
19,20,2,1,6570,360,13967.017,0.0,85.978539,772,0.0,False,False,False,0.0005608816197746609
20,21,2,1,6570,360,13967.053,37.799999,85.652451,2504,33.600002,False,False,False,0.0005624049393283373
21,22,2,1,6570,360,13967.144,15.65,85.652451,784,0.0,False,False,False,0.0005628943258316924
22,23,2,1,6570,360,13967.154,0.0,85.652451,774,0.0,False,False,False,0.0005631655407006538
23,24,2,1,6570,360,13967.154,0.0,85.652451,768,0.0,False,False,False,0.0005634335073911699
24,25,2,1,6570,360,13967.163,4.75,85.652451,794,0.0,False,False,False,0.0005638122206907236
25,26,2,1,6570,360,13967.167,5.28,85.652451,1132,11.2,False,False,False,0.0005641249134550009
26,27,2,1,6570,360,13967.229,25.449999,85.652451,1228,0.0,False,False,False,0.0005652962877398417
27,28,2,1,6570,360,13967.263,6.27,85.652451,846,0.0,False,False,False,0.000565562589994189
28,29,2,1,6570,360,13967.313,13.77,85.652451,836,0.0,False,False,False,0.0005664964695450338
29,30,2,1,6570,360,13967.315,0.0,85.652451,762,0.0,False,False,False,0.0005667679315651172
30,31,2,1,6570,360,13967.315,0.0,85.326363,768,0.0,False,False,False,0.0005670467769376621
31,32,2,1,6570,360,13967.315,0.0,84.891579,780,0.0,False,False,False,0.0005673256223102071
32,33,2,1,6570,360,13967.315,0.0,84.456795,782,0.0,False,False,False,0.0005676026063272485
33,34,2,1,6570,360,13967.315,0.0,83.913315,1400,13.8,False,False,False,0.0005678957698190512
34,35,2,1,6570,360,13967.357,26.0,83.804619,1256,0.0,False,False,False,0.000569041441309096
35,36,2,1,6570,360,13967.389,0.0,83.804619,768,0.0,False,False,False,0.0005692900591471214
36,37,2,1,6570,360,13967.389,0.0,83.695923,778,0.0,False,False,False,0.0005695616724305144
37,38,2,1,6570,360,13967.392,7.39,83.261139,1850,19.300001,False,False,False,0.0005699172818174061
38,39,2,1,6570,360,13967.473,15.07,83.043747,796,0.0,False,False,False,0.0005715726407603751
39,40,2,1,6570,360,13967.499,21.109999,83.043747,1256,16.300001,False,False,False,0.0005720777873127242
40,41,2,1,6570,360,13967.526,0.0,83.043747,768,0.0,False,False,False,0.0005724450095879837
41,42,2,1,6570,360,13967.548,22.559999,83.043747,2004,9.7,False,False,False,0.0005730614950100755
42,43,2,1,6570,360,13967.618,42.950001,83.043747,3636,39.900002,False,False,False,0.0005744626275842034
43,44,2,1,6570,360,13967.728,19.439999,82.935051,758,0.0,False,False,False,0.0005750727625307043
44,45,2,1,6570,360,13967.738,0.0,82.935051,776,0.0,False,False,False,0.0005753297828336389
45,46,2,1,6570,360,13967.738,0.0,82.935051,768,0.0,False,False,False,0.0005755942304881085
46,47,2,1,6570,360,13967.738,0.0,82.608963,772,0.0,False,False,False,0.0005758587497310065
47,48,2,1,6570,360,13967.738,0.0,82.174179,766,0.0,False,False,False,0.0005761267768068955
48,49,2,1,6570,360,13967.761,24.99,81.848091,2222,19.6,False,False,False,0.0005768501587220226
49,50,2,1,6570,360,13967.878,42.469997,81.739395,1244,0.0,False,False,False,0.0005784859027332045
50,51,2,1,6570,360,13967.959,12.219999,81.739395,764,0.0,False,False,False,0.0005786689616599204
51,52,2,1,6570,360,13967.966,0.0,81.739395,772,0.0,False,False,False,0.0005789402021595585
52,53,2,1,6570,360,13967.966,0.0,81.739395,774,0.0,False,False,False,0.0005792029274035029
53,54,2,1,6570,360,13967.967,1.49,81.739395,840,16.0,False,False,False,0.0005794726983033177
54,55,2,1,6570,360,13968.055,43.489998,81.739395,1582,5.8,False,False,False,0.0005812806234924267
55,56,2,1,6570,360,13968.15,16.76,81.739395,804,0.0,False,False,False,0.0005815203502002628
56,57,2,1,6570,360,13968.162,4.29,81.739395,822,0.0,False,False,False,0.000581802401604334
57,58,2,1,6570,360,13968.227,44.5,81.739395,2498,23.700001,False,False,False,0.0005837200583826149
58,59,2,1,6570,360,13968.351,37.239998,81.739395,1076,0.0,False,False,False,0.0005843390290644139
59,60,2,1,6570,360,13968.394,0.0,81.739395,784,0.0,False,False,False,0.0005845537752031334
60,61,2,1,6570,360,13968.394,0.0,81.739395,768,0.0,False,False,False,0.0005848200000658583
61,62,2,1,6570,360,13968.395,0.0,81.739395,772,0.0,False,False,False,0.0005850862546302113
62,63,2,1,6570,360,13968.395,0.0,81.739395,766,0.0,False,False,False,0.0005853542691004155
63,64,2,1,6570,360,13968.395,0.0,81.739395,782,0.0,False,False,False,0.0005856187043175456
64,65,2,1,6570,360,13968.395,0.0,81.739395,778,0.0,False,False,False,0.000585888508414287
65,66,2,1,6570,360,13968.396,0.0,81.739395,770,0.0,False,False,False,0.0005861600601772618
66,67,2,1,6570,360,13968.433,34.119999,81.739395,2120,26.0,False,False,False,0.0005873345038413512
67,68,2,1,6570,360,13968.557,49.489998,81.739395,1800,0.0,False,False,False,0.0005881900191967433
68,69,2,1,6570,360,13968.624,0.0,81.739395,792,0.0,False,False,False,0.0005883380970024676
69,70,2,1,6570,360,13968.624,0.0,81.739395,760,0.0,False,False,False,0.0005886025278847878
70,71,2,1,6570,360,13968.624,0.0,81.739395,770,0.0,False,False,False,0.0005888652407537955
71,72,2,1,6570,360,13968.625,0.0,81.739395,766,0.0,False,False,False,0.0005891349982551429
72,73,2,1,6570,360,13968.629,9.91,81.739395,1960,29.200001,False,False,False,0.0005894693409538649
73,74,2,1,6570,360,13968.699,45.91,81.739395,2952,45.400002,False,False,False,0.0005916278511083166
74,75,2,1,6570,360,13968.85,60.049999,81.739395,2200,37.400002,False,False,False,0.0005933235503602401
75,76,2,1,6570,360,13969.035,65.369995,81.739395,1648,0.0,False,False,False,0.0005945574939504447
76,77,2,1,6570,360,13969.212,72.860001,81.739395,1840,34.5,False,False,False,0.0005961857271743622
77,78,2,1,6570,360,13969.427,86.489998,81.739395,3550,30.300001,False,False,False,0.0005986590817875503
78,79,2,1,6570,364,13969.661,79.689995,81.739395,1488,3.8,False,False,False,0.0005993092953869542
79,80,2,1,6570,364,13969.874,75.409996,81.739395,1898,0.0,False,False,False,0.0006002411874876261
80,81,2,1,6570,364,13970.075,71.779999,81.739395,2172,21.0,False,False,False,0.0006017195527187421
81,82,2,1,6570,364,13970.292,78.759995,81.739395,1392,0.0,False,False,False,0.0006031683397641392
82,83,2,1,6570,364,13970.482,64.830002,81.739395,2130,12.3,False,False,False,0.0006036510657924477
83,84,2,1,6570,364,13970.655,64.479996,81.739395,1610,0.0,False,False,False,0.000604132008699041
84,85,2,1,6570,364,13970.829,58.689999,81.739395,1514,17.800001,False,False,False,0.0006046393782803955
85,86,2,1,6570,364,13970.997,63.049999,81.739395,1846,0.0,False,False,False,0.0006057363882915234
86,87,2,1,6570,364,13971.164,59.209999,81.739395,1502,4.5,False,False,False,0.0006064483640472585
87,88,2,1,6570,364,13971.333,61.66,81.739395,1684,10.6,False,False,False,0.0006073586995099529
88,89,2,1,6570,364,13971.507,59.77,81.739395,1508,0.0,False,False,False,0.0006081063333874157
89,90,2,1,6570,364,13971.694,70.099998,81.739395,1314,0.0,False,False,False,0.0006103651164192102
90,91,2,1,6570,364,13971.872,52.02,81.739395,1310,0.0,False,True,False,0.0006104816533064927
91,92,2,1,6570,364,13971.945,4.54,81.739395,782,0.0,False,False,False,0.0006106523714220588
92,93,2,1,6570,364,13971.969,14.87,81.739395,1186,0.0,False,False,False,0.0006112625026220269
93,94,2,1,6570,364,13972.021,33.469997,81.739395,2492,0.0,False,False,False,0.0006124214656229315
94,95,2,1,6570,364,13972.075,11.49,81.739395,1498,0.0,False,False,False,0.0006127289089910417
95,96,2,1,6570,364,13972.081,0.0,81.739395,766,0.0,False,False,False,0.0006130040325394234
96,97,2,1,6570,364,13972.081,0.0,81.739395,778,0.0,False,False,False,0.0006132719763093051
97,98,2,1,6570,364,13972.081,0.0,81.739395,770,0.0,False,False,False,0.0006135399200791865
98,99,2,1,6570,364,13972.081,0.0,81.739395,774,0.0,False,False,False,0.0006138114421579607
99,100,2,1,6570,364,13972.143,44.259998,81.739395,2296,0.0,False,False,False,0.0006159673596699038
100,101,2,1,6570,364,13972.201,0.0,81.739395,776,0.0,False,False,False,0.0006162227252009042
101,102,2,1,6570,364,13972.236,28.949999,81.739395,1696,12.7,False,False,False,0.0006171098806318021
102,103,2,1,6570,364,13972.307,15.929999,81.739395,868,0.0,False,False,False,0.0006175478002451388
103,104,2,1,6570,364,13972.332,29.549999,81.739395,2634,31.6,False,False,False,0.0006187332412913399
104,105,2,1,6570,364,13972.429,22.769999,81.739395,770,0.0,False,False,False,0.0006195870748690246
105,106,2,1,6570,364,13972.442,0.0,81.739395,770,0.0,False,False,False,0.0006198384764469628
106,107,2,1,6570,364,13972.442,0.0,81.739395,788,0.0,False,False,False,0.0006201064132945913
107,108,2,1,6570,364,13972.442,0.0,81.739395,766,0.0,False,False,False,0.0006203725610339957
108,109,2,1,6570,364,13972.442,0.0,81.739395,782,0.0,False,False,False,0.0006206440760980725
109,110,2,1,6570,364,13972.442,0.0,81.304611,782,0.0,False,False,False,0.0006209120129457009
110,111,2,1,6570,364,13972.442,1.94,80.869827,1358,15.2,False,False,False,0.0006211943342234505
111,112,2,1,6570,364,13972.511,23.309999,80.543739,1148,0.0,False,False,False,0.0006227812752285378
112,113,2,1,6570,364,13972.523,0.0,80.543739,748,0.0,False,False,False,0.000623038084239744
113,114,2,1,6570,364,13972.523,0.0,80.326347,764,0.0,False,False,False,0.0006233060195342292
114,115,2,1,6570,364,13972.523,0.0,79.891563,772,0.0,False,False,False,0.0006235774614605065
115,116,2,1,6570,364,13972.523,4.87,79.782867,1586,14.900001,False,False,False,0.0006239100189694468
116,117,2,1,6570,364,13972.596,26.609999,79.565475,1254,0.0,False,False,False,0.0006255543669646668
117,118,2,1,6570,364,13972.627,4.88,79.565475,812,0.0,False,False,False,0.000625907933566568
118,119,2,1,6570,364,13972.628,0.0,79.565475,778,0.0,False,False,False,0.0006261741045346277
119,120,2,1,6570,364,13972.636,11.29,79.565475,1454,3.2,False,False,False,0.0006267185577182631
120,121,2,1,6570,364,13972.708,32.290001,79.456779,1554,0.0,False,False,False,0.0006283988473209831
121,122,2,1,6570,364,13972.761,4.87,79.456779,772,0.0,False,False,False,0.0006286828578218849
122,123,2,1,6570,364,13972.768,0.0,79.456779,764,0.0,False,False,False,0.0006289717991596826
123,124,2,1,6570,364,13972.775,5.48,79.456779,796,0.0,False,False,False,0.0006293316587679421
124,125,2,1,6570,364,13972.791,20.309999,79.456779,2326,14.2,False,False,False,0.0006300580851681552
125,126,2,1,6570,364,13972.863,31.959999,79.239388,1462,0.0,False,False,False,0.0006311196123791968
126,127,2,1,6570,364,13972.959,36.329998,79.130692,1578,0.0,False,False,False,0.0006319239951970662
127,128,2,1,6570,364,13973.025,20.869999,79.130692,1148,0.0,False,False,False,0.0006322291537334447
128,129,2,1,6570,364,13973.082,20.9,79.130692,1068,0.0,False,False,False,0.0006326316819952823
129,130,2,1,6570,364,13973.112,0.0,79.130692,788,0.0,False,False,False,0.000632871698752665
130,131,2,1,6570,364,13973.112,0.0,79.130692,776,0.0,False,False,False,0.0006331431292378363
131,132,2,1,6570,364,13973.124,16.49,79.130692,1274,0.0,False,False,False,0.0006336332066324873
132,133,2,1,6570,364,13973.187,30.189999,79.130692,1458,9.8,False,False,False,0.0006343506781467859
133,134,2,1,6570,364,13973.274,24.269999,79.130692,792,0.0,False,False,False,0.0006349632188405638
134,135,2,1,6570,364,13973.331,11.24,79.130692,762,0.0,False,False,False,0.0006352092275472794
135,136,2,1,6570,364,13973.373,13.42,79.130692,770,0.0,False,False,False,0.0006357571105336891
136,137,2,1,6570,364,13973.39,0.0,79.130692,772,0.0,False,False,False,0.0006360472979500358
137,138,2,1,6570,364,13973.39,0.0,79.130692,786,0.0,False,False,False,0.0006363401193182672
138,139,2,1,6570,364,13973.392,5.7,79.130692,952,7.0,False,False,False,0.0006366327780128109
139,140,2,1,6570,364,13973.426,15.589999,79.130692,1222,0.0,False,False,False,0.0006370451995666942
140,141,2,1,6570,364,13973.46,19.559999,79.130692,1800,14.3,False,False,False,0.0006375704678391867
141,142,2,1,6570,364,13973.497,0.0,79.130692,782,0.0,False,False,False,0.0006379569869312649
142,143,2,1,6570,364,13973.541,21.719999,79.130692,1350,16.200001,False,False,False,0.000638770246550495
143,144,2,1,6570,364,13973.617,27.01,79.130692,1294,0.0,False,False,False,0.0006395088323350829
144,145,2,1,6570,364,13973.689,20.469999,79.130692,1036,0.0,False,False,False,0.0006398692665003135
145,146,2,1,6570,364,13973.712,5.95,79.130692,784,0.0,False,False,False,0.000640134623167905
146,147,2,1,6570,364,13973.733,11.19,79.130692,1482,0.0,False,False,False,0.0006405562811110596
147,148,2,1,6570,364,13973.809,36.439999,79.130692,1072,0.0,False,False,False,0.0006418978606433905
148,149,2,1,6570,364,13973.899,34.130001,79.130692,2318,28.700001,False,False,False,0.0006424795628218851
149,150,2,1,6570,364,13974.011,43.18,79.130692,1594,0.0,False,False,False,0.0006434816401933422
150,151,2,1,6570,364,13974.063,2.97,83.478531,778,0.0,False,False,False,0.000643715237634349
151,152,2,1,6570,364,13974.064,0.0,83.478531,776,0.0,False,False,False,0.0006439937591699043
152,153,2,1,6570,364,13974.065,0.0,83.478531,772,0.0,False,False,False,0.0006442704917651546
153,154,2,1,6570,364,13974.065,0.0,83.478531,780,0.0,False,False,False,0.000644541975296716
154,155,2,1,6570,364,13974.07,6.16,83.478531,792,0.0,False,False,False,0.0006448496501269761
155,156,2,1,6570,364,13974.078,2.08,83.478531,780,0.0,False,False,False,0.0006451420163808745
156,157,2,1,6570,364,13974.121,30.92,83.478531,1458,0.0,False,False,False,0.0006461413106906194
157,158,2,1,6570,364,13974.196,11.099999,83.478531,800,0.0,False,False,False,0.000646375621493967
158,159,2,1,6570,364,13974.205,10.15,83.478531,1388,10.900001,False,False,False,0.0006467256830937363
159,160,2,1,6570,364,13974.249,18.32,83.478531,1926,26.6,False,False,False,0.0006472934399952373
160,161,2,1,6570,364,13974.294,14.88,83.478531,818,0.0,False,False,False,0.0006477694136524069
161,162,2,1,6570,364,13974.345,14.679999,83.478531,840,0.0,False,False,False,0.000648340345086293
162,163,2,1,6570,364,13974.366,9.82,83.478531,1202,0.0,False,False,False,0.0006486631548683591
163,164,2,1,6570,364,13974.399,13.389999,83.478531,1886,16.800001,False,False,False,0.0006490179636373888
164,165,2,1,6570,364,13974.432,3.23,83.478531,764,0.0,False,False,False,0.0006493691214697335
165,166,2,1,6570,364,13974.432,0.0,83.478531,782,0.0,False,False,False,0.0006496458928783023
166,167,2,1,6570,364,13974.444,8.62,83.478531,1068,0.0,False,False,False,0.0006500159136267871
167,168,2,1,6570,364,13974.48,0.75,83.478531,808,0.0,False,False,False,0.0006504476411543647
168,169,2,1,6570,368,13974.492,18.18,83.478531,1460,0.0,False,False,False,0.000651004057674678
169,170,2,1,6570,368,13974.511,0.0,83.478531,768,0.0,False,False,False,0.0006512427345232671
170,171,2,1,6570,368,13974.511,0.0,83.478531,772,0.0,False,False,False,0.0006515088428609158
171,172,2,1,6570,368,13974.511,0.0,83.152443,780,0.0,False,False,False,0.0006517767400419204
172,173,2,1,6570,368,13974.511,0.0,82.935051,780,0.0,False,False,False,0.0006520375534032351
173,174,2,1,6570,368,13974.512,2.63,82.935051,774,4.0,False,False,False,0.0006523001089333971
174,175,2,1,6570,368,13974.55,25.699999,82.608963,1430,0.0,False,False,False,0.0006530409178887415
175,176,2,1,6570,368,13974.579,0.0,82.608963,768,0.0,False,False,False,0.0006533023068310802
176,177,2,1,6570,368,13974.579,0.0,82.608963,770,0.0,False,False,False,0.000653568413873944
177,178,2,1,6570,368,13974.579,0.0,82.391571,778,0.0,False,False,False,0.0006538380985861122
178,179,2,1,6570,368,13974.579,0.0,81.956787,780,0.0,False,False,False,0.0006541095721329328
179,180,2,1,6570,368,13974.579,0.0,81.522003,788,0.0,False,False,False,0.0006543738903411443
180,181,2,1,6570,368,13974.579,0.0,81.087219,776,0.0,False,False,False,0.0006546435750533126
181,182,2,1,6570,368,13974.604,14.799999,80.761131,1154,0.0,False,False,False,0.0006551065699915366
182,183,2,1,6570,368,13974.669,36.860001,80.761131,2078,15.5,False,False,False,0.00065616765823518
183,184,2,1,6570,368,13974.773,36.130001,80.761131,1054,0.0,False,False,False,0.000656537280621258
184,185,2,1,6570,368,13974.829,5.67,80.761131,800,0.0,False,False,False,0.0006567405053396117
185,186,2,1,6570,368,13974.833,0.0,80.761131,764,0.0,False,False,False,0.0006570099256337709
186,187,2,1,6570,368,13974.833,0.0,80.761131,774,0.0,False,False,False,0.0006572725217881467
187,188,2,1,6570,368,13974.853,20.52,80.761131,1862,14.900001,False,False,False,0.0006578824920382319
188,189,2,1,6570,368,13974.941,41.299999,80.761131,2048,6.3,False,False,False,0.0006594169938181622
189,190,2,1,6570,368,13975.051,37.919998,80.761131,1074,0.0,False,False,False,0.0006598330243643215
190,191,2,1,6570,368,13975.124,0.0,80.761131,782,0.0,False,False,False,0.0006601662950328718
191,192,2,1,6570,368,13975.124,0.0,80.761131,780,0.0,False,False,False,0.000660430674484571
192,193,2,1,6570,368,13975.124,0.0,80.761131,764,0.0,False,False,False,0.0006606949823856743
193,194,2,1,6570,368,13975.124,0.0,80.761131,764,0.0,False,False,False,0.00066096115060227
194,195,2,1,6570,368,13975.124,0.0,80.761131,774,0.0,False,False,False,0.0006612254585033734
195,196,2,1,6570,368,13975.124,0.0,80.761131,774,0.0,False,False,False,0.0006614862604252795
196,197,2,1,6570,368,13975.14,28.629999,80.761131,3206,36.400002,False,False,False,0.0006624286104747091
197,198,2,1,6570,368,13975.246,39.610001,80.761131,1368,0.0,False,False,False,0.0006634569826547129
198,199,2,1,6570,368,13975.318,8.76,80.761131,818,0.0,False,False,False,0.0006636433859046424
199,200,2,1,6570,368,13975.325,1.87,80.761131,776,0.0,False,False,False,0.000663912723838348
200,201,2,1,6570,368,13975.325,0.0,80.761131,770,0.0,False,False,False,0.0006641770994878839
201,202,2,1,6570,368,13975.326,0.0,80.761131,770,0.0,False,False,False,0.0006644413560473618
202,203,2,1,6570,368,13975.346,18.0,80.761131,1384,0.0,False,False,False,0.0006648899504920672
203,204,2,1,6570,368,13975.399,13.27,80.761131,816,0.0,False,False,False,0.0006652150528902331
204,205,2,1,6570,368,13975.462,36.59,80.761131,1752,0.0,False,False,False,0.000666641457616384
205,206,2,1,6570,368,13975.523,23.58,80.761131,2042,37.900002,False,False,False,0.0006673438737230999
206,207,2,1,6570,368,13975.646,47.09,80.761131,1708,0.0,False,False,False,0.0006695885407700816
207,208,2,1,6570,368,13975.693,0.0,80.761131,776,0.0,False,False,False,0.000669772527735996
208,209,2,1,6570,368,13975.693,0.0,80.761131,772,0.0,False,False,False,0.0006700280245119501
209,210,2,1,6570,368,13975.694,0.0,80.761131,772,0.0,False,False,False,0.0006702834017829969
210,211,2,1,6570,368,13975.756,45.369999,80.761131,2078,17.1,False,False,False,0.0006724233434424984
211,212,2,1,6570,368,13975.892,46.829998,80.761131,1478,0.0,False,False,False,0.0006732715685289692
212,213,2,1,6570,368,13976.028,48.509998,80.761131,1764,0.0,False,False,False,0.0006743199627274124
213,214,2,1,6570,368,13976.09,0.0,80.761131,778,0.0,False,False,False,0.0006744765899053379
214,215,2,1,6570,368,13976.112,23.34,80.761131,1796,15.900001,False,False,False,0.0006751814681029959
215,216,2,1,6570,368,13976.154,2.15,80.761131,758,0.0,False,False,False,0.0006755390975873916
216,217,2,1,6570,368,13976.158,0.0,80.761131,780,0.0,False,False,False,0.000675877098906659
217,218,2,1,6570,368,13976.158,0.0,80.761131,802,0.0,False,False,False,0.0006761396701675692
218,219,2,1,6570,368,13976.158,0.0,80.761131,774,0.0,False,False,False,0.0006764146187658465
219,220,2,1,6570,368,13976.158,0.0,80.326347,774,0.0,False,False,False,0.0006766896389094263
220,221,2,1,6570,368,13976.158,0.0,79.782867,766,0.0,False,False,False,0.0006769645875077036
221,222,2,1,6570,368,13976.158,0.0,79.348083,762,0.0,False,False,False,0.0006772467621815537
222,223,2,1,6570,368,13976.167,4.26,78.9133,840,0.0,False,False,False,0.0006779039700963723
223,224,2,1,6570,368,13976.178,4.26,78.9133,782,0.0,False,False,False,0.0006782432762893911
224,225,3,1,6570,360,13966.579,0.0,89.674202,776,0.0,False,False,False,0.0005536252202332272
225,226,3,1,6570,360,13966.579,0.0,89.674202,782,0.0,False,False,False,0.0005538444421900173
226,227,3,1,6570,360,13966.579,0.0,89.674202,766,0.0,False,False,False,0.0005540635925524388
227,228,3,1,6570,360,13966.581,0.82,89.674202,752,3.8,False,False,False,0.0005543350706181693
228,229,3,1,6570,360,13966.592,2.35,89.565506,774,0.0,False,False,False,0.0005547264696735127
229,230,3,1,6570,360,13966.621,19.1,89.239418,1680,9.3,False,False,False,0.0005553877070404473
230,231,3,1,6570,360,13966.671,21.24,89.239418,1280,8.6,False,False,False,0.0005559851030282715
231,232,3,1,6570,360,13966.731,20.789999,88.91333,1192,6.3,False,False,False,0.0005563960961161122
232,233,3,1,6570,360,13966.785,15.059999,88.695938,776,0.0,False,False,False,0.0005567299324839264
233,234,3,1,6570,360,13966.84,27.76,88.36985,1656,13.3,False,False,False,0.0005576333205420451
234,235,3,1,6570,360,13966.895,5.21,88.36985,794,0.0,False,False,False,0.0005579096205978066
235,236,3,1,6570,360,13966.896,0.0,88.043762,772,0.0,False,False,False,0.0005581829933441658
236,237,3,1,6570,360,13966.896,4.65,87.608978,1140,7.0,False,False,False,0.0005584886227675234
237,238,3,1,6570,360,13966.938,25.369999,87.174194,2120,9.1,False,False,False,0.0005594035425987716
238,239,3,1,6570,360,13967.005,16.77,87.065498,870,0.0,False,False,False,0.0005597993414234889
239,240,3,1,6570,360,13967.017,0.0,87.065498,770,0.0,False,False,False,0.0005600632502093891
240,241,3,1,6570,360,13967.017,0.0,86.848106,772,0.0,False,False,False,0.0005603347991343367
241,242,3,1,6570,360,13967.017,0.0,86.413322,776,0.0,False,False,False,0.0005606082094544989
242,243,3,1,6570,360,13967.017,0.0,85.978539,772,0.0,False,False,False,0.0005608816197746609
243,244,3,1,6570,360,13967.053,37.799999,85.652451,2504,33.600002,False,False,False,0.0005624049393283373
244,245,3,1,6570,360,13967.144,15.65,85.652451,784,0.0,False,False,False,0.0005628943258316924
245,246,3,1,6570,360,13967.154,0.0,85.652451,774,0.0,False,False,False,0.0005631655407006538
246,247,3,1,6570,360,13967.154,0.0,85.652451,768,0.0,False,False,False,0.0005634335073911699
247,248,3,1,6570,360,13967.163,4.75,85.652451,794,0.0,False,False,False,0.0005638122206907236
248,249,3,1,6570,360,13967.167,5.28,85.652451,1132,11.2,False,False,False,0.0005641249134550009
249,250,3,1,6570,360,13967.229,25.449999,85.652451,1228,0.0,False,False,False,0.0005652962877398417
250,251,3,1,6570,360,13967.263,6.27,85.652451,846,0.0,False,False,False,0.000565562589994189
251,252,3,1,6570,360,13967.313,13.77,85.652451,836,0.0,False,False,False,0.0005664964695450338
252,253,3,1,6570,360,13967.315,0.0,85.652451,762,0.0,False,False,False,0.0005667679315651172
253,254,3,1,6570,360,13967.315,0.0,85.326363,768,0.0,False,False,False,0.0005670467769376621
254,255,3,1,6570,360,13967.315,0.0,84.891579,780,0.0,False,False,False,0.0005673256223102071
255,256,3,1,6570,360,13967.315,0.0,84.456795,782,0.0,False,False,False,0.0005676026063272485
256,257,3,1,6570,360,13967.315,0.0,83.913315,1400,13.8,False,False,False,0.0005678957698190512
257,258,3,1,6570,360,13967.357,26.0,83.804619,1256,0.0,False,False,False,0.000569041441309096
258,259,3,1,6570,360,13967.389,0.0,83.804619,768,0.0,False,False,False,0.0005692900591471214
259,260,3,1,6570,360,13967.389,0.0,83.695923,778,0.0,False,False,False,0.0005695616724305144
260,261,3,1,6570,360,13967.392,7.39,83.261139,1850,19.300001,False,False,False,0.0005699172818174061
261,262,3,1,6570,360,13967.473,15.07,83.043747,796,0.0,False,False,False,0.0005715726407603751
262,263,3,1,6570,360,13967.499,21.109999,83.043747,1256,16.300001,False,False,False,0.0005720777873127242
263,264,3,1,6570,360,13967.526,0.0,83.043747,768,0.0,False,False,False,0.0005724450095879837
264,265,3,1,6570,360,13967.548,22.559999,83.043747,2004,9.7,False,False,False,0.0005730614950100755
265,266,3,1,6570,360,13967.618,42.950001,83.043747,3636,39.900002,False,False,False,0.0005744626275842034
266,267,3,1,6570,360,13967.728,19.439999,82.935051,758,0.0,False,False,False,0.0005750727625307043
267,268,3,1,6570,360,13967.738,0.0,82.935051,776,0.0,False,False,False,0.0005753297828336389
268,269,3,1,6570,360,13967.738,0.0,82.935051,768,0.0,False,False,False,0.0005755942304881085
269,270,3,1,6570,360,13967.738,0.0,82.608963,772,0.0,False,False,False,0.0005758587497310065
270,271,3,1,6570,360,13967.738,0.0,82.174179,766,0.0,False,False,False,0.0005761267768068955
271,272,3,1,6570,360,13967.761,24.99,81.848091,2222,19.6,False,False,False,0.0005768501587220226
272,273,3,1,6570,360,13967.878,42.469997,81.739395,1244,0.0,False,False,False,0.0005784859027332045
273,274,3,1,6570,360,13967.959,12.219999,81.739395,764,0.0,False,False,False,0.0005786689616599204
274,275,3,1,6570,360,13967.966,0.0,81.739395,772,0.0,False,False,False,0.0005789402021595585
275,276,3,1,6570,360,13967.966,0.0,81.739395,774,0.0,False,False,False,0.0005792029274035029
276,277,3,1,6570,360,13967.967,1.49,81.739395,840,16.0,False,False,False,0.0005794726983033177
277,278,3,1,6570,360,13968.055,43.489998,81.739395,1582,5.8,False,False,False,0.0005812806234924267
278,279,3,1,6570,360,13968.15,16.76,81.739395,804,0.0,False,False,False,0.0005815203502002628
279,280,3,1,6570,360,13968.162,4.29,81.739395,822,0.0,False,False,False,0.000581802401604334
280,281,3,1,6570,360,13968.227,44.5,81.739395,2498,23.700001,False,False,False,0.0005837200583826149
281,282,3,1,6570,360,13968.351,37.239998,81.739395,1076,0.0,False,False,False,0.0005843390290644139
282,283,3,1,6570,360,13968.394,0.0,81.739395,784,0.0,False,False,False,0.0005845537752031334
283,284,3,1,6570,360,13968.394,0.0,81.739395,768,0.0,False,False,False,0.0005848200000658583
284,285,3,1,6570,360,13968.395,0.0,81.739395,772,0.0,False,False,False,0.0005850862546302113
285,286,3,1,6570,360,13968.395,0.0,81.739395,766,0.0,False,False,False,0.0005853542691004155
286,287,3,1,6570,360,13968.395,0.0,81.739395,782,0.0,False,False,False,0.0005856187043175456
287,288,3,1,6570,360,13968.395,0.0,81.739395,778,0.0,False,False,False,0.000585888508414287
288,289,3,1,6570,360,13968.396,0.0,81.739395,770,0.0,False,False,False,0.0005861600601772618
289,290,3,1,6570,360,13968.433,34.119999,81.739395,2120,26.0,False,False,False,0.0005873345038413512
290,291,3,1,6570,360,13968.557,49.489998,81.739395,1800,0.0,False,False,False,0.0005881900191967433
291,292,3,1,6570,360,13968.624,0.0,81.739395,792,0.0,False,False,False,0.0005883380970024676
292,293,3,1,6570,360,13968.624,0.0,81.739395,760,0.0,False,False,False,0.0005886025278847878
293,294,3,1,6570,360,13968.624,0.0,81.739395,770,0.0,False,False,False,0.0005888652407537955
294,295,3,1,6570,360,13968.625,0.0,81.739395,766,0.0,False,False,False,0.0005891349982551429
295,296,3,1,6570,360,13968.629,9.91,81.739395,1960,29.200001,False,False,False,0.0005894693409538649
296,297,3,1,6570,360,13968.699,45.91,81.739395,2952,45.400002,False,False,False,0.0005916278511083166
297,298,3,1,6570,360,13968.85,60.049999,81.739395,2200,37.400002,False,False,False,0.0005933235503602401
298,299,3,1,6570,360,13969.035,65.369995,81.739395,1648,0.0,False,False,False,0.0005945574939504447
299,300,3,1,6570,360,13969.212,72.860001,81.739395,1840,34.5,False,False,False,0.0005961857271743622
300,301,3,1,6570,360,13969.427,86.489998,81.739395,3550,30.300001,False,False,False,0.0005986590817875503
301,302,3,1,6570,364,13969.661,79.689995,81.739395,1488,3.8,False,False,False,0.0005993092953869542
302,303,3,1,6570,364,13969.874,75.409996,81.739395,1898,0.0,False,False,False,0.0006002411874876261
303,304,3,1,6570,364,13970.075,71.779999,81.739395,2172,21.0,False,False,False,0.0006017195527187421
304,305,3,1,6570,364,13970.292,78.759995,81.739395,1392,0.0,False,False,False,0.0006031683397641392
305,306,3,1,6570,364,13970.482,64.830002,81.739395,2130,12.3,False,False,False,0.0006036510657924477
306,307,3,1,6570,364,13970.655,64.479996,81.739395,1610,0.0,False,False,False,0.000604132008699041
307,308,3,1,6570,364,13970.829,58.689999,81.739395,1514,17.800001,False,False,False,0.0006046393782803955
308,309,3,1,6570,364,13970.997,63.049999,81.739395,1846,0.0,False,False,False,0.0006057363882915234
309,310,3,1,6570,364,13971.164,59.209999,81.739395,1502,4.5,False,False,False,0.0006064483640472585
310,311,3,1,6570,364,13971.333,61.66,81.739395,1684,10.6,False,False,False,0.0006073586995099529
311,312,3,1,6570,364,13971.507,59.77,81.739395,1508,0.0,False,False,False,0.0006081063333874157
312,313,3,1,6570,364,13971.694,70.099998,81.739395,1314,0.0,False,False,False,0.0006103651164192102
313,314,3,1,6570,364,13971.872,52.02,81.739395,1310,0.0,False,True,False,0.0006104816533064927
314,315,3,1,6570,364,13971.945,4.54,81.739395,782,0.0,False,False,False,0.0006106523714220588
315,316,3,1,6570,364,13971.969,14.87,81.739395,1186,0.0,False,False,False,0.0006112625026220269
316,317,3,1,6570,364,13972.021,33.469997,81.739395,2492,0.0,False,False,False,0.0006124214656229315
317,318,3,1,6570,364,13972.075,11.49,81.739395,1498,0.0,False,False,False,0.0006127289089910417
318,319,3,1,6570,364,13972.081,0.0,81.739395,766,0.0,False,False,False,0.0006130040325394234
319,320,3,1,6570,364,13972.081,0.0,81.739395,778,0.0,False,False,False,0.0006132719763093051
320,321,3,1,6570,364,13972.081,0.0,81.739395,770,0.0,False,False,False,0.0006135399200791865
321,322,3,1,6570,364,13972.081,0.0,81.739395,774,0.0,False,False,False,0.0006138114421579607
322,323,3,1,6570,364,13972.143,44.259998,81.739395,2296,0.0,False,False,False,0.0006159673596699038
323,324,3,1,6570,364,13972.201,0.0,81.739395,776,0.0,False,False,False,0.0006162227252009042
324,325,3,1,6570,364,13972.236,28.949999,81.739395,1696,12.7,False,False,False,0.0006171098806318021
325,326,3,1,6570,364,13972.307,15.929999,81.739395,868,0.0,False,False,False,0.0006175478002451388
326,327,3,1,6570,364,13972.332,29.549999,81.739395,2634,31.6,False,False,False,0.0006187332412913399
327,328,3,1,6570,364,13972.429,22.769999,81.739395,770,0.0,False,False,False,0.0006195870748690246
328,329,3,1,6570,364,13972.442,0.0,81.739395,770,0.0,False,False,False,0.0006198384764469628
329,330,3,1,6570,364,13972.442,0.0,81.739395,788,0.0,False,False,False,0.0006201064132945913
330,331,3,1,6570,364,13972.442,0.0,81.739395,766,0.0,False,False,False,0.0006203725610339957
331,332,3,1,6570,364,13972.442,0.0,81.739395,782,0.0,False,False,False,0.0006206440760980725
332,333,3,1,6570,364,13972.442,0.0,81.304611,782,0.0,False,False,False,0.0006209120129457009
333,334,3,1,6570,364,13972.442,1.94,80.869827,1358,15.2,False,False,False,0.0006211943342234505
334,335,3,1,6570,364,13972.511,23.309999,80.543739,1148,0.0,False,False,False,0.0006227812752285378
335,336,3,1,6570,364,13972.523,0.0,80.543739,748,0.0,False,False,False,0.000623038084239744
336,337,3,1,6570,364,13972.523,0.0,80.326347,764,0.0,False,False,False,0.0006233060195342292
337,338,3,1,6570,364,13972.523,0.0,79.891563,772,0.0,False,False,False,0.0006235774614605065
338,339,3,1,6570,364,13972.523,4.87,79.782867,1586,14.900001,False,False,False,0.0006239100189694468
339,340,3,1,6570,364,13972.596,26.609999,79.565475,1254,0.0,False,False,False,0.0006255543669646668
340,341,3,1,6570,364,13972.627,4.88,79.565475,812,0.0,False,False,False,0.000625907933566568
341,342,3,1,6570,364,13972.628,0.0,79.565475,778,0.0,False,False,False,0.0006261741045346277
342,343,3,1,6570,364,13972.636,11.29,79.565475,1454,3.2,False,False,False,0.0006267185577182631
343,344,3,1,6570,364,13972.708,32.290001,79.456779,1554,0.0,False,False,False,0.0006283988473209831
344,345,3,1,6570,364,13972.761,4.87,79.456779,772,0.0,False,False,False,0.0006286828578218849
345,346,3,1,6570,364,13972.768,0.0,79.456779,764,0.0,False,False,False,0.0006289717991596826
346,347,3,1,6570,364,13972.775,5.48,79.456779,796,0.0,False,False,False,0.0006293316587679421
347,348,3,1,6570,364,13972.791,20.309999,79.456779,2326,14.2,False,False,False,0.0006300580851681552
348,349,3,1,6570,364,13972.863,31.959999,79.239388,1462,0.0,False,False,False,0.0006311196123791968
349,350,3,1,6570,364,13972.959,36.329998,79.130692,1578,0.0,False,False,False,0.0006319239951970662
350,351,3,1,6570,364,13973.025,20.869999,79.130692,1148,0.0,False,False,False,0.0006322291537334447
351,352,3,1,6570,364,13973.082,20.9,79.130692,1068,0.0,False,False,False,0.0006326316819952823
352,353,3,1,6570,364,13973.112,0.0,79.130692,788,0.0,False,False,False,0.000632871698752665
353,354,3,1,6570,364,13973.112,0.0,79.130692,776,0.0,False,False,False,0.0006331431292378363
354,355,3,1,6570,364,13973.124,16.49,79.130692,1274,0.0,False,False,False,0.0006336332066324873
355,356,3,1,6570,364,13973.187,30.189999,79.130692,1458,9.8,False,False,False,0.0006343506781467859
356,357,3,1,6570,364,13973.274,24.269999,79.130692,792,0.0,False,False,False,0.0006349632188405638
357,358,3,1,6570,364,13973.331,11.24,79.130692,762,0.0,False,False,False,0.0006352092275472794
358,359,3,1,6570,364,13973.373,13.42,79.130692,770,0.0,False,False,False,0.0006357571105336891
359,360,3,1,6570,364,13973.39,0.0,79.130692,772,0.0,False,False,False,0.0006360472979500358
360,361,3,1,6570,364,13973.39,0.0,79.130692,786,0.0,False,False,False,0.0006363401193182672
361,362,3,1,6570,364,13973.392,5.7,79.130692,952,7.0,False,False,False,0.0006366327780128109
362,363,3,1,6570,364,13973.426,15.589999,79.130692,1222,0.0,False,False,False,0.0006370451995666942
363,364,3,1,6570,364,13973.46,19.559999,79.130692,1800,14.3,False,False,False,0.0006375704678391867
364,365,3,1,6570,364,13973.497,0.0,79.130692,782,0.0,False,False,False,0.0006379569869312649
365,366,3,1,6570,364,13973.541,21.719999,79.130692,1350,16.200001,False,False,False,0.000638770246550495
366,367,3,1,6570,364,13973.617,27.01,79.130692,1294,0.0,False,False,False,0.0006395088323350829
367,368,3,1,6570,364,13973.689,20.469999,79.130692,1036,0.0,False,False,False,0.0006398692665003135
368,369,3,1,6570,364,13973.712,5.95,79.130692,784,0.0,False,False,False,0.000640134623167905
369,370,3,1,6570,364,13973.733,11.19,79.130692,1482,0.0,False,False,False,0.0006405562811110596
370,371,3,1,6570,364,13973.809,36.439999,79.130692,1072,0.0,False,False,False,0.0006418978606433905
371,372,3,1,6570,364,13973.899,34.130001,79.130692,2318,28.700001,False,False,False,0.0006424795628218851
372,373,3,1,6570,364,13974.011,43.18,79.130692,1594,0.0,False,False,False,0.0006434816401933422
373,374,3,1,6570,364,13974.063,2.97,83.478531,778,0.0,False,False,False,0.000643715237634349
374,375,3,1,6570,364,13974.064,0.0,83.478531,776,0.0,False,False,False,0.0006439937591699043
375,376,3,1,6570,364,13974.065,0.0,83.478531,772,0.0,False,False,False,0.0006442704917651546
376,377,3,1,6570,364,13974.065,0.0,83.478531,780,0.0,False,False,False,0.000644541975296716
377,378,3,1,6570,364,13974.07,6.16,83.478531,792,0.0,False,False,False,0.0006448496501269761
378,379,3,1,6570,364,13974.078,2.08,83.478531,780,0.0,False,False,False,0.0006451420163808745
379,380,3,1,6570,364,13974.121,30.92,83.478531,1458,0.0,False,False,False,0.0006461413106906194
380,381,3,1,6570,364,13974.196,11.099999,83.478531,800,0.0,False,False,False,0.000646375621493967
381,382,3,1,6570,364,13974.205,10.15,83.478531,1388,10.900001,False,False,False,0.0006467256830937363
382,383,3,1,6570,364,13974.249,18.32,83.478531,1926,26.6,False,False,False,0.0006472934399952373
383,384,3,1,6570,364,13974.294,14.88,83.478531,818,0.0,False,False,False,0.0006477694136524069
384,385,3,1,6570,364,13974.345,14.679999,83.478531,840,0.0,False,False,False,0.000648340345086293
385,386,3,1,6570,364,13974.366,9.82,83.478531,1202,0.0,False,False,False,0.0006486631548683591
386,387,3,1,6570,364,13974.399,13.389999,83.478531,1886,16.800001,False,False,False,0.0006490179636373888
387,388,3,1,6570,364,13974.432,3.23,83.478531,764,0.0,False,False,False,0.0006493691214697335
388,389,3,1,6570,364,13974.432,0.0,83.478531,782,0.0,False,False,False,0.0006496458928783023
389,390,3,1,6570,364,13974.444,8.62,83.478531,1068,0.0,False,False,False,0.0006500159136267871
390,391,3,1,6570,364,13974.48,0.75,83.478531,808,0.0,False,False,False,0.0006504476411543647
391,392,3,1,6570,368,13974.492,18.18,83.478531,1460,0.0,False,False,False,0.000651004057674678
392,393,3,1,6570,368,13974.511,0.0,83.478531,768,0.0,False,False,False,0.0006512427345232671
393,394,3,1,6570,368,13974.511,0.0,83.478531,772,0.0,False,False,False,0.0006515088428609158
394,395,3,1,6570,368,13974.511,0.0,83.152443,780,0.0,False,False,False,0.0006517767400419204
395,396,3,1,6570,368,13974.511,0.0,82.935051,780,0.0,False,False,False,0.0006520375534032351
396,397,3,1,6570,368,13974.512,2.63,82.935051,774,4.0,False,False,False,0.0006523001089333971
397,398,3,1,6570,368,13974.55,25.699999,82.608963,1430,0.0,False,False,False,0.0006530409178887415
398,399,3,1,6570,368,13974.579,0.0,82.608963,768,0.0,False,False,False,0.0006533023068310802
399,400,3,1,6570,368,13974.579,0.0,82.608963,770,0.0,False,False,False,0.000653568413873944
400,401,3,1,6570,368,13974.579,0.0,82.391571,778,0.0,False,False,False,0.0006538380985861122
401,402,3,1,6570,368,13974.579,0.0,81.956787,780,0.0,False,False,False,0.0006541095721329328
402,403,3,1,6570,368,13974.579,0.0,81.522003,788,0.0,False,False,False,0.0006543738903411443
403,404,3,1,6570,368,13974.579,0.0,81.087219,776,0.0,False,False,False,0.0006546435750533126
404,405,3,1,6570,368,13974.604,14.799999,80.761131,1154,0.0,False,False,False,0.0006551065699915366
405,406,3,1,6570,368,13974.669,36.860001,80.761131,2078,15.5,False,False,False,0.00065616765823518
406,407,3,1,6570,368,13974.773,36.130001,80.761131,1054,0.0,False,False,False,0.000656537280621258
407,408,3,1,6570,368,13974.829,5.67,80.761131,800,0.0,False,False,False,0.0006567405053396117
408,409,3,1,6570,368,13974.833,0.0,80.761131,764,0.0,False,False,False,0.0006570099256337709
409,410,3,1,6570,368,13974.833,0.0,80.761131,774,0.0,False,False,False,0.0006572725217881467
410,411,3,1,6570,368,13974.853,20.52,80.761131,1862,14.900001,False,False,False,0.0006578824920382319
411,412,3,1,6570,368,13974.941,41.299999,80.761131,2048,6.3,False,False,False,0.0006594169938181622
412,413,3,1,6570,368,13975.051,37.919998,80.761131,1074,0.0,False,False,False,0.0006598330243643215
413,414,3,1,6570,368,13975.124,0.0,80.761131,782,0.0,False,False,False,0.0006601662950328718
414,415,3,1,6570,368,13975.124,0.0,80.761131,780,0.0,False,False,False,0.000660430674484571
415,416,3,1,6570,368,13975.124,0.0,80.761131,764,0.0,False,False,False,0.0006606949823856743
416,417,3,1,6570,368,13975.124,0.0,80.761131,764,0.0,False,False,False,0.00066096115060227
417,418,3,1,6570,368,13975.124,0.0,80.761131,774,0.0,False,False,False,0.0006612254585033734
418,419,3,1,6570,368,13975.124,0.0,80.761131,774,0.0,False,False,False,0.0006614862604252795
419,420,3,1,6570,368,13975.14,28.629999,80.761131,3206,36.400002,False,False,False,0.0006624286104747091
420,421,3,1,6570,368,13975.246,39.610001,80.761131,1368,0.0,False,False,False,0.0006634569826547129
421,422,3,1,6570,368,13975.318,8.76,80.761131,818,0.0,False,False,False,0.0006636433859046424
422,423,3,1,6570,368,13975.325,1.87,80.761131,776,0.0,False,False,False,0.000663912723838348
423,424,3,1,6570,368,13975.325,0.0,80.761131,770,0.0,False,False,False,0.0006641770994878839
424,425,3,1,6570,368,13975.326,0.0,80.761131,770,0.0,False,False,False,0.0006644413560473618
425,426,3,1,6570,368,13975.346,18.0,80.761131,1384,0.0,False,False,False,0.0006648899504920672
426,427,3,1,6570,368,13975.399,13.27,80.761131,816,0.0,False,False,False,0.0006652150528902331
427,428,3,1,6570,368,13975.462,36.59,80.761131,1752,0.0,False,False,False,0.000666641457616384
428,429,3,1,6570,368,13975.523,23.58,80.761131,2042,37.900002,False,False,False,0.0006673438737230999
429,430,3,1,6570,368,13975.646,47.09,80.761131,1708,0.0,False,False,False,0.0006695885407700816
430,431,3,1,6570,368,13975.693,0.0,80.761131,776,0.0,False,False,False,0.000669772527735996
431,432,3,1,6570,368,13975.693,0.0,80.761131,772,0.0,False,False,False,0.0006700280245119501
432,433,3,1,6570,368,13975.694,0.0,80.761131,772,0.0,False,False,False,0.0006702834017829969
433,434,3,1,6570,368,13975.756,45.369999,80.761131,2078,17.1,False,False,False,0.0006724233434424984
434,435,3,1,6570,368,13975.892,46.829998,80.761131,1478,0.0,False,False,False,0.0006732715685289692
435,436,3,1,6570,368,13976.028,48.509998,80.761131,1764,0.0,False,False,False,0.0006743199627274124
436,437,3,1,6570,368,13976.09,0.0,80.761131,778,0.0,False,False,False,0.0006744765899053379
437,438,3,1,6570,368,13976.112,23.34,80.761131,1796,15.900001,False,False,False,0.0006751814681029959
438,439,3,1,6570,368,13976.154,2.15,80.761131,758,0.0,False,False,False,0.0006755390975873916
439,440,3,1,6570,368,13976.158,0.0,80.761131,780,0.0,False,False,False,0.000675877098906659
440,441,3,1,6570,368,13976.158,0.0,80.761131,802,0.0,False,False,False,0.0006761396701675692
441,442,3,1,6570,368,13976.158,0.0,80.761131,774,0.0,False,False,False,0.0006764146187658465
442,443,3,1,6570,368,13976.158,0.0,80.326347,774,0.0,False,False,False,0.0006766896389094263
443,444,3,1,6570,368,13976.158,0.0,79.782867,766,0.0,False,False,False,0.0006769645875077036
444,445,3,1,6570,368,13976.158,0.0,79.348083,762,0.0,False,False,False,0.0006772467621815537
445,446,3,1,6570,368,13976.167,4.26,78.9133,840,0.0,False,False,False,0.0006779039700963723
446,447,3,1,6570,368,13976.178,4.26,78.9133,782,0.0,False,False,False,0.0006782432762893911
447,448,4,1,6570,360,13966.579,0.0,89.674202,776,0.0,False,False,False,0.0005536252202332272
448,449,4,1,6570,360,13966.579,0.0,89.674202,782,0.0,False,False,False,0.0005538444421900173
449,450,4,1,6570,360,13966.579,0.0,89.674202,766,0.0,False,False,False,0.0005540635925524388
450,451,4,1,6570,360,13966.581,0.82,89.674202,752,3.8,False,False,False,0.0005543350706181693
451,452,4,1,6570,360,13966.592,2.35,89.565506,774,0.0,False,False,False,0.0005547264696735127
452,453,4,1,6570,360,13966.621,19.1,89.239418,1680,9.3,False,False,False,0.0005553877070404473
453,454,4,1,6570,360,13966.671,21.24,89.239418,1280,8.6,False,False,False,0.0005559851030282715
454,455,4,1,6570,360,13966.731,20.789999,88.91333,1192,6.3,False,False,False,0.0005563960961161122
455,456,4,1,6570,360,13966.785,15.059999,88.695938,776,0.0,False,False,False,0.0005567299324839264
456,457,4,1,6570,360,13966.84,27.76,88.36985,1656,13.3,False,False,False,0.0005576333205420451
457,458,4,1,6570,360,13966.895,5.21,88.36985,794,0.0,False,False,False,0.0005579096205978066
458,459,4,1,6570,360,13966.896,0.0,88.043762,772,0.0,False,False,False,0.0005581829933441658
459,460,4,1,6570,360,13966.896,4.65,87.608978,1140,7.0,False,False,False,0.0005584886227675234
460,461,4,1,6570,360,13966.938,25.369999,87.174194,2120,9.1,False,False,False,0.0005594035425987716
461,462,4,1,6570,360,13967.005,16.77,87.065498,870,0.0,False,False,False,0.0005597993414234889
462,463,4,1,6570,360,13967.017,0.0,87.065498,770,0.0,False,False,False,0.0005600632502093891
463,464,4,1,6570,360,13967.017,0.0,86.848106,772,0.0,False,False,False,0.0005603347991343367
464,465,4,1,6570,360,13967.017,0.0,86.413322,776,0.0,False,False,False,0.0005606082094544989
465,466,4,1,6570,360,13967.017,0.0,85.978539,772,0.0,False,False,False,0.0005608816197746609
466,467,4,1,6570,360,13967.053,37.799999,85.652451,2504,33.600002,False,False,False,0.0005624049393283373
467,468,4,1,6570,360,13967.144,15.65,85.652451,784,0.0,False,False,False,0.0005628943258316924
468,469,4,1,6570,360,13967.154,0.0,85.652451,774,0.0,False,False,False,0.0005631655407006538
469,470,4,1,6570,360,13967.154,0.0,85.652451,768,0.0,False,False,False,0.0005634335073911699
470,471,4,1,6570,360,13967.163,4.75,85.652451,794,0.0,False,False,False,0.0005638122206907236
471,472,4,1,6570,360,13967.167,5.28,85.652451,1132,11.2,False,False,False,0.0005641249134550009
472,473,4,1,6570,360,13967.229,25.449999,85.652451,1228,0.0,False,False,False,0.0005652962877398417
473,474,4,1,6570,360,13967.263,6.27,85.652451,846,0.0,False,False,False,0.000565562589994189
474,475,4,1,6570,360,13967.313,13.77,85.652451,836,0.0,False,False,False,0.0005664964695450338
475,476,4,1,6570,360,13967.315,0.0,85.652451,762,0.0,False,False,False,0.0005667679315651172
476,477,4,1,6570,360,13967.315,0.0,85.326363,768,0.0,False,False,False,0.0005670467769376621
477,478,4,1,6570,360,13967.315,0.0,84.891579,780,0.0,False,False,False,0.0005673256223102071
478,479,4,1,6570,360,13967.315,0.0,84.456795,782,0.0,False,False,False,0.0005676026063272485
479,480,4,1,6570,360,13967.315,0.0,83.913315,1400,13.8,False,False,False,0.0005678957698190512
480,481,4,1,6570,360,13967.357,26.0,83.804619,1256,0.0,False,False,False,0.000569041441309096
481,482,4,1,6570,360,13967.389,0.0,83.804619,768,0.0,False,False,False,0.0005692900591471214
482,483,4,1,6570,360,13967.389,0.0,83.695923,778,0.0,False,False,False,0.0005695616724305144
483,484,4,1,6570,360,13967.392,7.39,83.261139,1850,19.300001,False,False,False,0.0005699172818174061
484,485,4,1,6570,360,13967.473,15.07,83.043747,796,0.0,False,False,False,0.0005715726407603751
485,486,4,1,6570,360,13967.499,21.109999,83.043747,1256,16.300001,False,False,False,0.0005720777873127242
486,487,4,1,6570,360,13967.526,0.0,83.043747,768,0.0,False,False,False,0.0005724450095879837
487,488,4,1,6570,360,13967.548,22.559999,83.043747,2004,9.7,False,False,False,0.0005730614950100755
488,489,4,1,6570,360,13967.618,42.950001,83.043747,3636,39.900002,False,False,False,0.0005744626275842034
489,490,4,1,6570,360,13967.728,19.439999,82.935051,758,0.0,False,False,False,0.0005750727625307043
490,491,4,1,6570,360,13967.738,0.0,82.935051,776,0.0,False,False,False,0.0005753297828336389
491,492,4,1,6570,360,13967.738,0.0,82.935051,768,0.0,False,False,False,0.0005755942304881085
492,493,4,1,6570,360,13967.738,0.0,82.608963,772,0.0,False,False,False,0.0005758587497310065
493,494,4,1,6570,360,13967.738,0.0,82.174179,766,0.0,False,False,False,0.0005761267768068955
494,495,4,1,6570,360,13967.761,24.99,81.848091,2222,19.6,False,False,False,0.0005768501587220226
495,496,4,1,6570,360,13967.878,42.469997,81.739395,1244,0.0,False,False,False,0.0005784859027332045
496,497,4,1,6570,360,13967.959,12.219999,81.739395,764,0.0,False,False,False,0.0005786689616599204
497,498,4,1,6570,360,13967.966,0.0,81.739395,772,0.0,False,False,False,0.0005789402021595585
498,499,4,1,6570,360,13967.966,0.0,81.739395,774,0.0,False,False,False,0.0005792029274035029
499,500,4,1,6570,360,13967.967,1.49,81.739395,840,16.0,False,False,False,0.0005794726983033177
500,501,4,1,6570,360,13968.055,43.489998,81.739395,1582,5.8,False,False,False,0.0005812806234924267
501,502,4,1,6570,360,13968.15,16.76,81.739395,804,0.0,False,False,False,0.0005815203502002628
502,503,4,1,6570,360,13968.162,4.29,81.739395,822,0.0,False,False,False,0.000581802401604334
503,504,4,1,6570,360,13968.227,44.5,81.739395,2498,23.700001,False,False,False,0.0005837200583826149
504,505,4,1,6570,360,13968.351,37.239998,81.739395,1076,0.0,False,False,False,0.0005843390290644139
505,506,4,1,6570,360,13968.394,0.0,81.739395,784,0.0,False,False,False,0.0005845537752031334
506,507,4,1,6570,360,13968.394,0.0,81.739395,768,0.0,False,False,False,0.0005848200000658583
507,508,4,1,6570,360,13968.395,0.0,81.739395,772,0.0,False,False,False,0.0005850862546302113
508,509,4,1,6570,360,13968.395,0.0,81.739395,766,0.0,False,False,False,0.0005853542691004155
509,510,4,1,6570,360,13968.395,0.0,81.739395,782,0.0,False,False,False,0.0005856187043175456
510,511,4,1,6570,360,13968.395,0.0,81.739395,778,0.0,False,False,False,0.000585888508414287
511,512,4,1,6570,360,13968.396,0.0,81.739395,770,0.0,False,False,False,0.0005861600601772618
512,513,4,1,6570,360,13968.433,34.119999,81.739395,2120,26.0,False,False,False,0.0005873345038413512
513,514,4,1,6570,360,13968.557,49.489998,81.739395,1800,0.0,False,False,False,0.0005881900191967433
514,515,4,1,6570,360,13968.624,0.0,81.739395,792,0.0,False,False,False,0.0005883380970024676
515,516,4,1,6570,360,13968.624,0.0,81.739395,760,0.0,False,False,False,0.0005886025278847878
516,517,4,1,6570,360,13968.624,0.0,81.739395,770,0.0,False,False,False,0.0005888652407537955
517,518,4,1,6570,360,13968.625,0.0,81.739395,766,0.0,False,False,False,0.0005891349982551429
518,519,4,1,6570,360,13968.629,9.91,81.739395,1960,29.200001,False,False,False,0.0005894693409538649
519,520,4,1,6570,360,13968.699,45.91,81.739395,2952,45.400002,False,False,False,0.0005916278511083166
520,521,4,1,6570,360,13968.85,60.049999,81.739395,2200,37.400002,False,False,False,0.0005933235503602401
521,522,4,1,6570,360,13969.035,65.369995,81.739395,1648,0.0,False,False,False,0.0005945574939504447
522,523,4,1,6570,360,13969.212,72.860001,81.739395,1840,34.5,False,False,False,0.0005961857271743622
523,524,4,1,6570,360,13969.427,86.489998,81.739395,3550,30.300001,False,False,False,0.0005986590817875503
524,525,4,1,6570,364,13969.661,79.689995,81.739395,1488,3.8,False,False,False,0.0005993092953869542
525,526,4,1,6570,364,13969.874,75.409996,81.739395,1898,0.0,False,False,False,0.0006002411874876261
526,527,4,1,6570,364,13970.075,71.779999,81.739395,2172,21.0,False,False,False,0.0006017195527187421
527,528,4,1,6570,364,13970.292,78.759995,81.739395,1392,0.0,False,False,False,0.0006031683397641392
528,529,4,1,6570,364,13970.482,64.830002,81.739395,2130,12.3,False,False,False,0.0006036510657924477
529,530,4,1,6570,364,13970.655,64.479996,81.739395,1610,0.0,False,False,False,0.000604132008699041
530,531,4,1,6570,364,13970.829,58.689999,81.739395,1514,17.800001,False,False,False,0.0006046393782803955
531,532,4,1,6570,364,13970.997,63.049999,81.739395,1846,0.0,False,False,False,0.0006057363882915234
532,533,4,1,6570,364,13971.164,59.209999,81.739395,1502,4.5,False,False,False,0.0006064483640472585
533,534,4,1,6570,364,13971.333,61.66,81.739395,1684,10.6,False,False,False,0.0006073586995099529
534,535,4,1,6570,364,13971.507,59.77,81.739395,1508,0.0,False,False,False,0.0006081063333874157
535,536,4,1,6570,364,13971.694,70.099998,81.739395,1314,0.0,False,False,False,0.0006103651164192102
536,537,4,1,6570,364,13971.872,52.02,81.739395,1310,0.0,False,True,False,0.0006104816533064927
537,538,4,1,6570,364,13971.945,4.54,81.739395,782,0.0,False,False,False,0.0006106523714220588
538,539,4,1,6570,364,13971.969,14.87,81.739395,1186,0.0,False,False,False,0.0006112625026220269
539,540,4,1,6570,364,13972.021,33.469997,81.739395,2492,0.0,False,False,False,0.0006124214656229315
540,541,4,1,6570,364,13972.075,11.49,81.739395,1498,0.0,False,False,False,0.0006127289089910417
541,542,4,1,6570,364,13972.081,0.0,81.739395,766,0.0,False,False,False,0.0006130040325394234
542,543,4,1,6570,364,13972.081,0.0,81.739395,778,0.0,False,False,False,0.0006132719763093051
543,544,4,1,6570,364,13972.081,0.0,81.739395,770,0.0,False,False,False,0.0006135399200791865
544,545,4,1,6570,364,13972.081,0.0,81.739395,774,0.0,False,False,False,0.0006138114421579607
545,546,4,1,6570,364,13972.143,44.259998,81.739395,2296,0.0,False,False,False,0.0006159673596699038
546,547,4,1,6570,364,13972.201,0.0,81.739395,776,0.0,False,False,False,0.0006162227252009042
547,548,4,1,6570,364,13972.236,28.949999,81.739395,1696,12.7,False,False,False,0.0006171098806318021
548,549,4,1,6570,364,13972.307,15.929999,81.739395,868,0.0,False,False,False,0.0006175478002451388
549,550,4,1,6570,364,13972.332,29.549999,81.739395,2634,31.6,False,False,False,0.0006187332412913399
550,551,4,1,6570,364,13972.429,22.769999,81.739395,770,0.0,False,False,False,0.0006195870748690246
551,552,4,1,6570,364,13972.442,0.0,81.739395,770,0.0,False,False,False,0.0006198384764469628
552,553,4,1,6570,364,13972.442,0.0,81.739395,788,0.0,False,False,False,0.0006201064132945913
553,554,4,1,6570,364,13972.442,0.0,81.739395,766,0.0,False,False,False,0.0006203725610339957
554,555,4,1,6570,364,13972.442,0.0,81.739395,782,0.0,False,False,False,0.0006206440760980725
555,556,4,1,6570,364,13972.442,0.0,81.304611,782,0.0,False,False,False,0.0006209120129457009
556,557,4,1,6570,364,13972.442,1.94,80.869827,1358,15.2,False,False,False,0.0006211943342234505
557,558,4,1,6570,364,13972.511,23.309999,80.543739,1148,0.0,False,False,False,0.0006227812752285378
558,559,4,1,6570,364,13972.523,0.0,80.543739,748,0.0,False,False,False,0.000623038084239744
559,560,4,1,6570,364,13972.523,0.0,80.326347,764,0.0,False,False,False,0.0006233060195342292
560,561,4,1,6570,364,13972.523,0.0,79.891563,772,0.0,False,False,False,0.0006235774614605065
561,562,4,1,6570,364,13972.523,4.87,79.782867,1586,14.900001,False,False,False,0.0006239100189694468
562,563,4,1,6570,364,13972.596,26.609999,79.565475,1254,0.0,False,False,False,0.0006255543669646668
563,564,4,1,6570,364,13972.627,4.88,79.565475,812,0.0,False,False,False,0.000625907933566568
564,565,4,1,6570,364,13972.628,0.0,79.565475,778,0.0,False,False,False,0.0006261741045346277
565,566,4,1,6570,364,13972.636,11.29,79.565475,1454,3.2,False,False,False,0.0006267185577182631
566,567,4,1,6570,364,13972.708,32.290001,79.456779,1554,0.0,False,False,False,0.0006283988473209831
567,568,4,1,6570,364,13972.761,4.87,79.456779,772,0.0,False,False,False,0.0006286828578218849
568,569,4,1,6570,364,13972.768,0.0,79.456779,764,0.0,False,False,False,0.0006289717991596826
569,570,4,1,6570,364,13972.775,5.48,79.456779,796,0.0,False,False,False,0.0006293316587679421
570,571,4,1,6570,364,13972.791,20.309999,79.456779,2326,14.2,False,False,False,0.0006300580851681552
571,572,4,1,6570,364,13972.863,31.959999,79.239388,1462,0.0,False,False,False,0.0006311196123791968
572,573,4,1,6570,364,13972.959,36.329998,79.130692,1578,0.0,False,False,False,0.0006319239951970662
573,574,4,1,6570,364,13973.025,20.869999,79.130692,1148,0.0,False,False,False,0.0006322291537334447
574,575,4,1,6570,364,13973.082,20.9,79.130692,1068,0.0,False,False,False,0.0006326316819952823
575,576,4,1,6570,364,13973.112,0.0,79.130692,788,0.0,False,False,False,0.000632871698752665
576,577,4,1,6570,364,13973.112,0.0,79.130692,776,0.0,False,False,False,0.0006331431292378363
577,578,4,1,6570,364,13973.124,16.49,79.130692,1274,0.0,False,False,False,0.0006336332066324873
578,579,4,1,6570,364,13973.187,30.189999,79.130692,1458,9.8,False,False,False,0.0006343506781467859
579,580,4,1,6570,364,13973.274,24.269999,79.130692,792,0.0,False,False,False,0.0006349632188405638
580,581,4,1,6570,364,13973.331,11.24,79.130692,762,0.0,False,False,False,0.0006352092275472794
581,582,4,1,6570,364,13973.373,13.42,79.130692,770,0.0,False,False,False,0.0006357571105336891
582,583,4,1,6570,364,13973.39,0.0,79.130692,772,0.0,False,False,False,0.0006360472979500358
583,584,4,1,6570,364,13973.39,0.0,79.130692,786,0.0,False,False,False,0.0006363401193182672
584,585,4,1,6570,364,13973.392,5.7,79.130692,952,7.0,False,False,False,0.0006366327780128109
585,586,4,1,6570,364,13973.426,15.589999,79.130692,1222,0.0,False,False,False,0.0006370451995666942
586,587,4,1,6570,364,13973.46,19.559999,79.130692,1800,14.3,False,False,False,0.0006375704678391867
587,588,4,1,6570,364,13973.497,0.0,79.130692,782,0.0,False,False,False,0.0006379569869312649
588,589,4,1,6570,364,13973.541,21.719999,79.130692,1350,16.200001,False,False,False,0.000638770246550495
589,590,4,1,6570,364,13973.617,27.01,79.130692,1294,0.0,False,False,False,0.0006395088323350829
590,591,4,1,6570,364,13973.689,20.469999,79.130692,1036,0.0,False,False,False,0.0006398692665003135
591,592,4,1,6570,364,13973.712,5.95,79.130692,784,0.0,False,False,False,0.000640134623167905
592,593,4,1,6570,364,13973.733,11.19,79.130692,1482,0.0,False,False,False,0.0006405562811110596
593,594,4,1,6570,364,13973.809,36.439999,79.130692,1072,0.0,False,False,False,0.0006418978606433905
594,595,4,1,6570,364,13973.899,34.130001,79.130692,2318,28.700001,False,False,False,0.0006424795628218851
595,596,4,1,6570,364,13974.011,43.18,79.130692,1594,0.0,False,False,False,0.0006434816401933422
596,597,4,1,6570,364,13974.063,2.97,83.478531,778,0.0,False,False,False,0.000643715237634349
597,598,4,1,6570,364,13974.064,0.0,83.478531,776,0.0,False,False,False,0.0006439937591699043
598,599,4,1,6570,364,13974.065,0.0,83.478531,772,0.0,False,False,False,0.0006442704917651546
599,600,4,1,6570,364,13974.065,0.0,83.478531,780,0.0,False,False,False,0.000644541975296716
600,601,4,1,6570,364,13974.07,6.16,83.478531,792,0.0,False,False,False,0.0006448496501269761
601,602,4,1,6570,364,13974.078,2.08,83.478531,780,0.0,False,False,False,0.0006451420163808745
602,603,4,1,6570,364,13974.121,30.92,83.478531,1458,0.0,False,False,False,0.0006461413106906194
603,604,4,1,6570,364,13974.196,11.099999,83.478531,800,0.0,False,False,False,0.000646375621493967
604,605,4,1,6570,364,13974.205,10.15,83.478531,1388,10.900001,False,False,False,0.0006467256830937363
605,606,4,1,6570,364,13974.249,18.32,83.478531,1926,26.6,False,False,False,0.0006472934399952373
606,607,4,1,6570,364,13974.294,14.88,83.478531,818,0.0,False,False,False,0.0006477694136524069
607,608,4,1,6570,364,13974.345,14.679999,83.478531,840,0.0,False,False,False,0.000648340345086293
608,609,4,1,6570,364,13974.366,9.82,83.478531,1202,0.0,False,False,False,0.0006486631548683591
609,610,4,1,6570,364,13974.399,13.389999,83.478531,1886,16.800001,False,False,False,0.0006490179636373888
610,611,4,1,6570,364,13974.432,3.23,83.478531,764,0.0,False,False,False,0.0006493691214697335
611,612,4,1,6570,364,13974.432,0.0,83.478531,782,0.0,False,False,False,0.0006496458928783023
612,613,4,1,6570,364,13974.444,8.62,83.478531,1068,0.0,False,False,False,0.0006500159136267871
613,614,4,1,6570,364,13974.48,0.75,83.478531,808,0.0,False,False,False,0.0006504476411543647
614,615,4,1,6570,368,13974.492,18.18,83.478531,1460,0.0,False,False,False,0.000651004057674678
615,616,4,1,6570,368,13974.511,0.0,83.478531,768,0.0,False,False,False,0.0006512427345232671
616,617,4,1,6570,368,13974.511,0.0,83.478531,772,0.0,False,False,False,0.0006515088428609158
617,618,4,1,6570,368,13974.511,0.0,83.152443,780,0.0,False,False,False,0.0006517767400419204
618,619,4,1,6570,368,13974.511,0.0,82.935051,780,0.0,False,False,False,0.0006520375534032351
619,620,4,1,6570,368,13974.512,2.63,82.935051,774,4.0,False,False,False,0.0006523001089333971
620,621,4,1,6570,368,13974.55,25.699999,82.608963,1430,0.0,False,False,False,0.0006530409178887415
621,622,4,1,6570,368,13974.579,0.0,82.608963,768,0.0,False,False,False,0.0006533023068310802
622,623,4,1,6570,368,13974.579,0.0,82.608963,770,0.0,False,False,False,0.000653568413873944
623,624,4,1,6570,368,13974.579,0.0,82.391571,778,0.0,False,False,False,0.0006538380985861122
624,625,4,1,6570,368,13974.579,0.0,81.956787,780,0.0,False,False,False,0.0006541095721329328
625,626,4,1,6570,368,13974.579,0.0,81.522003,788,0.0,False,False,False,0.0006543738903411443
626,627,4,1,6570,368,13974.579,0.0,81.087219,776,0.0,False,False,False,0.0006546435750533126
627,628,4,1,6570,368,13974.604,14.799999,80.761131,1154,0.0,False,False,False,0.0006551065699915366
628,629,4,1,6570,368,13974.669,36.860001,80.761131,2078,15.5,False,False,False,0.00065616765823518
629,630,4,1,6570,368,13974.773,36.130001,80.761131,1054,0.0,False,False,False,0.000656537280621258
630,631,4,1,6570,368,13974.829,5.67,80.761131,800,0.0,False,False,False,0.0006567405053396117
631,632,4,1,6570,368,13974.833,0.0,80.761131,764,0.0,False,False,False,0.0006570099256337709
632,633,4,1,6570,368,13974.833,0.0,80.761131,774,0.0,False,False,False,0.0006572725217881467
633,634,4,1,6570,368,13974.853,20.52,80.761131,1862,14.900001,False,False,False,0.0006578824920382319
634,635,4,1,6570,368,13974.941,41.299999,80.761131,2048,6.3,False,False,False,0.0006594169938181622
635,636,4,1,6570,368,13975.051,37.919998,80.761131,1074,0.0,False,False,False,0.0006598330243643215
636,637,4,1,6570,368,13975.124,0.0,80.761131,782,0.0,False,False,False,0.0006601662950328718
637,638,4,1,6570,368,13975.124,0.0,80.761131,780,0.0,False,False,False,0.000660430674484571
638,639,4,1,6570,368,13975.124,0.0,80.761131,764,0.0,False,False,False,0.0006606949823856743
639,640,4,1,6570,368,13975.124,0.0,80.761131,764,0.0,False,False,False,0.00066096115060227
640,641,4,1,6570,368,13975.124,0.0,80.761131,774,0.0,False,False,False,0.0006612254585033734
641,642,4,1,6570,368,13975.124,0.0,80.761131,774,0.0,False,False,False,0.0006614862604252795
642,643,4,1,6570,368,13975.14,28.629999,80.761131,3206,36.400002,False,False,False,0.0006624286104747091
643,644,4,1,6570,368,13975.246,39.610001,80.761131,1368,0.0,False,False,False,0.0006634569826547129
644,645,4,1,6570,368,13975.318,8.76,80.761131,818,0.0,False,False,False,0.0006636433859046424
645,646,4,1,6570,368,13975.325,1.87,80.761131,776,0.0,False,False,False,0.000663912723838348
646,647,4,1,6570,368,13975.325,0.0,80.761131,770,0.0,False,False,False,0.0006641770994878839
647,648,4,1,6570,368,13975.326,0.0,80.761131,770,0.0,False,False,False,0.0006644413560473618
648,649,4,1,6570,368,13975.346,18.0,80.761131,1384,0.0,False,False,False,0.0006648899504920672
649,650,4,1,6570,368,13975.399,13.27,80.761131,816,0.0,False,False,False,0.0006652150528902331
650,651,4,1,6570,368,13975.462,36.59,80.761131,1752,0.0,False,False,False,0.000666641457616384
651,652,4,1,6570,368,13975.523,23.58,80.761131,2042,37.900002,False,False,False,0.0006673438737230999
652,653,4,1,6570,368,13975.646,47.09,80.761131,1708,0.0,False,False,False,0.0006695885407700816
653,654,4,1,6570,368,13975.693,0.0,80.761131,776,0.0,False,False,False,0.000669772527735996
654,655,4,1,6570,368,13975.693,0.0,80.761131,772,0.0,False,False,False,0.0006700280245119501
655,656,4,1,6570,368,13975.694,0.0,80.761131,772,0.0,False,False,False,0.0006702834017829969
656,657,4,1,6570,368,13975.756,45.369999,80.761131,2078,17.1,False,False,False,0.0006724233434424984
657,658,4,1,6570,368,13975.892,46.829998,80.761131,1478,0.0,False,False,False,0.0006732715685289692
658,659,4,1,6570,368,13976.028,48.509998,80.761131,1764,0.0,False,False,False,0.0006743199627274124
659,660,4,1,6570,368,13976.09,0.0,80.761131,778,0.0,False,False,False,0.0006744765899053379
660,661,4,1,6570,368,13976.112,23.34,80.761131,1796,15.900001,False,False,False,0.0006751814681029959
661,662,4,1,6570,368,13976.154,2.15,80.761131,758,0.0,False,False,False,0.0006755390975873916
662,663,4,1,6570,368,13976.158,0.0,80.761131,780,0.0,False,False,False,0.000675877098906659
663,664,4,1,6570,368,13976.158,0.0,80.761131,802,0.0,False,False,False,0.0006761396701675692
664,665,4,1,6570,368,13976.158,0.0,80.761131,774,0.0,False,False,False,0.0006764146187658465
665,666,4,1,6570,368,13976.158,0.0,80.326347,774,0.0,False,False,False,0.0006766896389094263
666,667,4,1,6570,368,13976.158,0.0,79.782867,766,0.0,False,False,False,0.0006769645875077036
667,668,4,1,6570,368,13976.158,0.0,79.348083,762,0.0,False,False,False,0.0006772467621815537
668,669,4,1,6570,368,13976.167,4.26,78.9133,840,0.0,False,False,False,0.0006779039700963723
669,670,4,1,6570,368,13976.178,4.26,78.9133,782,0.0,False,False,False,0.0006782432762893911
670,671,2,1,6571,360,13976.178,0.0,89.674202,776,0.0,False,False,False,0.0005532450112604991
671,672,2,1,6571,360,13976.178,0.0,89.674202,782,0.0,False,False,False,0.0005534640826638968
672,673,2,1,6571,360,13976.178,0.0,89.674202,766,0.0,False,False,False,0.0005536830825220942
673,674,2,1,6571,360,13976.18,0.82,89.674202,752,3.8,False,False,False,0.0005539543742013769
674,675,2,1,6571,360,13976.191,2.35,89.565506,774,0.0,False,False,False,0.000554345504758431
675,676,2,1,6571,360,13976.22,19.1,89.239418,1680,9.3,False,False,False,0.0005550062888042115
676,677,2,1,6571,360,13976.27,21.24,89.239418,1280,8.6,False,False,False,0.0005556032758900701
677,678,2,1,6571,360,13976.33,20.789999,88.91333,1192,6.3,False,False,False,0.0005560139883654461
678,679,2,1,6571,360,13976.384,15.059999,88.695938,776,0.0,False,False,False,0.0005563475969466103
679,680,2,1,6571,360,13976.439,27.76,88.36985,1656,13.3,False,False,False,0.0005572503661078399
680,681,2,1,6571,360,13976.493,5.21,88.36985,794,0.0,False,False,False,0.0005575265178097388
681,682,2,1,6571,360,13976.494,0.0,88.043762,772,0.0,False,False,False,0.0005577997028651917
682,683,2,1,6571,360,13976.495,4.65,87.608978,1140,7.0,False,False,False,0.0005581050824915337
683,684,2,1,6571,360,13976.536,25.369999,87.174194,2120,9.1,False,False,False,0.0005590194151529998
684,685,2,1,6571,360,13976.604,16.77,87.065498,870,0.0,False,False,False,0.000559414904013592
685,686,2,1,6571,360,13976.616,0.0,87.065498,770,0.0,False,False,False,0.0005596786318925917
686,687,2,1,6571,360,13976.616,0.0,86.848106,772,0.0,False,False,False,0.0005599499943337977
687,688,2,1,6571,360,13976.616,0.0,86.413322,776,0.0,False,False,False,0.0005602232168919221
688,689,2,1,6571,360,13976.616,0.0,85.978539,772,0.0,False,False,False,0.0005604964394500464
689,690,2,1,6571,360,13976.652,37.799999,85.652451,2504,33.600002,False,False,False,0.0005620187138726876
690,691,2,1,6571,360,13976.742,15.65,85.652451,784,0.0,False,False,False,0.0005625078070549592
691,692,2,1,6571,360,13976.753,0.0,85.652451,774,0.0,False,False,False,0.0005627787957048604
692,693,2,1,6571,360,13976.753,0.0,85.652451,768,0.0,False,False,False,0.0005630465783735053
693,694,2,1,6571,360,13976.762,4.75,85.652451,794,0.0,False,False,False,0.0005634250318470153
694,695,2,1,6571,360,13976.766,5.28,85.652451,1132,11.2,False,False,False,0.0005637375099855012
695,696,2,1,6571,360,13976.827,25.449999,85.652451,1228,0.0,False,False,False,0.0005649081219849123
696,697,2,1,6571,360,13976.862,6.27,85.652451,846,0.0,False,False,False,0.000565174201891534
697,698,2,1,6571,360,13976.911,13.77,85.652451,836,0.0,False,False,False,0.0005661074820121547
698,699,2,1,6571,360,13976.914,0.0,85.652451,762,0.0,False,False,False,0.000566378717167669
699,700,2,1,6571,360,13976.914,0.0,85.326363,768,0.0,False,False,False,0.0005666573710497861
700,701,2,1,6571,360,13976.914,0.0,84.891579,780,0.0,False,False,False,0.0005669360249319033
701,702,2,1,6571,360,13976.914,0.0,84.456795,782,0.0,False,False,False,0.0005672128187367585
702,703,2,1,6571,360,13976.914,0.0,83.913315,1400,13.8,False,False,False,0.0005675057809055056
703,704,2,1,6571,360,13976.956,26.0,83.804619,1256,0.0,False,False,False,0.0005686506668070782
704,705,2,1,6571,360,13976.988,0.0,83.804619,768,0.0,False,False,False,0.0005688991148082256
705,706,2,1,6571,360,13976.988,0.0,83.695923,778,0.0,False,False,False,0.0005691705415686436
706,707,2,1,6571,360,13976.991,7.39,83.261139,1850,19.300001,False,False,False,0.0005695259068345372
707,708,2,1,6571,360,13977.072,15.07,83.043747,796,0.0,False,False,False,0.0005711801312799075
708,709,2,1,6571,360,13977.098,21.109999,83.043747,1256,16.300001,False,False,False,0.0005716849316695304
709,710,2,1,6571,360,13977.125,0.0,83.043747,768,0.0,False,False,False,0.0005720519025262687
710,711,2,1,6571,360,13977.147,22.559999,83.043747,2004,9.7,False,False,False,0.0005726679652174212
711,712,2,1,6571,360,13977.217,42.950001,83.043747,3636,39.900002,False,False,False,0.0005740681375886495
712,713,2,1,6571,360,13977.326,19.439999,82.935051,758,0.0,False,False,False,0.0005746778977683022
713,714,2,1,6571,360,13977.337,0.0,82.935051,776,0.0,False,False,False,0.0005749347007444448
714,715,2,1,6571,360,13977.337,0.0,82.935051,768,0.0,False,False,False,0.0005751989668012726
715,716,2,1,6571,360,13977.337,0.0,82.608963,772,0.0,False,False,False,0.0005754633043973685
716,717,2,1,6571,360,13977.337,0.0,82.174179,766,0.0,False,False,False,0.0005757311474176078
717,718,2,1,6571,360,13977.36,24.99,81.848091,2222,19.6,False,False,False,0.0005764540332342277
718,719,2,1,6571,360,13977.477,42.469997,81.739395,1244,0.0,False,False,False,0.0005780886572979302
719,720,2,1,6571,360,13977.558,12.219999,81.739395,764,0.0,False,False,False,0.0005782715928209476
720,721,2,1,6571,360,13977.565,0.0,81.739395,772,0.0,False,False,False,0.0005785426472602875
721,722,2,1,6571,360,13977.565,0.0,81.739395,774,0.0,False,False,False,0.0005788051920923214
722,723,2,1,6571,360,13977.566,1.49,81.739395,840,16.0,False,False,False,0.0005790747777704809
723,724,2,1,6571,360,13977.654,43.489998,81.739395,1582,5.8,False,False,False,0.0005808814639807237
724,725,2,1,6571,360,13977.749,16.76,81.739395,804,0.0,False,False,False,0.0005811210287844786
725,726,2,1,6571,360,13977.761,4.29,81.739395,822,0.0,False,False,False,0.0005814028868509878
726,727,2,1,6571,360,13977.825,44.5,81.739395,2498,23.700001,False,False,False,0.0005833192703964746
727,728,2,1,6571,360,13977.949,37.239998,81.739395,1076,0.0,False,False,False,0.0005839378196458117
728,729,2,1,6571,360,13977.992,0.0,81.739395,784,0.0,False,False,False,0.0005841524195736001
729,730,2,1,6571,360,13977.992,0.0,81.739395,768,0.0,False,False,False,0.0005844184616458756
730,731,2,1,6571,360,13977.993,0.0,81.739395,772,0.0,False,False,False,0.0005846845334281232
731,732,2,1,6571,360,13977.993,0.0,81.739395,766,0.0,False,False,False,0.0005849523638791435
732,733,2,1,6571,360,13977.993,0.0,81.739395,782,0.0,False,False,False,0.0005852166175346106
733,734,2,1,6571,360,13977.993,0.0,81.739395,778,0.0,False,False,False,0.0005854862363834075
734,735,2,1,6571,360,13977.994,0.0,81.739395,770,0.0,False,False,False,0.0005857576017272774
735,736,2,1,6571,360,13978.032,34.119999,81.739395,2120,26.0,False,False,False,0.0005869311980972646
736,737,2,1,6571,360,13978.156,49.489998,81.739395,1800,0.0,False,False,False,0.0005877861295774938
737,738,2,1,6571,360,13978.223,0.0,81.739395,792,0.0,False,False,False,0.000587934107639602
738,739,2,1,6571,360,13978.223,0.0,81.739395,760,0.0,False,False,False,0.0005881983569473068
739,740,2,1,6571,360,13978.223,0.0,81.739395,770,0.0,False,False,False,0.0005884608894213935
740,741,2,1,6571,360,13978.224,0.0,81.739395,766,0.0,False,False,False,0.0005887304617194774
741,742,2,1,6571,360,13978.228,9.91,81.739395,1960,29.200001,False,False,False,0.0005890645749536383
742,743,2,1,6571,360,13978.298,45.91,81.739395,2952,45.400002,False,False,False,0.0005912216049761583
743,744,2,1,6571,360,13978.449,60.049999,81.739395,2200,37.400002,False,False,False,0.0005929161442629105
744,745,2,1,6571,360,13978.634,65.369995,81.739395,1648,0.0,False,False,False,0.0005941492459673837
745,746,2,1,6571,360,13978.811,72.860001,81.739395,1840,34.5,False,False,False,0.0005957763663614623
746,747,2,1,6571,360,13979.026,86.489998,81.739395,3550,30.300001,False,False,False,0.0005982480290093882
747,748,2,1,6571,364,13979.26,79.689995,81.739395,1488,3.8,False,False,False,0.0005988978030451508
748,749,2,1,6571,364,13979.473,75.409996,81.739395,1898,0.0,False,False,False,0.0005998290615775304
749,750,2,1,6571,364,13979.674,71.779999,81.739395,2172,21.0,False,False,False,0.0006013064177020364
750,751,2,1,6571,364,13979.891,78.759995,81.739395,1392,0.0,False,False,False,0.0006027542164515838
751,752,2,1,6571,364,13980.081,64.830002,81.739395,2130,12.3,False,False,False,0.000603236616682215
752,753,2,1,6571,364,13980.254,64.479996,81.739395,1610,0.0,False,False,False,0.0006037172345198791
753,754,2,1,6571,364,13980.428,58.689999,81.739395,1514,17.800001,False,False,False,0.0006042242609267093
754,755,2,1,6571,364,13980.596,63.049999,81.739395,1846,0.0,False,False,False,0.0006053205227786585
755,756,2,1,6571,364,13980.763,59.209999,81.739395,1502,4.5,False,False,False,0.0006060320147037251
756,757,2,1,6571,364,13980.932,61.66,81.739395,1684,10.6,False,False,False,0.0006069417302272675
757,758,2,1,6571,364,13981.106,59.77,81.739395,1508,0.0,False,False,False,0.0006076888560278402
758,759,2,1,6571,364,13981.293,70.099998,81.739395,1314,0.0,False,False,False,0.0006099460939632719
759,760,2,1,6571,364,13981.471,52.02,81.739395,1310,0.0,False,True,False,0.000610062556181951
760,761,2,1,6571,364,13981.544,4.54,81.739395,782,0.0,False,False,False,0.000610233159287752
761,762,2,1,6571,364,13981.568,14.87,81.739395,1186,0.0,False,False,False,0.0006108428723536336
762,763,2,1,6571,364,13981.619,33.469997,81.739395,2492,0.0,False,False,False,0.0006120010850613894
763,764,2,1,6571,364,13981.674,11.49,81.739395,1498,0.0,False,False,False,0.0006123082752268987
764,765,2,1,6571,364,13981.68,0.0,81.739395,766,0.0,False,False,False,0.0006125832100856202
765,766,2,1,6571,364,13981.68,0.0,81.739395,778,0.0,False,False,False,0.0006128509699142082
766,767,2,1,6571,364,13981.68,0.0,81.739395,770,0.0,False,False,False,0.0006131187297427961
767,768,2,1,6571,364,13981.68,0.0,81.739395,774,0.0,False,False,False,0.0006133900654237956
768,769,2,1,6571,364,13981.741,44.259998,81.739395,2296,0.0,False,False,False,0.0006155445488119962
769,770,2,1,6571,364,13981.8,0.0,81.739395,776,0.0,False,False,False,0.0006157996967703179
770,771,2,1,6571,364,13981.835,28.949999,81.739395,1696,12.7,False,False,False,0.0006166862442416005
771,772,2,1,6571,364,13981.906,15.929999,81.739395,868,0.0,False,False,False,0.0006171238653824891
772,773,2,1,6571,364,13981.931,29.549999,81.739395,2634,31.6,False,False,False,0.0006183084934052811
773,774,2,1,6571,364,13982.028,22.769999,81.739395,770,0.0,False,False,False,0.0006191617437939764
774,775,2,1,6571,364,13982.041,0.0,81.739395,770,0.0,False,False,False,0.0006194129731865908
775,776,2,1,6571,364,13982.041,0.0,81.739395,788,0.0,False,False,False,0.0006196807261024265
776,777,2,1,6571,364,13982.041,0.0,81.739395,766,0.0,False,False,False,0.0006199466911382153
777,778,2,1,6571,364,13982.041,0.0,81.739395,782,0.0,False,False,False,0.000620218019814145
778,779,2,1,6571,364,13982.041,0.0,81.304611,782,0.0,False,False,False,0.0006204857727299805
779,780,2,1,6571,364,13982.041,1.94,80.869827,1358,15.2,False,False,False,0.0006207679002013939
780,781,2,1,6571,364,13982.11,23.309999,80.543739,1148,0.0,False,False,False,0.0006223537539216955
781,782,2,1,6571,364,13982.122,0.0,80.543739,748,0.0,False,False,False,0.0006226103870079944
782,783,2,1,6571,364,13982.122,0.0,80.326347,764,0.0,False,False,False,0.0006228781383728183
783,784,2,1,6571,364,13982.122,0.0,79.891563,772,0.0,False,False,False,0.0006231493939622354
784,785,2,1,6571,364,13982.122,4.87,79.782867,1586,14.900001,False,False,False,0.0006234817231802741
785,786,2,1,6571,364,13982.195,26.609999,79.565475,1254,0.0,False,False,False,0.0006251249446210255
786,787,2,1,6571,364,13982.226,4.88,79.565475,812,0.0,False,False,False,0.0006254782694637132
787,788,2,1,6571,364,13982.227,0.0,79.565475,778,0.0,False,False,False,0.0006257442577453688
788,789,2,1,6571,364,13982.235,11.29,79.565475,1454,3.2,False,False,False,0.0006262883374269258
789,790,2,1,6571,364,13982.307,32.290001,79.456779,1554,0.0,False,False,False,0.0006279674757909556
790,791,2,1,6571,364,13982.36,4.87,79.456779,772,0.0,False,False,False,0.0006282512929653531
791,792,2,1,6571,364,13982.366,0.0,79.456779,764,0.0,False,False,False,0.000628540081122099
792,793,2,1,6571,364,13982.374,5.48,79.456779,796,0.0,False,False,False,0.0006288996489688396
793,794,2,1,6571,364,13982.39,20.309999,79.456779,2326,14.2,False,False,False,0.0006296255772026668
794,795,2,1,6571,364,13982.462,31.959999,79.239388,1462,0.0,False,False,False,0.0006306863779513257
795,796,2,1,6571,364,13982.558,36.329998,79.130692,1578,0.0,False,False,False,0.0006314902115756233
796,797,2,1,6571,364,13982.624,20.869999,79.130692,1148,0.0,False,False,False,0.0006317951626845802
797,798,2,1,6571,364,13982.681,20.9,79.130692,1068,0.0,False,False,False,0.0006321974164027339
798,799,2,1,6571,364,13982.711,0.0,79.130692,788,0.0,False,False,False,0.0006324372693342991
799,800,2,1,6571,364,13982.711,0.0,79.130692,776,0.0,False,False,False,0.0006327085134983124
800,801,2,1,6571,364,13982.723,16.49,79.130692,1274,0.0,False,False,False,0.0006331982548567359
801,802,2,1,6571,364,13982.785,30.189999,79.130692,1458,9.8,False,False,False,0.0006339152811631472
802,803,2,1,6571,364,13982.873,24.269999,79.130692,792,0.0,False,False,False,0.0006345273587653436
803,804,2,1,6571,364,13982.93,11.24,79.130692,762,0.0,False,False,False,0.0006347732003807227
804,805,2,1,6571,364,13982.972,13.42,79.130692,770,0.0,False,False,False,0.0006353207085940961
805,806,2,1,6571,364,13982.989,0.0,79.130692,772,0.0,False,False,False,0.0006356106973482316
806,807,2,1,6571,364,13982.989,0.0,79.130692,786,0.0,False,False,False,0.0006359033177157105
807,808,2,1,6571,364,13982.991,5.7,79.130692,952,7.0,False,False,False,0.0006361957755836656
808,809,2,1,6571,364,13983.025,15.589999,79.130692,1222,0.0,False,False,False,0.0006366079151031266
809,810,2,1,6571,364,13983.059,19.559999,79.130692,1800,14.3,False,False,False,0.0006371328238818215
810,811,2,1,6571,364,13983.096,0.0,79.130692,782,0.0,False,False,False,0.0006375190788163926
811,812,2,1,6571,364,13983.14,21.719999,79.130692,1350,16.200001,False,False,False,0.0006383317815754132
812,813,2,1,6571,364,13983.216,27.01,79.130692,1294,0.0,False,False,False,0.0006390698627652775
813,814,2,1,6571,364,13983.288,20.469999,79.130692,1036,0.0,False,False,False,0.0006394300517838306
814,815,2,1,6571,364,13983.311,5.95,79.130692,784,0.0,False,False,False,0.0006396952270297764
815,816,2,1,6571,364,13983.332,11.19,79.130692,1482,0.0,False,False,False,0.0006401165962020925
816,817,2,1,6571,364,13983.407,36.439999,79.130692,1072,0.0,False,False,False,0.0006414573031234002
817,818,2,1,6571,364,13983.498,34.130001,79.130692,2318,28.700001,False,False,False,0.0006420385629859577
818,819,2,1,6571,364,13983.61,43.18,79.130692,1594,0.0,False,False,False,0.0006430399560659897
819,820,2,1,6571,364,13983.662,2.97,83.478531,778,0.0,False,False,False,0.000643273394809256
820,821,2,1,6571,364,13983.663,0.0,83.478531,776,0.0,False,False,False,0.0006435517252006716
821,822,2,1,6571,364,13983.664,0.0,83.478531,772,0.0,False,False,False,0.0006438282678797288
822,823,2,1,6571,364,13983.664,0.0,83.478531,780,0.0,False,False,False,0.0006440995650664185
823,824,2,1,6571,364,13983.669,6.16,83.478531,792,0.0,False,False,False,0.0006444070288685416
824,825,2,1,6571,364,13983.677,2.08,83.478531,780,0.0,False,False,False,0.0006446991946971674
825,826,2,1,6571,364,13983.72,30.92,83.478531,1458,0.0,False,False,False,0.0006456978044608687
826,827,2,1,6571,364,13983.795,11.099999,83.478531,800,0.0,False,False,False,0.0006459319568145261
827,828,2,1,6571,364,13983.804,10.15,83.478531,1388,10.900001,False,False,False,0.0006462817784217784
828,829,2,1,6571,364,13983.848,18.32,83.478531,1926,26.6,False,False,False,0.0006468491470196888
829,830,2,1,6571,364,13983.893,14.88,83.478531,818,0.0,False,False,False,0.0006473247954060142
830,831,2,1,6571,364,13983.944,14.679999,83.478531,840,0.0,False,False,False,0.0006478953365848301
831,832,2,1,6571,364,13983.965,9.82,83.478531,1202,0.0,False,False,False,0.0006482179254649548
832,833,2,1,6571,364,13983.998,13.389999,83.478531,1886,16.800001,False,False,False,0.0006485724917515183
833,834,2,1,6571,364,13984.031,3.23,83.478531,764,0.0,False,False,False,0.0006489234096084593
834,835,2,1,6571,364,13984.031,0.0,83.478531,782,0.0,False,False,False,0.0006491999910475708
835,836,2,1,6571,364,13984.043,8.62,83.478531,1068,0.0,False,False,False,0.0006495697582052483
836,837,2,1,6571,364,13984.079,0.75,83.478531,808,0.0,False,False,False,0.0006500011905545903
837,838,2,1,6571,368,13984.091,18.18,83.478531,1460,0.0,False,False,False,0.0006505572255482643
838,839,2,1,6571,368,13984.11,0.0,83.478531,768,0.0,False,False,False,0.000650795739182602
839,840,2,1,6571,368,13984.11,0.0,83.478531,772,0.0,False,False,False,0.0006510616648707089
840,841,2,1,6571,368,13984.11,0.0,83.152443,780,0.0,False,False,False,0.0006513293781743582
841,842,2,1,6571,368,13984.11,0.0,82.935051,780,0.0,False,False,False,0.0006515900125204592
842,843,2,1,6571,368,13984.111,2.63,82.935051,774,4.0,False,False,False,0.0006518523878716443
843,844,2,1,6571,368,13984.149,25.699999,82.608963,1430,0.0,False,False,False,0.0006525926895737758
844,845,2,1,6571,368,13984.178,0.0,82.608963,768,0.0,False,False,False,0.0006528539000361669
845,846,2,1,6571,368,13984.178,0.0,82.608963,770,0.0,False,False,False,0.0006531198244312658
846,847,2,1,6571,368,13984.178,0.0,82.391571,778,0.0,False,False,False,0.0006533893240400658
847,848,2,1,6571,368,13984.178,0.0,81.956787,780,0.0,False,False,False,0.0006536606112557166
848,849,2,1,6571,368,13984.178,0.0,81.522003,788,0.0,False,False,False,0.0006539247480439648
849,850,2,1,6571,368,13984.178,0.0,81.087219,776,0.0,False,False,False,0.0006541942476527649
850,851,2,1,6571,368,13984.202,14.799999,80.761131,1154,0.0,False,False,False,0.0006546569724198478
851,852,2,1,6571,368,13984.268,36.860001,80.761131,2078,15.5,False,False,False,0.0006557172876486886
852,853,2,1,6571,368,13984.372,36.130001,80.761131,1054,0.0,False,False,False,0.000656086659689853
853,854,2,1,6571,368,13984.428,5.67,80.761131,800,0.0,False,False,False,0.0006562897467278084
854,855,2,1,6571,368,13984.432,0.0,80.761131,764,0.0,False,False,False,0.0006565589822323687
855,856,2,1,6571,368,13984.432,0.0,80.761131,774,0.0,False,False,False,0.0006568213981520198
856,857,2,1,6571,368,13984.451,20.52,80.761131,1862,14.900001,False,False,False,0.0006574309973986538
857,858,2,1,6571,368,13984.54,41.299999,80.761131,2048,6.3,False,False,False,0.0006589644018035771
858,859,2,1,6571,368,13984.65,37.919998,80.761131,1074,0.0,False,False,False,0.0006593801503684134
859,860,2,1,6571,368,13984.723,0.0,80.761131,782,0.0,False,False,False,0.0006597131946628716
860,861,2,1,6571,368,13984.723,0.0,80.761131,780,0.0,False,False,False,0.000659977392659643
861,862,2,1,6571,368,13984.723,0.0,80.761131,764,0.0,False,False,False,0.0006602415191549267
862,863,2,1,6571,368,13984.723,0.0,80.761131,764,0.0,False,False,False,0.0006605075046888887
863,864,2,1,6571,368,13984.723,0.0,80.761131,774,0.0,False,False,False,0.0006607716311841726
864,865,2,1,6571,368,13984.723,0.0,80.761131,774,0.0,False,False,False,0.0006610322541065628
865,866,2,1,6571,368,13984.739,28.629999,80.761131,3206,36.400002,False,False,False,0.0006619739579009733
866,867,2,1,6571,368,13984.845,39.610001,80.761131,1368,0.0,False,False,False,0.000663001627717167
867,868,2,1,6571,368,13984.917,8.76,80.761131,818,0.0,False,False,False,0.0006631879053765298
868,869,2,1,6571,368,13984.924,1.87,80.761131,776,0.0,False,False,False,0.0006634570586827155
869,870,2,1,6571,368,13984.924,0.0,80.761131,770,0.0,False,False,False,0.000663721252882541
870,871,2,1,6571,368,13984.925,0.0,80.761131,770,0.0,False,False,False,0.0006639853281066501
871,872,2,1,6571,368,13984.945,18.0,80.761131,1384,0.0,False,False,False,0.0006644336153188076
872,873,2,1,6571,368,13984.998,13.27,80.761131,816,0.0,False,False,False,0.0006647584963189614
873,874,2,1,6571,368,13985.061,36.59,80.761131,1752,0.0,False,False,False,0.0006661839241227391
874,875,2,1,6571,368,13985.122,23.58,80.761131,2042,37.900002,False,False,False,0.0006668858601405022
875,876,2,1,6571,368,13985.245,47.09,80.761131,1708,0.0,False,False,False,0.0006691289906618967
876,877,2,1,6571,368,13985.292,0.0,80.761131,776,0.0,False,False,False,0.0006693128528991101
877,878,2,1,6571,368,13985.292,0.0,80.761131,772,0.0,False,False,False,0.0006695681743238309
878,879,2,1,6571,368,13985.293,0.0,80.761131,772,0.0,False,False,False,0.0006698233763585534
879,880,2,1,6571,368,13985.355,45.369999,80.761131,2078,17.1,False,False,False,0.0006719618513901585
880,881,2,1,6571,368,13985.491,46.829998,80.761131,1478,0.0,False,False,False,0.0006728094988228284
881,882,2,1,6571,368,13985.627,48.509998,80.761131,1764,0.0,False,False,False,0.0006738571780029595
882,883,2,1,6571,368,13985.689,0.0,80.761131,778,0.0,False,False,False,0.0006740136997398026
883,884,2,1,6571,368,13985.711,23.34,80.761131,1796,15.900001,False,False,False,0.000674718094911663
884,885,2,1,6571,368,13985.753,2.15,80.761131,758,0.0,False,False,False,0.0006750754803491561
885,886,2,1,6571,368,13985.757,0.0,80.761131,780,0.0,False,False,False,0.000675413249833396
886,887,2,1,6571,368,13985.757,0.0,80.761131,802,0.0,False,False,False,0.0006756756408937398
887,888,2,1,6571,368,13985.757,0.0,80.761131,774,0.0,False,False,False,0.0006759504007969825
888,889,2,1,6571,368,13985.757,0.0,80.326347,774,0.0,False,False,False,0.0006762252321964269
889,890,2,1,6571,368,13985.757,0.0,79.782867,766,0.0,False,False,False,0.0006764999920996697
890,891,2,1,6571,368,13985.757,0.0,79.348083,762,0.0,False,False,False,0.0006767819731192871
891,892,2,1,6571,368,13985.766,4.26,78.9133,840,0.0,False,False,False,0.0006774387302969107
892,893,2,1,6571,368,13985.777,4.26,78.9133,782,0.0,False,False,False,0.0006777778039930143
893,894,3,1,6571,360,13976.178,0.0,89.674202,776,0.0,False,False,False,0.0005532450112604991
894,895,3,1,6571,360,13976.178,0.0,89.674202,782,0.0,False,False,False,0.0005534640826638968
895,896,3,1,6571,360,13976.178,0.0,89.674202,766,0.0,False,False,False,0.0005536830825220942
896,897,3,1,6571,360,13976.18,0.82,89.674202,752,3.8,False,False,False,0.0005539543742013769
897,898,3,1,6571,360,13976.191,2.35,89.565506,774,0.0,False,False,False,0.000554345504758431
898,899,3,1,6571,360,13976.22,19.1,89.239418,1680,9.3,False,False,False,0.0005550062888042115
899,900,3,1,6571,360,13976.27,21.24,89.239418,1280,8.6,False,False,False,0.0005556032758900701
900,901,3,1,6571,360,13976.33,20.789999,88.91333,1192,6.3,False,False,False,0.0005560139883654461
901,902,3,1,6571,360,13976.384,15.059999,88.695938,776,0.0,False,False,False,0.0005563475969466103
902,903,3,1,6571,360,13976.439,27.76,88.36985,1656,13.3,False,False,False,0.0005572503661078399
903,904,3,1,6571,360,13976.493,5.21,88.36985,794,0.0,False,False,False,0.0005575265178097388
904,905,3,1,6571,360,13976.494,0.0,88.043762,772,0.0,False,False,False,0.0005577997028651917
905,906,3,1,6571,360,13976.495,4.65,87.608978,1140,7.0,False,False,False,0.0005581050824915337
906,907,3,1,6571,360,13976.536,25.369999,87.174194,2120,9.1,False,False,False,0.0005590194151529998
907,908,3,1,6571,360,13976.604,16.77,87.065498,870,0.0,False,False,False,0.000559414904013592
908,909,3,1,6571,360,13976.616,0.0,87.065498,770,0.0,False,False,False,0.0005596786318925917
909,910,3,1,6571,360,13976.616,0.0,86.848106,772,0.0,False,False,False,0.0005599499943337977
910,911,3,1,6571,360,13976.616,0.0,86.413322,776,0.0,False,False,False,0.0005602232168919221
911,912,3,1,6571,360,13976.616,0.0,85.978539,772,0.0,False,False,False,0.0005604964394500464
912,913,3,1,6571,360,13976.652,37.799999,85.652451,2504,33.600002,False,False,False,0.0005620187138726876
913,914,3,1,6571,360,13976.742,15.65,85.652451,784,0.0,False,False,False,0.0005625078070549592
914,915,3,1,6571,360,13976.753,0.0,85.652451,774,0.0,False,False,False,0.0005627787957048604
915,916,3,1,6571,360,13976.753,0.0,85.652451,768,0.0,False,False,False,0.0005630465783735053
916,917,3,1,6571,360,13976.762,4.75,85.652451,794,0.0,False,False,False,0.0005634250318470153
917,918,3,1,6571,360,13976.766,5.28,85.652451,1132,11.2,False,False,False,0.0005637375099855012
918,919,3,1,6571,360,13976.827,25.449999,85.652451,1228,0.0,False,False,False,0.0005649081219849123
919,920,3,1,6571,360,13976.862,6.27,85.652451,846,0.0,False,False,False,0.000565174201891534
920,921,3,1,6571,360,13976.911,13.77,85.652451,836,0.0,False,False,False,0.0005661074820121547
921,922,3,1,6571,360,13976.914,0.0,85.652451,762,0.0,False,False,False,0.000566378717167669
922,923,3,1,6571,360,13976.914,0.0,85.326363,768,0.0,False,False,False,0.0005666573710497861
923,924,3,1,6571,360,13976.914,0.0,84.891579,780,0.0,False,False,False,0.0005669360249319033
924,925,3,1,6571,360,13976.914,0.0,84.456795,782,0.0,False,False,False,0.0005672128187367585
925,926,3,1,6571,360,13976.914,0.0,83.913315,1400,13.8,False,False,False,0.0005675057809055056
926,927,3,1,6571,360,13976.956,26.0,83.804619,1256,0.0,False,False,False,0.0005686506668070782
927,928,3,1,6571,360,13976.988,0.0,83.804619,768,0.0,False,False,False,0.0005688991148082256
928,929,3,1,6571,360,13976.988,0.0,83.695923,778,0.0,False,False,False,0.0005691705415686436
929,930,3,1,6571,360,13976.991,7.39,83.261139,1850,19.300001,False,False,False,0.0005695259068345372
930,931,3,1,6571,360,13977.072,15.07,83.043747,796,0.0,False,False,False,0.0005711801312799075
931,932,3,1,6571,360,13977.098,21.109999,83.043747,1256,16.300001,False,False,False,0.0005716849316695304
932,933,3,1,6571,360,13977.125,0.0,83.043747,768,0.0,False,False,False,0.0005720519025262687
933,934,3,1,6571,360,13977.147,22.559999,83.043747,2004,9.7,False,False,False,0.0005726679652174212
934,935,3,1,6571,360,13977.217,42.950001,83.043747,3636,39.900002,False,False,False,0.0005740681375886495
935,936,3,1,6571,360,13977.326,19.439999,82.935051,758,0.0,False,False,False,0.0005746778977683022
936,937,3,1,6571,360,13977.337,0.0,82.935051,776,0.0,False,False,False,0.0005749347007444448
937,938,3,1,6571,360,13977.337,0.0,82.935051,768,0.0,False,False,False,0.0005751989668012726
938,939,3,1,6571,360,13977.337,0.0,82.608963,772,0.0,False,False,False,0.0005754633043973685
939,940,3,1,6571,360,13977.337,0.0,82.174179,766,0.0,False,False,False,0.0005757311474176078
940,941,3,1,6571,360,13977.36,24.99,81.848091,2222,19.6,False,False,False,0.0005764540332342277
941,942,3,1,6571,360,13977.477,42.469997,81.739395,1244,0.0,False,False,False,0.0005780886572979302
942,943,3,1,6571,360,13977.558,12.219999,81.739395,764,0.0,False,False,False,0.0005782715928209476
943,944,3,1,6571,360,13977.565,0.0,81.739395,772,0.0,False,False,False,0.0005785426472602875
944,945,3,1,6571,360,13977.565,0.0,81.739395,774,0.0,False,False,False,0.0005788051920923214
945,946,3,1,6571,360,13977.566,1.49,81.739395,840,16.0,False,False,False,0.0005790747777704809
946,947,3,1,6571,360,13977.654,43.489998,81.739395,1582,5.8,False,False,False,0.0005808814639807237
947,948,3,1,6571,360,13977.749,16.76,81.739395,804,0.0,False,False,False,0.0005811210287844786
948,949,3,1,6571,360,13977.761,4.29,81.739395,822,0.0,False,False,False,0.0005814028868509878
949,950,3,1,6571,360,13977.825,44.5,81.739395,2498,23.700001,False,False,False,0.0005833192703964746
950,951,3,1,6571,360,13977.949,37.239998,81.739395,1076,0.0,False,False,False,0.0005839378196458117
951,952,3,1,6571,360,13977.992,0.0,81.739395,784,0.0,False,False,False,0.0005841524195736001
952,953,3,1,6571,360,13977.992,0.0,81.739395,768,0.0,False,False,False,0.0005844184616458756
953,954,3,1,6571,360,13977.993,0.0,81.739395,772,0.0,False,False,False,0.0005846845334281232
954,955,3,1,6571,360,13977.993,0.0,81.739395,766,0.0,False,False,False,0.0005849523638791435
955,956,3,1,6571,360,13977.993,0.0,81.739395,782,0.0,False,False,False,0.0005852166175346106
956,957,3,1,6571,360,13977.993,0.0,81.739395,778,0.0,False,False,False,0.0005854862363834075
957,958,3,1,6571,360,13977.994,0.0,81.739395,770,0.0,False,False,False,0.0005857576017272774
958,959,3,1,6571,360,13978.032,34.119999,81.739395,2120,26.0,False,False,False,0.0005869311980972646
959,960,3,1,6571,360,13978.156,49.489998,81.739395,1800,0.0,False,False,False,0.0005877861295774938
960,961,3,1,6571,360,13978.223,0.0,81.739395,792,0.0,False,False,False,0.000587934107639602
961,962,3,1,6571,360,13978.223,0.0,81.739395,760,0.0,False,False,False,0.0005881983569473068
962,963,3,1,6571,360,13978.223,0.0,81.739395,770,0.0,False,False,False,0.0005884608894213935
963,964,3,1,6571,360,13978.224,0.0,81.739395,766,0.0,False,False,False,0.0005887304617194774
964,965,3,1,6571,360,13978.228,9.91,81.739395,1960,29.200001,False,False,False,0.0005890645749536383
965,966,3,1,6571,360,13978.298,45.91,81.739395,2952,45.400002,False,False,False,0.0005912216049761583
966,967,3,1,6571,360,13978.449,60.049999,81.739395,2200,37.400002,False,False,False,0.0005929161442629105
967,968,3,1,6571,360,13978.634,65.369995,81.739395,1648,0.0,False,False,False,0.0005941492459673837
968,969,3,1,6571,360,13978.811,72.860001,81.739395,1840,34.5,False,False,False,0.0005957763663614623
969,970,3,1,6571,360,13979.026,86.489998,81.739395,3550,30.300001,False,False,False,0.0005982480290093882
970,971,3,1,6571,364,13979.26,79.689995,81.739395,1488,3.8,False,False,False,0.0005988978030451508
971,972,3,1,6571,364,13979.473,75.409996,81.739395,1898,0.0,False,False,False,0.0005998290615775304
972,973,3,1,6571,364,13979.674,71.779999,81.739395,2172,21.0,False,False,False,0.0006013064177020364
973,974,3,1,6571,364,13979.891,78.759995,81.739395,1392,0.0,False,False,False,0.0006027542164515838
974,975,3,1,6571,364,13980.081,64.830002,81.739395,2130,12.3,False,False,False,0.000603236616682215
975,976,3,1,6571,364,13980.254,64.479996,81.739395,1610,0.0,False,False,False,0.0006037172345198791
976,977,3,1,6571,364,13980.428,58.689999,81.739395,1514,17.800001,False,False,False,0.0006042242609267093
977,978,3,1,6571,364,13980.596,63.049999,81.739395,1846,0.0,False,False,False,0.0006053205227786585
978,979,3,1,6571,364,13980.763,59.209999,81.739395,1502,4.5,False,False,False,0.0006060320147037251
979,980,3,1,6571,364,13980.932,61.66,81.739395,1684,10.6,False,False,False,0.0006069417302272675
980,981,3,1,6571,364,13981.106,59.77,81.739395,1508,0.0,False,False,False,0.0006076888560278402
981,982,3,1,6571,364,13981.293,70.099998,81.739395,1314,0.0,False,False,False,0.0006099460939632719
982,983,3,1,6571,364,13981.471,52.02,81.739395,1310,0.0,False,True,False,0.000610062556181951
983,984,3,1,6571,364,13981.544,4.54,81.739395,782,0.0,False,False,False,0.000610233159287752
984,985,3,1,6571,364,13981.568,14.87,81.739395,1186,0.0,False,False,False,0.0006108428723536336
985,986,3,1,6571,364,13981.619,33.469997,81.739395,2492,0.0,False,False,False,0.0006120010850613894
986,987,3,1,6571,364,13981.674,11.49,81.739395,1498,0.0,False,False,False,0.0006123082752268987
987,988,3,1,6571,364,13981.68,0.0,81.739395,766,0.0,False,False,False,0.0006125832100856202
988,989,3,1,6571,364,13981.68,0.0,81.739395,778,0.0,False,False,False,0.0006128509699142082
989,990,3,1,6571,364,13981.68,0.0,81.739395,770,0.0,False,False,False,0.0006131187297427961
990,991,3,1,6571,364,13981.68,0.0,81.739395,774,0.0,False,False,False,0.0006133900654237956
991,992,3,1,6571,364,13981.741,44.259998,81.739395,2296,0.0,False,False,False,0.0006155445488119962
992,993,3,1,6571,364,13981.8,0.0,81.739395,776,0.0,False,False,False,0.0006157996967703179
993,994,3,1,6571,364,13981.835,28.949999,81.739395,1696,12.7,False,False,False,0.0006166862442416005
994,995,3,1,6571,364,13981.906,15.929999,81.739395,868,0.0,False,False,False,0.0006171238653824891
995,996,3,1,6571,364,13981.931,29.549999,81.739395,2634,31.6,False,False,False,0.0006183084934052811
996,997,3,1,6571,364,13982.028,22.769999,81.739395,770,0.0,False,False,False,0.0006191617437939764
997,998,3,1,6571,364,13982.041,0.0,81.739395,770,0.0,False,False,False,0.0006194129731865908
998,999,3,1,6571,364,13982.041,0.0,81.739395,788,0.0,False,False,False,0.0006196807261024265
999,1000,3,1,6571,364,13982.041,0.0,81.739395,766,0.0,False,False,False,0.0006199466911382153
1000,1001,3,1,6571,364,13982.041,0.0,81.739395,782,0.0,False,False,False,0.000620218019814145
1001,1002,3,1,6571,364,13982.041,0.0,81.304611,782,0.0,False,False,False,0.0006204857727299805
1002,1003,3,1,6571,364,13982.041,1.94,80.869827,1358,15.2,False,False,False,0.0006207679002013939
1003,1004,3,1,6571,364,13982.11,23.309999,80.543739,1148,0.0,False,False,False,0.0006223537539216955
1004,1005,3,1,6571,364,13982.122,0.0,80.543739,748,0.0,False,False,False,0.0006226103870079944
1005,1006,3,1,6571,364,13982.122,0.0,80.326347,764,0.0,False,False,False,0.0006228781383728183
1006,1007,3,1,6571,364,13982.122,0.0,79.891563,772,0.0,False,False,False,0.0006231493939622354
1007,1008,3,1,6571,364,13982.122,4.87,79.782867,1586,14.900001,False,False,False,0.0006234817231802741
1008,1009,3,1,6571,364,13982.195,26.609999,79.565475,1254,0.0,False,False,False,0.0006251249446210255
1009,1010,3,1,6571,364,13982.226,4.88,79.565475,812,0.0,False,False,False,0.0006254782694637132
1010,1011,3,1,6571,364,13982.227,0.0,79.565475,778,0.0,False,False,False,0.0006257442577453688
1011,1012,3,1,6571,364,13982.235,11.29,79.565475,1454,3.2,False,False,False,0.0006262883374269258
1012,1013,3,1,6571,364,13982.307,32.290001,79.456779,1554,0.0,False,False,False,0.0006279674757909556
1013,1014,3,1,6571,364,13982.36,4.87,79.456779,772,0.0,False,False,False,0.0006282512929653531
1014,1015,3,1,6571,364,13982.366,0.0,79.456779,764,0.0,False,False,False,0.000628540081122099
1015,1016,3,1,6571,364,13982.374,5.48,79.456779,796,0.0,False,False,False,0.0006288996489688396
1016,1017,3,1,6571,364,13982.39,20.309999,79.456779,2326,14.2,False,False,False,0.0006296255772026668
1017,1018,3,1,6571,364,13982.462,31.959999,79.239388,1462,0.0,False,False,False,0.0006306863779513257
1018,1019,3,1,6571,364,13982.558,36.329998,79.130692,1578,0.0,False,False,False,0.0006314902115756233
1019,1020,3,1,6571,364,13982.624,20.869999,79.130692,1148,0.0,False,False,False,0.0006317951626845802
1020,1021,3,1,6571,364,13982.681,20.9,79.130692,1068,0.0,False,False,False,0.0006321974164027339
1021,1022,3,1,6571,364,13982.711,0.0,79.130692,788,0.0,False,False,False,0.0006324372693342991
1022,1023,3,1,6571,364,13982.711,0.0,79.130692,776,0.0,False,False,False,0.0006327085134983124
1023,1024,3,1,6571,364,13982.723,16.49,79.130692,1274,0.0,False,False,False,0.0006331982548567359
1024,1025,3,1,6571,364,13982.785,30.189999,79.130692,1458,9.8,False,False,False,0.0006339152811631472
1025,1026,3,1,6571,364,13982.873,24.269999,79.130692,792,0.0,False,False,False,0.0006345273587653436
1026,1027,3,1,6571,364,13982.93,11.24,79.130692,762,0.0,False,False,False,0.0006347732003807227
1027,1028,3,1,6571,364,13982.972,13.42,79.130692,770,0.0,False,False,False,0.0006353207085940961
1028,1029,3,1,6571,364,13982.989,0.0,79.130692,772,0.0,False,False,False,0.0006356106973482316
1029,1030,3,1,6571,364,13982.989,0.0,79.130692,786,0.0,False,False,False,0.0006359033177157105
1030,1031,3,1,6571,364,13982.991,5.7,79.130692,952,7.0,False,False,False,0.0006361957755836656
1031,1032,3,1,6571,364,13983.025,15.589999,79.130692,1222,0.0,False,False,False,0.0006366079151031266
1032,1033,3,1,6571,364,13983.059,19.559999,79.130692,1800,14.3,False,False,False,0.0006371328238818215
1033,1034,3,1,6571,364,13983.096,0.0,79.130692,782,0.0,False,False,False,0.0006375190788163926
1034,1035,3,1,6571,364,13983.14,21.719999,79.130692,1350,16.200001,False,False,False,0.0006383317815754132
1035,1036,3,1,6571,364,13983.216,27.01,79.130692,1294,0.0,False,False,False,0.0006390698627652775
1036,1037,3,1,6571,364,13983.288,20.469999,79.130692,1036,0.0,False,False,False,0.0006394300517838306
1037,1038,3,1,6571,364,13983.311,5.95,79.130692,784,0.0,False,False,False,0.0006396952270297764
1038,1039,3,1,6571,364,13983.332,11.19,79.130692,1482,0.0,False,False,False,0.0006401165962020925
1039,1040,3,1,6571,364,13983.407,36.439999,79.130692,1072,0.0,False,False,False,0.0006414573031234002
1040,1041,3,1,6571,364,13983.498,34.130001,79.130692,2318,28.700001,False,False,False,0.0006420385629859577
1041,1042,3,1,6571,364,13983.61,43.18,79.130692,1594,0.0,False,False,False,0.0006430399560659897
1042,1043,3,1,6571,364,13983.662,2.97,83.478531,778,0.0,False,False,False,0.000643273394809256
1043,1044,3,1,6571,364,13983.663,0.0,83.478531,776,0.0,False,False,False,0.0006435517252006716
1044,1045,3,1,6571,364,13983.664,0.0,83.478531,772,0.0,False,False,False,0.0006438282678797288
1045,1046,3,1,6571,364,13983.664,0.0,83.478531,780,0.0,False,False,False,0.0006440995650664185
1046,1047,3,1,6571,364,13983.669,6.16,83.478531,792,0.0,False,False,False,0.0006444070288685416
1047,1048,3,1,6571,364,13983.677,2.08,83.478531,780,0.0,False,False,False,0.0006446991946971674
1048,1049,3,1,6571,364,13983.72,30.92,83.478531,1458,0.0,False,False,False,0.0006456978044608687
1049,1050,3,1,6571,364,13983.795,11.099999,83.478531,800,0.0,False,False,False,0.0006459319568145261
1050,1051,3,1,6571,364,13983.804,10.15,83.478531,1388,10.900001,False,False,False,0.0006462817784217784
1051,1052,3,1,6571,364,13983.848,18.32,83.478531,1926,26.6,False,False,False,0.0006468491470196888
1052,1053,3,1,6571,364,13983.893,14.88,83.478531,818,0.0,False,False,False,0.0006473247954060142
1053,1054,3,1,6571,364,13983.944,14.679999,83.478531,840,0.0,False,False,False,0.0006478953365848301
1054,1055,3,1,6571,364,13983.965,9.82,83.478531,1202,0.0,False,False,False,0.0006482179254649548
1055,1056,3,1,6571,364,13983.998,13.389999,83.478531,1886,16.800001,False,False,False,0.0006485724917515183
1056,1057,3,1,6571,364,13984.031,3.23,83.478531,764,0.0,False,False,False,0.0006489234096084593
1057,1058,3,1,6571,364,13984.031,0.0,83.478531,782,0.0,False,False,False,0.0006491999910475708
1058,1059,3,1,6571,364,13984.043,8.62,83.478531,1068,0.0,False,False,False,0.0006495697582052483
1059,1060,3,1,6571,364,13984.079,0.75,83.478531,808,0.0,False,False,False,0.0006500011905545903
1060,1061,3,1,6571,368,13984.091,18.18,83.478531,1460,0.0,False,False,False,0.0006505572255482643
1061,1062,3,1,6571,368,13984.11,0.0,83.478531,768,0.0,False,False,False,0.000650795739182602
1062,1063,3,1,6571,368,13984.11,0.0,83.478531,772,0.0,False,False,False,0.0006510616648707089
1063,1064,3,1,6571,368,13984.11,0.0,83.152443,780,0.0,False,False,False,0.0006513293781743582
1064,1065,3,1,6571,368,13984.11,0.0,82.935051,780,0.0,False,False,False,0.0006515900125204592
1065,1066,3,1,6571,368,13984.111,2.63,82.935051,774,4.0,False,False,False,0.0006518523878716443
1066,1067,3,1,6571,368,13984.149,25.699999,82.608963,1430,0.0,False,False,False,0.0006525926895737758
1067,1068,3,1,6571,368,13984.178,0.0,82.608963,768,0.0,False,False,False,0.0006528539000361669
1068,1069,3,1,6571,368,13984.178,0.0,82.608963,770,0.0,False,False,False,0.0006531198244312658
1069,1070,3,1,6571,368,13984.178,0.0,82.391571,778,0.0,False,False,False,0.0006533893240400658
1070,1071,3,1,6571,368,13984.178,0.0,81.956787,780,0.0,False,False,False,0.0006536606112557166
1071,1072,3,1,6571,368,13984.178,0.0,81.522003,788,0.0,False,False,False,0.0006539247480439648
1072,1073,3,1,6571,368,13984.178,0.0,81.087219,776,0.0,False,False,False,0.0006541942476527649
1073,1074,3,1,6571,368,13984.202,14.799999,80.761131,1154,0.0,False,False,False,0.0006546569724198478
1074,1075,3,1,6571,368,13984.268,36.860001,80.761131,2078,15.5,False,False,False,0.0006557172876486886
1075,1076,3,1,6571,368,13984.372,36.130001,80.761131,1054,0.0,False,False,False,0.000656086659689853
1076,1077,3,1,6571,368,13984.428,5.67,80.761131,800,0.0,False,False,False,0.0006562897467278084
1077,1078,3,1,6571,368,13984.432,0.0,80.761131,764,0.0,False,False,False,0.0006565589822323687
1078,1079,3,1,6571,368,13984.432,0.0,80.761131,774,0.0,False,False,False,0.0006568213981520198
1079,1080,3,1,6571,368,13984.451,20.52,80.761131,1862,14.900001,False,False,False,0.0006574309973986538
1080,1081,3,1,6571,368,13984.54,41.299999,80.761131,2048,6.3,False,False,False,0.0006589644018035771
1081,1082,3,1,6571,368,13984.65,37.919998,80.761131,1074,0.0,False,False,False,0.0006593801503684134
1082,1083,3,1,6571,368,13984.723,0.0,80.761131,782,0.0,False,False,False,0.0006597131946628716
1083,1084,3,1,6571,368,13984.723,0.0,80.761131,780,0.0,False,False,False,0.000659977392659643
1084,1085,3,1,6571,368,13984.723,0.0,80.761131,764,0.0,False,False,False,0.0006602415191549267
1085,1086,3,1,6571,368,13984.723,0.0,80.761131,764,0.0,False,False,False,0.0006605075046888887
1086,1087,3,1,6571,368,13984.723,0.0,80.761131,774,0.0,False,False,False,0.0006607716311841726
1087,1088,3,1,6571,368,13984.723,0.0,80.761131,774,0.0,False,False,False,0.0006610322541065628
1088,1089,3,1,6571,368,13984.739,28.629999,80.761131,3206,36.400002,False,False,False,0.0006619739579009733
1089,1090,3,1,6571,368,13984.845,39.610001,80.761131,1368,0.0,False,False,False,0.000663001627717167
1090,1091,3,1,6571,368,13984.917,8.76,80.761131,818,0.0,False,False,False,0.0006631879053765298
1091,1092,3,1,6571,368,13984.924,1.87,80.761131,776,0.0,False,False,False,0.0006634570586827155
1092,1093,3,1,6571,368,13984.924,0.0,80.761131,770,0.0,False,False,False,0.000663721252882541
1093,1094,3,1,6571,368,13984.925,0.0,80.761131,770,0.0,False,False,False,0.0006639853281066501
1094,1095,3,1,6571,368,13984.945,18.0,80.761131,1384,0.0,False,False,False,0.0006644336153188076
1095,1096,3,1,6571,368,13984.998,13.27,80.761131,816,0.0,False,False,False,0.0006647584963189614
1096,1097,3,1,6571,368,13985.061,36.59,80.761131,1752,0.0,False,False,False,0.0006661839241227391
1097,1098,3,1,6571,368,13985.122,23.58,80.761131,2042,37.900002,False,False,False,0.0006668858601405022
1098,1099,3,1,6571,368,13985.245,47.09,80.761131,1708,0.0,False,False,False,0.0006691289906618967
1099,1100,3,1,6571,368,13985.292,0.0,80.761131,776,0.0,False,False,False,0.0006693128528991101
1100,1101,3,1,6571,368,13985.292,0.0,80.761131,772,0.0,False,False,False,0.0006695681743238309
1101,1102,3,1,6571,368,13985.293,0.0,80.761131,772,0.0,False,False,False,0.0006698233763585534
1102,1103,3,1,6571,368,13985.355,45.369999,80.761131,2078,17.1,False,False,False,0.0006719618513901585
1103,1104,3,1,6571,368,13985.491,46.829998,80.761131,1478,0.0,False,False,False,0.0006728094988228284
1104,1105,3,1,6571,368,13985.627,48.509998,80.761131,1764,0.0,False,False,False,0.0006738571780029595
1105,1106,3,1,6571,368,13985.689,0.0,80.761131,778,0.0,False,False,False,0.0006740136997398026
1106,1107,3,1,6571,368,13985.711,23.34,80.761131,1796,15.900001,False,False,False,0.000674718094911663
1107,1108,3,1,6571,368,13985.753,2.15,80.761131,758,0.0,False,False,False,0.0006750754803491561
1108,1109,3,1,6571,368,13985.757,0.0,80.761131,780,0.0,False,False,False,0.000675413249833396
1109,1110,3,1,6571,368,13985.757,0.0,80.761131,802,0.0,False,False,False,0.0006756756408937398
1110,1111,3,1,6571,368,13985.757,0.0,80.761131,774,0.0,False,False,False,0.0006759504007969825
1111,1112,3,1,6571,368,13985.757,0.0,80.326347,774,0.0,False,False,False,0.0006762252321964269
1112,1113,3,1,6571,368,13985.757,0.0,79.782867,766,0.0,False,False,False,0.0006764999920996697
1113,1114,3,1,6571,368,13985.757,0.0,79.348083,762,0.0,False,False,False,0.0006767819731192871
1114,1115,3,1,6571,368,13985.766,4.26,78.9133,840,0.0,False,False,False,0.0006774387302969107
1115,1116,3,1,6571,368,13985.777,4.26,78.9133,782,0.0,False,False,False,0.0006777778039930143
1116,1117,4,1,6571,360,13976.178,0.0,89.674202,776,0.0,False,False,False,0.0005532450112604991
1117,1118,4,1,6571,360,13976.178,0.0,89.674202,782,0.0,False,False,False,0.0005534640826638968
1118,1119,4,1,6571,360,13976.178,0.0,89.674202,766,0.0,False,False,False,0.0005536830825220942
1119,1120,4,1,6571,360,13976.18,0.82,89.674202,752,3.8,False,False,False,0.0005539543742013769
1120,1121,4,1,6571,360,13976.191,2.35,89.565506,774,0.0,False,False,False,0.000554345504758431
1121,1122,4,1,6571,360,13976.22,19.1,89.239418,1680,9.3,False,False,False,0.0005550062888042115
1122,1123,4,1,6571,360,13976.27,21.24,89.239418,1280,8.6,False,False,False,0.0005556032758900701
1123,1124,4,1,6571,360,13976.33,20.789999,88.91333,1192,6.3,False,False,False,0.0005560139883654461
1124,1125,4,1,6571,360,13976.384,15.059999,88.695938,776,0.0,False,False,False,0.0005563475969466103
1125,1126,4,1,6571,360,13976.439,27.76,88.36985,1656,13.3,False,False,False,0.0005572503661078399
1126,1127,4,1,6571,360,13976.493,5.21,88.36985,794,0.0,False,False,False,0.0005575265178097388
1127,1128,4,1,6571,360,13976.494,0.0,88.043762,772,0.0,False,False,False,0.0005577997028651917
1128,1129,4,1,6571,360,13976.495,4.65,87.608978,1140,7.0,False,False,False,0.0005581050824915337
1129,1130,4,1,6571,360,13976.536,25.369999,87.174194,2120,9.1,False,False,False,0.0005590194151529998
1130,1131,4,1,6571,360,13976.604,16.77,87.065498,870,0.0,False,False,False,0.000559414904013592
1131,1132,4,1,6571,360,13976.616,0.0,87.065498,770,0.0,False,False,False,0.0005596786318925917
1132,1133,4,1,6571,360,13976.616,0.0,86.848106,772,0.0,False,False,False,0.0005599499943337977
1133,1134,4,1,6571,360,13976.616,0.0,86.413322,776,0.0,False,False,False,0.0005602232168919221
1134,1135,4,1,6571,360,13976.616,0.0,85.978539,772,0.0,False,False,False,0.0005604964394500464
1135,1136,4,1,6571,360,13976.652,37.799999,85.652451,2504,33.600002,False,False,False,0.0005620187138726876
1136,1137,4,1,6571,360,13976.742,15.65,85.652451,784,0.0,False,False,False,0.0005625078070549592
1137,1138,4,1,6571,360,13976.753,0.0,85.652451,774,0.0,False,False,False,0.0005627787957048604
1138,1139,4,1,6571,360,13976.753,0.0,85.652451,768,0.0,False,False,False,0.0005630465783735053
1139,1140,4,1,6571,360,13976.762,4.75,85.652451,794,0.0,False,False,False,0.0005634250318470153
1140,1141,4,1,6571,360,13976.766,5.28,85.652451,1132,11.2,False,False,False,0.0005637375099855012
1141,1142,4,1,6571,360,13976.827,25.449999,85.652451,1228,0.0,False,False,False,0.0005649081219849123
1142,1143,4,1,6571,360,13976.862,6.27,85.652451,846,0.0,False,False,False,0.000565174201891534
1143,1144,4,1,6571,360,13976.911,13.77,85.652451,836,0.0,False,False,False,0.0005661074820121547
1144,1145,4,1,6571,360,13976.914,0.0,85.652451,762,0.0,False,False,False,0.000566378717167669
1145,1146,4,1,6571,360,13976.914,0.0,85.326363,768,0.0,False,False,False,0.0005666573710497861
1146,1147,4,1,6571,360,13976.914,0.0,84.891579,780,0.0,False,False,False,0.0005669360249319033
1147,1148,4,1,6571,360,13976.914,0.0,84.456795,782,0.0,False,False,False,0.0005672128187367585
1148,1149,4,1,6571,360,13976.914,0.0,83.913315,1400,13.8,False,False,False,0.0005675057809055056
1149,1150,4,1,6571,360,13976.956,26.0,83.804619,1256,0.0,False,False,False,0.0005686506668070782
1150,1151,4,1,6571,360,13976.988,0.0,83.804619,768,0.0,False,False,False,0.0005688991148082256
1151,1152,4,1,6571,360,13976.988,0.0,83.695923,778,0.0,False,False,False,0.0005691705415686436
1152,1153,4,1,6571,360,13976.991,7.39,83.261139,1850,19.300001,False,False,False,0.0005695259068345372
1153,1154,4,1,6571,360,13977.072,15.07,83.043747,796,0.0,False,False,False,0.0005711801312799075
1154,1155,4,1,6571,360,13977.098,21.109999,83.043747,1256,16.300001,False,False,False,0.0005716849316695304
1155,1156,4,1,6571,360,13977.125,0.0,83.043747,768,0.0,False,False,False,0.0005720519025262687
1156,1157,4,1,6571,360,13977.147,22.559999,83.043747,2004,9.7,False,False,False,0.0005726679652174212
1157,1158,4,1,6571,360,13977.217,42.950001,83.043747,3636,39.900002,False,False,False,0.0005740681375886495
1158,1159,4,1,6571,360,13977.326,19.439999,82.935051,758,0.0,False,False,False,0.0005746778977683022
1159,1160,4,1,6571,360,13977.337,0.0,82.935051,776,0.0,False,False,False,0.0005749347007444448
1160,1161,4,1,6571,360,13977.337,0.0,82.935051,768,0.0,False,False,False,0.0005751989668012726
1161,1162,4,1,6571,360,13977.337,0.0,82.608963,772,0.0,False,False,False,0.0005754633043973685
1162,1163,4,1,6571,360,13977.337,0.0,82.174179,766,0.0,False,False,False,0.0005757311474176078
1163,1164,4,1,6571,360,13977.36,24.99,81.848091,2222,19.6,False,False,False,0.0005764540332342277
1164,1165,4,1,6571,360,13977.477,42.469997,81.739395,1244,0.0,False,False,False,0.0005780886572979302
1165,1166,4,1,6571,360,13977.558,12.219999,81.739395,764,0.0,False,False,False,0.0005782715928209476
1166,1167,4,1,6571,360,13977.565,0.0,81.739395,772,0.0,False,False,False,0.0005785426472602875
1167,1168,4,1,6571,360,13977.565,0.0,81.739395,774,0.0,False,False,False,0.0005788051920923214
1168,1169,4,1,6571,360,13977.566,1.49,81.739395,840,16.0,False,False,False,0.0005790747777704809
1169,1170,4,1,6571,360,13977.654,43.489998,81.739395,1582,5.8,False,False,False,0.0005808814639807237
1170,1171,4,1,6571,360,13977.749,16.76,81.739395,804,0.0,False,False,False,0.0005811210287844786
1171,1172,4,1,6571,360,13977.761,4.29,81.739395,822,0.0,False,False,False,0.0005814028868509878
1172,1173,4,1,6571,360,13977.825,44.5,81.739395,2498,23.700001,False,False,False,0.0005833192703964746
1173,1174,4,1,6571,360,13977.949,37.239998,81.739395,1076,0.0,False,False,False,0.0005839378196458117
1174,1175,4,1,6571,360,13977.992,0.0,81.739395,784,0.0,False,False,False,0.0005841524195736001
1175,1176,4,1,6571,360,13977.992,0.0,81.739395,768,0.0,False,False,False,0.0005844184616458756
1176,1177,4,1,6571,360,13977.993,0.0,81.739395,772,0.0,False,False,False,0.0005846845334281232
1177,1178,4,1,6571,360,13977.993,0.0,81.739395,766,0.0,False,False,False,0.0005849523638791435
1178,1179,4,1,6571,360,13977.993,0.0,81.739395,782,0.0,False,False,False,0.0005852166175346106
1179,1180,4,1,6571,360,13977.993,0.0,81.739395,778,0.0,False,False,False,0.0005854862363834075
1180,1181,4,1,6571,360,13977.994,0.0,81.739395,770,0.0,False,False,False,0.0005857576017272774
1181,1182,4,1,6571,360,13978.032,34.119999,81.739395,2120,26.0,False,False,False,0.0005869311980972646
1182,1183,4,1,6571,360,13978.156,49.489998,81.739395,1800,0.0,False,False,False,0.0005877861295774938
1183,1184,4,1,6571,360,13978.223,0.0,81.739395,792,0.0,False,False,False,0.000587934107639602
1184,1185,4,1,6571,360,13978.223,0.0,81.739395,760,0.0,False,False,False,0.0005881983569473068
1185,1186,4,1,6571,360,13978.223,0.0,81.739395,770,0.0,False,False,False,0.0005884608894213935
1186,1187,4,1,6571,360,13978.224,0.0,81.739395,766,0.0,False,False,False,0.0005887304617194774
1187,1188,4,1,6571,360,13978.228,9.91,81.739395,1960,29.200001,False,False,False,0.0005890645749536383
1188,1189,4,1,6571,360,13978.298,45.91,81.739395,2952,45.400002,False,False,False,0.0005912216049761583
1189,1190,4,1,6571,360,13978.449,60.049999,81.739395,2200,37.400002,False,False,False,0.0005929161442629105
1190,1191,4,1,6571,360,13978.634,65.369995,81.739395,1648,0.0,False,False,False,0.0005941492459673837
1191,1192,4,1,6571,360,13978.811,72.860001,81.739395,1840,34.5,False,False,False,0.0005957763663614623
1192,1193,4,1,6571,360,13979.026,86.489998,81.739395,3550,30.300001,False,False,False,0.0005982480290093882
1193,1194,4,1,6571,364,13979.26,79.689995,81.739395,1488,3.8,False,False,False,0.0005988978030451508
1194,1195,4,1,6571,364,13979.473,75.409996,81.739395,1898,0.0,False,False,False,0.0005998290615775304
1195,1196,4,1,6571,364,13979.674,71.779999,81.739395,2172,21.0,False,False,False,0.0006013064177020364
1196,1197,4,1,6571,364,13979.891,78.759995,81.739395,1392,0.0,False,False,False,0.0006027542164515838
1197,1198,4,1,6571,364,13980.081,64.830002,81.739395,2130,12.3,False,False,False,0.000603236616682215
1198,1199,4,1,6571,364,13980.254,64.479996,81.739395,1610,0.0,False,False,False,0.0006037172345198791
1199,1200,4,1,6571,364,13980.428,58.689999,81.739395,1514,17.800001,False,False,False,0.0006042242609267093
1200,1201,4,1,6571,364,13980.596,63.049999,81.739395,1846,0.0,False,False,False,0.0006053205227786585
1201,1202,4,1,6571,364,13980.763,59.209999,81.739395,1502,4.5,False,False,False,0.0006060320147037251
1202,1203,4,1,6571,364,13980.932,61.66,81.739395,1684,10.6,False,False,False,0.0006069417302272675
1203,1204,4,1,6571,364,13981.106,59.77,81.739395,1508,0.0,False,False,False,0.0006076888560278402
1204,1205,4,1,6571,364,13981.293,70.099998,81.739395,1314,0.0,False,False,False,0.0006099460939632719
1205,1206,4,1,6571,364,13981.471,52.02,81.739395,1310,0.0,False,True,False,0.000610062556181951
1206,1207,4,1,6571,364,13981.544,4.54,81.739395,782,0.0,False,False,False,0.000610233159287752
1207,1208,4,1,6571,364,13981.568,14.87,81.739395,1186,0.0,False,False,False,0.0006108428723536336
1208,1209,4,1,6571,364,13981.619,33.469997,81.739395,2492,0.0,False,False,False,0.0006120010850613894
1209,1210,4,1,6571,364,13981.674,11.49,81.739395,1498,0.0,False,False,False,0.0006123082752268987
1210,1211,4,1,6571,364,13981.68,0.0,81.739395,766,0.0,False,False,False,0.0006125832100856202
1211,1212,4,1,6571,364,13981.68,0.0,81.739395,778,0.0,False,False,False,0.0006128509699142082
1212,1213,4,1,6571,364,13981.68,0.0,81.739395,770,0.0,False,False,False,0.0006131187297427961
1213,1214,4,1,6571,364,13981.68,0.0,81.739395,774,0.0,False,False,False,0.0006133900654237956
1214,1215,4,1,6571,364,13981.741,44.259998,81.739395,2296,0.0,False,False,False,0.0006155445488119962
1215,1216,4,1,6571,364,13981.8,0.0,81.739395,776,0.0,False,False,False,0.0006157996967703179
1216,1217,4,1,6571,364,13981.835,28.949999,81.739395,1696,12.7,False,False,False,0.0006166862442416005
1217,1218,4,1,6571,364,13981.906,15.929999,81.739395,868,0.0,False,False,False,0.0006171238653824891
1218,1219,4,1,6571,364,13981.931,29.549999,81.739395,2634,31.6,False,False,False,0.0006183084934052811
1219,1220,4,1,6571,364,13982.028,22.769999,81.739395,770,0.0,False,False,False,0.0006191617437939764
1220,1221,4,1,6571,364,13982.041,0.0,81.739395,770,0.0,False,False,False,0.0006194129731865908
1221,1222,4,1,6571,364,13982.041,0.0,81.739395,788,0.0,False,False,False,0.0006196807261024265
1222,1223,4,1,6571,364,13982.041,0.0,81.739395,766,0.0,False,False,False,0.0006199466911382153
1223,1224,4,1,6571,364,13982.041,0.0,81.739395,782,0.0,False,False,False,0.000620218019814145
1224,1225,4,1,6571,364,13982.041,0.0,81.304611,782,0.0,False,False,False,0.0006204857727299805
1225,1226,4,1,6571,364,13982.041,1.94,80.869827,1358,15.2,False,False,False,0.0006207679002013939
1226,1227,4,1,6571,364,13982.11,23.309999,80.543739,1148,0.0,False,False,False,0.0006223537539216955
1227,1228,4,1,6571,364,13982.122,0.0,80.543739,748,0.0,False,False,False,0.0006226103870079944
1228,1229,4,1,6571,364,13982.122,0.0,80.326347,764,0.0,False,False,False,0.0006228781383728183
1229,1230,4,1,6571,364,13982.122,0.0,79.891563,772,0.0,False,False,False,0.0006231493939622354
1230,1231,4,1,6571,364,13982.122,4.87,79.782867,1586,14.900001,False,False,False,0.0006234817231802741
1231,1232,4,1,6571,364,13982.195,26.609999,79.565475,1254,0.0,False,False,False,0.0006251249446210255
1232,1233,4,1,6571,364,13982.226,4.88,79.565475,812,0.0,False,False,False,0.0006254782694637132
1233,1234,4,1,6571,364,13982.227,0.0,79.565475,778,0.0,False,False,False,0.0006257442577453688
1234,1235,4,1,6571,364,13982.235,11.29,79.565475,1454,3.2,False,False,False,0.0006262883374269258
1235,1236,4,1,6571,364,13982.307,32.290001,79.456779,1554,0.0,False,False,False,0.0006279674757909556
1236,1237,4,1,6571,364,13982.36,4.87,79.456779,772,0.0,False,False,False,0.0006282512929653531
1237,1238,4,1,6571,364,13982.366,0.0,79.456779,764,0.0,False,False,False,0.000628540081122099
1238,1239,4,1,6571,364,13982.374,5.48,79.456779,796,0.0,False,False,False,0.0006288996489688396
1239,1240,4,1,6571,364,13982.39,20.309999,79.456779,2326,14.2,False,False,False,0.0006296255772026668
1240,1241,4,1,6571,364,13982.462,31.959999,79.239388,1462,0.0,False,False,False,0.0006306863779513257
1241,1242,4,1,6571,364,13982.558,36.329998,79.130692,1578,0.0,False,False,False,0.0006314902115756233
1242,1243,4,1,6571,364,13982.624,20.869999,79.130692,1148,0.0,False,False,False,0.0006317951626845802
1243,1244,4,1,6571,364,13982.681,20.9,79.130692,1068,0.0,False,False,False,0.0006321974164027339
1244,1245,4,1,6571,364,13982.711,0.0,79.130692,788,0.0,False,False,False,0.0006324372693342991
1245,1246,4,1,6571,364,13982.711,0.0,79.130692,776,0.0,False,False,False,0.0006327085134983124
1246,1247,4,1,6571,364,13982.723,16.49,79.130692,1274,0.0,False,False,False,0.0006331982548567359
1247,1248,4,1,6571,364,13982.785,30.189999,79.130692,1458,9.8,False,False,False,0.0006339152811631472
1248,1249,4,1,6571,364,13982.873,24.269999,79.130692,792,0.0,False,False,False,0.0006345273587653436
1249,1250,4,1,6571,364,13982.93,11.24,79.130692,762,0.0,False,False,False,0.0006347732003807227
1250,1251,4,1,6571,364,13982.972,13.42,79.130692,770,0.0,False,False,False,0.0006353207085940961
1251,1252,4,1,6571,364,13982.989,0.0,79.130692,772,0.0,False,False,False,0.0006356106973482316
1252,1253,4,1,6571,364,13982.989,0.0,79.130692,786,0.0,False,False,False,0.0006359033177157105
1253,1254,4,1,6571,364,13982.991,5.7,79.130692,952,7.0,False,False,False,0.0006361957755836656
1254,1255,4,1,6571,364,13983.025,15.589999,79.130692,1222,0.0,False,False,False,0.0006366079151031266
1255,1256,4,1,6571,364,13983.059,19.559999,79.130692,1800,14.3,False,False,False,0.0006371328238818215
1256,1257,4,1,6571,364,13983.096,0.0,79.130692,782,0.0,False,False,False,0.0006375190788163926
1257,1258,4,1,6571,364,13983.14,21.719999,79.130692,1350,16.200001,False,False,False,0.0006383317815754132
1258,1259,4,1,6571,364,13983.216,27.01,79.130692,1294,0.0,False,False,False,0.0006390698627652775
1259,1260,4,1,6571,364,13983.288,20.469999,79.130692,1036,0.0,False,False,False,0.0006394300517838306
1260,1261,4,1,6571,364,13983.311,5.95,79.130692,784,0.0,False,False,False,0.0006396952270297764
1261,1262,4,1,6571,364,13983.332,11.19,79.130692,1482,0.0,False,False,False,0.0006401165962020925
1262,1263,4,1,6571,364,13983.407,36.439999,79.130692,1072,0.0,False,False,False,0.0006414573031234002
1263,1264,4,1,6571,364,13983.498,34.130001,79.130692,2318,28.700001,False,False,False,0.0006420385629859577
1264,1265,4,1,6571,364,13983.61,43.18,79.130692,1594,0.0,False,False,False,0.0006430399560659897
1265,1266,4,1,6571,364,13983.662,2.97,83.478531,778,0.0,False,False,False,0.000643273394809256
1266,1267,4,1,6571,364,13983.663,0.0,83.478531,776,0.0,False,False,False,0.0006435517252006716
1267,1268,4,1,6571,364,13983.664,0.0,83.478531,772,0.0,False,False,False,0.0006438282678797288
1268,1269,4,1,6571,364,13983.664,0.0,83.478531,780,0.0,False,False,False,0.0006440995650664185
1269,1270,4,1,6571,364,13983.669,6.16,83.478531,792,0.0,False,False,False,0.0006444070288685416
1270,1271,4,1,6571,364,13983.677,2.08,83.478531,780,0.0,False,False,False,0.0006446991946971674
1271,1272,4,1,6571,364,13983.72,30.92,83.478531,1458,0.0,False,False,False,0.0006456978044608687
1272,1273,4,1,6571,364,13983.795,11.099999,83.478531,800,0.0,False,False,False,0.0006459319568145261
1273,1274,4,1,6571,364,13983.804,10.15,83.478531,1388,10.900001,False,False,False,0.0006462817784217784
1274,1275,4,1,6571,364,13983.848,18.32,83.478531,1926,26.6,False,False,False,0.0006468491470196888
1275,1276,4,1,6571,364,13983.893,14.88,83.478531,818,0.0,False,False,False,0.0006473247954060142
1276,1277,4,1,6571,364,13983.944,14.679999,83.478531,840,0.0,False,False,False,0.0006478953365848301
1277,1278,4,1,6571,364,13983.965,9.82,83.478531,1202,0.0,False,False,False,0.0006482179254649548
1278,1279,4,1,6571,364,13983.998,13.389999,83.478531,1886,16.800001,False,False,False,0.0006485724917515183
1279,1280,4,1,6571,364,13984.031,3.23,83.478531,764,0.0,False,False,False,0.0006489234096084593
1280,1281,4,1,6571,364,13984.031,0.0,83.478531,782,0.0,False,False,False,0.0006491999910475708
1281,1282,4,1,6571,364,13984.043,8.62,83.478531,1068,0.0,False,False,False,0.0006495697582052483
1282,1283,4,1,6571,364,13984.079,0.75,83.478531,808,0.0,False,False,False,0.0006500011905545903
1283,1284,4,1,6571,368,13984.091,18.18,83.478531,1460,0.0,False,False,False,0.0006505572255482643
1284,1285,4,1,6571,368,13984.11,0.0,83.478531,768,0.0,False,False,False,0.000650795739182602
1285,1286,4,1,6571,368,13984.11,0.0,83.478531,772,0.0,False,False,False,0.0006510616648707089
1286,1287,4,1,6571,368,13984.11,0.0,83.152443,780,0.0,False,False,False,0.0006513293781743582
1287,1288,4,1,6571,368,13984.11,0.0,82.935051,780,0.0,False,False,False,0.0006515900125204592
1288,1289,4,1,6571,368,13984.111,2.63,82.935051,774,4.0,False,False,False,0.0006518523878716443
1289,1290,4,1,6571,368,13984.149,25.699999,82.608963,1430,0.0,False,False,False,0.0006525926895737758
1290,1291,4,1,6571,368,13984.178,0.0,82.608963,768,0.0,False,False,False,0.0006528539000361669
1291,1292,4,1,6571,368,13984.178,0.0,82.608963,770,0.0,False,False,False,0.0006531198244312658
1292,1293,4,1,6571,368,13984.178,0.0,82.391571,778,0.0,False,False,False,0.0006533893240400658
1293,1294,4,1,6571,368,13984.178,0.0,81.956787,780,0.0,False,False,False,0.0006536606112557166
1294,1295,4,1,6571,368,13984.178,0.0,81.522003,788,0.0,False,False,False,0.0006539247480439648
1295,1296,4,1,6571,368,13984.178,0.0,81.087219,776,0.0,False,False,False,0.0006541942476527649
1296,1297,4,1,6571,368,13984.202,14.799999,80.761131,1154,0.0,False,False,False,0.0006546569724198478
1297,1298,4,1,6571,368,13984.268,36.860001,80.761131,2078,15.5,False,False,False,0.0006557172876486886
1298,1299,4,1,6571,368,13984.372,36.130001,80.761131,1054,0.0,False,False,False,0.000656086659689853
1299,1300,4,1,6571,368,13984.428,5.67,80.761131,800,0.0,False,False,False,0.0006562897467278084
1300,1301,4,1,6571,368,13984.432,0.0,80.761131,764,0.0,False,False,False,0.0006565589822323687
1301,1302,4,1,6571,368,13984.432,0.0,80.761131,774,0.0,False,False,False,0.0006568213981520198
1302,1303,4,1,6571,368,13984.451,20.52,80.761131,1862,14.900001,False,False,False,0.0006574309973986538
1303,1304,4,1,6571,368,13984.54,41.299999,80.761131,2048,6.3,False,False,False,0.0006589644018035771
1304,1305,4,1,6571,368,13984.65,37.919998,80.761131,1074,0.0,False,False,False,0.0006593801503684134
1305,1306,4,1,6571,368,13984.723,0.0,80.761131,782,0.0,False,False,False,0.0006597131946628716
1306,1307,4,1,6571,368,13984.723,0.0,80.761131,780,0.0,False,False,False,0.000659977392659643
1307,1308,4,1,6571,368,13984.723,0.0,80.761131,764,0.0,False,False,False,0.0006602415191549267
1308,1309,4,1,6571,368,13984.723,0.0,80.761131,764,0.0,False,False,False,0.0006605075046888887
1309,1310,4,1,6571,368,13984.723,0.0,80.761131,774,0.0,False,False,False,0.0006607716311841726
1310,1311,4,1,6571,368,13984.723,0.0,80.761131,774,0.0,False,False,False,0.0006610322541065628
1311,1312,4,1,6571,368,13984.739,28.629999,80.761131,3206,36.400002,False,False,False,0.0006619739579009733
1312,1313,4,1,6571,368,13984.845,39.610001,80.761131,1368,0.0,False,False,False,0.000663001627717167
1313,1314,4,1,6571,368,13984.917,8.76,80.761131,818,0.0,False,False,False,0.0006631879053765298
1314,1315,4,1,6571,368,13984.924,1.87,80.761131,776,0.0,False,False,False,0.0006634570586827155
1315,1316,4,1,6571,368,13984.924,0.0,80.761131,770,0.0,False,False,False,0.000663721252882541
1316,1317,4,1,6571,368,13984.925,0.0,80.761131,770,0.0,False,False,False,0.0006639853281066501
1317,1318,4,1,6571,368,13984.945,18.0,80.761131,1384,0.0,False,False,False,0.0006644336153188076
1318,1319,4,1,6571,368,13984.998,13.27,80.761131,816,0.0,False,False,False,0.0006647584963189614
1319,1320,4,1,6571,368,13985.061,36.59,80.761131,1752,0.0,False,False,False,0.0006661839241227391
1320,1321,4,1,6571,368,13985.122,23.58,80.761131,2042,37.900002,False,False,False,0.0006668858601405022
1321,1322,4,1,6571,368,13985.245,47.09,80.761131,1708,0.0,False,False,False,0.0006691289906618967
1322,1323,4,1,6571,368,13985.292,0.0,80.761131,776,0.0,False,False,False,0.0006693128528991101
1323,1324,4,1,6571,368,13985.292,0.0,80.761131,772,0.0,False,False,False,0.0006695681743238309
1324,1325,4,1,6571,368,13985.293,0.0,80.761131,772,0.0,False,False,False,0.0006698233763585534
1325,1326,4,1,6571,368,13985.355,45.369999,80.761131,2078,17.1,False,False,False,0.0006719618513901585
1326,1327,4,1,6571,368,13985.491,46.829998,80.761131,1478,0.0,False,False,False,0.0006728094988228284
1327,1328,4,1,6571,368,13985.627,48.509998,80.761131,1764,0.0,False,False,False,0.0006738571780029595
1328,1329,4,1,6571,368,13985.689,0.0,80.761131,778,0.0,False,False,False,0.0006740136997398026
1329,1330,4,1,6571,368,13985.711,23.34,80.761131,1796,15.900001,False,False,False,0.000674718094911663
1330,1331,4,1,6571,368,13985.753,2.15,80.761131,758,0.0,False,False,False,0.0006750754803491561
1331,1332,4,1,6571,368,13985.757,0.0,80.761131,780,0.0,False,False,False,0.000675413249833396
1332,1333,4,1,6571,368,13985.757,0.0,80.761131,802,0.0,False,False,False,0.0006756756408937398
1333,1334,4,1,6571,368,13985.757,0.0,80.761131,774,0.0,False,False,False,0.0006759504007969825
1334,1335,4,1,6571,368,13985.757,0.0,80.326347,774,0.0,False,False,False,0.0006762252321964269
1335,1336,4,1,6571,368,13985.757,0.0,79.782867,766,0.0,False,False,False,0.0006764999920996697
1336,1337,4,1,6571,368,13985.757,0.0,79.348083,762,0.0,False,False,False,0.0006767819731192871
1337,1338,4,1,6571,368,13985.766,4.26,78.9133,840,0.0,False,False,False,0.0006774387302969107
1338,1339,4,1,6571,368,13985.777,4.26,78.9133,782,0.0,False,False,False,0.0006777778039930143
1339,1340,2,1,6572,360,13985.777,0.0,89.674202,776,0.0,False,False,False,0.000552865324155808
1340,1341,2,1,6572,360,13985.777,0.0,89.674202,782,0.0,False,False,False,0.0005530842452124603
1341,1342,2,1,6572,360,13985.777,0.0,89.674202,766,0.0,False,False,False,0.0005533030947730131
1342,1343,2,1,6572,360,13985.779,0.82,89.674202,752,3.8,False,False,False,0.0005535742003216037
1343,1344,2,1,6572,360,13985.79,2.35,89.565506,774,0.0,False,False,False,0.0005539650627484934
1344,1345,2,1,6572,360,13985.819,19.1,89.239418,1680,9.3,False,False,False,0.000554625394094254
1345,1346,2,1,6572,360,13985.869,21.24,89.239418,1280,8.6,False,False,False,0.0005552219728375235
1346,1347,2,1,6572,360,13985.929,20.789999,88.91333,1192,6.3,False,False,False,0.000555632405083346
1347,1348,2,1,6572,360,13985.983,15.059999,88.695938,776,0.0,False,False,False,0.0005559657861884869
1348,1349,2,1,6572,360,13986.038,27.76,88.36985,1656,13.3,False,False,False,0.0005568679373002347
1349,1350,2,1,6572,360,13986.092,5.21,88.36985,794,0.0,False,False,False,0.0005571439009624017
1350,1351,2,1,6572,360,13986.093,0.0,88.043762,772,0.0,False,False,False,0.0005574168985649842
1351,1352,2,1,6572,360,13986.094,4.65,87.608978,1140,7.0,False,False,False,0.0005577220686441373
1352,1353,2,1,6572,360,13986.135,25.369999,87.174194,2120,9.1,False,False,False,0.0005586357749460487
1353,1354,2,1,6572,360,13986.203,16.77,87.065498,870,0.0,False,False,False,0.0005590309942595385
1354,1355,2,1,6572,360,13986.215,0.0,87.065498,770,0.0,False,False,False,0.0005592945414794868
1355,1356,2,1,6572,360,13986.215,0.0,86.848106,772,0.0,False,False,False,0.0005595657176929074
1356,1357,2,1,6572,360,13986.215,0.0,86.413322,776,0.0,False,False,False,0.0005598387527467048
1357,1358,2,1,6572,360,13986.215,0.0,85.978539,772,0.0,False,False,False,0.0005601117878005021
1358,1359,2,1,6572,360,13986.251,37.799999,85.652451,2504,33.600002,False,False,False,0.000561633018525227
1359,1360,2,1,6572,360,13986.341,15.65,85.652451,784,0.0,False,False,False,0.0005621217785424692
1360,1361,2,1,6572,360,13986.352,0.0,85.652451,774,0.0,False,False,False,0.0005623925815265105
1361,1362,2,1,6572,360,13986.352,0.0,85.652451,768,0.0,False,False,False,0.000562660180425859
1362,1363,2,1,6572,360,13986.361,4.75,85.652451,794,0.0,False,False,False,0.0005630383744296011
1363,1364,2,1,6572,360,13986.365,5.28,85.652451,1132,11.2,False,False,False,0.0005633506382367229
1364,1365,2,1,6572,360,13986.426,25.449999,85.652451,1228,0.0,False,False,False,0.0005645204485800318
1365,1366,2,1,6572,360,13986.461,6.27,85.652451,846,0.0,False,False,False,0.0005647863468573746
1366,1367,2,1,6572,360,13986.51,13.77,85.652451,836,0.0,False,False,False,0.0005657189878684627
1367,1368,2,1,6572,360,13986.513,0.0,85.652451,762,0.0,False,False,False,0.0005659900369708325
1368,1369,2,1,6572,360,13986.513,0.0,85.326363,768,0.0,False,False,False,0.0005662684996253443
1369,1370,2,1,6572,360,13986.513,0.0,84.891579,780,0.0,False,False,False,0.0005665469622798563
1370,1371,2,1,6572,360,13986.513,0.0,84.456795,782,0.0,False,False,False,0.0005668235661335936
1371,1372,2,1,6572,360,13986.513,0.0,83.913315,1400,13.8,False,False,False,0.0005671163272556028
1372,1373,2,1,6572,360,13986.555,26.0,83.804619,1256,0.0,False,False,False,0.0005682604286453207
1373,1374,2,1,6572,360,13986.587,0.0,83.804619,768,0.0,False,False,False,0.0005685087070414648
1374,1375,2,1,6572,360,13986.587,0.0,83.695923,778,0.0,False,False,False,0.0005687799475349108
1375,1376,2,1,6572,360,13986.59,7.39,83.261139,1850,19.300001,False,False,False,0.000569135069014748
1376,1377,2,1,6572,360,13986.671,15.07,83.043747,796,0.0,False,False,False,0.0005707881605165005
1377,1378,2,1,6572,360,13986.697,21.109999,83.043747,1256,16.300001,False,False,False,0.0005712926152175016
1378,1379,2,1,6572,360,13986.724,0.0,83.043747,768,0.0,False,False,False,0.0005716593349997469
1379,1380,2,1,6572,360,13986.746,22.559999,83.043747,2004,9.7,False,False,False,0.0005722749755393043
1380,1381,2,1,6572,360,13986.816,42.950001,83.043747,3636,39.900002,False,False,False,0.0005736741890227895
1381,1382,2,1,6572,360,13986.925,19.439999,82.935051,758,0.0,False,False,False,0.0005742835338336458
1382,1383,2,1,6572,360,13986.936,0.0,82.935051,776,0.0,False,False,False,0.0005745401608929294
1383,1384,2,1,6572,360,13986.936,0.0,82.935051,768,0.0,False,False,False,0.0005748042456013525
1384,1385,2,1,6572,360,13986.936,0.0,82.608963,772,0.0,False,False,False,0.000575068401799951
1385,1386,2,1,6572,360,13986.936,0.0,82.174179,766,0.0,False,False,False,0.0005753360610171508
1386,1387,2,1,6572,360,13986.959,24.99,81.848091,2222,19.6,False,False,False,0.0005760584514152493
1387,1388,2,1,6572,360,13987.076,42.469997,81.739395,1244,0.0,False,False,False,0.0005776919570640023
1388,1389,2,1,6572,360,13987.157,12.219999,81.739395,764,0.0,False,False,False,0.0005778747693495291
1389,1390,2,1,6572,360,13987.164,0.0,81.739395,772,0.0,False,False,False,0.0005781456379836553
1390,1391,2,1,6572,360,13987.164,0.0,81.739395,774,0.0,False,False,False,0.0005784080026513844
1391,1392,2,1,6572,360,13987.165,1.49,81.739395,840,16.0,False,False,False,0.0005786774033620564
1392,1393,2,1,6572,360,13987.253,43.489998,81.739395,1582,5.8,False,False,False,0.0005804828522904183
1393,1394,2,1,6572,360,13987.348,16.76,81.739395,804,0.0,False,False,False,0.000580722255408573
1394,1395,2,1,6572,360,13987.36,4.29,81.739395,822,0.0,False,False,False,0.0005810039204023917
1395,1396,2,1,6572,360,13987.424,44.5,81.739395,2498,23.700001,False,False,False,0.0005829189907311931
1396,1397,2,1,6572,360,13987.548,37.239998,81.739395,1076,0.0,False,False,False,0.0005835371190776913
1397,1398,2,1,6572,360,13987.591,0.0,81.739395,784,0.0,False,False,False,0.0005837515729782936
1398,1399,2,1,6572,360,13987.591,0.0,81.739395,768,0.0,False,False,False,0.0005840174324919501
1399,1400,2,1,6572,360,13987.592,0.0,81.739395,772,0.0,False,False,False,0.0005842833217238732
1400,1401,2,1,6572,360,13987.592,0.0,81.739395,766,0.0,False,False,False,0.0005845509683890987
1401,1402,2,1,6572,360,13987.592,0.0,81.739395,782,0.0,False,False,False,0.0005848150407131754
1402,1403,2,1,6572,360,13987.592,0.0,81.739395,778,0.0,False,False,False,0.0005850844745489752
1403,1404,2,1,6572,360,13987.593,0.0,81.739395,770,0.0,False,False,False,0.0005853556537101336
1404,1405,2,1,6572,360,13987.631,34.119999,81.739395,2120,26.0,False,False,False,0.0005865284458500621
1405,1406,2,1,6572,360,13987.755,49.489998,81.739395,1800,0.0,False,False,False,0.0005873827942515257
1406,1407,2,1,6572,360,13987.822,0.0,81.739395,792,0.0,False,False,False,0.0005875306727042491
1407,1408,2,1,6572,360,13987.822,0.0,81.739395,760,0.0,False,False,False,0.0005877947406865282
1408,1409,2,1,6572,360,13987.822,0.0,81.739395,770,0.0,False,False,False,0.0005880570930132645
1409,1410,2,1,6572,360,13987.823,0.0,81.739395,766,0.0,False,False,False,0.000588326480362215
1410,1411,2,1,6572,360,13987.827,9.91,81.739395,1960,29.200001,False,False,False,0.0005886603644465687
1411,1412,2,1,6572,360,13987.897,45.91,81.739395,2952,45.400002,False,False,False,0.000590815916365672
1412,1413,2,1,6572,360,13988.048,60.049999,81.739395,2200,37.400002,False,False,False,0.0005925092972731239
1413,1414,2,1,6572,360,13988.233,65.369995,81.739395,1648,0.0,False,False,False,0.0005937415582398263
1414,1415,2,1,6572,360,13988.41,72.860001,81.739395,1840,34.5,False,False,False,0.0005953675673241402
1415,1416,2,1,6572,360,13988.625,86.489998,81.739395,3550,30.300001,False,False,False,0.0005978375403200587
1416,1417,2,1,6572,364,13988.859,79.689995,81.739395,1488,3.8,False,False,False,0.0005984868753859492
1417,1418,2,1,6572,364,13989.072,75.409996,81.739395,1898,0.0,False,False,False,0.0005994175012108587
1418,1419,2,1,6572,364,13989.273,71.779999,81.739395,2172,21.0,False,False,False,0.0006008938496053651
1419,1420,2,1,6572,364,13989.49,78.759995,81.739395,1392,0.0,False,False,False,0.0006023406614064267
1420,1421,2,1,6572,364,13989.68,64.830002,81.739395,2130,12.3,False,False,False,0.0006028227362787226
1421,1422,2,1,6572,364,13989.853,64.479996,81.739395,1610,0.0,False,False,False,0.0006033030294864795
1422,1423,2,1,6572,364,13990.027,58.689999,81.739395,1514,17.800001,False,False,False,0.0006038097131825991
1423,1424,2,1,6572,364,13990.195,63.049999,81.739395,1846,0.0,False,False,False,0.0006049052278951155
1424,1425,2,1,6572,364,13990.362,59.209999,81.739395,1502,4.5,False,False,False,0.0006056162366465823
1425,1426,2,1,6572,364,13990.531,61.66,81.739395,1684,10.6,False,False,False,0.0006065253330747006
1426,1427,2,1,6572,364,13990.705,59.77,81.739395,1508,0.0,False,False,False,0.0006072719514883997
1427,1428,2,1,6572,364,13990.892,70.099998,81.739395,1314,0.0,False,False,False,0.0006095276464398096
1428,1429,2,1,6572,364,13991.07,52.02,81.739395,1310,0.0,False,True,False,0.000609644034085021
1429,1430,2,1,6572,364,13991.143,4.54,81.739395,782,0.0,False,False,False,0.0006098145223358566
1430,1431,2,1,6572,364,13991.167,14.87,81.739395,1186,0.0,False,False,False,0.0006104238178403675
1431,1432,2,1,6572,364,13991.218,33.469997,81.739395,2492,0.0,False,False,False,0.000611581237513595
1432,1433,2,1,6572,364,13991.273,11.49,81.739395,1498,0.0,False,False,False,0.0006118882185903606
1433,1434,2,1,6572,364,13991.279,0.0,81.739395,766,0.0,False,False,False,0.0006121629650180646
1434,1435,2,1,6572,364,13991.279,0.0,81.739395,778,0.0,False,False,False,0.0006124305411577343
1435,1436,2,1,6572,364,13991.279,0.0,81.739395,770,0.0,False,False,False,0.0006126981172974038
1436,1437,2,1,6572,364,13991.279,0.0,81.739395,774,0.0,False,False,False,0.0006129692668363745
1437,1438,2,1,6572,364,13991.34,44.259998,81.739395,2296,0.0,False,False,False,0.000615122274044227
1438,1439,2,1,6572,364,13991.399,0.0,81.739395,776,0.0,False,False,False,0.0006153772487476951
1439,1440,2,1,6572,364,13991.434,28.949999,81.739395,1696,12.7,False,False,False,0.0006162631890920479
1440,1441,2,1,6572,364,13991.505,15.929999,81.739395,868,0.0,False,False,False,0.0006167005121670494
1441,1442,2,1,6572,364,13991.53,29.549999,81.739395,2634,31.6,False,False,False,0.0006178843282808757
1442,1443,2,1,6572,364,13991.627,22.769999,81.739395,770,0.0,False,False,False,0.000618736996276682
1443,1444,2,1,6572,364,13991.64,0.0,81.739395,770,0.0,False,False,False,0.0006189880537196698
1444,1445,2,1,6572,364,13991.64,0.0,81.739395,788,0.0,False,False,False,0.0006192556229560683
1445,1446,2,1,6572,364,13991.64,0.0,81.739395,766,0.0,False,False,False,0.0006195214055389119
1446,1447,2,1,6572,364,13991.64,0.0,81.739395,782,0.0,False,False,False,0.0006197925480824206
1447,1448,2,1,6572,364,13991.64,0.0,81.304611,782,0.0,False,False,False,0.000620060117318819
1448,1449,2,1,6572,364,13991.64,1.94,80.869827,1358,15.2,False,False,False,0.0006203420512497999
1449,1450,2,1,6572,364,13991.709,23.309999,80.543739,1148,0.0,False,False,False,0.0006219268191741856
1450,1451,2,1,6572,364,13991.721,0.0,80.543739,748,0.0,False,False,False,0.0006221832765764428
1451,1452,2,1,6572,364,13991.721,0.0,80.326347,764,0.0,False,False,False,0.0006224508442639569
1452,1453,2,1,6572,364,13991.721,0.0,79.891563,772,0.0,False,False,False,0.0006227219137721676
1453,1454,2,1,6572,364,13991.721,4.87,79.782867,1586,14.900001,False,False,False,0.0006230540150125197
1454,1455,2,1,6572,364,13991.794,26.609999,79.565475,1254,0.0,False,False,False,0.0006246961114413605
1455,1456,2,1,6572,364,13991.825,4.88,79.565475,812,0.0,False,False,False,0.0006250491948552204
1456,1457,2,1,6572,364,13991.826,0.0,79.565475,778,0.0,False,False,False,0.0006253150007010736
1457,1458,2,1,6572,364,13991.834,11.29,79.565475,1454,3.2,False,False,False,0.0006258587073926553
1458,1459,2,1,6572,364,13991.906,32.290001,79.456779,1554,0.0,False,False,False,0.0006275366960944353
1459,1460,2,1,6572,364,13991.959,4.87,79.456779,772,0.0,False,False,False,0.0006278203202053261
1460,1461,2,1,6572,364,13991.965,0.0,79.456779,764,0.0,False,False,False,0.0006281089104417827
1461,1462,2,1,6572,364,13991.973,5.48,79.456779,796,0.0,False,False,False,0.0006284682318760995
1462,1463,2,1,6572,364,13991.989,20.309999,79.456779,2326,14.2,False,False,False,0.0006291936626263338
1463,1464,2,1,6572,364,13992.061,31.959999,79.239388,1462,0.0,False,False,False,0.000630253737906238
1464,1465,2,1,6572,364,13992.157,36.329998,79.130692,1578,0.0,False,False,False,0.0006310570230863557
1465,1466,2,1,6572,364,13992.223,20.869999,79.130692,1148,0.0,False,False,False,0.0006313617670496639
1466,1467,2,1,6572,364,13992.28,20.9,79.130692,1068,0.0,False,False,False,0.0006317637465983671
1467,1468,2,1,6572,364,13992.31,0.0,79.130692,788,0.0,False,False,False,0.0006320034359275969
1468,1469,2,1,6572,364,13992.31,0.0,79.130692,776,0.0,False,False,False,0.0006322744940260738
1469,1470,2,1,6572,364,13992.322,16.49,79.130692,1274,0.0,False,False,False,0.0006327638998087802
1470,1471,2,1,6572,364,13992.384,30.189999,79.130692,1458,9.8,False,False,False,0.0006334804361832706
1471,1472,2,1,6572,364,13992.472,24.269999,79.130692,792,0.0,False,False,False,0.0006340920966576416
1472,1473,2,1,6572,364,13992.529,11.24,79.130692,762,0.0,False,False,False,0.0006343377714084845
1473,1474,2,1,6572,364,13992.571,13.42,79.130692,770,0.0,False,False,False,0.0006348849053611833
1474,1475,2,1,6572,364,13992.588,0.0,79.130692,772,0.0,False,False,False,0.0006351746957249277
1475,1476,2,1,6572,364,13992.588,0.0,79.130692,786,0.0,False,False,False,0.0006354671153674097
1476,1477,2,1,6572,364,13992.59,5.7,79.130692,952,7.0,False,False,False,0.0006357593726842076
1477,1478,2,1,6572,364,13992.624,15.589999,79.130692,1222,0.0,False,False,False,0.0006361712305547154
1478,1479,2,1,6572,364,13992.658,19.559999,79.130692,1800,14.3,False,False,False,0.0006366957803313473
1479,1480,2,1,6572,364,13992.695,0.0,79.130692,782,0.0,False,False,False,0.0006370817714692223
1480,1481,2,1,6572,364,13992.739,21.719999,79.130692,1350,16.200001,False,False,False,0.0006378939181301009
1481,1482,2,1,6572,364,13992.815,27.01,79.130692,1294,0.0,False,False,False,0.000638631495414224
1482,1483,2,1,6572,364,13992.887,20.469999,79.130692,1036,0.0,False,False,False,0.0006389914396193137
1483,1484,2,1,6572,364,13992.91,5.95,79.130692,784,0.0,False,False,False,0.0006392564336915129
1484,1485,2,1,6572,364,13992.931,11.19,79.130692,1482,0.0,False,False,False,0.0006396775144882449
1485,1486,2,1,6572,364,13993.006,36.439999,79.130692,1072,0.0,False,False,False,0.0006410173041229224
1486,1487,2,1,6572,364,13993.097,34.130001,79.130692,2318,28.700001,False,False,False,0.0006415981681418958
1487,1488,2,1,6572,364,13993.209,43.18,79.130692,1594,0.0,False,False,False,0.0006425988778644081
1488,1489,2,1,6572,364,13993.261,2.97,83.478531,778,0.0,False,False,False,0.0006428321581253914
1489,1490,2,1,6572,364,13993.262,0.0,83.478531,776,0.0,False,False,False,0.0006431102976348448
1490,1491,2,1,6572,364,13993.263,0.0,83.478531,772,0.0,False,False,False,0.0006433866506582018
1491,1492,2,1,6572,364,13993.263,0.0,83.478531,780,0.0,False,False,False,0.0006436577617556566
1492,1493,2,1,6572,364,13993.268,6.16,83.478531,792,0.0,False,False,False,0.0006439650148189243
1493,1494,2,1,6572,364,13993.276,2.08,83.478531,780,0.0,False,False,False,0.0006442569804968832
1494,1495,2,1,6572,364,13993.319,30.92,83.478531,1458,0.0,False,False,False,0.0006452549066517635
1495,1496,2,1,6572,364,13993.394,11.099999,83.478531,800,0.0,False,False,False,0.0006454889007698369
1496,1497,2,1,6572,364,13993.403,10.15,83.478531,1388,10.900001,False,False,False,0.0006458384827134105
1497,1498,2,1,6572,364,13993.447,18.32,83.478531,1926,26.6,False,False,False,0.0006464054635385021
1498,1499,2,1,6572,364,13993.492,14.88,83.478531,818,0.0,False,False,False,0.0006468807870982384
1499,1500,2,1,6572,364,13993.543,14.679999,83.478531,840,0.0,False,False,False,0.000647450938555121
1500,1501,2,1,6572,364,13993.564,9.82,83.478531,1202,0.0,False,False,False,0.0006477733068354256
1501,1502,2,1,6572,364,13993.597,13.389999,83.478531,1886,16.800001,False,False,False,0.000648127630970724
1502,1503,2,1,6572,364,13993.63,3.23,83.478531,764,0.0,False,False,False,0.0006484783091800213
1503,1504,2,1,6572,364,13993.63,0.0,83.478531,782,0.0,False,False,False,0.0006487547009102777
1504,1505,2,1,6572,364,13993.642,8.62,83.478531,1068,0.0,False,False,False,0.0006491242148245021
1505,1506,2,1,6572,364,13993.678,0.75,83.478531,808,0.0,False,False,False,0.0006495553523989619
1506,1507,2,1,6572,368,13993.69,18.18,83.478531,1460,0.0,False,False,False,0.0006501110063888518
1507,1508,2,1,6572,368,13993.709,0.0,83.478531,768,0.0,False,False,False,0.0006503493570320039
1508,1509,2,1,6572,368,13993.709,0.0,83.478531,772,0.0,False,False,False,0.0006506151003211285
1509,1510,2,1,6572,368,13993.709,0.0,83.152443,780,0.0,False,False,False,0.0006508826299996662
1510,1511,2,1,6572,368,13993.709,0.0,82.935051,780,0.0,False,False,False,0.0006511430855761273
1511,1512,2,1,6572,368,13993.71,2.63,82.935051,774,4.0,False,False,False,0.0006514052809954619
1512,1513,2,1,6572,368,13993.748,25.699999,82.608963,1430,0.0,False,False,False,0.0006521450761385629
1513,1514,2,1,6572,368,13993.777,0.0,82.608963,768,0.0,False,False,False,0.0006524061083645706
1514,1515,2,1,6572,368,13993.777,0.0,82.608963,770,0.0,False,False,False,0.0006526718503624603
1515,1516,2,1,6572,368,13993.777,0.0,82.391571,778,0.0,False,False,False,0.0006529411651218165
1516,1517,2,1,6572,368,13993.777,0.0,81.956787,780,0.0,False,False,False,0.0006532122662619061
1517,1518,2,1,6572,368,13993.777,0.0,81.522003,788,0.0,False,False,False,0.0006534762218790624
1518,1519,2,1,6572,368,13993.777,0.0,81.087219,776,0.0,False,False,False,0.0006537455366384188
1519,1520,2,1,6572,368,13993.801,14.799999,80.761131,1154,0.0,False,False,False,0.0006542079447932128
1520,1521,2,1,6572,368,13993.867,36.860001,80.761131,2078,15.5,False,False,False,0.0006552675348754654
1521,1522,2,1,6572,368,13993.971,36.130001,80.761131,1054,0.0,False,False,False,0.0006556366569105431
1522,1523,2,1,6572,368,13994.027,5.67,80.761131,800,0.0,False,False,False,0.0006558396064544927
1523,1524,2,1,6572,368,13994.031,0.0,80.761131,764,0.0,False,False,False,0.0006561086574227667
1524,1525,2,1,6572,368,13994.031,0.0,80.761131,774,0.0,False,False,False,0.0006563708933549343
1525,1526,2,1,6572,368,13994.05,20.52,80.761131,1862,14.900001,False,False,False,0.000656980075097981
1526,1527,2,1,6572,368,13994.139,41.299999,80.761131,2048,6.3,False,False,False,0.0006585124306375236
1527,1528,2,1,6572,368,13994.249,37.919998,80.761131,1074,0.0,False,False,False,0.0006589278976029651
1528,1529,2,1,6572,368,13994.322,0.0,80.761131,782,0.0,False,False,False,0.0006592607158306183
1529,1530,2,1,6572,368,13994.322,0.0,80.761131,780,0.0,False,False,False,0.0006595247326213716
1530,1531,2,1,6572,368,13994.322,0.0,80.761131,764,0.0,False,False,False,0.0006597886779596782
1531,1532,2,1,6572,368,13994.322,0.0,80.761131,764,0.0,False,False,False,0.0006600544810616004
1532,1533,2,1,6572,368,13994.322,0.0,80.761131,774,0.0,False,False,False,0.000660318426399907
1533,1534,2,1,6572,368,13994.322,0.0,80.761131,774,0.0,False,False,False,0.0006605788705683227
1534,1535,2,1,6572,368,13994.338,28.629999,80.761131,3206,36.400002,False,False,False,0.0006615199289934977
1535,1536,2,1,6572,368,13994.444,39.610001,80.761131,1368,0.0,False,False,False,0.0006625468974046126
1536,1537,2,1,6572,368,13994.516,8.76,80.761131,818,0.0,False,False,False,0.0006627330496424712
1537,1538,2,1,6572,368,13994.523,1.87,80.761131,776,0.0,False,False,False,0.0006630020185740826
1538,1539,2,1,6572,368,13994.523,0.0,80.761131,770,0.0,False,False,False,0.0006632660315730967
1539,1540,2,1,6572,368,13994.524,0.0,80.761131,770,0.0,False,False,False,0.0006635299257105343
1540,1541,2,1,6572,368,13994.544,18.0,80.761131,1384,0.0,False,False,False,0.0006639779061106878
1541,1542,2,1,6572,368,13994.597,13.27,80.761131,816,0.0,False,False,False,0.0006643025660141544
1542,1543,2,1,6572,368,13994.66,36.59,80.761131,1752,0.0,False,False,False,0.0006657270182327951
1543,1544,2,1,6572,368,13994.721,23.58,80.761131,2042,37.900002,False,False,False,0.0006664284748174103
1544,1545,2,1,6572,368,13994.844,47.09,80.761131,1708,0.0,False,False,False,0.0006686700709153374
1545,1546,2,1,6572,368,13994.891,0.0,80.761131,776,0.0,False,False,False,0.000668853808592822
1546,1547,2,1,6572,368,13994.891,0.0,80.761131,772,0.0,False,False,False,0.0006691089549068366
1547,1548,2,1,6572,368,13994.892,0.0,80.761131,772,0.0,False,False,False,0.0006693639819455596
1548,1549,2,1,6572,368,13994.954,45.369999,80.761131,2078,17.1,False,False,False,0.0006715009923582201
1549,1550,2,1,6572,368,13995.09,46.829998,80.761131,1478,0.0,False,False,False,0.0006723480629232879
1550,1551,2,1,6572,368,13995.226,48.509998,80.761131,1764,0.0,False,False,False,0.0006733950280597069
1551,1552,2,1,6572,368,13995.288,0.0,80.761131,778,0.0,False,False,False,0.0006735514444972838
1552,1553,2,1,6572,368,13995.31,23.34,80.761131,1796,15.900001,False,False,False,0.0006742553573048897
1553,1554,2,1,6572,368,13995.352,2.15,80.761131,758,0.0,False,False,False,0.0006746124990283182
1554,1555,2,1,6572,368,13995.356,0.0,80.761131,780,0.0,False,False,False,0.0006749500369953436
1555,1556,2,1,6572,368,13995.356,0.0,80.761131,802,0.0,False,False,False,0.0006752122481022919
1556,1557,2,1,6572,368,13995.356,0.0,80.761131,774,0.0,False,False,False,0.0006754868195693222
1557,1558,2,1,6572,368,13995.356,0.0,80.326347,774,0.0,False,False,False,0.0006757614624835206
1558,1559,2,1,6572,368,13995.356,0.0,79.782867,766,0.0,False,False,False,0.0006760360339505511
1559,1560,2,1,6572,368,13995.356,0.0,79.348083,762,0.0,False,False,False,0.0006763178215815602
1560,1561,2,1,6572,368,13995.365,4.26,78.9133,840,0.0,False,False,False,0.000676974128639829
1561,1562,2,1,6572,368,13995.376,4.26,78.9133,782,0.0,False,False,False,0.0006773129701574178
1562,1563,3,1,6572,360,13985.777,0.0,89.674202,776,0.0,False,False,False,0.000552865324155808
1563,1564,3,1,6572,360,13985.777,0.0,89.674202,782,0.0,False,False,False,0.0005530842452124603
1564,1565,3,1,6572,360,13985.777,0.0,89.674202,766,0.0,False,False,False,0.0005533030947730131
1565,1566,3,1,6572,360,13985.779,0.82,89.674202,752,3.8,False,False,False,0.0005535742003216037
1566,1567,3,1,6572,360,13985.79,2.35,89.565506,774,0.0,False,False,False,0.0005539650627484934
1567,1568,3,1,6572,360,13985.819,19.1,89.239418,1680,9.3,False,False,False,0.000554625394094254
1568,1569,3,1,6572,360,13985.869,21.24,89.239418,1280,8.6,False,False,False,0.0005552219728375235
1569,1570,3,1,6572,360,13985.929,20.789999,88.91333,1192,6.3,False,False,False,0.000555632405083346
1570,1571,3,1,6572,360,13985.983,15.059999,88.695938,776,0.0,False,False,False,0.0005559657861884869
1571,1572,3,1,6572,360,13986.038,27.76,88.36985,1656,13.3,False,False,False,0.0005568679373002347
1572,1573,3,1,6572,360,13986.092,5.21,88.36985,794,0.0,False,False,False,0.0005571439009624017
1573,1574,3,1,6572,360,13986.093,0.0,88.043762,772,0.0,False,False,False,0.0005574168985649842
1574,1575,3,1,6572,360,13986.094,4.65,87.608978,1140,7.0,False,False,False,0.0005577220686441373
1575,1576,3,1,6572,360,13986.135,25.369999,87.174194,2120,9.1,False,False,False,0.0005586357749460487
1576,1577,3,1,6572,360,13986.203,16.77,87.065498,870,0.0,False,False,False,0.0005590309942595385
1577,1578,3,1,6572,360,13986.215,0.0,87.065498,770,0.0,False,False,False,0.0005592945414794868
1578,1579,3,1,6572,360,13986.215,0.0,86.848106,772,0.0,False,False,False,0.0005595657176929074
1579,1580,3,1,6572,360,13986.215,0.0,86.413322,776,0.0,False,False,False,0.0005598387527467048
1580,1581,3,1,6572,360,13986.215,0.0,85.978539,772,0.0,False,False,False,0.0005601117878005021
1581,1582,3,1,6572,360,13986.251,37.799999,85.652451,2504,33.600002,False,False,False,0.000561633018525227
1582,1583,3,1,6572,360,13986.341,15.65,85.652451,784,0.0,False,False,False,0.0005621217785424692
1583,1584,3,1,6572,360,13986.352,0.0,85.652451,774,0.0,False,False,False,0.0005623925815265105
1584,1585,3,1,6572,360,13986.352,0.0,85.652451,768,0.0,False,False,False,0.000562660180425859
1585,1586,3,1,6572,360,13986.361,4.75,85.652451,794,0.0,False,False,False,0.0005630383744296011
1586,1587,3,1,6572,360,13986.365,5.28,85.652451,1132,11.2,False,False,False,0.0005633506382367229
1587,1588,3,1,6572,360,13986.426,25.449999,85.652451,1228,0.0,False,False,False,0.0005645204485800318
1588,1589,3,1,6572,360,13986.461,6.27,85.652451,846,0.0,False,False,False,0.0005647863468573746
1589,1590,3,1,6572,360,13986.51,13.77,85.652451,836,0.0,False,False,False,0.0005657189878684627
1590,1591,3,1,6572,360,13986.513,0.0,85.652451,762,0.0,False,False,False,0.0005659900369708325
1591,1592,3,1,6572,360,13986.513,0.0,85.326363,768,0.0,False,False,False,0.0005662684996253443
1592,1593,3,1,6572,360,13986.513,0.0,84.891579,780,0.0,False,False,False,0.0005665469622798563
1593,1594,3,1,6572,360,13986.513,0.0,84.456795,782,0.0,False,False,False,0.0005668235661335936
1594,1595,3,1,6572,360,13986.513,0.0,83.913315,1400,13.8,False,False,False,0.0005671163272556028
1595,1596,3,1,6572,360,13986.555,26.0,83.804619,1256,0.0,False,False,False,0.0005682604286453207
1596,1597,3,1,6572,360,13986.587,0.0,83.804619,768,0.0,False,False,False,0.0005685087070414648
1597,1598,3,1,6572,360,13986.587,0.0,83.695923,778,0.0,False,False,False,0.0005687799475349108
1598,1599,3,1,6572,360,13986.59,7.39,83.261139,1850,19.300001,False,False,False,0.000569135069014748
1599,1600,3,1,6572,360,13986.671,15.07,83.043747,796,0.0,False,False,False,0.0005707881605165005
1600,1601,3,1,6572,360,13986.697,21.109999,83.043747,1256,16.300001,False,False,False,0.0005712926152175016
1601,1602,3,1,6572,360,13986.724,0.0,83.043747,768,0.0,False,False,False,0.0005716593349997469
1602,1603,3,1,6572,360,13986.746,22.559999,83.043747,2004,9.7,False,False,False,0.0005722749755393043
1603,1604,3,1,6572,360,13986.816,42.950001,83.043747,3636,39.900002,False,False,False,0.0005736741890227895
1604,1605,3,1,6572,360,13986.925,19.439999,82.935051,758,0.0,False,False,False,0.0005742835338336458
1605,1606,3,1,6572,360,13986.936,0.0,82.935051,776,0.0,False,False,False,0.0005745401608929294
1606,1607,3,1,6572,360,13986.936,0.0,82.935051,768,0.0,False,False,False,0.0005748042456013525
1607,1608,3,1,6572,360,13986.936,0.0,82.608963,772,0.0,False,False,False,0.000575068401799951
1608,1609,3,1,6572,360,13986.936,0.0,82.174179,766,0.0,False,False,False,0.0005753360610171508
1609,1610,3,1,6572,360,13986.959,24.99,81.848091,2222,19.6,False,False,False,0.0005760584514152493
1610,1611,3,1,6572,360,13987.076,42.469997,81.739395,1244,0.0,False,False,False,0.0005776919570640023
1611,1612,3,1,6572,360,13987.157,12.219999,81.739395,764,0.0,False,False,False,0.0005778747693495291
1612,1613,3,1,6572,360,13987.164,0.0,81.739395,772,0.0,False,False,False,0.0005781456379836553
1613,1614,3,1,6572,360,13987.164,0.0,81.739395,774,0.0,False,False,False,0.0005784080026513844
1614,1615,3,1,6572,360,13987.165,1.49,81.739395,840,16.0,False,False,False,0.0005786774033620564
1615,1616,3,1,6572,360,13987.253,43.489998,81.739395,1582,5.8,False,False,False,0.0005804828522904183
1616,1617,3,1,6572,360,13987.348,16.76,81.739395,804,0.0,False,False,False,0.000580722255408573
1617,1618,3,1,6572,360,13987.36,4.29,81.739395,822,0.0,False,False,False,0.0005810039204023917
1618,1619,3,1,6572,360,13987.424,44.5,81.739395,2498,23.700001,False,False,False,0.0005829189907311931
1619,1620,3,1,6572,360,13987.548,37.239998,81.739395,1076,0.0,False,False,False,0.0005835371190776913
1620,1621,3,1,6572,360,13987.591,0.0,81.739395,784,0.0,False,False,False,0.0005837515729782936
1621,1622,3,1,6572,360,13987.591,0.0,81.739395,768,0.0,False,False,False,0.0005840174324919501
1622,1623,3,1,6572,360,13987.592,0.0,81.739395,772,0.0,False,False,False,0.0005842833217238732
1623,1624,3,1,6572,360,13987.592,0.0,81.739395,766,0.0,False,False,False,0.0005845509683890987
1624,1625,3,1,6572,360,13987.592,0.0,81.739395,782,0.0,False,False,False,0.0005848150407131754
1625,1626,3,1,6572,360,13987.592,0.0,81.739395,778,0.0,False,False,False,0.0005850844745489752
1626,1627,3,1,6572,360,13987.593,0.0,81.739395,770,0.0,False,False,False,0.0005853556537101336
1627,1628,3,1,6572,360,13987.631,34.119999,81.739395,2120,26.0,False,False,False,0.0005865284458500621
1628,1629,3,1,6572,360,13987.755,49.489998,81.739395,1800,0.0,False,False,False,0.0005873827942515257
1629,1630,3,1,6572,360,13987.822,0.0,81.739395,792,0.0,False,False,False,0.0005875306727042491
1630,1631,3,1,6572,360,13987.822,0.0,81.739395,760,0.0,False,False,False,0.0005877947406865282
1631,1632,3,1,6572,360,13987.822,0.0,81.739395,770,0.0,False,False,False,0.0005880570930132645
1632,1633,3,1,6572,360,13987.823,0.0,81.739395,766,0.0,False,False,False,0.000588326480362215
1633,1634,3,1,6572,360,13987.827,9.91,81.739395,1960,29.200001,False,False,False,0.0005886603644465687
1634,1635,3,1,6572,360,13987.897,45.91,81.739395,2952,45.400002,False,False,False,0.000590815916365672
1635,1636,3,1,6572,360,13988.048,60.049999,81.739395,2200,37.400002,False,False,False,0.0005925092972731239
1636,1637,3,1,6572,360,13988.233,65.369995,81.739395,1648,0.0,False,False,False,0.0005937415582398263
1637,1638,3,1,6572,360,13988.41,72.860001,81.739395,1840,34.5,False,False,False,0.0005953675673241402
1638,1639,3,1,6572,360,13988.625,86.489998,81.739395,3550,30.300001,False,False,False,0.0005978375403200587
1639,1640,3,1,6572,364,13988.859,79.689995,81.739395,1488,3.8,False,False,False,0.0005984868753859492
1640,1641,3,1,6572,364,13989.072,75.409996,81.739395,1898,0.0,False,False,False,0.0005994175012108587
1641,1642,3,1,6572,364,13989.273,71.779999,81.739395,2172,21.0,False,False,False,0.0006008938496053651
1642,1643,3,1,6572,364,13989.49,78.759995,81.739395,1392,0.0,False,False,False,0.0006023406614064267
1643,1644,3,1,6572,364,13989.68,64.830002,81.739395,2130,12.3,False,False,False,0.0006028227362787226
1644,1645,3,1,6572,364,13989.853,64.479996,81.739395,1610,0.0,False,False,False,0.0006033030294864795
1645,1646,3,1,6572,364,13990.027,58.689999,81.739395,1514,17.800001,False,False,False,0.0006038097131825991
1646,1647,3,1,6572,364,13990.195,63.049999,81.739395,1846,0.0,False,False,False,0.0006049052278951155
1647,1648,3,1,6572,364,13990.362,59.209999,81.739395,1502,4.5,False,False,False,0.0006056162366465823
1648,1649,3,1,6572,364,13990.531,61.66,81.739395,1684,10.6,False,False,False,0.0006065253330747006
1649,1650,3,1,6572,364,13990.705,59.77,81.739395,1508,0.0,False,False,False,0.0006072719514883997
1650,1651,3,1,6572,364,13990.892,70.099998,81.739395,1314,0.0,False,False,False,0.0006095276464398096
1651,1652,3,1,6572,364,13991.07,52.02,81.739395,1310,0.0,False,True,False,0.000609644034085021
1652,1653,3,1,6572,364,13991.143,4.54,81.739395,782,0.0,False,False,False,0.0006098145223358566
1653,1654,3,1,6572,364,13991.167,14.87,81.739395,1186,0.0,False,False,False,0.0006104238178403675
1654,1655,3,1,6572,364,13991.218,33.469997,81.739395,2492,0.0,False,False,False,0.000611581237513595
1655,1656,3,1,6572,364,13991.273,11.49,81.739395,1498,0.0,False,False,False,0.0006118882185903606
1656,1657,3,1,6572,364,13991.279,0.0,81.739395,766,0.0,False,False,False,0.0006121629650180646
1657,1658,3,1,6572,364,13991.279,0.0,81.739395,778,0.0,False,False,False,0.0006124305411577343
1658,1659,3,1,6572,364,13991.279,0.0,81.739395,770,0.0,False,False,False,0.0006126981172974038
1659,1660,3,1,6572,364,13991.279,0.0,81.739395,774,0.0,False,False,False,0.0006129692668363745
1660,1661,3,1,6572,364,13991.34,44.259998,81.739395,2296,0.0,False,False,False,0.000615122274044227
1661,1662,3,1,6572,364,13991.399,0.0,81.739395,776,0.0,False,False,False,0.0006153772487476951
1662,1663,3,1,6572,364,13991.434,28.949999,81.739395,1696,12.7,False,False,False,0.0006162631890920479
1663,1664,3,1,6572,364,13991.505,15.929999,81.739395,868,0.0,False,False,False,0.0006167005121670494
1664,1665,3,1,6572,364,13991.53,29.549999,81.739395,2634,31.6,False,False,False,0.0006178843282808757
1665,1666,3,1,6572,364,13991.627,22.769999,81.739395,770,0.0,False,False,False,0.000618736996276682
1666,1667,3,1,6572,364,13991.64,0.0,81.739395,770,0.0,False,False,False,0.0006189880537196698
1667,1668,3,1,6572,364,13991.64,0.0,81.739395,788,0.0,False,False,False,0.0006192556229560683
1668,1669,3,1,6572,364,13991.64,0.0,81.739395,766,0.0,False,False,False,0.0006195214055389119
1669,1670,3,1,6572,364,13991.64,0.0,81.739395,782,0.0,False,False,False,0.0006197925480824206
1670,1671,3,1,6572,364,13991.64,0.0,81.304611,782,0.0,False,False,False,0.000620060117318819
1671,1672,3,1,6572,364,13991.64,1.94,80.869827,1358,15.2,False,False,False,0.0006203420512497999
1672,1673,3,1,6572,364,13991.709,23.309999,80.543739,1148,0.0,False,False,False,0.0006219268191741856
1673,1674,3,1,6572,364,13991.721,0.0,80.543739,748,0.0,False,False,False,0.0006221832765764428
1674,1675,3,1,6572,364,13991.721,0.0,80.326347,764,0.0,False,False,False,0.0006224508442639569
1675,1676,3,1,6572,364,13991.721,0.0,79.891563,772,0.0,False,False,False,0.0006227219137721676
1676,1677,3,1,6572,364,13991.721,4.87,79.782867,1586,14.900001,False,False,False,0.0006230540150125197
1677,1678,3,1,6572,364,13991.794,26.609999,79.565475,1254,0.0,False,False,False,0.0006246961114413605
1678,1679,3,1,6572,364,13991.825,4.88,79.565475,812,0.0,False,False,False,0.0006250491948552204
1679,1680,3,1,6572,364,13991.826,0.0,79.565475,778,0.0,False,False,False,0.0006253150007010736
1680,1681,3,1,6572,364,13991.834,11.29,79.565475,1454,3.2,False,False,False,0.0006258587073926553
1681,1682,3,1,6572,364,13991.906,32.290001,79.456779,1554,0.0,False,False,False,0.0006275366960944353
1682,1683,3,1,6572,364,13991.959,4.87,79.456779,772,0.0,False,False,False,0.0006278203202053261
1683,1684,3,1,6572,364,13991.965,0.0,79.456779,764,0.0,False,False,False,0.0006281089104417827
1684,1685,3,1,6572,364,13991.973,5.48,79.456779,796,0.0,False,False,False,0.0006284682318760995
1685,1686,3,1,6572,364,13991.989,20.309999,79.456779,2326,14.2,False,False,False,0.0006291936626263338
1686,1687,3,1,6572,364,13992.061,31.959999,79.239388,1462,0.0,False,False,False,0.000630253737906238
1687,1688,3,1,6572,364,13992.157,36.329998,79.130692,1578,0.0,False,False,False,0.0006310570230863557
1688,1689,3,1,6572,364,13992.223,20.869999,79.130692,1148,0.0,False,False,False,0.0006313617670496639
1689,1690,3,1,6572,364,13992.28,20.9,79.130692,1068,0.0,False,False,False,0.0006317637465983671
1690,1691,3,1,6572,364,13992.31,0.0,79.130692,788,0.0,False,False,False,0.0006320034359275969
1691,1692,3,1,6572,364,13992.31,0.0,79.130692,776,0.0,False,False,False,0.0006322744940260738
1692,1693,3,1,6572,364,13992.322,16.49,79.130692,1274,0.0,False,False,False,0.0006327638998087802
1693,1694,3,1,6572,364,13992.384,30.189999,79.130692,1458,9.8,False,False,False,0.0006334804361832706
1694,1695,3,1,6572,364,13992.472,24.269999,79.130692,792,0.0,False,False,False,0.0006340920966576416
1695,1696,3,1,6572,364,13992.529,11.24,79.130692,762,0.0,False,False,False,0.0006343377714084845
1696,1697,3,1,6572,364,13992.571,13.42,79.130692,770,0.0,False,False,False,0.0006348849053611833
1697,1698,3,1,6572,364,13992.588,0.0,79.130692,772,0.0,False,False,False,0.0006351746957249277
1698,1699,3,1,6572,364,13992.588,0.0,79.130692,786,0.0,False,False,False,0.0006354671153674097
1699,1700,3,1,6572,364,13992.59,5.7,79.130692,952,7.0,False,False,False,0.0006357593726842076
1700,1701,3,1,6572,364,13992.624,15.589999,79.130692,1222,0.0,False,False,False,0.0006361712305547154
1701,1702,3,1,6572,364,13992.658,19.559999,79.130692,1800,14.3,False,False,False,0.0006366957803313473
1702,1703,3,1,6572,364,13992.695,0.0,79.130692,782,0.0,False,False,False,0.0006370817714692223
1703,1704,3,1,6572,364,13992.739,21.719999,79.130692,1350,16.200001,False,False,False,0.0006378939181301009
1704,1705,3,1,6572,364,13992.815,27.01,79.130692,1294,0.0,False,False,False,0.000638631495414224
1705,1706,3,1,6572,364,13992.887,20.469999,79.130692,1036,0.0,False,False,False,0.0006389914396193137
1706,1707,3,1,6572,364,13992.91,5.95,79.130692,784,0.0,False,False,False,0.0006392564336915129
1707,1708,3,1,6572,364,13992.931,11.19,79.130692,1482,0.0,False,False,False,0.0006396775144882449
1708,1709,3,1,6572,364,13993.006,36.439999,79.130692,1072,0.0,False,False,False,0.0006410173041229224
1709,1710,3,1,6572,364,13993.097,34.130001,79.130692,2318,28.700001,False,False,False,0.0006415981681418958
1710,1711,3,1,6572,364,13993.209,43.18,79.130692,1594,0.0,False,False,False,0.0006425988778644081
1711,1712,3,1,6572,364,13993.261,2.97,83.478531,778,0.0,False,False,False,0.0006428321581253914
1712,1713,3,1,6572,364,13993.262,0.0,83.478531,776,0.0,False,False,False,0.0006431102976348448
1713,1714,3,1,6572,364,13993.263,0.0,83.478531,772,0.0,False,False,False,0.0006433866506582018
1714,1715,3,1,6572,364,13993.263,0.0,83.478531,780,0.0,False,False,False,0.0006436577617556566
1715,1716,3,1,6572,364,13993.268,6.16,83.478531,792,0.0,False,False,False,0.0006439650148189243
1716,1717,3,1,6572,364,13993.276,2.08,83.478531,780,0.0,False,False,False,0.0006442569804968832
1717,1718,3,1,6572,364,13993.319,30.92,83.478531,1458,0.0,False,False,False,0.0006452549066517635
1718,1719,3,1,6572,364,13993.394,11.099999,83.478531,800,0.0,False,False,False,0.0006454889007698369
1719,1720,3,1,6572,364,13993.403,10.15,83.478531,1388,10.900001,False,False,False,0.0006458384827134105
1720,1721,3,1,6572,364,13993.447,18.32,83.478531,1926,26.6,False,False,False,0.0006464054635385021
1721,1722,3,1,6572,364,13993.492,14.88,83.478531,818,0.0,False,False,False,0.0006468807870982384
1722,1723,3,1,6572,364,13993.543,14.679999,83.478531,840,0.0,False,False,False,0.000647450938555121
1723,1724,3,1,6572,364,13993.564,9.82,83.478531,1202,0.0,False,False,False,0.0006477733068354256
1724,1725,3,1,6572,364,13993.597,13.389999,83.478531,1886,16.800001,False,False,False,0.000648127630970724
1725,1726,3,1,6572,364,13993.63,3.23,83.478531,764,0.0,False,False,False,0.0006484783091800213
1726,1727,3,1,6572,364,13993.63,0.0,83.478531,782,0.0,False,False,False,0.0006487547009102777
1727,1728,3,1,6572,364,13993.642,8.62,83.478531,1068,0.0,False,False,False,0.0006491242148245021
1728,1729,3,1,6572,364,13993.678,0.75,83.478531,808,0.0,False,False,False,0.0006495553523989619
1729,1730,3,1,6572,368,13993.69,18.18,83.478531,1460,0.0,False,False,False,0.0006501110063888518
1730,1731,3,1,6572,368,13993.709,0.0,83.478531,768,0.0,False,False,False,0.0006503493570320039
1731,1732,3,1,6572,368,13993.709,0.0,83.478531,772,0.0,False,False,False,0.0006506151003211285
1732,1733,3,1,6572,368,13993.709,0.0,83.152443,780,0.0,False,False,False,0.0006508826299996662
1733,1734,3,1,6572,368,13993.709,0.0,82.935051,780,0.0,False,False,False,0.0006511430855761273
1734,1735,3,1,6572,368,13993.71,2.63,82.935051,774,4.0,False,False,False,0.0006514052809954619
1735,1736,3,1,6572,368,13993.748,25.699999,82.608963,1430,0.0,False,False,False,0.0006521450761385629
1736,1737,3,1,6572,368,13993.777,0.0,82.608963,768,0.0,False,False,False,0.0006524061083645706
1737,1738,3,1,6572,368,13993.777,0.0,82.608963,770,0.0,False,False,False,0.0006526718503624603
1738,1739,3,1,6572,368,13993.777,0.0,82.391571,778,0.0,False,False,False,0.0006529411651218165
1739,1740,3,1,6572,368,13993.777,0.0,81.956787,780,0.0,False,False,False,0.0006532122662619061
1740,1741,3,1,6572,368,13993.777,0.0,81.522003,788,0.0,False,False,False,0.0006534762218790624
1741,1742,3,1,6572,368,13993.777,0.0,81.087219,776,0.0,False,False,False,0.0006537455366384188
1742,1743,3,1,6572,368,13993.801,14.799999,80.761131,1154,0.0,False,False,False,0.0006542079447932128
1743,1744,3,1,6572,368,13993.867,36.860001,80.761131,2078,15.5,False,False,False,0.0006552675348754654
1744,1745,3,1,6572,368,13993.971,36.130001,80.761131,1054,0.0,False,False,False,0.0006556366569105431
1745,1746,3,1,6572,368,13994.027,5.67,80.761131,800,0.0,False,False,False,0.0006558396064544927
1746,1747,3,1,6572,368,13994.031,0.0,80.761131,764,0.0,False,False,False,0.0006561086574227667
1747,1748,3,1,6572,368,13994.031,0.0,80.761131,774,0.0,False,False,False,0.0006563708933549343
1748,1749,3,1,6572,368,13994.05,20.52,80.761131,1862,14.900001,False,False,False,0.000656980075097981
1749,1750,3,1,6572,368,13994.139,41.299999,80.761131,2048,6.3,False,False,False,0.0006585124306375236
1750,1751,3,1,6572,368,13994.249,37.919998,80.761131,1074,0.0,False,False,False,0.0006589278976029651
1751,1752,3,1,6572,368,13994.322,0.0,80.761131,782,0.0,False,False,False,0.0006592607158306183
1752,1753,3,1,6572,368,13994.322,0.0,80.761131,780,0.0,False,False,False,0.0006595247326213716
1753,1754,3,1,6572,368,13994.322,0.0,80.761131,764,0.0,False,False,False,0.0006597886779596782
1754,1755,3,1,6572,368,13994.322,0.0,80.761131,764,0.0,False,False,False,0.0006600544810616004
1755,1756,3,1,6572,368,13994.322,0.0,80.761131,774,0.0,False,False,False,0.000660318426399907
1756,1757,3,1,6572,368,13994.322,0.0,80.761131,774,0.0,False,False,False,0.0006605788705683227
1757,1758,3,1,6572,368,13994.338,28.629999,80.761131,3206,36.400002,False,False,False,0.0006615199289934977
1758,1759,3,1,6572,368,13994.444,39.610001,80.761131,1368,0.0,False,False,False,0.0006625468974046126
1759,1760,3,1,6572,368,13994.516,8.76,80.761131,818,0.0,False,False,False,0.0006627330496424712
1760,1761,3,1,6572,368,13994.523,1.87,80.761131,776,0.0,False,False,False,0.0006630020185740826
1761,1762,3,1,6572,368,13994.523,0.0,80.761131,770,0.0,False,False,False,0.0006632660315730967
1762,1763,3,1,6572,368,13994.524,0.0,80.761131,770,0.0,False,False,False,0.0006635299257105343
1763,1764,3,1,6572,368,13994.544,18.0,80.761131,1384,0.0,False,False,False,0.0006639779061106878
1764,1765,3,1,6572,368,13994.597,13.27,80.761131,816,0.0,False,False,False,0.0006643025660141544
1765,1766,3,1,6572,368,13994.66,36.59,80.761131,1752,0.0,False,False,False,0.0006657270182327951
1766,1767,3,1,6572,368,13994.721,23.58,80.761131,2042,37.900002,False,False,False,0.0006664284748174103
1767,1768,3,1,6572,368,13994.844,47.09,80.761131,1708,0.0,False,False,False,0.0006686700709153374
1768,1769,3,1,6572,368,13994.891,0.0,80.761131,776,0.0,False,False,False,0.000668853808592822
1769,1770,3,1,6572,368,13994.891,0.0,80.761131,772,0.0,False,False,False,0.0006691089549068366
1770,1771,3,1,6572,368,13994.892,0.0,80.761131,772,0.0,False,False,False,0.0006693639819455596
1771,1772,3,1,6572,368,13994.954,45.369999,80.761131,2078,17.1,False,False,False,0.0006715009923582201
1772,1773,3,1,6572,368,13995.09,46.829998,80.761131,1478,0.0,False,False,False,0.0006723480629232879
1773,1774,3,1,6572,368,13995.226,48.509998,80.761131,1764,0.0,False,False,False,0.0006733950280597069
1774,1775,3,1,6572,368,13995.288,0.0,80.761131,778,0.0,False,False,False,0.0006735514444972838
1775,1776,3,1,6572,368,13995.31,23.34,80.761131,1796,15.900001,False,False,False,0.0006742553573048897
1776,1777,3,1,6572,368,13995.352,2.15,80.761131,758,0.0,False,False,False,0.0006746124990283182
1777,1778,3,1,6572,368,13995.356,0.0,80.761131,780,0.0,False,False,False,0.0006749500369953436
1778,1779,3,1,6572,368,13995.356,0.0,80.761131,802,0.0,False,False,False,0.0006752122481022919
1779,1780,3,1,6572,368,13995.356,0.0,80.761131,774,0.0,False,False,False,0.0006754868195693222
1780,1781,3,1,6572,368,13995.356,0.0,80.326347,774,0.0,False,False,False,0.0006757614624835206
1781,1782,3,1,6572,368,13995.356,0.0,79.782867,766,0.0,False,False,False,0.0006760360339505511
1782,1783,3,1,6572,368,13995.356,0.0,79.348083,762,0.0,False,False,False,0.0006763178215815602
1783,1784,3,1,6572,368,13995.365,4.26,78.9133,840,0.0,False,False,False,0.000676974128639829
1784,1785,3,1,6572,368,13995.376,4.26,78.9133,782,0.0,False,False,False,0.0006773129701574178
1785,1786,4,1,6572,360,13985.777,0.0,89.674202,776,0.0,False,False,False,0.000552865324155808
1786,1787,4,1,6572,360,13985.777,0.0,89.674202,782,0.0,False,False,False,0.0005530842452124603
1787,1788,4,1,6572,360,13985.777,0.0,89.674202,766,0.0,False,False,False,0.0005533030947730131
1788,1789,4,1,6572,360,13985.779,0.82,89.674202,752,3.8,False,False,False,0.0005535742003216037
1789,1790,4,1,6572,360,13985.79,2.35,89.565506,774,0.0,False,False,False,0.0005539650627484934
1790,1791,4,1,6572,360,13985.819,19.1,89.239418,1680,9.3,False,False,False,0.000554625394094254
1791,1792,4,1,6572,360,13985.869,21.24,89.239418,1280,8.6,False,False,False,0.0005552219728375235
1792,1793,4,1,6572,360,13985.929,20.789999,88.91333,1192,6.3,False,False,False,0.000555632405083346
1793,1794,4,1,6572,360,13985.983,15.059999,88.695938,776,0.0,False,False,False,0.0005559657861884869
1794,1795,4,1,6572,360,13986.038,27.76,88.36985,1656,13.3,False,False,False,0.0005568679373002347
1795,1796,4,1,6572,360,13986.092,5.21,88.36985,794,0.0,False,False,False,0.0005571439009624017
1796,1797,4,1,6572,360,13986.093,0.0,88.043762,772,0.0,False,False,False,0.0005574168985649842
1797,1798,4,1,6572,360,13986.094,4.65,87.608978,1140,7.0,False,False,False,0.0005577220686441373
1798,1799,4,1,6572,360,13986.135,25.369999,87.174194,2120,9.1,False,False,False,0.0005586357749460487
1799,1800,4,1,6572,360,13986.203,16.77,87.065498,870,0.0,False,False,False,0.0005590309942595385
1800,1801,4,1,6572,360,13986.215,0.0,87.065498,770,0.0,False,False,False,0.0005592945414794868
1801,1802,4,1,6572,360,13986.215,0.0,86.848106,772,0.0,False,False,False,0.0005595657176929074
1802,1803,4,1,6572,360,13986.215,0.0,86.413322,776,0.0,False,False,False,0.0005598387527467048
1803,1804,4,1,6572,360,13986.215,0.0,85.978539,772,0.0,False,False,False,0.0005601117878005021
1804,1805,4,1,6572,360,13986.251,37.799999,85.652451,2504,33.600002,False,False,False,0.000561633018525227
1805,1806,4,1,6572,360,13986.341,15.65,85.652451,784,0.0,False,False,False,0.0005621217785424692
1806,1807,4,1,6572,360,13986.352,0.0,85.652451,774,0.0,False,False,False,0.0005623925815265105
1807,1808,4,1,6572,360,13986.352,0.0,85.652451,768,0.0,False,False,False,0.000562660180425859
1808,1809,4,1,6572,360,13986.361,4.75,85.652451,794,0.0,False,False,False,0.0005630383744296011
1809,1810,4,1,6572,360,13986.365,5.28,85.652451,1132,11.2,False,False,False,0.0005633506382367229
1810,1811,4,1,6572,360,13986.426,25.449999,85.652451,1228,0.0,False,False,False,0.0005645204485800318
1811,1812,4,1,6572,360,13986.461,6.27,85.652451,846,0.0,False,False,False,0.0005647863468573746
1812,1813,4,1,6572,360,13986.51,13.77,85.652451,836,0.0,False,False,False,0.0005657189878684627
1813,1814,4,1,6572,360,13986.513,0.0,85.652451,762,0.0,False,False,False,0.0005659900369708325
1814,1815,4,1,6572,360,13986.513,0.0,85.326363,768,0.0,False,False,False,0.0005662684996253443
1815,1816,4,1,6572,360,13986.513,0.0,84.891579,780,0.0,False,False,False,0.0005665469622798563
1816,1817,4,1,6572,360,13986.513,0.0,84.456795,782,0.0,False,False,False,0.0005668235661335936
1817,1818,4,1,6572,360,13986.513,0.0,83.913315,1400,13.8,False,False,False,0.0005671163272556028
1818,1819,4,1,6572,360,13986.555,26.0,83.804619,1256,0.0,False,False,False,0.0005682604286453207
1819,1820,4,1,6572,360,13986.587,0.0,83.804619,768,0.0,False,False,False,0.0005685087070414648
1820,1821,4,1,6572,360,13986.587,0.0,83.695923,778,0.0,False,False,False,0.0005687799475349108
1821,1822,4,1,6572,360,13986.59,7.39,83.261139,1850,19.300001,False,False,False,0.000569135069014748
1822,1823,4,1,6572,360,13986.671,15.07,83.043747,796,0.0,False,False,False,0.0005707881605165005
1823,1824,4,1,6572,360,13986.697,21.109999,83.043747,1256,16.300001,False,False,False,0.0005712926152175016
1824,1825,4,1,6572,360,13986.724,0.0,83.043747,768,0.0,False,False,False,0.0005716593349997469
1825,1826,4,1,6572,360,13986.746,22.559999,83.043747,2004,9.7,False,False,False,0.0005722749755393043
1826,1827,4,1,6572,360,13986.816,42.950001,83.043747,3636,39.900002,False,False,False,0.0005736741890227895
1827,1828,4,1,6572,360,13986.925,19.439999,82.935051,758,0.0,False,False,False,0.0005742835338336458
1828,1829,4,1,6572,360,13986.936,0.0,82.935051,776,0.0,False,False,False,0.0005745401608929294
1829,1830,4,1,6572,360,13986.936,0.0,82.935051,768,0.0,False,False,False,0.0005748042456013525
1830,1831,4,1,6572,360,13986.936,0.0,82.608963,772,0.0,False,False,False,0.000575068401799951
1831,1832,4,1,6572,360,13986.936,0.0,82.174179,766,0.0,False,False,False,0.0005753360610171508
1832,1833,4,1,6572,360,13986.959,24.99,81.848091,2222,19.6,False,False,False,0.0005760584514152493
1833,1834,4,1,6572,360,13987.076,42.469997,81.739395,1244,0.0,False,False,False,0.0005776919570640023
1834,1835,4,1,6572,360,13987.157,12.219999,81.739395,764,0.0,False,False,False,0.0005778747693495291
1835,1836,4,1,6572,360,13987.164,0.0,81.739395,772,0.0,False,False,False,0.0005781456379836553
1836,1837,4,1,6572,360,13987.164,0.0,81.739395,774,0.0,False,False,False,0.0005784080026513844
1837,1838,4,1,6572,360,13987.165,1.49,81.739395,840,16.0,False,False,False,0.0005786774033620564
1838,1839,4,1,6572,360,13987.253,43.489998,81.739395,1582,5.8,False,False,False,0.0005804828522904183
1839,1840,4,1,6572,360,13987.348,16.76,81.739395,804,0.0,False,False,False,0.000580722255408573
1840,1841,4,1,6572,360,13987.36,4.29,81.739395,822,0.0,False,False,False,0.0005810039204023917
1841,1842,4,1,6572,360,13987.424,44.5,81.739395,2498,23.700001,False,False,False,0.0005829189907311931
1842,1843,4,1,6572,360,13987.548,37.239998,81.739395,1076,0.0,False,False,False,0.0005835371190776913
1843,1844,4,1,6572,360,13987.591,0.0,81.739395,784,0.0,False,False,False,0.0005837515729782936
1844,1845,4,1,6572,360,13987.591,0.0,81.739395,768,0.0,False,False,False,0.0005840174324919501
1845,1846,4,1,6572,360,13987.592,0.0,81.739395,772,0.0,False,False,False,0.0005842833217238732
1846,1847,4,1,6572,360,13987.592,0.0,81.739395,766,0.0,False,False,False,0.0005845509683890987
1847,1848,4,1,6572,360,13987.592,0.0,81.739395,782,0.0,False,False,False,0.0005848150407131754
1848,1849,4,1,6572,360,13987.592,0.0,81.739395,778,0.0,False,False,False,0.0005850844745489752
1849,1850,4,1,6572,360,13987.593,0.0,81.739395,770,0.0,False,False,False,0.0005853556537101336
1850,1851,4,1,6572,360,13987.631,34.119999,81.739395,2120,26.0,False,False,False,0.0005865284458500621
1851,1852,4,1,6572,360,13987.755,49.489998,81.739395,1800,0.0,False,False,False,0.0005873827942515257
1852,1853,4,1,6572,360,13987.822,0.0,81.739395,792,0.0,False,False,False,0.0005875306727042491
1853,1854,4,1,6572,360,13987.822,0.0,81.739395,760,0.0,False,False,False,0.0005877947406865282
1854,1855,4,1,6572,360,13987.822,0.0,81.739395,770,0.0,False,False,False,0.0005880570930132645
1855,1856,4,1,6572,360,13987.823,0.0,81.739395,766,0.0,False,False,False,0.000588326480362215
1856,1857,4,1,6572,360,13987.827,9.91,81.739395,1960,29.200001,False,False,False,0.0005886603644465687
1857,1858,4,1,6572,360,13987.897,45.91,81.739395,2952,45.400002,False,False,False,0.000590815916365672
1858,1859,4,1,6572,360,13988.048,60.049999,81.739395,2200,37.400002,False,False,False,0.0005925092972731239
1859,1860,4,1,6572,360,13988.233,65.369995,81.739395,1648,0.0,False,False,False,0.0005937415582398263
1860,1861,4,1,6572,360,13988.41,72.860001,81.739395,1840,34.5,False,False,False,0.0005953675673241402
1861,1862,4,1,6572,360,13988.625,86.489998,81.739395,3550,30.300001,False,False,False,0.0005978375403200587
1862,1863,4,1,6572,364,13988.859,79.689995,81.739395,1488,3.8,False,False,False,0.0005984868753859492
1863,1864,4,1,6572,364,13989.072,75.409996,81.739395,1898,0.0,False,False,False,0.0005994175012108587
1864,1865,4,1,6572,364,13989.273,71.779999,81.739395,2172,21.0,False,False,False,0.0006008938496053651
1865,1866,4,1,6572,364,13989.49,78.759995,81.739395,1392,0.0,False,False,False,0.0006023406614064267
1866,1867,4,1,6572,364,13989.68,64.830002,81.739395,2130,12.3,False,False,False,0.0006028227362787226
1867,1868,4,1,6572,364,13989.853,64.479996,81.739395,1610,0.0,False,False,False,0.0006033030294864795
1868,1869,4,1,6572,364,13990.027,58.689999,81.739395,1514,17.800001,False,False,False,0.0006038097131825991
1869,1870,4,1,6572,364,13990.195,63.049999,81.739395,1846,0.0,False,False,False,0.0006049052278951155
1870,1871,4,1,6572,364,13990.362,59.209999,81.739395,1502,4.5,False,False,False,0.0006056162366465823
1871,1872,4,1,6572,364,13990.531,61.66,81.739395,1684,10.6,False,False,False,0.0006065253330747006
1872,1873,4,1,6572,364,13990.705,59.77,81.739395,1508,0.0,False,False,False,0.0006072719514883997
1873,1874,4,1,6572,364,13990.892,70.099998,81.739395,1314,0.0,False,False,False,0.0006095276464398096
1874,1875,4,1,6572,364,13991.07,52.02,81.739395,1310,0.0,False,True,False,0.000609644034085021
1875,1876,4,1,6572,364,13991.143,4.54,81.739395,782,0.0,False,False,False,0.0006098145223358566
1876,1877,4,1,6572,364,13991.167,14.87,81.739395,1186,0.0,False,False,False,0.0006104238178403675
1877,1878,4,1,6572,364,13991.218,33.469997,81.739395,2492,0.0,False,False,False,0.000611581237513595
1878,1879,4,1,6572,364,13991.273,11.49,81.739395,1498,0.0,False,False,False,0.0006118882185903606
1879,1880,4,1,6572,364,13991.279,0.0,81.739395,766,0.0,False,False,False,0.0006121629650180646
1880,1881,4,1,6572,364,13991.279,0.0,81.739395,778,0.0,False,False,False,0.0006124305411577343
1881,1882,4,1,6572,364,13991.279,0.0,81.739395,770,0.0,False,False,False,0.0006126981172974038
1882,1883,4,1,6572,364,13991.279,0.0,81.739395,774,0.0,False,False,False,0.0006129692668363745
1883,1884,4,1,6572,364,13991.34,44.259998,81.739395,2296,0.0,False,False,False,0.000615122274044227
1884,1885,4,1,6572,364,13991.399,0.0,81.739395,776,0.0,False,False,False,0.0006153772487476951
1885,1886,4,1,6572,364,13991.434,28.949999,81.739395,1696,12.7,False,False,False,0.0006162631890920479
1886,1887,4,1,6572,364,13991.505,15.929999,81.739395,868,0.0,False,False,False,0.0006167005121670494
1887,1888,4,1,6572,364,13991.53,29.549999,81.739395,2634,31.6,False,False,False,0.0006178843282808757
1888,1889,4,1,6572,364,13991.627,22.769999,81.739395,770,0.0,False,False,False,0.000618736996276682
1889,1890,4,1,6572,364,13991.64,0.0,81.739395,770,0.0,False,False,False,0.0006189880537196698
1890,1891,4,1,6572,364,13991.64,0.0,81.739395,788,0.0,False,False,False,0.0006192556229560683
1891,1892,4,1,6572,364,13991.64,0.0,81.739395,766,0.0,False,False,False,0.0006195214055389119
1892,1893,4,1,6572,364,13991.64,0.0,81.739395,782,0.0,False,False,False,0.0006197925480824206
1893,1894,4,1,6572,364,13991.64,0.0,81.304611,782,0.0,False,False,False,0.000620060117318819
1894,1895,4,1,6572,364,13991.64,1.94,80.869827,1358,15.2,False,False,False,0.0006203420512497999
1895,1896,4,1,6572,364,13991.709,23.309999,80.543739,1148,0.0,False,False,False,0.0006219268191741856
1896,1897,4,1,6572,364,13991.721,0.0,80.543739,748,0.0,False,False,False,0.0006221832765764428
1897,1898,4,1,6572,364,13991.721,0.0,80.326347,764,0.0,False,False,False,0.0006224508442639569
1898,1899,4,1,6572,364,13991.721,0.0,79.891563,772,0.0,False,False,False,0.0006227219137721676
1899,1900,4,1,6572,364,13991.721,4.87,79.782867,1586,14.900001,False,False,False,0.0006230540150125197
1900,1901,4,1,6572,364,13991.794,26.609999,79.565475,1254,0.0,False,False,False,0.0006246961114413605
1901,1902,4,1,6572,364,13991.825,4.88,79.565475,812,0.0,False,False,False,0.0006250491948552204
1902,1903,4,1,6572,364,13991.826,0.0,79.565475,778,0.0,False,False,False,0.0006253150007010736
1903,1904,4,1,6572,364,13991.834,11.29,79.565475,1454,3.2,False,False,False,0.0006258587073926553
1904,1905,4,1,6572,364,13991.906,32.290001,79.456779,1554,0.0,False,False,False,0.0006275366960944353
1905,1906,4,1,6572,364,13991.959,4.87,79.456779,772,0.0,False,False,False,0.0006278203202053261
1906,1907,4,1,6572,364,13991.965,0.0,79.456779,764,0.0,False,False,False,0.0006281089104417827
1907,1908,4,1,6572,364,13991.973,5.48,79.456779,796,0.0,False,False,False,0.0006284682318760995
1908,1909,4,1,6572,364,13991.989,20.309999,79.456779,2326,14.2,False,False,False,0.0006291936626263338
1909,1910,4,1,6572,364,13992.061,31.959999,79.239388,1462,0.0,False,False,False,0.000630253737906238
1910,1911,4,1,6572,364,13992.157,36.329998,79.130692,1578,0.0,False,False,False,0.0006310570230863557
1911,1912,4,1,6572,364,13992.223,20.869999,79.130692,1148,0.0,False,False,False,0.0006313617670496639
1912,1913,4,1,6572,364,13992.28,20.9,79.130692,1068,0.0,False,False,False,0.0006317637465983671
1913,1914,4,1,6572,364,13992.31,0.0,79.130692,788,0.0,False,False,False,0.0006320034359275969
1914,1915,4,1,6572,364,13992.31,0.0,79.130692,776,0.0,False,False,False,0.0006322744940260738
1915,1916,4,1,6572,364,13992.322,16.49,79.130692,1274,0.0,False,False,False,0.0006327638998087802
1916,1917,4,1,6572,364,13992.384,30.189999,79.130692,1458,9.8,False,False,False,0.0006334804361832706
1917,1918,4,1,6572,364,13992.472,24.269999,79.130692,792,0.0,False,False,False,0.0006340920966576416
1918,1919,4,1,6572,364,13992.529,11.24,79.130692,762,0.0,False,False,False,0.0006343377714084845
1919,1920,4,1,6572,364,13992.571,13.42,79.130692,770,0.0,False,False,False,0.0006348849053611833
1920,1921,4,1,6572,364,13992.588,0.0,79.130692,772,0.0,False,False,False,0.0006351746957249277
1921,1922,4,1,6572,364,13992.588,0.0,79.130692,786,0.0,False,False,False,0.0006354671153674097
1922,1923,4,1,6572,364,13992.59,5.7,79.130692,952,7.0,False,False,False,0.0006357593726842076
1923,1924,4,1,6572,364,13992.624,15.589999,79.130692,1222,0.0,False,False,False,0.0006361712305547154
1924,1925,4,1,6572,364,13992.658,19.559999,79.130692,1800,14.3,False,False,False,0.0006366957803313473
1925,1926,4,1,6572,364,13992.695,0.0,79.130692,782,0.0,False,False,False,0.0006370817714692223
1926,1927,4,1,6572,364,13992.739,21.719999,79.130692,1350,16.200001,False,False,False,0.0006378939181301009
1927,1928,4,1,6572,364,13992.815,27.01,79.130692,1294,0.0,False,False,False,0.000638631495414224
1928,1929,4,1,6572,364,13992.887,20.469999,79.130692,1036,0.0,False,False,False,0.0006389914396193137
1929,1930,4,1,6572,364,13992.91,5.95,79.130692,784,0.0,False,False,False,0.0006392564336915129
1930,1931,4,1,6572,364,13992.931,11.19,79.130692,1482,0.0,False,False,False,0.0006396775144882449
1931,1932,4,1,6572,364,13993.006,36.439999,79.130692,1072,0.0,False,False,False,0.0006410173041229224
1932,1933,4,1,6572,364,13993.097,34.130001,79.130692,2318,28.700001,False,False,False,0.0006415981681418958
1933,1934,4,1,6572,364,13993.209,43.18,79.130692,1594,0.0,False,False,False,0.0006425988778644081
1934,1935,4,1,6572,364,13993.261,2.97,83.478531,778,0.0,False,False,False,0.0006428321581253914
1935,1936,4,1,6572,364,13993.262,0.0,83.478531,776,0.0,False,False,False,0.0006431102976348448
1936,1937,4,1,6572,364,13993.263,0.0,83.478531,772,0.0,False,False,False,0.0006433866506582018
1937,1938,4,1,6572,364,13993.263,0.0,83.478531,780,0.0,False,False,False,0.0006436577617556566
1938,1939,4,1,6572,364,13993.268,6.16,83.478531,792,0.0,False,False,False,0.0006439650148189243
1939,1940,4,1,6572,364,13993.276,2.08,83.478531,780,0.0,False,False,False,0.0006442569804968832
1940,1941,4,1,6572,364,13993.319,30.92,83.478531,1458,0.0,False,False,False,0.0006452549066517635
1941,1942,4,1,6572,364,13993.394,11.099999,83.478531,800,0.0,False,False,False,0.0006454889007698369
1942,1943,4,1,6572,364,13993.403,10.15,83.478531,1388,10.900001,False,False,False,0.0006458384827134105
1943,1944,4,1,6572,364,13993.447,18.32,83.478531,1926,26.6,False,False,False,0.0006464054635385021
1944,1945,4,1,6572,364,13993.492,14.88,83.478531,818,0.0,False,False,False,0.0006468807870982384
1945,1946,4,1,6572,364,13993.543,14.679999,83.478531,840,0.0,False,False,False,0.000647450938555121
1946,1947,4,1,6572,364,13993.564,9.82,83.478531,1202,0.0,False,False,False,0.0006477733068354256
1947,1948,4,1,6572,364,13993.597,13.389999,83.478531,1886,16.800001,False,False,False,0.000648127630970724
1948,1949,4,1,6572,364,13993.63,3.23,83.478531,764,0.0,False,False,False,0.0006484783091800213
1949,1950,4,1,6572,364,13993.63,0.0,83.478531,782,0.0,False,False,False,0.0006487547009102777
1950,1951,4,1,6572,364,13993.642,8.62,83.478531,1068,0.0,False,False,False,0.0006491242148245021
1951,1952,4,1,6572,364,13993.678,0.75,83.478531,808,0.0,False,False,False,0.0006495553523989619
1952,1953,4,1,6572,368,13993.69,18.18,83.478531,1460,0.0,False,False,False,0.0006501110063888518
1953,1954,4,1,6572,368,13993.709,0.0,83.478531,768,0.0,False,False,False,0.0006503493570320039
1954,1955,4,1,6572,368,13993.709,0.0,83.478531,772,0.0,False,False,False,0.0006506151003211285
1955,1956,4,1,6572,368,13993.709,0.0,83.152443,780,0.0,False,False,False,0.0006508826299996662
1956,1957,4,1,6572,368,13993.709,0.0,82.935051,780,0.0,False,False,False,0.0006511430855761273
1957,1958,4,1,6572,368,13993.71,2.63,82.935051,774,4.0,False,False,False,0.0006514052809954619
1958,1959,4,1,6572,368,13993.748,25.699999,82.608963,1430,0.0,False,False,False,0.0006521450761385629
1959,1960,4,1,6572,368,13993.777,0.0,82.608963,768,0.0,False,False,False,0.0006524061083645706
1960,1961,4,1,6572,368,13993.777,0.0,82.608963,770,0.0,False,False,False,0.0006526718503624603
1961,1962,4,1,6572,368,13993.777,0.0,82.391571,778,0.0,False,False,False,0.0006529411651218165
1962,1963,4,1,6572,368,13993.777,0.0,81.956787,780,0.0,False,False,False,0.0006532122662619061
1963,1964,4,1,6572,368,13993.777,0.0,81.522003,788,0.0,False,False,False,0.0006534762218790624
1964,1965,4,1,6572,368,13993.777,0.0,81.087219,776,0.0,False,False,False,0.0006537455366384188
1965,1966,4,1,6572,368,13993.801,14.799999,80.761131,1154,0.0,False,False,False,0.0006542079447932128
1966,1967,4,1,6572,368,13993.867,36.860001,80.761131,2078,15.5,False,False,False,0.0006552675348754654
1967,1968,4,1,6572,368,13993.971,36.130001,80.761131,1054,0.0,False,False,False,0.0006556366569105431
1968,1969,4,1,6572,368,13994.027,5.67,80.761131,800,0.0,False,False,False,0.0006558396064544927
1969,1970,4,1,6572,368,13994.031,0.0,80.761131,764,0.0,False,False,False,0.0006561086574227667
1970,1971,4,1,6572,368,13994.031,0.0,80.761131,774,0.0,False,False,False,0.0006563708933549343
1971,1972,4,1,6572,368,13994.05,20.52,80.761131,1862,14.900001,False,False,False,0.000656980075097981
1972,1973,4,1,6572,368,13994.139,41.299999,80.761131,2048,6.3,False,False,False,0.0006585124306375236
1973,1974,4,1,6572,368,13994.249,37.919998,80.761131,1074,0.0,False,False,False,0.0006589278976029651
1974,1975,4,1,6572,368,13994.322,0.0,80.761131,782,0.0,False,False,False,0.0006592607158306183
1975,1976,4,1,6572,368,13994.322,0.0,80.761131,780,0.0,False,False,False,0.0006595247326213716
1976,1977,4,1,6572,368,13994.322,0.0,80.761131,764,0.0,False,False,False,0.0006597886779596782
1977,1978,4,1,6572,368,13994.322,0.0,80.761131,764,0.0,False,False,False,0.0006600544810616004
1978,1979,4,1,6572,368,13994.322,0.0,80.761131,774,0.0,False,False,False,0.000660318426399907
1979,1980,4,1,6572,368,13994.322,0.0,80.761131,774,0.0,False,False,False,0.0006605788705683227
1980,1981,4,1,6572,368,13994.338,28.629999,80.761131,3206,36.400002,False,False,False,0.0006615199289934977
1981,1982,4,1,6572,368,13994.444,39.610001,80.761131,1368,0.0,False,False,False,0.0006625468974046126
1982,1983,4,1,6572,368,13994.516,8.76,80.761131,818,0.0,False,False,False,0.0006627330496424712
1983,1984,4,1,6572,368,13994.523,1.87,80.761131,776,0.0,False,False,False,0.0006630020185740826
1984,1985,4,1,6572,368,13994.523,0.0,80.761131,770,0.0,False,False,False,0.0006632660315730967
1985,1986,4,1,6572,368,13994.524,0.0,80.761131,770,0.0,False,False,False,0.0006635299257105343
1986,1987,4,1,6572,368,13994.544,18.0,80.761131,1384,0.0,False,False,False,0.0006639779061106878
1987,1988,4,1,6572,368,13994.597,13.27,80.761131,816,0.0,False,False,False,0.0006643025660141544
1988,1989,4,1,6572,368,13994.66,36.59,80.761131,1752,0.0,False,False,False,0.0006657270182327951
1989,1990,4,1,6572,368,13994.721,23.58,80.761131,2042,37.900002,False,False,False,0.0006664284748174103
1990,1991,4,1,6572,368,13994.844,47.09,80.761131,1708,0.0,False,False,False,0.0006686700709153374
1991,1992,4,1,6572,368,13994.891,0.0,80.761131,776,0.0,False,False,False,0.000668853808592822
1992,1993,4,1,6572,368,13994.891,0.0,80.761131,772,0.0,False,False,False,0.0006691089549068366
1993,1994,4,1,6572,368,13994.892,0.0,80.761131,772,0.0,False,False,False,0.0006693639819455596
1994,1995,4,1,6572,368,13994.954,45.369999,80.761131,2078,17.1,False,False,False,0.0006715009923582201
1995,1996,4,1,6572,368,13995.09,46.829998,80.761131,1478,0.0,False,False,False,0.0006723480629232879
1996,1997,4,1,6572,368,13995.226,48.509998,80.761131,1764,0.0,False,False,False,0.0006733950280597069
1997,1998,4,1,6572,368,13995.288,0.0,80.761131,778,0.0,False,False,False,0.0006735514444972838
1998,1999,4,1,6572,368,13995.31,23.34,80.761131,1796,15.900001,False,False,False,0.0006742553573048897
1999,2000,4,1,6572,368,13995.352,2.15,80.761131,758,0.0,False,False,False,0.0006746124990283182
2000,2001,4,1,6572,368,13995.356,0.0,80.761131,780,0.0,False,False,False,0.0006749500369953436
2001,2002,4,1,6572,368,13995.356,0.0,80.761131,802,0.0,False,False,False,0.0006752122481022919
2002,2003,4,1,6572,368,13995.356,0.0,80.761131,774,0.0,False,False,False,0.0006754868195693222
2003,2004,4,1,6572,368,13995.356,0.0,80.326347,774,0.0,False,False,False,0.0006757614624835206
2004,2005,4,1,6572,368,13995.356,0.0,79.782867,766,0.0,False,False,False,0.0006760360339505511
2005,2006,4,1,6572,368,13995.356,0.0,79.348083,762,0.0,False,False,False,0.0006763178215815602
2006,2007,4,1,6572,368,13995.365,4.26,78.9133,840,0.0,False,False,False,0.000676974128639829
2007,2008,4,1,6572,368,13995.376,4.26,78.9133,782,0.0,False,False,False,0.0006773129701574178
2008,2009,2,1,6573,360,13995.376,0.0,89.674202,776,0.0,False,False,False,0.0005524861578454308
2009,2010,2,1,6573,360,13995.376,0.0,89.674202,782,0.0,False,False,False,0.0005527049287615594
2010,2011,2,1,6573,360,13995.376,0.0,89.674202,766,0.0,False,False,False,0.000552923628230622
2011,2012,2,1,6573,360,13995.378,0.82,89.674202,752,3.8,False,False,False,0.0005531945479037505
2012,2013,2,1,6573,360,13995.389,2.35,89.565506,774,0.0,False,False,False,0.0005535851425678438
2013,2014,2,1,6573,360,13995.418,19.1,89.239418,1680,9.3,False,False,False,0.0005542450218334433
2014,2015,2,1,6573,360,13995.468,21.24,89.239418,1280,8.6,False,False,False,0.000554841192792353
2015,2016,2,1,6573,360,13995.528,20.789999,88.91333,1192,6.3,False,False,False,0.0005552513451907501
2016,2017,2,1,6573,360,13995.582,15.059999,88.695938,776,0.0,False,False,False,0.000555584499129859
2017,2018,2,1,6573,360,13995.637,27.76,88.36985,1656,13.3,False,False,False,0.0005564860330377932
2018,2019,2,1,6573,360,13995.691,5.21,88.36985,794,0.0,False,False,False,0.0005567618089161217
2019,2020,2,1,6573,360,13995.692,0.0,88.043762,772,0.0,False,False,False,0.0005570346193229087
2020,2021,2,1,6573,360,13995.693,4.65,87.608978,1140,7.0,False,False,False,0.0005573395801422522
2021,2022,2,1,6573,360,13995.734,25.369999,87.174194,2120,9.1,False,False,False,0.0005582526609421883
2022,2023,2,1,6573,360,13995.802,16.77,87.065498,870,0.0,False,False,False,0.0005586476110757301
2023,2024,2,1,6573,360,13995.814,0.0,87.065498,770,0.0,False,False,False,0.000558910977883967
2024,2025,2,1,6573,360,13995.814,0.0,86.848106,772,0.0,False,False,False,0.0005591819681250319
2025,2026,2,1,6573,360,13995.814,0.0,86.413322,776,0.0,False,False,False,0.0005594548159316827
2026,2027,2,1,6573,360,13995.814,0.0,85.978539,772,0.0,False,False,False,0.0005597276637383336
2027,2028,2,1,6573,360,13995.85,37.799999,85.652451,2504,33.600002,False,False,False,0.0005612478521953154
2028,2029,2,1,6573,360,13995.94,15.65,85.652451,784,0.0,False,False,False,0.000561736279501091
2029,2030,2,1,6573,360,13995.951,0.0,85.652451,774,0.0,False,False,False,0.0005620068970735127
2030,2031,2,1,6573,360,13995.951,0.0,85.652451,768,0.0,False,False,False,0.0005622743124556198
2031,2032,2,1,6573,360,13995.96,4.75,85.652451,794,0.0,False,False,False,0.0005626522473451378
2032,2033,2,1,6573,360,13995.964,5.28,85.652451,1132,11.2,False,False,False,0.0005629642971147172
2033,2034,2,1,6573,360,13996.025,25.449999,85.652451,1228,0.0,False,False,False,0.0005641333068991446
2034,2035,2,1,6573,360,13996.06,6.27,85.652451,846,0.0,False,False,False,0.0005643990237949969
2035,2036,2,1,6573,360,13996.109,13.77,85.652451,836,0.0,False,False,False,0.0005653310265712727
2036,2037,2,1,6573,360,13996.112,0.0,85.652451,762,0.0,False,False,False,0.0005656018898755686
2037,2038,2,1,6573,360,13996.112,0.0,85.326363,768,0.0,False,False,False,0.0005658801615647571
2038,2039,2,1,6573,360,13996.112,0.0,84.891579,780,0.0,False,False,False,0.0005661584332539456
2039,2040,2,1,6573,360,13996.112,0.0,84.456795,782,0.0,False,False,False,0.0005664348474170958
2040,2041,2,1,6573,360,13996.112,0.0,83.913315,1400,13.8,False,False,False,0.0005667274077681167
2041,2042,2,1,6573,360,13996.154,26.0,83.804619,1256,0.0,False,False,False,0.0005678707257203857
2042,2043,2,1,6573,360,13996.186,0.0,83.804619,768,0.0,False,False,False,0.0005681188347429262
2043,2044,2,1,6573,360,13996.186,0.0,83.695923,778,0.0,False,False,False,0.0005683898892248771
2044,2045,2,1,6573,360,13996.189,7.39,83.261139,1850,19.300001,False,False,False,0.0005687447672529106
2045,2046,2,1,6573,360,13996.27,15.07,83.043747,796,0.0,False,False,False,0.0005703967273618355
2046,2047,2,1,6573,360,13996.296,21.109999,83.043747,1256,16.300001,False,False,False,0.0005709008368473454
2047,2048,2,1,6573,360,13996.323,0.0,83.043747,768,0.0,False,False,False,0.0005712673058984207
2048,2049,2,1,6573,360,13996.345,22.559999,83.043747,2004,9.7,False,False,False,0.0005718825248645368
2049,2050,2,1,6573,360,13996.415,42.950001,83.043747,3636,39.900002,False,False,False,0.0005732807807727355
2050,2051,2,1,6573,360,13996.524,19.439999,82.935051,758,0.0,False,False,False,0.000573889710780278
2051,2052,2,1,6573,360,13996.535,0.0,82.935051,776,0.0,False,False,False,0.0005741461621635523
2052,2053,2,1,6573,360,13996.535,0.0,82.935051,768,0.0,False,False,False,0.0005744100657722949
2053,2054,2,1,6573,360,13996.535,0.0,82.608963,772,0.0,False,False,False,0.0005746740408221876
2054,2055,2,1,6573,360,13996.535,0.0,82.174179,766,0.0,False,False,False,0.000574941516488439
2055,2056,2,1,6573,360,13996.558,24.99,81.848091,2222,19.6,False,False,False,0.0005756634121466043
2056,2057,2,1,6573,360,13996.675,42.469997,81.739395,1244,0.0,False,False,False,0.000577295800909794
2057,2058,2,1,6573,360,13996.756,12.219999,81.739395,764,0.0,False,False,False,0.0005774784901237028
2058,2059,2,1,6573,360,13996.763,0.0,81.739395,772,0.0,False,False,False,0.000577749173207176
2059,2060,2,1,6573,360,13996.763,0.0,81.739395,774,0.0,False,False,False,0.0005780113579576965
2060,2061,2,1,6573,360,13996.764,1.49,81.739395,840,16.0,False,False,False,0.000578280573954526
2061,2062,2,1,6573,360,13996.852,43.489998,81.739395,1582,5.8,False,False,False,0.0005800847872945078
2062,2063,2,1,6573,360,13996.947,16.76,81.739395,804,0.0,False,False,False,0.0005803240289451017
2063,2064,2,1,6573,360,13996.959,4.29,81.739395,822,0.0,False,False,False,0.0005806055011305577
2064,2065,2,1,6573,360,13997.023,44.5,81.739395,2498,23.700001,False,False,False,0.0005825192600412216
2065,2066,2,1,6573,360,13997.147,37.239998,81.739395,1076,0.0,False,False,False,0.0005831369680572721
2066,2067,2,1,6573,360,13997.19,0.0,81.739395,784,0.0,False,False,False,0.000583351276129271
2067,2068,2,1,6573,360,13997.19,0.0,81.739395,768,0.0,False,False,False,0.0005836169533346812
2068,2069,2,1,6573,360,13997.191,0.0,81.739395,772,0.0,False,False,False,0.0005838826602666016
2069,2070,2,1,6573,360,13997.191,0.0,81.739395,766,0.0,False,False,False,0.0005841501233980876
2070,2071,2,1,6573,360,13997.191,0.0,81.739395,782,0.0,False,False,False,0.0005844140146394629
2071,2072,2,1,6573,360,13997.191,0.0,81.739395,778,0.0,False,False,False,0.0005846832637160043
2072,2073,2,1,6573,360,13997.192,0.0,81.739395,770,0.0,False,False,False,0.0005849542569497547
2073,2074,2,1,6573,360,13997.23,34.119999,81.739395,2120,26.0,False,False,False,0.0005861262459610965
2074,2075,2,1,6573,360,13997.354,49.489998,81.739395,1800,0.0,False,False,False,0.0005869800120785629
2075,2076,2,1,6573,360,13997.421,0.0,81.739395,792,0.0,False,False,False,0.0005871277910558626
2076,2077,2,1,6573,360,13997.421,0.0,81.739395,760,0.0,False,False,False,0.000587391677961393
2077,2078,2,1,6573,360,13997.421,0.0,81.739395,770,0.0,False,False,False,0.0005876538503878402
2078,2079,2,1,6573,360,13997.422,0.0,81.739395,766,0.0,False,False,False,0.0005879230530412643
2079,2080,2,1,6573,360,13997.426,9.91,81.739395,1960,29.200001,False,False,False,0.0005882567082899177
2080,2081,2,1,6573,360,13997.496,45.91,81.739395,2952,45.400002,False,False,False,0.0005904107841299522
2081,2082,2,1,6573,360,13997.647,60.049999,81.739395,2200,37.400002,False,False,False,0.0005921030082407249
2082,2083,2,1,6573,360,13997.832,65.369995,81.739395,1648,0.0,False,False,False,0.0005933344296152708
2083,2084,2,1,6573,360,13998.009,72.860001,81.739395,1840,34.5,False,False,False,0.000594959328906782
2084,2085,2,1,6573,360,13998.224,86.489998,81.739395,3550,30.300001,False,False,False,0.000597427614559207
2085,2086,2,1,6573,364,13998.458,79.689995,81.739395,1488,3.8,False,False,False,0.0005980765112477926
2086,2087,2,1,6573,364,13998.671,75.409996,81.739395,1898,0.0,False,False,False,0.0005990065052243013
2087,2088,2,1,6573,364,13998.872,71.779999,81.739395,2172,21.0,False,False,False,0.0006004818472626036
2088,2089,2,1,6573,364,13999.089,78.759995,81.739395,1392,0.0,False,False,False,0.00060192767345979
2089,2090,2,1,6573,364,13999.279,64.830002,81.739395,2130,12.3,False,False,False,0.0006024094234122048
2090,2091,2,1,6573,364,13999.452,64.479996,81.739395,1610,0.0,False,False,False,0.0006028893924281873
2091,2092,2,1,6573,364,13999.626,58.689999,81.739395,1514,17.800001,False,False,False,0.0006033957338764709
2092,2093,2,1,6573,364,13999.794,63.049999,81.739395,1846,0.0,False,False,False,0.0006044905024672173
2093,2094,2,1,6573,364,13999.961,59.209999,81.739395,1502,4.5,False,False,False,0.0006052010287008156
2094,2095,2,1,6573,364,14000.13,61.66,81.739395,1684,10.6,False,False,False,0.0006061095068755165
2095,2096,2,1,6573,364,14000.304,59.77,81.739395,1508,0.0,False,False,False,0.0006068556185909541
2096,2097,2,1,6573,364,14000.491,70.099998,81.739395,1314,0.0,False,False,False,0.0006091097726663539
2097,2098,2,1,6573,364,14000.669,52.02,81.739395,1310,0.0,False,True,False,0.0006092260858330532
2098,2099,2,1,6573,364,14000.742,4.54,81.739395,782,0.0,False,False,False,0.000609396459383411
2099,2100,2,1,6573,364,14000.766,14.87,81.739395,1186,0.0,False,False,False,0.0006100053378980909
2100,2101,2,1,6573,364,14000.817,33.469997,81.739395,2492,0.0,False,False,False,0.0006111619656220332
2101,2102,2,1,6573,364,14000.872,11.49,81.739395,1498,0.0,False,False,False,0.0006114687378944759
2102,2103,2,1,6573,364,14000.878,0.0,81.739395,766,0.0,False,False,False,0.0006117432961492736
2103,2104,2,1,6573,364,14000.878,0.0,81.739395,778,0.0,False,False,False,0.0006120106888518812
2104,2105,2,1,6573,364,14000.878,0.0,81.739395,770,0.0,False,False,False,0.0006122780815544886
2105,2106,2,1,6573,364,14000.878,0.0,81.739395,774,0.0,False,False,False,0.00061254904520665
2106,2107,2,1,6573,364,14000.939,44.259998,81.739395,2296,0.0,False,False,False,0.0006147005782556258
2107,2108,2,1,6573,364,14000.998,0.0,81.739395,776,0.0,False,False,False,0.0006149553799393487
2108,2109,2,1,6573,364,14001.033,28.949999,81.739395,1696,12.7,False,False,False,0.0006158407139877474
2109,2110,2,1,6573,364,14001.104,15.929999,81.739395,868,0.0,False,False,False,0.0006162777394025927
2110,2111,2,1,6573,364,14001.129,29.549999,81.739395,2634,31.6,False,False,False,0.0006174607447196066
2111,2112,2,1,6573,364,14001.226,22.769999,81.739395,770,0.0,False,False,False,0.0006183128311169952
2112,2113,2,1,6573,364,14001.239,0.0,81.739395,770,0.0,False,False,False,0.0006185637168455702
2113,2114,2,1,6573,364,14001.239,0.0,81.739395,788,0.0,False,False,False,0.0006188311026543683
2114,2115,2,1,6573,364,14001.239,0.0,81.739395,766,0.0,False,False,False,0.0006190967030344219
2115,2116,2,1,6573,364,14001.239,0.0,81.739395,782,0.0,False,False,False,0.0006193676597007093
2116,2117,2,1,6573,364,14001.239,0.0,81.304611,782,0.0,False,False,False,0.0006196350455095075
2117,2118,2,1,6573,364,14001.239,1.94,80.869827,1358,15.2,False,False,False,0.0006199167861654126
2118,2119,2,1,6573,364,14001.308,23.309999,80.543739,1148,0.0,False,False,False,0.0006215004697796964
2119,2120,2,1,6573,364,14001.32,0.0,80.543739,748,0.0,False,False,False,0.0006217567517382834
2120,2121,2,1,6573,364,14001.32,0.0,80.326347,764,0.0,False,False,False,0.0006220241360003199
2121,2122,2,1,6573,364,14001.32,0.0,79.891563,772,0.0,False,False,False,0.0006222950196824526
2122,2123,2,1,6573,364,14001.32,4.87,79.782867,1586,14.900001,False,False,False,0.0006226268932576888
2123,2124,2,1,6573,364,14001.393,26.609999,79.565475,1254,0.0,False,False,False,0.0006242678662140107
2124,2125,2,1,6573,364,14001.424,4.88,79.565475,812,0.0,False,False,False,0.0006246207085287518
2125,2126,2,1,6573,364,14001.425,0.0,79.565475,778,0.0,False,False,False,0.0006248863321888888
2126,2127,2,1,6573,364,14001.433,11.29,79.565475,1454,3.2,False,False,False,0.000625429666401546
2127,2128,2,1,6573,364,14001.505,32.290001,79.456779,1554,0.0,False,False,False,0.0006271065070142807
2128,2129,2,1,6573,364,14001.558,4.87,79.456779,772,0.0,False,False,False,0.0006273899383241262
2129,2130,2,1,6573,364,14001.564,0.0,79.456779,764,0.0,False,False,False,0.0006276783309113959
2130,2131,2,1,6573,364,14001.572,5.48,79.456779,796,0.0,False,False,False,0.0006280374062707908
2131,2132,2,1,6573,364,14001.588,20.309999,79.456779,2326,14.2,False,False,False,0.0006287623402188223
2132,2133,2,1,6573,364,14001.66,31.959999,79.239388,1462,0.0,False,False,False,0.000629821691021563
2133,2134,2,1,6573,364,14001.756,36.329998,79.130692,1578,0.0,False,False,False,0.00063062442850536
2134,2135,2,1,6573,364,14001.822,20.869999,79.130692,1148,0.0,False,False,False,0.0006309289656042189
2135,2136,2,1,6573,364,14001.879,20.9,79.130692,1068,0.0,False,False,False,0.0006313306713569401
2136,2137,2,1,6573,364,14001.909,0.0,79.130692,788,0.0,False,False,False,0.0006315701973068597
2137,2138,2,1,6573,364,14001.909,0.0,79.130692,776,0.0,False,False,False,0.0006318410695948963
2138,2139,2,1,6573,364,14001.921,16.49,79.130692,1274,0.0,False,False,False,0.0006323301402614498
2139,2140,2,1,6573,364,14001.983,30.189999,79.130692,1458,9.8,False,False,False,0.0006330461873730761
2140,2141,2,1,6573,364,14002.071,24.269999,79.130692,792,0.0,False,False,False,0.0006336574312877511
2141,2142,2,1,6573,364,14002.128,11.24,79.130692,762,0.0,False,False,False,0.0006339029394003968
2142,2143,2,1,6573,364,14002.17,13.42,79.130692,770,0.0,False,False,False,0.0006344496996037325
2143,2144,2,1,6573,364,14002.187,0.0,79.130692,772,0.0,False,False,False,0.0006347392918483485
2144,2145,2,1,6573,364,14002.187,0.0,79.130692,786,0.0,False,False,False,0.0006350315110410223
2145,2146,2,1,6573,364,14002.189,5.7,79.130692,952,7.0,False,False,False,0.0006353235680815277
2146,2147,2,1,6573,364,14002.223,15.589999,79.130692,1222,0.0,False,False,False,0.0006357351446877622
2147,2148,2,1,6573,364,14002.257,19.559999,79.130692,1800,14.3,False,False,False,0.0006362593359530573
2148,2149,2,1,6573,364,14002.294,0.0,79.130692,782,0.0,False,False,False,0.0006366450636543087
2149,2150,2,1,6573,364,14002.338,21.719999,79.130692,1350,16.200001,False,False,False,0.0006374566549775489
2150,2151,2,1,6573,364,14002.414,27.01,79.130692,1294,0.0,False,False,False,0.0006381937290435032
2151,2152,2,1,6573,364,14002.486,20.469999,79.130692,1036,0.0,False,False,False,0.0006385534287676654
2152,2153,2,1,6573,364,14002.509,5.95,79.130692,784,0.0,False,False,False,0.000638818241913509
2153,2154,2,1,6573,364,14002.53,11.19,79.130692,1482,0.0,False,False,False,0.0006392390347291005
2154,2155,2,1,6573,364,14002.605,36.439999,79.130692,1072,0.0,False,False,False,0.0006405779083314618
2155,2156,2,1,6573,364,14002.696,34.130001,79.130692,2318,28.700001,False,False,False,0.0006411583770456028
2156,2157,2,1,6573,364,14002.808,43.18,79.130692,1594,0.0,False,False,False,0.0006421584043425902
2157,2158,2,1,6573,364,14002.86,2.97,83.478531,778,0.0,False,False,False,0.0006423915263363101
2158,2159,2,1,6573,364,14002.861,0.0,83.478531,776,0.0,False,False,False,0.0006426694752254395
2159,2160,2,1,6573,364,14002.862,0.0,83.478531,772,0.0,False,False,False,0.0006429456388530536
2160,2161,2,1,6573,364,14002.862,0.0,83.478531,780,0.0,False,False,False,0.0006432165641163845
2161,2162,2,1,6573,364,14002.867,6.16,83.478531,792,0.0,False,False,False,0.000643523606729484
2162,2163,2,1,6573,364,14002.875,2.08,83.478531,780,0.0,False,False,False,0.0006438153725308173
2163,2164,2,1,6573,364,14002.918,30.92,83.478531,1458,0.0,False,False,False,0.000644812616012176
2164,2165,2,1,6573,364,14002.993,11.099999,83.478531,800,0.0,False,False,False,0.000645046452108338
2165,2166,2,1,6573,364,14003.002,10.15,83.478531,1388,10.900001,False,False,False,0.000645395794716396
2166,2167,2,1,6573,364,14003.046,18.32,83.478531,1926,26.6,False,False,False,0.0006459623882983531
2167,2168,2,1,6573,364,14003.091,14.88,83.478531,818,0.0,False,False,False,0.0006464373874748458
2168,2169,2,1,6573,364,14003.142,14.679999,83.478531,840,0.0,False,False,False,0.0006470071497418407
2169,2170,2,1,6573,364,14003.163,9.82,83.478531,1202,0.0,False,False,False,0.0006473292977238268
2170,2171,2,1,6573,364,14003.196,13.389999,83.478531,1886,16.800001,False,False,False,0.0006476833800383828
2171,2172,2,1,6573,364,14003.229,3.23,83.478531,764,0.0,False,False,False,0.0006480338189271256
2172,2173,2,1,6573,364,14003.229,0.0,83.478531,782,0.0,False,False,False,0.0006483100212085935
2173,2174,2,1,6573,364,14003.241,8.62,83.478531,1068,0.0,False,False,False,0.0006486792822260057
2174,2175,2,1,6573,364,14003.277,0.75,83.478531,808,0.0,False,False,False,0.0006491101254281102
2175,2176,2,1,6573,368,14003.289,18.18,83.478531,1460,0.0,False,False,False,0.0006496653989359974
2176,2177,2,1,6573,368,14003.308,0.0,83.478531,768,0.0,False,False,False,0.0006499035868105729
2177,2178,2,1,6573,368,14003.308,0.0,83.478531,772,0.0,False,False,False,0.0006501691479507591
2178,2179,2,1,6573,368,14003.308,0.0,83.152443,780,0.0,False,False,False,0.0006504364942559103
2179,2180,2,1,6573,368,14003.308,0.0,82.935051,780,0.0,False,False,False,0.0006506967713078004
2180,2181,2,1,6573,368,14003.309,2.63,82.935051,774,4.0,False,False,False,0.0006509587870419026
2181,2182,2,1,6573,368,14003.347,25.699999,82.608963,1430,0.0,False,False,False,0.0006516980763187316
2182,2183,2,1,6573,368,14003.376,0.0,82.608963,768,0.0,False,False,False,0.000651958930551422
2183,2184,2,1,6573,368,14003.376,0.0,82.608963,770,0.0,False,False,False,0.0006522244904021429
2184,2185,2,1,6573,368,14003.376,0.0,82.391571,778,0.0,False,False,False,0.0006524936205654575
2185,2186,2,1,6573,368,14003.376,0.0,81.956787,780,0.0,False,False,False,0.0006527645358850691
2186,2187,2,1,6573,368,14003.376,0.0,81.522003,788,0.0,False,False,False,0.0006530283105794932
2187,2188,2,1,6573,368,14003.376,0.0,81.087219,776,0.0,False,False,False,0.0006532974407428078
2188,2189,2,1,6573,368,14003.4,14.799999,80.761131,1154,0.0,False,False,False,0.0006537595327182885
2189,2190,2,1,6573,368,14003.466,36.860001,80.761131,2078,15.5,False,False,False,0.0006548183986451179
2190,2191,2,1,6573,368,14003.57,36.130001,80.761131,1054,0.0,False,False,False,0.0006551872710122481
2191,2192,2,1,6573,368,14003.626,5.67,80.761131,800,0.0,False,False,False,0.0006553900832482067
2192,2193,2,1,6573,368,14003.63,0.0,80.761131,764,0.0,False,False,False,0.0006556589499329865
2193,2194,2,1,6573,368,14003.63,0.0,80.761131,774,0.0,False,False,False,0.0006559210061244031
2194,2195,2,1,6573,368,14003.649,20.52,80.761131,1862,14.900001,False,False,False,0.0006565297709353516
2195,2196,2,1,6573,368,14003.738,41.299999,80.761131,2048,6.3,False,False,False,0.0006580610790433923
2196,2197,2,1,6573,368,14003.848,37.919998,80.761131,1074,0.0,False,False,False,0.0006584762647905925
2197,2198,2,1,6573,368,14003.921,0.0,80.761131,782,0.0,False,False,False,0.0006588088572581024
2198,2199,2,1,6573,368,14003.921,0.0,80.761131,780,0.0,False,False,False,0.0006590726930912356
2199,2200,2,1,6573,368,14003.921,0.0,80.761131,764,0.0,False,False,False,0.0006593364575208957
2200,2201,2,1,6573,368,14003.921,0.0,80.761131,764,0.0,False,False,False,0.0006596020784408566
2201,2202,2,1,6573,368,14003.921,0.0,80.761131,774,0.0,False,False,False,0.0006598658428705168
2202,2203,2,1,6573,368,14003.921,0.0,80.761131,774,0.0,False,False,False,0.0006601261085299945
2203,2204,2,1,6573,368,14003.937,28.629999,80.761131,3206,36.400002,False,False,False,0.0006610665224698976
2204,2205,2,1,6573,368,14004.043,39.610001,80.761131,1368,0.0,False,False,False,0.0006620927904327035
2205,2206,2,1,6573,368,14004.115,8.76,80.761131,818,0.0,False,False,False,0.0006622788174177791
2206,2207,2,1,6573,368,14004.122,1.87,80.761131,776,0.0,False,False,False,0.0006625476022272422
2207,2208,2,1,6573,368,14004.122,0.0,80.761131,770,0.0,False,False,False,0.0006628114342738321
2208,2209,2,1,6573,368,14004.123,0.0,80.761131,770,0.0,False,False,False,0.0006630751475727846
2209,2210,2,1,6573,368,14004.143,18.0,80.761131,1384,0.0,False,False,False,0.0006635228215806151
2210,2211,2,1,6573,368,14004.196,13.27,80.761131,816,0.0,False,False,False,0.0006638472606881046
2211,2212,2,1,6573,368,14004.259,36.59,80.761131,1752,0.0,False,False,False,0.0006652707386561006
2212,2213,2,1,6573,368,14004.32,23.58,80.761131,2042,37.900002,False,False,False,0.0006659717164620301
2213,2214,2,1,6573,368,14004.443,47.09,80.761131,1708,0.0,False,False,False,0.0006682117802342989
2214,2215,2,1,6573,368,14004.49,0.0,80.761131,776,0.0,False,False,False,0.0006683953935206837
2215,2216,2,1,6573,368,14004.49,0.0,80.761131,772,0.0,False,False,False,0.000668650364964025
2216,2217,2,1,6573,368,14004.491,0.0,80.761131,772,0.0,False,False,False,0.0006689052172465786
2217,2218,2,1,6573,368,14004.553,45.369999,80.761131,2078,17.1,False,False,False,0.0006710407650451217
2218,2219,2,1,6573,368,14004.689,46.829998,80.761131,1478,0.0,False,False,False,0.0006718872595271821
2219,2220,2,1,6573,368,14004.825,48.509998,80.761131,1764,0.0,False,False,False,0.0006729335115924981
2220,2221,2,1,6573,368,14004.887,0.0,80.761131,778,0.0,False,False,False,0.0006730898228723393
2221,2222,2,1,6573,368,14004.909,23.34,80.761131,1796,15.900001,False,False,False,0.0006737932539758755
2222,2223,2,1,6573,368,14004.951,2.15,80.761131,758,0.0,False,False,False,0.0006741501523173972
2223,2224,2,1,6573,368,14004.955,0.0,80.761131,780,0.0,False,False,False,0.0006744874590843679
2224,2225,2,1,6573,368,14004.955,0.0,80.761131,802,0.0,False,False,False,0.0006747494904845832
2225,2226,2,1,6573,368,14004.955,0.0,80.761131,774,0.0,False,False,False,0.0006750238737736913
2226,2227,2,1,6573,368,14004.955,0.0,80.326347,774,0.0,False,False,False,0.000675298328461001
2227,2228,2,1,6573,368,14004.955,0.0,79.782867,766,0.0,False,False,False,0.0006755727117501091
2228,2229,2,1,6573,368,14004.955,0.0,79.348083,762,0.0,False,False,False,0.0006758543062575883
2229,2230,2,1,6573,368,14004.964,4.26,78.9133,840,0.0,False,False,False,0.0006765101638130728
2230,2231,2,1,6573,368,14004.975,4.26,78.9133,782,0.0,False,False,False,0.0006768487734698941
2231,2232,3,1,6573,360,13995.376,0.0,89.674202,776,0.0,False,False,False,0.0005524861578454308
2232,2233,3,1,6573,360,13995.376,0.0,89.674202,782,0.0,False,False,False,0.0005527049287615594
2233,2234,3,1,6573,360,13995.376,0.0,89.674202,766,0.0,False,False,False,0.000552923628230622
2234,2235,3,1,6573,360,13995.378,0.82,89.674202,752,3.8,False,False,False,0.0005531945479037505
2235,2236,3,1,6573,360,13995.389,2.35,89.565506,774,0.0,False,False,False,0.0005535851425678438
2236,2237,3,1,6573,360,13995.418,19.1,89.239418,1680,9.3,False,False,False,0.0005542450218334433
2237,2238,3,1,6573,360,13995.468,21.24,89.239418,1280,8.6,False,False,False,0.000554841192792353
2238,2239,3,1,6573,360,13995.528,20.789999,88.91333,1192,6.3,False,False,False,0.0005552513451907501
2239,2240,3,1,6573,360,13995.582,15.059999,88.695938,776,0.0,False,False,False,0.000555584499129859
2240,2241,3,1,6573,360,13995.637,27.76,88.36985,1656,13.3,False,False,False,0.0005564860330377932
2241,2242,3,1,6573,360,13995.691,5.21,88.36985,794,0.0,False,False,False,0.0005567618089161217
2242,2243,3,1,6573,360,13995.692,0.0,88.043762,772,0.0,False,False,False,0.0005570346193229087
2243,2244,3,1,6573,360,13995.693,4.65,87.608978,1140,7.0,False,False,False,0.0005573395801422522
2244,2245,3,1,6573,360,13995.734,25.369999,87.174194,2120,9.1,False,False,False,0.0005582526609421883
2245,2246,3,1,6573,360,13995.802,16.77,87.065498,870,0.0,False,False,False,0.0005586476110757301
2246,2247,3,1,6573,360,13995.814,0.0,87.065498,770,0.0,False,False,False,0.000558910977883967
2247,2248,3,1,6573,360,13995.814,0.0,86.848106,772,0.0,False,False,False,0.0005591819681250319
2248,2249,3,1,6573,360,13995.814,0.0,86.413322,776,0.0,False,False,False,0.0005594548159316827
2249,2250,3,1,6573,360,13995.814,0.0,85.978539,772,0.0,False,False,False,0.0005597276637383336
2250,2251,3,1,6573,360,13995.85,37.799999,85.652451,2504,33.600002,False,False,False,0.0005612478521953154
2251,2252,3,1,6573,360,13995.94,15.65,85.652451,784,0.0,False,False,False,0.000561736279501091
2252,2253,3,1,6573,360,13995.951,0.0,85.652451,774,0.0,False,False,False,0.0005620068970735127
2253,2254,3,1,6573,360,13995.951,0.0,85.652451,768,0.0,False,False,False,0.0005622743124556198
2254,2255,3,1,6573,360,13995.96,4.75,85.652451,794,0.0,False,False,False,0.0005626522473451378
2255,2256,3,1,6573,360,13995.964,5.28,85.652451,1132,11.2,False,False,False,0.0005629642971147172
2256,2257,3,1,6573,360,13996.025,25.449999,85.652451,1228,0.0,False,False,False,0.0005641333068991446
2257,2258,3,1,6573,360,13996.06,6.27,85.652451,846,0.0,False,False,False,0.0005643990237949969
2258,2259,3,1,6573,360,13996.109,13.77,85.652451,836,0.0,False,False,False,0.0005653310265712727
2259,2260,3,1,6573,360,13996.112,0.0,85.652451,762,0.0,False,False,False,0.0005656018898755686
2260,2261,3,1,6573,360,13996.112,0.0,85.326363,768,0.0,False,False,False,0.0005658801615647571
2261,2262,3,1,6573,360,13996.112,0.0,84.891579,780,0.0,False,False,False,0.0005661584332539456
2262,2263,3,1,6573,360,13996.112,0.0,84.456795,782,0.0,False,False,False,0.0005664348474170958
2263,2264,3,1,6573,360,13996.112,0.0,83.913315,1400,13.8,False,False,False,0.0005667274077681167
2264,2265,3,1,6573,360,13996.154,26.0,83.804619,1256,0.0,False,False,False,0.0005678707257203857
2265,2266,3,1,6573,360,13996.186,0.0,83.804619,768,0.0,False,False,False,0.0005681188347429262
2266,2267,3,1,6573,360,13996.186,0.0,83.695923,778,0.0,False,False,False,0.0005683898892248771
2267,2268,3,1,6573,360,13996.189,7.39,83.261139,1850,19.300001,False,False,False,0.0005687447672529106
2268,2269,3,1,6573,360,13996.27,15.07,83.043747,796,0.0,False,False,False,0.0005703967273618355
2269,2270,3,1,6573,360,13996.296,21.109999,83.043747,1256,16.300001,False,False,False,0.0005709008368473454
2270,2271,3,1,6573,360,13996.323,0.0,83.043747,768,0.0,False,False,False,0.0005712673058984207
2271,2272,3,1,6573,360,13996.345,22.559999,83.043747,2004,9.7,False,False,False,0.0005718825248645368
2272,2273,3,1,6573,360,13996.415,42.950001,83.043747,3636,39.900002,False,False,False,0.0005732807807727355
2273,2274,3,1,6573,360,13996.524,19.439999,82.935051,758,0.0,False,False,False,0.000573889710780278
2274,2275,3,1,6573,360,13996.535,0.0,82.935051,776,0.0,False,False,False,0.0005741461621635523
2275,2276,3,1,6573,360,13996.535,0.0,82.935051,768,0.0,False,False,False,0.0005744100657722949
2276,2277,3,1,6573,360,13996.535,0.0,82.608963,772,0.0,False,False,False,0.0005746740408221876
2277,2278,3,1,6573,360,13996.535,0.0,82.174179,766,0.0,False,False,False,0.000574941516488439
2278,2279,3,1,6573,360,13996.558,24.99,81.848091,2222,19.6,False,False,False,0.0005756634121466043
2279,2280,3,1,6573,360,13996.675,42.469997,81.739395,1244,0.0,False,False,False,0.000577295800909794
2280,2281,3,1,6573,360,13996.756,12.219999,81.739395,764,0.0,False,False,False,0.0005774784901237028
2281,2282,3,1,6573,360,13996.763,0.0,81.739395,772,0.0,False,False,False,0.000577749173207176
2282,2283,3,1,6573,360,13996.763,0.0,81.739395,774,0.0,False,False,False,0.0005780113579576965
2283,2284,3,1,6573,360,13996.764,1.49,81.739395,840,16.0,False,False,False,0.000578280573954526
2284,2285,3,1,6573,360,13996.852,43.489998,81.739395,1582,5.8,False,False,False,0.0005800847872945078
2285,2286,3,1,6573,360,13996.947,16.76,81.739395,804,0.0,False,False,False,0.0005803240289451017
2286,2287,3,1,6573,360,13996.959,4.29,81.739395,822,0.0,False,False,False,0.0005806055011305577
2287,2288,3,1,6573,360,13997.023,44.5,81.739395,2498,23.700001,False,False,False,0.0005825192600412216
2288,2289,3,1,6573,360,13997.147,37.239998,81.739395,1076,0.0,False,False,False,0.0005831369680572721
2289,2290,3,1,6573,360,13997.19,0.0,81.739395,784,0.0,False,False,False,0.000583351276129271
2290,2291,3,1,6573,360,13997.19,0.0,81.739395,768,0.0,False,False,False,0.0005836169533346812
2291,2292,3,1,6573,360,13997.191,0.0,81.739395,772,0.0,False,False,False,0.0005838826602666016
2292,2293,3,1,6573,360,13997.191,0.0,81.739395,766,0.0,False,False,False,0.0005841501233980876
2293,2294,3,1,6573,360,13997.191,0.0,81.739395,782,0.0,False,False,False,0.0005844140146394629
2294,2295,3,1,6573,360,13997.191,0.0,81.739395,778,0.0,False,False,False,0.0005846832637160043
2295,2296,3,1,6573,360,13997.192,0.0,81.739395,770,0.0,False,False,False,0.0005849542569497547
2296,2297,3,1,6573,360,13997.23,34.119999,81.739395,2120,26.0,False,False,False,0.0005861262459610965
2297,2298,3,1,6573,360,13997.354,49.489998,81.739395,1800,0.0,False,False,False,0.0005869800120785629
2298,2299,3,1,6573,360,13997.421,0.0,81.739395,792,0.0,False,False,False,0.0005871277910558626
2299,2300,3,1,6573,360,13997.421,0.0,81.739395,760,0.0,False,False,False,0.000587391677961393
2300,2301,3,1,6573,360,13997.421,0.0,81.739395,770,0.0,False,False,False,0.0005876538503878402
2301,2302,3,1,6573,360,13997.422,0.0,81.739395,766,0.0,False,False,False,0.0005879230530412643
2302,2303,3,1,6573,360,13997.426,9.91,81.739395,1960,29.200001,False,False,False,0.0005882567082899177
2303,2304,3,1,6573,360,13997.496,45.91,81.739395,2952,45.400002,False,False,False,0.0005904107841299522
2304,2305,3,1,6573,360,13997.647,60.049999,81.739395,2200,37.400002,False,False,False,0.0005921030082407249
2305,2306,3,1,6573,360,13997.832,65.369995,81.739395,1648,0.0,False,False,False,0.0005933344296152708
2306,2307,3,1,6573,360,13998.009,72.860001,81.739395,1840,34.5,False,False,False,0.000594959328906782
2307,2308,3,1,6573,360,13998.224,86.489998,81.739395,3550,30.300001,False,False,False,0.000597427614559207
2308,2309,3,1,6573,364,13998.458,79.689995,81.739395,1488,3.8,False,False,False,0.0005980765112477926
2309,2310,3,1,6573,364,13998.671,75.409996,81.739395,1898,0.0,False,False,False,0.0005990065052243013
2310,2311,3,1,6573,364,13998.872,71.779999,81.739395,2172,21.0,False,False,False,0.0006004818472626036
2311,2312,3,1,6573,364,13999.089,78.759995,81.739395,1392,0.0,False,False,False,0.00060192767345979
2312,2313,3,1,6573,364,13999.279,64.830002,81.739395,2130,12.3,False,False,False,0.0006024094234122048
2313,2314,3,1,6573,364,13999.452,64.479996,81.739395,1610,0.0,False,False,False,0.0006028893924281873
2314,2315,3,1,6573,364,13999.626,58.689999,81.739395,1514,17.800001,False,False,False,0.0006033957338764709
2315,2316,3,1,6573,364,13999.794,63.049999,81.739395,1846,0.0,False,False,False,0.0006044905024672173
2316,2317,3,1,6573,364,13999.961,59.209999,81.739395,1502,4.5,False,False,False,0.0006052010287008156
2317,2318,3,1,6573,364,14000.13,61.66,81.739395,1684,10.6,False,False,False,0.0006061095068755165
2318,2319,3,1,6573,364,14000.304,59.77,81.739395,1508,0.0,False,False,False,0.0006068556185909541
2319,2320,3,1,6573,364,14000.491,70.099998,81.739395,1314,0.0,False,False,False,0.0006091097726663539
2320,2321,3,1,6573,364,14000.669,52.02,81.739395,1310,0.0,False,True,False,0.0006092260858330532
2321,2322,3,1,6573,364,14000.742,4.54,81.739395,782,0.0,False,False,False,0.000609396459383411
2322,2323,3,1,6573,364,14000.766,14.87,81.739395,1186,0.0,False,False,False,0.0006100053378980909
2323,2324,3,1,6573,364,14000.817,33.469997,81.739395,2492,0.0,False,False,False,0.0006111619656220332
2324,2325,3,1,6573,364,14000.872,11.49,81.739395,1498,0.0,False,False,False,0.0006114687378944759
2325,2326,3,1,6573,364,14000.878,0.0,81.739395,766,0.0,False,False,False,0.0006117432961492736
2326,2327,3,1,6573,364,14000.878,0.0,81.739395,778,0.0,False,False,False,0.0006120106888518812
2327,2328,3,1,6573,364,14000.878,0.0,81.739395,770,0.0,False,False,False,0.0006122780815544886
2328,2329,3,1,6573,364,14000.878,0.0,81.739395,774,0.0,False,False,False,0.00061254904520665
2329,2330,3,1,6573,364,14000.939,44.259998,81.739395,2296,0.0,False,False,False,0.0006147005782556258
2330,2331,3,1,6573,364,14000.998,0.0,81.739395,776,0.0,False,False,False,0.0006149553799393487
2331,2332,3,1,6573,364,14001.033,28.949999,81.739395,1696,12.7,False,False,False,0.0006158407139877474
2332,2333,3,1,6573,364,14001.104,15.929999,81.739395,868,0.0,False,False,False,0.0006162777394025927
2333,2334,3,1,6573,364,14001.129,29.549999,81.739395,2634,31.6,False,False,False,0.0006174607447196066
2334,2335,3,1,6573,364,14001.226,22.769999,81.739395,770,0.0,False,False,False,0.0006183128311169952
2335,2336,3,1,6573,364,14001.239,0.0,81.739395,770,0.0,False,False,False,0.0006185637168455702
2336,2337,3,1,6573,364,14001.239,0.0,81.739395,788,0.0,False,False,False,0.0006188311026543683
2337,2338,3,1,6573,364,14001.239,0.0,81.739395,766,0.0,False,False,False,0.0006190967030344219
2338,2339,3,1,6573,364,14001.239,0.0,81.739395,782,0.0,False,False,False,0.0006193676597007093
2339,2340,3,1,6573,364,14001.239,0.0,81.304611,782,0.0,False,False,False,0.0006196350455095075
2340,2341,3,1,6573,364,14001.239,1.94,80.869827,1358,15.2,False,False,False,0.0006199167861654126
2341,2342,3,1,6573,364,14001.308,23.309999,80.543739,1148,0.0,False,False,False,0.0006215004697796964
2342,2343,3,1,6573,364,14001.32,0.0,80.543739,748,0.0,False,False,False,0.0006217567517382834
2343,2344,3,1,6573,364,14001.32,0.0,80.326347,764,0.0,False,False,False,0.0006220241360003199
2344,2345,3,1,6573,364,14001.32,0.0,79.891563,772,0.0,False,False,False,0.0006222950196824526
2345,2346,3,1,6573,364,14001.32,4.87,79.782867,1586,14.900001,False,False,False,0.0006226268932576888
2346,2347,3,1,6573,364,14001.393,26.609999,79.565475,1254,0.0,False,False,False,0.0006242678662140107
2347,2348,3,1,6573,364,14001.424,4.88,79.565475,812,0.0,False,False,False,0.0006246207085287518
2348,2349,3,1,6573,364,14001.425,0.0,79.565475,778,0.0,False,False,False,0.0006248863321888888
2349,2350,3,1,6573,364,14001.433,11.29,79.565475,1454,3.2,False,False,False,0.000625429666401546
2350,2351,3,1,6573,364,14001.505,32.290001,79.456779,1554,0.0,False,False,False,0.0006271065070142807
2351,2352,3,1,6573,364,14001.558,4.87,79.456779,772,0.0,False,False,False,0.0006273899383241262
2352,2353,3,1,6573,364,14001.564,0.0,79.456779,764,0.0,False,False,False,0.0006276783309113959
2353,2354,3,1,6573,364,14001.572,5.48,79.456779,796,0.0,False,False,False,0.0006280374062707908
2354,2355,3,1,6573,364,14001.588,20.309999,79.456779,2326,14.2,False,False,False,0.0006287623402188223
2355,2356,3,1,6573,364,14001.66,31.959999,79.239388,1462,0.0,False,False,False,0.000629821691021563
2356,2357,3,1,6573,364,14001.756,36.329998,79.130692,1578,0.0,False,False,False,0.00063062442850536
2357,2358,3,1,6573,364,14001.822,20.869999,79.130692,1148,0.0,False,False,False,0.0006309289656042189
2358,2359,3,1,6573,364,14001.879,20.9,79.130692,1068,0.0,False,False,False,0.0006313306713569401
2359,2360,3,1,6573,364,14001.909,0.0,79.130692,788,0.0,False,False,False,0.0006315701973068597
2360,2361,3,1,6573,364,14001.909,0.0,79.130692,776,0.0,False,False,False,0.0006318410695948963
2361,2362,3,1,6573,364,14001.921,16.49,79.130692,1274,0.0,False,False,False,0.0006323301402614498
2362,2363,3,1,6573,364,14001.983,30.189999,79.130692,1458,9.8,False,False,False,0.0006330461873730761
2363,2364,3,1,6573,364,14002.071,24.269999,79.130692,792,0.0,False,False,False,0.0006336574312877511
2364,2365,3,1,6573,364,14002.128,11.24,79.130692,762,0.0,False,False,False,0.0006339029394003968
2365,2366,3,1,6573,364,14002.17,13.42,79.130692,770,0.0,False,False,False,0.0006344496996037325
2366,2367,3,1,6573,364,14002.187,0.0,79.130692,772,0.0,False,False,False,0.0006347392918483485
2367,2368,3,1,6573,364,14002.187,0.0,79.130692,786,0.0,False,False,False,0.0006350315110410223
2368,2369,3,1,6573,364,14002.189,5.7,79.130692,952,7.0,False,False,False,0.0006353235680815277
2369,2370,3,1,6573,364,14002.223,15.589999,79.130692,1222,0.0,False,False,False,0.0006357351446877622
2370,2371,3,1,6573,364,14002.257,19.559999,79.130692,1800,14.3,False,False,False,0.0006362593359530573
2371,2372,3,1,6573,364,14002.294,0.0,79.130692,782,0.0,False,False,False,0.0006366450636543087
2372,2373,3,1,6573,364,14002.338,21.719999,79.130692,1350,16.200001,False,False,False,0.0006374566549775489
2373,2374,3,1,6573,364,14002.414,27.01,79.130692,1294,0.0,False,False,False,0.0006381937290435032
2374,2375,3,1,6573,364,14002.486,20.469999,79.130692,1036,0.0,False,False,False,0.0006385534287676654
2375,2376,3,1,6573,364,14002.509,5.95,79.130692,784,0.0,False,False,False,0.000638818241913509
2376,2377,3,1,6573,364,14002.53,11.19,79.130692,1482,0.0,False,False,False,0.0006392390347291005
2377,2378,3,1,6573,364,14002.605,36.439999,79.130692,1072,0.0,False,False,False,0.0006405779083314618
2378,2379,3,1,6573,364,14002.696,34.130001,79.130692,2318,28.700001,False,False,False,0.0006411583770456028
2379,2380,3,1,6573,364,14002.808,43.18,79.130692,1594,0.0,False,False,False,0.0006421584043425902
2380,2381,3,1,6573,364,14002.86,2.97,83.478531,778,0.0,False,False,False,0.0006423915263363101
2381,2382,3,1,6573,364,14002.861,0.0,83.478531,776,0.0,False,False,False,0.0006426694752254395
2382,2383,3,1,6573,364,14002.862,0.0,83.478531,772,0.0,False,False,False,0.0006429456388530536
2383,2384,3,1,6573,364,14002.862,0.0,83.478531,780,0.0,False,False,False,0.0006432165641163845
2384,2385,3,1,6573,364,14002.867,6.16,83.478531,792,0.0,False,False,False,0.000643523606729484
2385,2386,3,1,6573,364,14002.875,2.08,83.478531,780,0.0,False,False,False,0.0006438153725308173
2386,2387,3,1,6573,364,14002.918,30.92,83.478531,1458,0.0,False,False,False,0.000644812616012176
2387,2388,3,1,6573,364,14002.993,11.099999,83.478531,800,0.0,False,False,False,0.000645046452108338
2388,2389,3,1,6573,364,14003.002,10.15,83.478531,1388,10.900001,False,False,False,0.000645395794716396
2389,2390,3,1,6573,364,14003.046,18.32,83.478531,1926,26.6,False,False,False,0.0006459623882983531
2390,2391,3,1,6573,364,14003.091,14.88,83.478531,818,0.0,False,False,False,0.0006464373874748458
2391,2392,3,1,6573,364,14003.142,14.679999,83.478531,840,0.0,False,False,False,0.0006470071497418407
2392,2393,3,1,6573,364,14003.163,9.82,83.478531,1202,0.0,False,False,False,0.0006473292977238268
2393,2394,3,1,6573,364,14003.196,13.389999,83.478531,1886,16.800001,False,False,False,0.0006476833800383828
2394,2395,3,1,6573,364,14003.229,3.23,83.478531,764,0.0,False,False,False,0.0006480338189271256
2395,2396,3,1,6573,364,14003.229,0.0,83.478531,782,0.0,False,False,False,0.0006483100212085935
2396,2397,3,1,6573,364,14003.241,8.62,83.478531,1068,0.0,False,False,False,0.0006486792822260057
2397,2398,3,1,6573,364,14003.277,0.75,83.478531,808,0.0,False,False,False,0.0006491101254281102
2398,2399,3,1,6573,368,14003.289,18.18,83.478531,1460,0.0,False,False,False,0.0006496653989359974
2399,2400,3,1,6573,368,14003.308,0.0,83.478531,768,0.0,False,False,False,0.0006499035868105729
2400,2401,3,1,6573,368,14003.308,0.0,83.478531,772,0.0,False,False,False,0.0006501691479507591
2401,2402,3,1,6573,368,14003.308,0.0,83.152443,780,0.0,False,False,False,0.0006504364942559103
2402,2403,3,1,6573,368,14003.308,0.0,82.935051,780,0.0,False,False,False,0.0006506967713078004
2403,2404,3,1,6573,368,14003.309,2.63,82.935051,774,4.0,False,False,False,0.0006509587870419026
2404,2405,3,1,6573,368,14003.347,25.699999,82.608963,1430,0.0,False,False,False,0.0006516980763187316
2405,2406,3,1,6573,368,14003.376,0.0,82.608963,768,0.0,False,False,False,0.000651958930551422
2406,2407,3,1,6573,368,14003.376,0.0,82.608963,770,0.0,False,False,False,0.0006522244904021429
2407,2408,3,1,6573,368,14003.376,0.0,82.391571,778,0.0,False,False,False,0.0006524936205654575
2408,2409,3,1,6573,368,14003.376,0.0,81.956787,780,0.0,False,False,False,0.0006527645358850691
2409,2410,3,1,6573,368,14003.376,0.0,81.522003,788,0.0,False,False,False,0.0006530283105794932
2410,2411,3,1,6573,368,14003.376,0.0,81.087219,776,0.0,False,False,False,0.0006532974407428078
2411,2412,3,1,6573,368,14003.4,14.799999,80.761131,1154,0.0,False,False,False,0.0006537595327182885
2412,2413,3,1,6573,368,14003.466,36.860001,80.761131,2078,15.5,False,False,False,0.0006548183986451179
2413,2414,3,1,6573,368,14003.57,36.130001,80.761131,1054,0.0,False,False,False,0.0006551872710122481
2414,2415,3,1,6573,368,14003.626,5.67,80.761131,800,0.0,False,False,False,0.0006553900832482067
2415,2416,3,1,6573,368,14003.63,0.0,80.761131,764,0.0,False,False,False,0.0006556589499329865
2416,2417,3,1,6573,368,14003.63,0.0,80.761131,774,0.0,False,False,False,0.0006559210061244031
2417,2418,3,1,6573,368,14003.649,20.52,80.761131,1862,14.900001,False,False,False,0.0006565297709353516
2418,2419,3,1,6573,368,14003.738,41.299999,80.761131,2048,6.3,False,False,False,0.0006580610790433923
2419,2420,3,1,6573,368,14003.848,37.919998,80.761131,1074,0.0,False,False,False,0.0006584762647905925
2420,2421,3,1,6573,368,14003.921,0.0,80.761131,782,0.0,False,False,False,0.0006588088572581024
2421,2422,3,1,6573,368,14003.921,0.0,80.761131,780,0.0,False,False,False,0.0006590726930912356
2422,2423,3,1,6573,368,14003.921,0.0,80.761131,764,0.0,False,False,False,0.0006593364575208957
2423,2424,3,1,6573,368,14003.921,0.0,80.761131,764,0.0,False,False,False,0.0006596020784408566
2424,2425,3,1,6573,368,14003.921,0.0,80.761131,774,0.0,False,False,False,0.0006598658428705168
2425,2426,3,1,6573,368,14003.921,0.0,80.761131,774,0.0,False,False,False,0.0006601261085299945
2426,2427,3,1,6573,368,14003.937,28.629999,80.761131,3206,36.400002,False,False,False,0.0006610665224698976
2427,2428,3,1,6573,368,14004.043,39.610001,80.761131,1368,0.0,False,False,False,0.0006620927904327035
2428,2429,3,1,6573,368,14004.115,8.76,80.761131,818,0.0,False,False,False,0.0006622788174177791
2429,2430,3,1,6573,368,14004.122,1.87,80.761131,776,0.0,False,False,False,0.0006625476022272422
2430,2431,3,1,6573,368,14004.122,0.0,80.761131,770,0.0,False,False,False,0.0006628114342738321
2431,2432,3,1,6573,368,14004.123,0.0,80.761131,770,0.0,False,False,False,0.0006630751475727846
2432,2433,3,1,6573,368,14004.143,18.0,80.761131,1384,0.0,False,False,False,0.0006635228215806151
2433,2434,3,1,6573,368,14004.196,13.27,80.761131,816,0.0,False,False,False,0.0006638472606881046
2434,2435,3,1,6573,368,14004.259,36.59,80.761131,1752,0.0,False,False,False,0.0006652707386561006
2435,2436,3,1,6573,368,14004.32,23.58,80.761131,2042,37.900002,False,False,False,0.0006659717164620301
2436,2437,3,1,6573,368,14004.443,47.09,80.761131,1708,0.0,False,False,False,0.0006682117802342989
2437,2438,3,1,6573,368,14004.49,0.0,80.761131,776,0.0,False,False,False,0.0006683953935206837
2438,2439,3,1,6573,368,14004.49,0.0,80.761131,772,0.0,False,False,False,0.000668650364964025
2439,2440,3,1,6573,368,14004.491,0.0,80.761131,772,0.0,False,False,False,0.0006689052172465786
2440,2441,3,1,6573,368,14004.553,45.369999,80.761131,2078,17.1,False,False,False,0.0006710407650451217
2441,2442,3,1,6573,368,14004.689,46.829998,80.761131,1478,0.0,False,False,False,0.0006718872595271821
2442,2443,3,1,6573,368,14004.825,48.509998,80.761131,1764,0.0,False,False,False,0.0006729335115924981
2443,2444,3,1,6573,368,14004.887,0.0,80.761131,778,0.0,False,False,False,0.0006730898228723393
2444,2445,3,1,6573,368,14004.909,23.34,80.761131,1796,15.900001,False,False,False,0.0006737932539758755
2445,2446,3,1,6573,368,14004.951,2.15,80.761131,758,0.0,False,False,False,0.0006741501523173972
2446,2447,3,1,6573,368,14004.955,0.0,80.761131,780,0.0,False,False,False,0.0006744874590843679
2447,2448,3,1,6573,368,14004.955,0.0,80.761131,802,0.0,False,False,False,0.0006747494904845832
2448,2449,3,1,6573,368,14004.955,0.0,80.761131,774,0.0,False,False,False,0.0006750238737736913
2449,2450,3,1,6573,368,14004.955,0.0,80.326347,774,0.0,False,False,False,0.000675298328461001
2450,2451,3,1,6573,368,14004.955,0.0,79.782867,766,0.0,False,False,False,0.0006755727117501091
2451,2452,3,1,6573,368,14004.955,0.0,79.348083,762,0.0,False,False,False,0.0006758543062575883
2452,2453,3,1,6573,368,14004.964,4.26,78.9133,840,0.0,False,False,False,0.0006765101638130728
2453,2454,3,1,6573,368,14004.975,4.26,78.9133,782,0.0,False,False,False,0.0006768487734698941
2454,2455,4,1,6573,360,13995.376,0.0,89.674202,776,0.0,False,False,False,0.0005524861578454308
2455,2456,4,1,6573,360,13995.376,0.0,89.674202,782,0.0,False,False,False,0.0005527049287615594
2456,2457,4,1,6573,360,13995.376,0.0,89.674202,766,0.0,False,False,False,0.000552923628230622
2457,2458,4,1,6573,360,13995.378,0.82,89.674202,752,3.8,False,False,False,0.0005531945479037505
2458,2459,4,1,6573,360,13995.389,2.35,89.565506,774,0.0,False,False,False,0.0005535851425678438
2459,2460,4,1,6573,360,13995.418,19.1,89.239418,1680,9.3,False,False,False,0.0005542450218334433
2460,2461,4,1,6573,360,13995.468,21.24,89.239418,1280,8.6,False,False,False,0.000554841192792353
2461,2462,4,1,6573,360,13995.528,20.789999,88.91333,1192,6.3,False,False,False,0.0005552513451907501
2462,2463,4,1,6573,360,13995.582,15.059999,88.695938,776,0.0,False,False,False,0.000555584499129859
2463,2464,4,1,6573,360,13995.637,27.76,88.36985,1656,13.3,False,False,False,0.0005564860330377932
2464,2465,4,1,6573,360,13995.691,5.21,88.36985,794,0.0,False,False,False,0.0005567618089161217
2465,2466,4,1,6573,360,13995.692,0.0,88.043762,772,0.0,False,False,False,0.0005570346193229087
2466,2467,4,1,6573,360,13995.693,4.65,87.608978,1140,7.0,False,False,False,0.0005573395801422522
2467,2468,4,1,6573,360,13995.734,25.369999,87.174194,2120,9.1,False,False,False,0.0005582526609421883
2468,2469,4,1,6573,360,13995.802,16.77,87.065498,870,0.0,False,False,False,0.0005586476110757301
2469,2470,4,1,6573,360,13995.814,0.0,87.065498,770,0.0,False,False,False,0.000558910977883967
2470,2471,4,1,6573,360,13995.814,0.0,86.848106,772,0.0,False,False,False,0.0005591819681250319
2471,2472,4,1,6573,360,13995.814,0.0,86.413322,776,0.0,False,False,False,0.0005594548159316827
2472,2473,4,1,6573,360,13995.814,0.0,85.978539,772,0.0,False,False,False,0.0005597276637383336
2473,2474,4,1,6573,360,13995.85,37.799999,85.652451,2504,33.600002,False,False,False,0.0005612478521953154
2474,2475,4,1,6573,360,13995.94,15.65,85.652451,784,0.0,False,False,False,0.000561736279501091
2475,2476,4,1,6573,360,13995.951,0.0,85.652451,774,0.0,False,False,False,0.0005620068970735127
2476,2477,4,1,6573,360,13995.951,0.0,85.652451,768,0.0,False,False,False,0.0005622743124556198
2477,2478,4,1,6573,360,13995.96,4.75,85.652451,794,0.0,False,False,False,0.0005626522473451378
2478,2479,4,1,6573,360,13995.964,5.28,85.652451,1132,11.2,False,False,False,0.0005629642971147172
2479,2480,4,1,6573,360,13996.025,25.449999,85.652451,1228,0.0,False,False,False,0.0005641333068991446
2480,2481,4,1,6573,360,13996.06,6.27,85.652451,846,0.0,False,False,False,0.0005643990237949969
2481,2482,4,1,6573,360,13996.109,13.77,85.652451,836,0.0,False,False,False,0.0005653310265712727
2482,2483,4,1,6573,360,13996.112,0.0,85.652451,762,0.0,False,False,False,0.0005656018898755686
2483,2484,4,1,6573,360,13996.112,0.0,85.326363,768,0.0,False,False,False,0.0005658801615647571
2484,2485,4,1,6573,360,13996.112,0.0,84.891579,780,0.0,False,False,False,0.0005661584332539456
2485,2486,4,1,6573,360,13996.112,0.0,84.456795,782,0.0,False,False,False,0.0005664348474170958
2486,2487,4,1,6573,360,13996.112,0.0,83.913315,1400,13.8,False,False,False,0.0005667274077681167
2487,2488,4,1,6573,360,13996.154,26.0,83.804619,1256,0.0,False,False,False,0.0005678707257203857
2488,2489,4,1,6573,360,13996.186,0.0,83.804619,768,0.0,False,False,False,0.0005681188347429262
2489,2490,4,1,6573,360,13996.186,0.0,83.695923,778,0.0,False,False,False,0.0005683898892248771
2490,2491,4,1,6573,360,13996.189,7.39,83.261139,1850,19.300001,False,False,False,0.0005687447672529106
2491,2492,4,1,6573,360,13996.27,15.07,83.043747,796,0.0,False,False,False,0.0005703967273618355
2492,2493,4,1,6573,360,13996.296,21.109999,83.043747,1256,16.300001,False,False,False,0.0005709008368473454
2493,2494,4,1,6573,360,13996.323,0.0,83.043747,768,0.0,False,False,False,0.0005712673058984207
2494,2495,4,1,6573,360,13996.345,22.559999,83.043747,2004,9.7,False,False,False,0.0005718825248645368
2495,2496,4,1,6573,360,13996.415,42.950001,83.043747,3636,39.900002,False,False,False,0.0005732807807727355
2496,2497,4,1,6573,360,13996.524,19.439999,82.935051,758,0.0,False,False,False,0.000573889710780278
2497,2498,4,1,6573,360,13996.535,0.0,82.935051,776,0.0,False,False,False,0.0005741461621635523
2498,2499,4,1,6573,360,13996.535,0.0,82.935051,768,0.0,False,False,False,0.0005744100657722949
2499,2500,4,1,6573,360,13996.535,0.0,82.608963,772,0.0,False,False,False,0.0005746740408221876
2500,2501,4,1,6573,360,13996.535,0.0,82.174179,766,0.0,False,False,False,0.000574941516488439
2501,2502,4,1,6573,360,13996.558,24.99,81.848091,2222,19.6,False,False,False,0.0005756634121466043
2502,2503,4,1,6573,360,13996.675,42.469997,81.739395,1244,0.0,False,False,False,0.000577295800909794
2503,2504,4,1,6573,360,13996.756,12.219999,81.739395,764,0.0,False,False,False,0.0005774784901237028
2504,2505,4,1,6573,360,13996.763,0.0,81.739395,772,0.0,False,False,False,0.000577749173207176
2505,2506,4,1,6573,360,13996.763,0.0,81.739395,774,0.0,False,False,False,0.0005780113579576965
2506,2507,4,1,6573,360,13996.764,1.49,81.739395,840,16.0,False,False,False,0.000578280573954526
2507,2508,4,1,6573,360,13996.852,43.489998,81.739395,1582,5.8,False,False,False,0.0005800847872945078
2508,2509,4,1,6573,360,13996.947,16.76,81.739395,804,0.0,False,False,False,0.0005803240289451017
2509,2510,4,1,6573,360,13996.959,4.29,81.739395,822,0.0,False,False,False,0.0005806055011305577
2510,2511,4,1,6573,360,13997.023,44.5,81.739395,2498,23.700001,False,False,False,0.0005825192600412216
2511,2512,4,1,6573,360,13997.147,37.239998,81.739395,1076,0.0,False,False,False,0.0005831369680572721
2512,2513,4,1,6573,360,13997.19,0.0,81.739395,784,0.0,False,False,False,0.000583351276129271
2513,2514,4,1,6573,360,13997.19,0.0,81.739395,768,0.0,False,False,False,0.0005836169533346812
2514,2515,4,1,6573,360,13997.191,0.0,81.739395,772,0.0,False,False,False,0.0005838826602666016
2515,2516,4,1,6573,360,13997.191,0.0,81.739395,766,0.0,False,False,False,0.0005841501233980876
2516,2517,4,1,6573,360,13997.191,0.0,81.739395,782,0.0,False,False,False,0.0005844140146394629
2517,2518,4,1,6573,360,13997.191,0.0,81.739395,778,0.0,False,False,False,0.0005846832637160043
2518,2519,4,1,6573,360,13997.192,0.0,81.739395,770,0.0,False,False,False,0.0005849542569497547
2519,2520,4,1,6573,360,13997.23,34.119999,81.739395,2120,26.0,False,False,False,0.0005861262459610965
2520,2521,4,1,6573,360,13997.354,49.489998,81.739395,1800,0.0,False,False,False,0.0005869800120785629
2521,2522,4,1,6573,360,13997.421,0.0,81.739395,792,0.0,False,False,False,0.0005871277910558626
2522,2523,4,1,6573,360,13997.421,0.0,81.739395,760,0.0,False,False,False,0.000587391677961393
2523,2524,4,1,6573,360,13997.421,0.0,81.739395,770,0.0,False,False,False,0.0005876538503878402
2524,2525,4,1,6573,360,13997.422,0.0,81.739395,766,0.0,False,False,False,0.0005879230530412643
2525,2526,4,1,6573,360,13997.426,9.91,81.739395,1960,29.200001,False,False,False,0.0005882567082899177
2526,2527,4,1,6573,360,13997.496,45.91,81.739395,2952,45.400002,False,False,False,0.0005904107841299522
2527,2528,4,1,6573,360,13997.647,60.049999,81.739395,2200,37.400002,False,False,False,0.0005921030082407249
2528,2529,4,1,6573,360,13997.832,65.369995,81.739395,1648,0.0,False,False,False,0.0005933344296152708
2529,2530,4,1,6573,360,13998.009,72.860001,81.739395,1840,34.5,False,False,False,0.000594959328906782
2530,2531,4,1,6573,360,13998.224,86.489998,81.739395,3550,30.300001,False,False,False,0.000597427614559207
2531,2532,4,1,6573,364,13998.458,79.689995,81.739395,1488,3.8,False,False,False,0.0005980765112477926
2532,2533,4,1,6573,364,13998.671,75.409996,81.739395,1898,0.0,False,False,False,0.0005990065052243013
2533,2534,4,1,6573,364,13998.872,71.779999,81.739395,2172,21.0,False,False,False,0.0006004818472626036
2534,2535,4,1,6573,364,13999.089,78.759995,81.739395,1392,0.0,False,False,False,0.00060192767345979
2535,2536,4,1,6573,364,13999.279,64.830002,81.739395,2130,12.3,False,False,False,0.0006024094234122048
2536,2537,4,1,6573,364,13999.452,64.479996,81.739395,1610,0.0,False,False,False,0.0006028893924281873
2537,2538,4,1,6573,364,13999.626,58.689999,81.739395,1514,17.800001,False,False,False,0.0006033957338764709
2538,2539,4,1,6573,364,13999.794,63.049999,81.739395,1846,0.0,False,False,False,0.0006044905024672173
2539,2540,4,1,6573,364,13999.961,59.209999,81.739395,1502,4.5,False,False,False,0.0006052010287008156
2540,2541,4,1,6573,364,14000.13,61.66,81.739395,1684,10.6,False,False,False,0.0006061095068755165
2541,2542,4,1,6573,364,14000.304,59.77,81.739395,1508,0.0,False,False,False,0.0006068556185909541
2542,2543,4,1,6573,364,14000.491,70.099998,81.739395,1314,0.0,False,False,False,0.0006091097726663539
2543,2544,4,1,6573,364,14000.669,52.02,81.739395,1310,0.0,False,True,False,0.0006092260858330532
2544,2545,4,1,6573,364,14000.742,4.54,81.739395,782,0.0,False,False,False,0.000609396459383411
2545,2546,4,1,6573,364,14000.766,14.87,81.739395,1186,0.0,False,False,False,0.0006100053378980909
2546,2547,4,1,6573,364,14000.817,33.469997,81.739395,2492,0.0,False,False,False,0.0006111619656220332
2547,2548,4,1,6573,364,14000.872,11.49,81.739395,1498,0.0,False,False,False,0.0006114687378944759
2548,2549,4,1,6573,364,14000.878,0.0,81.739395,766,0.0,False,False,False,0.0006117432961492736
2549,2550,4,1,6573,364,14000.878,0.0,81.739395,778,0.0,False,False,False,0.0006120106888518812
2550,2551,4,1,6573,364,14000.878,0.0,81.739395,770,0.0,False,False,False,0.0006122780815544886
2551,2552,4,1,6573,364,14000.878,0.0,81.739395,774,0.0,False,False,False,0.00061254904520665
2552,2553,4,1,6573,364,14000.939,44.259998,81.739395,2296,0.0,False,False,False,0.0006147005782556258
2553,2554,4,1,6573,364,14000.998,0.0,81.739395,776,0.0,False,False,False,0.0006149553799393487
2554,2555,4,1,6573,364,14001.033,28.949999,81.739395,1696,12.7,False,False,False,0.0006158407139877474
2555,2556,4,1,6573,364,14001.104,15.929999,81.739395,868,0.0,False,False,False,0.0006162777394025927
2556,2557,4,1,6573,364,14001.129,29.549999,81.739395,2634,31.6,False,False,False,0.0006174607447196066
2557,2558,4,1,6573,364,14001.226,22.769999,81.739395,770,0.0,False,False,False,0.0006183128311169952
2558,2559,4,1,6573,364,14001.239,0.0,81.739395,770,0.0,False,False,False,0.0006185637168455702
2559,2560,4,1,6573,364,14001.239,0.0,81.739395,788,0.0,False,False,False,0.0006188311026543683
2560,2561,4,1,6573,364,14001.239,0.0,81.739395,766,0.0,False,False,False,0.0006190967030344219
2561,2562,4,1,6573,364,14001.239,0.0,81.739395,782,0.0,False,False,False,0.0006193676597007093
2562,2563,4,1,6573,364,14001.239,0.0,81.304611,782,0.0,False,False,False,0.0006196350455095075
2563,2564,4,1,6573,364,14001.239,1.94,80.869827,1358,15.2,False,False,False,0.0006199167861654126
2564,2565,4,1,6573,364,14001.308,23.309999,80.543739,1148,0.0,False,False,False,0.0006215004697796964
2565,2566,4,1,6573,364,14001.32,0.0,80.543739,748,0.0,False,False,False,0.0006217567517382834
2566,2567,4,1,6573,364,14001.32,0.0,80.326347,764,0.0,False,False,False,0.0006220241360003199
2567,2568,4,1,6573,364,14001.32,0.0,79.891563,772,0.0,False,False,False,0.0006222950196824526
2568,2569,4,1,6573,364,14001.32,4.87,79.782867,1586,14.900001,False,False,False,0.0006226268932576888
2569,2570,4,1,6573,364,14001.393,26.609999,79.565475,1254,0.0,False,False,False,0.0006242678662140107
2570,2571,4,1,6573,364,14001.424,4.88,79.565475,812,0.0,False,False,False,0.0006246207085287518
2571,2572,4,1,6573,364,14001.425,0.0,79.565475,778,0.0,False,False,False,0.0006248863321888888
2572,2573,4,1,6573,364,14001.433,11.29,79.565475,1454,3.2,False,False,False,0.000625429666401546
2573,2574,4,1,6573,364,14001.505,32.290001,79.456779,1554,0.0,False,False,False,0.0006271065070142807
2574,2575,4,1,6573,364,14001.558,4.87,79.456779,772,0.0,False,False,False,0.0006273899383241262
2575,2576,4,1,6573,364,14001.564,0.0,79.456779,764,0.0,False,False,False,0.0006276783309113959
2576,2577,4,1,6573,364,14001.572,5.48,79.456779,796,0.0,False,False,False,0.0006280374062707908
2577,2578,4,1,6573,364,14001.588,20.309999,79.456779,2326,14.2,False,False,False,0.0006287623402188223
2578,2579,4,1,6573,364,14001.66,31.959999,79.239388,1462,0.0,False,False,False,0.000629821691021563
2579,2580,4,1,6573,364,14001.756,36.329998,79.130692,1578,0.0,False,False,False,0.00063062442850536
2580,2581,4,1,6573,364,14001.822,20.869999,79.130692,1148,0.0,False,False,False,0.0006309289656042189
2581,2582,4,1,6573,364,14001.879,20.9,79.130692,1068,0.0,False,False,False,0.0006313306713569401
2582,2583,4,1,6573,364,14001.909,0.0,79.130692,788,0.0,False,False,False,0.0006315701973068597
2583,2584,4,1,6573,364,14001.909,0.0,79.130692,776,0.0,False,False,False,0.0006318410695948963
2584,2585,4,1,6573,364,14001.921,16.49,79.130692,1274,0.0,False,False,False,0.0006323301402614498
2585,2586,4,1,6573,364,14001.983,30.189999,79.130692,1458,9.8,False,False,False,0.0006330461873730761
2586,2587,4,1,6573,364,14002.071,24.269999,79.130692,792,0.0,False,False,False,0.0006336574312877511
2587,2588,4,1,6573,364,14002.128,11.24,79.130692,762,0.0,False,False,False,0.0006339029394003968
2588,2589,4,1,6573,364,14002.17,13.42,79.130692,770,0.0,False,False,False,0.0006344496996037325
2589,2590,4,1,6573,364,14002.187,0.0,79.130692,772,0.0,False,False,False,0.0006347392918483485
2590,2591,4,1,6573,364,14002.187,0.0,79.130692,786,0.0,False,False,False,0.0006350315110410223
2591,2592,4,1,6573,364,14002.189,5.7,79.130692,952,7.0,False,False,False,0.0006353235680815277
2592,2593,4,1,6573,364,14002.223,15.589999,79.130692,1222,0.0,False,False,False,0.0006357351446877622
2593,2594,4,1,6573,364,14002.257,19.559999,79.130692,1800,14.3,False,False,False,0.0006362593359530573
2594,2595,4,1,6573,364,14002.294,0.0,79.130692,782,0.0,False,False,False,0.0006366450636543087
2595,2596,4,1,6573,364,14002.338,21.719999,79.130692,1350,16.200001,False,False,False,0.0006374566549775489
2596,2597,4,1,6573,364,14002.414,27.01,79.130692,1294,0.0,False,False,False,0.0006381937290435032
2597,2598,4,1,6573,364,14002.486,20.469999,79.130692,1036,0.0,False,False,False,0.0006385534287676654
2598,2599,4,1,6573,364,14002.509,5.95,79.130692,784,0.0,False,False,False,0.000638818241913509
2599,2600,4,1,6573,364,14002.53,11.19,79.130692,1482,0.0,False,False,False,0.0006392390347291005
2600,2601,4,1,6573,364,14002.605,36.439999,79.130692,1072,0.0,False,False,False,0.0006405779083314618
2601,2602,4,1,6573,364,14002.696,34.130001,79.130692,2318,28.700001,False,False,False,0.0006411583770456028
2602,2603,4,1,6573,364,14002.808,43.18,79.130692,1594,0.0,False,False,False,0.0006421584043425902
2603,2604,4,1,6573,364,14002.86,2.97,83.478531,778,0.0,False,False,False,0.0006423915263363101
2604,2605,4,1,6573,364,14002.861,0.0,83.478531,776,0.0,False,False,False,0.0006426694752254395
2605,2606,4,1,6573,364,14002.862,0.0,83.478531,772,0.0,False,False,False,0.0006429456388530536
2606,2607,4,1,6573,364,14002.862,0.0,83.478531,780,0.0,False,False,False,0.0006432165641163845
2607,2608,4,1,6573,364,14002.867,6.16,83.478531,792,0.0,False,False,False,0.000643523606729484
2608,2609,4,1,6573,364,14002.875,2.08,83.478531,780,0.0,False,False,False,0.0006438153725308173
2609,2610,4,1,6573,364,14002.918,30.92,83.478531,1458,0.0,False,False,False,0.000644812616012176
2610,2611,4,1,6573,364,14002.993,11.099999,83.478531,800,0.0,False,False,False,0.000645046452108338
2611,2612,4,1,6573,364,14003.002,10.15,83.478531,1388,10.900001,False,False,False,0.000645395794716396
2612,2613,4,1,6573,364,14003.046,18.32,83.478531,1926,26.6,False,False,False,0.0006459623882983531
2613,2614,4,1,6573,364,14003.091,14.88,83.478531,818,0.0,False,False,False,0.0006464373874748458
2614,2615,4,1,6573,364,14003.142,14.679999,83.478531,840,0.0,False,False,False,0.0006470071497418407
2615,2616,4,1,6573,364,14003.163,9.82,83.478531,1202,0.0,False,False,False,0.0006473292977238268
2616,2617,4,1,6573,364,14003.196,13.389999,83.478531,1886,16.800001,False,False,False,0.0006476833800383828
2617,2618,4,1,6573,364,14003.229,3.23,83.478531,764,0.0,False,False,False,0.0006480338189271256
2618,2619,4,1,6573,364,14003.229,0.0,83.478531,782,0.0,False,False,False,0.0006483100212085935
2619,2620,4,1,6573,364,14003.241,8.62,83.478531,1068,0.0,False,False,False,0.0006486792822260057
2620,2621,4,1,6573,364,14003.277,0.75,83.478531,808,0.0,False,False,False,0.0006491101254281102
2621,2622,4,1,6573,368,14003.289,18.18,83.478531,1460,0.0,False,False,False,0.0006496653989359974
2622,2623,4,1,6573,368,14003.308,0.0,83.478531,768,0.0,False,False,False,0.0006499035868105729
2623,2624,4,1,6573,368,14003.308,0.0,83.478531,772,0.0,False,False,False,0.0006501691479507591
2624,2625,4,1,6573,368,14003.308,0.0,83.152443,780,0.0,False,False,False,0.0006504364942559103
2625,2626,4,1,6573,368,14003.308,0.0,82.935051,780,0.0,False,False,False,0.0006506967713078004
2626,2627,4,1,6573,368,14003.309,2.63,82.935051,774,4.0,False,False,False,0.0006509587870419026
2627,2628,4,1,6573,368,14003.347,25.699999,82.608963,1430,0.0,False,False,False,0.0006516980763187316
2628,2629,4,1,6573,368,14003.376,0.0,82.608963,768,0.0,False,False,False,0.000651958930551422
2629,2630,4,1,6573,368,14003.376,0.0,82.608963,770,0.0,False,False,False,0.0006522244904021429
2630,2631,4,1,6573,368,14003.376,0.0,82.391571,778,0.0,False,False,False,0.0006524936205654575
2631,2632,4,1,6573,368,14003.376,0.0,81.956787,780,0.0,False,False,False,0.0006527645358850691
2632,2633,4,1,6573,368,14003.376,0.0,81.522003,788,0.0,False,False,False,0.0006530283105794932
2633,2634,4,1,6573,368,14003.376,0.0,81.087219,776,0.0,False,False,False,0.0006532974407428078
2634,2635,4,1,6573,368,14003.4,14.799999,80.761131,1154,0.0,False,False,False,0.0006537595327182885
2635,2636,4,1,6573,368,14003.466,36.860001,80.761131,2078,15.5,False,False,False,0.0006548183986451179
2636,2637,4,1,6573,368,14003.57,36.130001,80.761131,1054,0.0,False,False,False,0.0006551872710122481
2637,2638,4,1,6573,368,14003.626,5.67,80.761131,800,0.0,False,False,False,0.0006553900832482067
2638,2639,4,1,6573,368,14003.63,0.0,80.761131,764,0.0,False,False,False,0.0006556589499329865
2639,2640,4,1,6573,368,14003.63,0.0,80.761131,774,0.0,False,False,False,0.0006559210061244031
2640,2641,4,1,6573,368,14003.649,20.52,80.761131,1862,14.900001,False,False,False,0.0006565297709353516
2641,2642,4,1,6573,368,14003.738,41.299999,80.761131,2048,6.3,False,False,False,0.0006580610790433923
2642,2643,4,1,6573,368,14003.848,37.919998,80.761131,1074,0.0,False,False,False,0.0006584762647905925
2643,2644,4,1,6573,368,14003.921,0.0,80.761131,782,0.0,False,False,False,0.0006588088572581024
2644,2645,4,1,6573,368,14003.921,0.0,80.761131,780,0.0,False,False,False,0.0006590726930912356
2645,2646,4,1,6573,368,14003.921,0.0,80.761131,764,0.0,False,False,False,0.0006593364575208957
2646,2647,4,1,6573,368,14003.921,0.0,80.761131,764,0.0,False,False,False,0.0006596020784408566
2647,2648,4,1,6573,368,14003.921,0.0,80.761131,774,0.0,False,False,False,0.0006598658428705168
2648,2649,4,1,6573,368,14003.921,0.0,80.761131,774,0.0,False,False,False,0.0006601261085299945
2649,2650,4,1,6573,368,14003.937,28.629999,80.761131,3206,36.400002,False,False,False,0.0006610665224698976
2650,2651,4,1,6573,368,14004.043,39.610001,80.761131,1368,0.0,False,False,False,0.0006620927904327035
2651,2652,4,1,6573,368,14004.115,8.76,80.761131,818,0.0,False,False,False,0.0006622788174177791
2652,2653,4,1,6573,368,14004.122,1.87,80.761131,776,0.0,False,False,False,0.0006625476022272422
2653,2654,4,1,6573,368,14004.122,0.0,80.761131,770,0.0,False,False,False,0.0006628114342738321
2654,2655,4,1,6573,368,14004.123,0.0,80.761131,770,0.0,False,False,False,0.0006630751475727846
2655,2656,4,1,6573,368,14004.143,18.0,80.761131,1384,0.0,False,False,False,0.0006635228215806151
2656,2657,4,1,6573,368,14004.196,13.27,80.761131,816,0.0,False,False,False,0.0006638472606881046
2657,2658,4,1,6573,368,14004.259,36.59,80.761131,1752,0.0,False,False,False,0.0006652707386561006
2658,2659,4,1,6573,368,14004.32,23.58,80.761131,2042,37.900002,False,False,False,0.0006659717164620301
2659,2660,4,1,6573,368,14004.443,47.09,80.761131,1708,0.0,False,False,False,0.0006682117802342989
2660,2661,4,1,6573,368,14004.49,0.0,80.761131,776,0.0,False,False,False,0.0006683953935206837
2661,2662,4,1,6573,368,14004.49,0.0,80.761131,772,0.0,False,False,False,0.000668650364964025
2662,2663,4,1,6573,368,14004.491,0.0,80.761131,772,0.0,False,False,False,0.0006689052172465786
2663,2664,4,1,6573,368,14004.553,45.369999,80.761131,2078,17.1,False,False,False,0.0006710407650451217
2664,2665,4,1,6573,368,14004.689,46.829998,80.761131,1478,0.0,False,False,False,0.0006718872595271821
2665,2666,4,1,6573,368,14004.825,48.509998,80.761131,1764,0.0,False,False,False,0.0006729335115924981
2666,2667,4,1,6573,368,14004.887,0.0,80.761131,778,0.0,False,False,False,0.0006730898228723393
2667,2668,4,1,6573,368,14004.909,23.34,80.761131,1796,15.900001,False,False,False,0.0006737932539758755
2668,2669,4,1,6573,368,14004.951,2.15,80.761131,758,0.0,False,False,False,0.0006741501523173972
2669,2670,4,1,6573,368,14004.955,0.0,80.761131,780,0.0,False,False,False,0.0006744874590843679
2670,2671,4,1,6573,368,14004.955,0.0,80.761131,802,0.0,False,False,False,0.0006747494904845832
2671,2672,4,1,6573,368,14004.955,0.0,80.761131,774,0.0,False,False,False,0.0006750238737736913
2672,2673,4,1,6573,368,14004.955,0.0,80.326347,774,0.0,False,False,False,0.000675298328461001
2673,2674,4,1,6573,368,14004.955,0.0,79.782867,766,0.0,False,False,False,0.0006755727117501091
2674,2675,4,1,6573,368,14004.955,0.0,79.348083,762,0.0,False,False,False,0.0006758543062575883
2675,2676,4,1,6573,368,14004.964,4.26,78.9133,840,0.0,False,False,False,0.0006765101638130728
2676,2677,4,1,6573,368,14004.975,4.26,78.9133,782,0.0,False,False,False,0.0006768487734698941
2677,2678,2,1,6574,360,14004.975,0.0,89.674202,776,0.0,False,False,False,0.0005521075112585878
2678,2679,2,1,6574,360,14004.975,0.0,89.674202,782,0.0,False,False,False,0.0005523261322399903
2679,2680,2,1,6574,360,14004.975,0.0,89.674202,766,0.0,False,False,False,0.0005525446818232933
2680,2681,2,1,6574,360,14004.977,0.82,89.674202,752,3.8,False,False,False,0.0005528154158756651
2681,2682,2,1,6574,360,14004.988,2.35,89.565506,774,0.0,False,False,False,0.0005532057431435754
2682,2683,2,1,6574,360,14005.017,19.1,89.239418,1680,9.3,False,False,False,0.0005538651709476005
2683,2684,2,1,6574,360,14005.067,21.24,89.239418,1280,8.6,False,False,False,0.0005544609346792358
2684,2685,2,1,6574,360,14005.127,20.789999,88.91333,1192,6.3,False,False,False,0.0005548708076115545
2685,2686,2,1,6574,360,14005.181,15.059999,88.695938,776,0.0,False,False,False,0.0005552037346939898
2686,2687,2,1,6574,360,14005.236,27.76,88.36985,1656,13.3,False,False,False,0.0005561046522420442
2687,2688,2,1,6574,360,14005.29,5.21,88.36985,794,0.0,False,False,False,0.0005563802405919054
2688,2689,2,1,6574,360,14005.291,0.0,88.043762,772,0.0,False,False,False,0.0005566528640594431
2689,2690,2,1,6574,360,14005.292,4.65,87.608978,1140,7.0,False,False,False,0.0005569576159057658
2690,2691,2,1,6574,360,14005.333,25.369999,87.174194,2120,9.1,False,False,False,0.0005578700720595462
2691,2692,2,1,6574,360,14005.401,16.77,87.065498,870,0.0,False,False,False,0.0005582647533795441
2692,2693,2,1,6574,360,14005.413,0.0,87.065498,770,0.0,False,False,False,0.0005585279400229024
2693,2694,2,1,6574,360,14005.413,0.0,86.848106,772,0.0,False,False,False,0.0005587987445465159
2694,2695,2,1,6574,360,14005.413,0.0,86.413322,776,0.0,False,False,False,0.0005590714053626721
2695,2696,2,1,6574,360,14005.413,0.0,85.978539,772,0.0,False,False,False,0.0005593440661788282
2696,2697,2,1,6574,360,14005.449,37.799999,85.652451,2504,33.600002,False,False,False,0.0005608632137953024
2697,2698,2,1,6574,360,14005.539,15.65,85.652451,784,0.0,False,False,False,0.0005613513088422486
2698,2699,2,1,6574,360,14005.55,0.0,85.652451,774,0.0,False,False,False,0.0005616217412567692
2699,2700,2,1,6574,360,14005.55,0.0,85.652451,768,0.0,False,False,False,0.0005618889733731719
2700,2701,2,1,6574,360,14005.559,4.75,85.652451,794,0.0,False,False,False,0.0005622666495032791
2701,2702,2,1,6574,360,14005.563,5.28,85.652451,1132,11.2,False,False,False,0.000562578485528534
2702,2703,2,1,6574,360,14005.624,25.449999,85.652451,1228,0.0,False,False,False,0.0005637466958490498
2703,2704,2,1,6574,360,14005.659,6.27,85.652451,846,0.0,False,False,False,0.0005640122316106932
2704,2705,2,1,6574,360,14005.708,13.77,85.652451,836,0.0,False,False,False,0.0005649435970250825
2705,2706,2,1,6574,360,14005.711,0.0,85.652451,762,0.0,False,False,False,0.000565214274785851
2706,2707,2,1,6574,360,14005.711,0.0,85.326363,768,0.0,False,False,False,0.0005654923557714584
2707,2708,2,1,6574,360,14005.711,0.0,84.891579,780,0.0,False,False,False,0.000565770436757066
2708,2709,2,1,6574,360,14005.711,0.0,84.456795,782,0.0,False,False,False,0.0005660466614896245
2709,2710,2,1,6574,360,14005.711,0.0,83.913315,1400,13.8,False,False,False,0.0005663390213448396
2710,2711,2,1,6574,360,14005.753,26.0,83.804619,1256,0.0,False,False,False,0.0005674815569318599
2711,2712,2,1,6574,360,14005.785,0.0,83.804619,768,0.0,False,False,False,0.0005677294968117238
2712,2713,2,1,6574,360,14005.785,0.0,83.695923,778,0.0,False,False,False,0.0005680003655371308
2713,2714,2,1,6574,360,14005.788,7.39,83.261139,1850,19.300001,False,False,False,0.0005683550004469261
2714,2715,2,1,6574,360,14005.869,15.07,83.043747,796,0.0,False,False,False,0.000570005830710632
2715,2716,2,1,6574,360,14005.895,21.109999,83.043747,1256,16.300001,False,False,False,0.0005705095954528109
2716,2717,2,1,6574,360,14005.922,0.0,83.043747,768,0.0,False,False,False,0.0005708758141153352
2717,2718,2,1,6574,360,14005.944,22.559999,83.043747,2004,9.7,False,False,False,0.0005714906120849773
2718,2719,2,1,6574,360,14006.014,42.950001,83.043747,3636,39.900002,False,False,False,0.0005728879117276531
2719,2720,2,1,6574,360,14006.123,19.439999,82.935051,758,0.0,False,False,False,0.0005734964274962104
2720,2721,2,1,6574,360,14006.134,0.0,82.935051,776,0.0,False,False,False,0.0005737527034438308
2721,2722,2,1,6574,360,14006.134,0.0,82.935051,768,0.0,False,False,False,0.0005740164262011058
2722,2723,2,1,6574,360,14006.134,0.0,82.608963,772,0.0,False,False,False,0.0005742802203505728
2723,2724,2,1,6574,360,14006.134,0.0,82.174179,766,0.0,False,False,False,0.0005745475127174482
2724,2725,2,1,6574,360,14006.157,24.99,81.848091,2222,19.6,False,False,False,0.0005752689143128759
2725,2726,2,1,6574,360,14006.274,42.469997,81.739395,1244,0.0,False,False,False,0.0005769001877167536
2726,2727,2,1,6574,360,14006.355,12.219999,81.739395,764,0.0,False,False,False,0.0005770827540245822
2727,2728,2,1,6574,360,14006.362,0.0,81.739395,772,0.0,False,False,False,0.0005773532518114404
2728,2729,2,1,6574,360,14006.362,0.0,81.739395,774,0.0,False,False,False,0.0005776152568913405
2729,2730,2,1,6574,360,14006.363,1.49,81.739395,840,16.0,False,False,False,0.0005778842884274506
2730,2731,2,1,6574,360,14006.451,43.489998,81.739395,1582,5.8,False,False,False,0.0005796872678690792
2731,2732,2,1,6574,360,14006.546,16.76,81.739395,804,0.0,False,False,False,0.0005799263482697112
2732,2733,2,1,6574,360,14006.558,4.29,81.739395,822,0.0,False,False,False,0.0005802076279105894
2733,2734,2,1,6574,360,14006.622,44.5,81.739395,2498,23.700001,False,False,False,0.0005821200771979713
2734,2735,2,1,6574,360,14006.746,37.239998,81.739395,1076,0.0,False,False,False,0.0005827373654547991
2735,2736,2,1,6574,360,14006.789,0.0,81.739395,784,0.0,False,False,False,0.0005829515278963725
2736,2737,2,1,6574,360,14006.789,0.0,81.739395,768,0.0,False,False,False,0.0005832170230433939
2737,2738,2,1,6574,360,14006.79,0.0,81.739395,772,0.0,False,False,False,0.0005834825479251188
2738,2739,2,1,6574,360,14006.79,0.0,81.739395,766,0.0,False,False,False,0.0005837498277744026
2739,2740,2,1,6574,360,14006.79,0.0,81.739395,782,0.0,False,False,False,0.0005840135381812547
2740,2741,2,1,6574,360,14006.79,0.0,81.739395,778,0.0,False,False,False,0.0005842826027517544
2741,2742,2,1,6574,360,14006.791,0.0,81.739395,770,0.0,False,False,False,0.0005845534103128752
2742,2743,2,1,6574,360,14006.829,34.119999,81.739395,2120,26.0,False,False,False,0.0005857245972948413
2743,2744,2,1,6574,360,14006.953,49.489998,81.739395,1800,0.0,False,False,False,0.0005865777819214557
2744,2745,2,1,6574,360,14007.02,0.0,81.739395,792,0.0,False,False,False,0.0005867254615570223
2745,2746,2,1,6574,360,14007.02,0.0,81.739395,760,0.0,False,False,False,0.0005869891676339697
2746,2747,2,1,6574,360,14007.02,0.0,81.739395,770,0.0,False,False,False,0.0005872511604066813
2747,2748,2,1,6574,360,14007.021,0.0,81.739395,766,0.0,False,False,False,0.0005875201786176648
2748,2749,2,1,6574,360,14007.025,9.91,81.739395,1960,29.200001,False,False,False,0.0005878536053440795
2749,2750,2,1,6574,360,14007.095,45.91,81.739395,2952,45.400002,False,False,False,0.0005900062071252372
2750,2751,2,1,6574,360,14007.246,60.049999,81.739395,2200,37.400002,False,False,False,0.0005916972760187108
2751,2752,2,1,6574,360,14007.431,65.369995,81.739395,1648,0.0,False,False,False,0.0005929278589443743
2752,2753,2,1,6574,360,14007.608,72.860001,81.739395,1840,34.5,False,False,False,0.0005945516499569408
2753,2754,2,1,6574,360,14007.823,86.489998,81.739395,3550,30.300001,False,False,False,0.0005970182505696589
2754,2755,2,1,6574,364,14008.057,79.689995,81.739395,1488,3.8,False,False,False,0.0005976667094723078
2755,2756,2,1,6574,364,14008.27,75.409996,81.739395,1898,0.0,False,False,False,0.0005985960724577369
2756,2757,2,1,6574,364,14008.471,71.779999,81.739395,2172,21.0,False,False,False,0.0006000704095108231
2757,2758,2,1,6574,364,14008.688,78.759995,81.739395,1392,0.0,False,False,False,0.0006015152514459993
2758,2759,2,1,6574,364,14008.878,64.830002,81.739395,2130,12.3,False,False,False,0.0006019966769161016
2759,2760,2,1,6574,364,14009.051,64.479996,81.739395,1610,0.0,False,False,False,0.0006024763221775567
2760,2761,2,1,6574,364,14009.225,58.689999,81.739395,1514,17.800001,False,False,False,0.0006029823218399418
2761,2762,2,1,6574,364,14009.393,63.049999,81.739395,1846,0.0,False,False,False,0.0006040763453245031
2762,2763,2,1,6574,364,14009.56,59.209999,81.739395,1502,4.5,False,False,False,0.0006047863896946304
2763,2764,2,1,6574,364,14009.729,61.66,81.739395,1684,10.6,False,False,False,0.0006056942504562039
2764,2765,2,1,6574,364,14009.903,59.77,81.739395,1508,0.0,False,False,False,0.0006064398561605915
2765,2766,2,1,6574,364,14010.09,70.099998,81.739395,1314,0.0,False,False,False,0.0006086924714636762
2766,2767,2,1,6574,364,14010.268,52.02,81.739395,1310,0.0,False,True,False,0.0006088087102466386
2767,2768,2,1,6574,364,14010.341,4.54,81.739395,782,0.0,False,False,False,0.0006089789692506948
2768,2769,2,1,6574,364,14010.365,14.87,81.739395,1186,0.0,False,False,False,0.000609587431345911
2769,2770,2,1,6574,364,14010.416,33.469997,81.739395,2492,0.0,False,False,False,0.0006107432682035848
2770,2771,2,1,6574,364,14010.471,11.49,81.739395,1498,0.0,False,False,False,0.0006110498319555456
2771,2772,2,1,6574,364,14010.477,0.0,81.739395,766,0.0,False,False,False,0.0006113242022950185
2772,2773,2,1,6574,364,14010.477,0.0,81.739395,778,0.0,False,False,False,0.0006115914118119025
2773,2774,2,1,6574,364,14010.477,0.0,81.739395,770,0.0,False,False,False,0.0006118586213287863
2774,2775,2,1,6574,364,14010.477,0.0,81.739395,774,0.0,False,False,False,0.0006121293993488337
2775,2776,2,1,6574,364,14010.538,44.259998,81.739395,2296,0.0,False,False,False,0.0006142794602562545
2776,2777,2,1,6574,364,14010.597,0.0,81.739395,776,0.0,False,False,False,0.0006145340891548622
2777,2778,2,1,6574,364,14010.632,28.949999,81.739395,1696,12.7,False,False,False,0.0006154188177365777
2778,2779,2,1,6574,364,14010.703,15.929999,81.739395,868,0.0,False,False,False,0.0006158555458961697
2779,2780,2,1,6574,364,14010.728,29.549999,81.739395,2634,31.6,False,False,False,0.0006170377415262415
2780,2781,2,1,6574,364,14010.825,22.769999,81.739395,770,0.0,False,False,False,0.0006178892471180591
2781,2782,2,1,6574,364,14010.838,0.0,81.739395,770,0.0,False,False,False,0.0006181399613669527
2782,2783,2,1,6574,364,14010.838,0.0,81.739395,788,0.0,False,False,False,0.0006184071639994696
2783,2784,2,1,6574,364,14010.838,0.0,81.739395,766,0.0,False,False,False,0.0006186725824263741
2784,2785,2,1,6574,364,14010.838,0.0,81.739395,782,0.0,False,False,False,0.0006189433534701159
2785,2786,2,1,6574,364,14010.838,0.0,81.304611,782,0.0,False,False,False,0.0006192105561026326
2786,2787,2,1,6574,364,14010.838,1.94,80.869827,1358,15.2,False,False,False,0.0006194921037482735
2787,2788,2,1,6574,364,14010.907,23.309999,80.543739,1148,0.0,False,False,False,0.0006210747045352214
2788,2789,2,1,6574,364,14010.919,0.0,80.543739,748,0.0,False,False,False,0.0006213308112900167
2789,2790,2,1,6574,364,14010.919,0.0,80.326347,764,0.0,False,False,False,0.0006215980123778905
2790,2791,2,1,6574,364,14010.919,0.0,79.891563,772,0.0,False,False,False,0.000621868710488549
2791,2792,2,1,6574,364,14010.919,4.87,79.782867,1586,14.900001,False,False,False,0.0006222003567105976
2792,2793,2,1,6574,364,14010.992,26.609999,79.565475,1254,0.0,False,False,False,0.0006238402077306353
2793,2794,2,1,6574,364,14011.023,4.88,79.565475,812,0.0,False,False,False,0.0006241928092752917
2794,2795,2,1,6574,364,14011.024,0.0,79.565475,778,0.0,False,False,False,0.0006244582509992847
2795,2796,2,1,6574,364,14011.032,11.29,79.565475,1454,3.2,False,False,False,0.0006250012132430185
2796,2797,2,1,6574,364,14011.104,32.290001,79.456779,1554,0.0,False,False,False,0.0006266769073366856
2797,2798,2,1,6574,364,14011.157,4.87,79.456779,772,0.0,False,False,False,0.0006269601461074124
2798,2799,2,1,6574,364,14011.163,0.0,79.456779,764,0.0,False,False,False,0.0006272483413160409
2799,2800,2,1,6574,364,14011.171,5.48,79.456779,796,0.0,False,False,False,0.000627607170937323
2800,2801,2,1,6574,364,14011.187,20.309999,79.456779,2326,14.2,False,False,False,0.0006283316087631431
2801,2802,2,1,6574,364,14011.259,31.959999,79.239388,1462,0.0,False,False,False,0.0006293902360782797
2802,2803,2,1,6574,364,14011.355,36.329998,79.130692,1578,0.0,False,False,False,0.0006301924266120863
2803,2804,2,1,6574,364,14011.421,20.869999,79.130692,1148,0.0,False,False,False,0.0006304967571271231
2804,2805,2,1,6574,364,14011.478,20.9,79.130692,1068,0.0,False,False,False,0.0006308981894565687
2805,2806,2,1,6574,364,14011.508,0.0,79.130692,788,0.0,False,False,False,0.0006311375522497473
2806,2807,2,1,6574,364,14011.508,0.0,79.130692,776,0.0,False,False,False,0.0006314082389819153
2807,2808,2,1,6574,364,14011.52,16.49,79.130692,1274,0.0,False,False,False,0.0006318969749909367
2808,2809,2,1,6574,364,14011.582,30.189999,79.130692,1458,9.8,False,False,False,0.0006326125335073864
2809,2810,2,1,6574,364,14011.67,24.269999,79.130692,792,0.0,False,False,False,0.0006332233614293351
2810,2811,2,1,6574,364,14011.727,11.24,79.130692,762,0.0,False,False,False,0.000633468703129662
2811,2812,2,1,6574,364,14011.769,13.42,79.130692,770,0.0,False,False,False,0.0006340150900938993
2812,2813,2,1,6574,364,14011.786,0.0,79.130692,772,0.0,False,False,False,0.0006343044844900935
2813,2814,2,1,6574,364,14011.786,0.0,79.130692,786,0.0,False,False,False,0.0006345965035075823
2814,2815,2,1,6574,364,14011.788,5.7,79.130692,952,7.0,False,False,False,0.0006348883605460955
2815,2816,2,1,6574,364,14011.822,15.589999,79.130692,1222,0.0,False,False,False,0.0006352996562719487
2816,2817,2,1,6574,364,14011.856,19.559999,79.130692,1800,14.3,False,False,False,0.0006358234895156277
2817,2818,2,1,6574,364,14011.893,0.0,79.130692,782,0.0,False,False,False,0.0006362089541395912
2818,2819,2,1,6574,364,14011.937,21.719999,79.130692,1350,16.200001,False,False,False,0.0006370199908841379
2819,2820,2,1,6574,364,14012.013,27.01,79.130692,1294,0.0,False,False,False,0.0006377565624180895
2820,2821,2,1,6574,364,14012.085,20.469999,79.130692,1036,0.0,False,False,False,0.0006381160179931829
2821,2822,2,1,6574,364,14012.108,5.95,79.130692,784,0.0,False,False,False,0.0006383806504595554
2822,2823,2,1,6574,364,14012.129,11.19,79.130692,1482,0.0,False,False,False,0.0006388011556876412
2823,2824,2,1,6574,364,14012.204,36.439999,79.130692,1072,0.0,False,False,False,0.0006401391145094298
2824,2825,2,1,6574,364,14012.295,34.130001,79.130692,2318,28.700001,False,False,False,0.0006407191884563908
2825,2826,2,1,6574,364,14012.407,43.18,79.130692,1594,0.0,False,False,False,0.0006417185342579432
2826,2827,2,1,6574,364,14012.459,2.97,83.478531,778,0.0,False,False,False,0.0006419514981989814
2827,2828,2,1,6574,364,14012.46,0.0,83.478531,776,0.0,False,False,False,0.0006422292567288877
2828,2829,2,1,6574,364,14012.461,0.0,83.478531,772,0.0,False,False,False,0.0006425052312201818
2829,2830,2,1,6574,364,14012.461,0.0,83.478531,780,0.0,False,False,False,0.0006427759709039759
2830,2831,2,1,6574,364,14012.466,6.16,83.478531,792,0.0,False,False,False,0.0006430828033550015
2831,2832,2,1,6574,364,14012.474,2.08,83.478531,780,0.0,False,False,False,0.0006433743695531886
2832,2833,2,1,6574,364,14012.517,30.92,83.478531,1458,0.0,False,False,False,0.0006443709312944066
2833,2834,2,1,6574,364,14012.592,11.099999,83.478531,800,0.0,False,False,False,0.0006446046095818973
2834,2835,2,1,6574,364,14012.601,10.15,83.478531,1388,10.900001,False,False,False,0.0006449537131819294
2835,2836,2,1,6574,364,14012.645,18.32,83.478531,1926,26.6,False,False,False,0.0006455199200493519
2836,2837,2,1,6574,364,14012.69,14.88,83.478531,818,0.0,False,False,False,0.0006459945952850391
2837,2838,2,1,6574,364,14012.741,14.679999,83.478531,840,0.0,False,False,False,0.0006465639688931029
2838,2839,2,1,6574,364,14012.762,9.82,83.478531,1202,0.0,False,False,False,0.000646885896877655
2839,2840,2,1,6574,364,14012.795,13.389999,83.478531,1886,16.800001,False,False,False,0.000647239737701315
2840,2841,2,1,6574,364,14012.828,3.23,83.478531,764,0.0,False,False,False,0.0006475899375959232
2841,2842,2,1,6574,364,14012.828,0.0,83.478531,782,0.0,False,False,False,0.0006478659506881346
2842,2843,2,1,6574,364,14012.84,8.62,83.478531,1068,0.0,False,False,False,0.0006482349591546642
2843,2844,2,1,6574,364,14012.876,0.75,83.478531,808,0.0,False,False,False,0.0006486655083861167
2844,2845,2,1,6574,368,14012.888,18.18,83.478531,1460,0.0,False,False,False,0.0006492204019327113
2845,2846,2,1,6574,368,14012.907,0.0,83.478531,768,0.0,False,False,False,0.0006494584272608631
2846,2847,2,1,6574,368,14012.907,0.0,83.478531,772,0.0,False,False,False,0.0006497238065016416
2847,2848,2,1,6574,368,14012.907,0.0,83.152443,780,0.0,False,False,False,0.000649990969684614
2848,2849,2,1,6574,368,14012.907,0.0,82.935051,780,0.0,False,False,False,0.0006502510684564983
2849,2850,2,1,6574,368,14012.908,2.63,82.935051,774,4.0,False,False,False,0.0006505129047514797
2850,2851,2,1,6574,368,14012.946,25.699999,82.608963,1430,0.0,False,False,False,0.0006512516888533751
2851,2852,2,1,6574,368,14012.975,0.0,82.608963,768,0.0,False,False,False,0.000651512365335317
2852,2853,2,1,6574,368,14012.975,0.0,82.608963,770,0.0,False,False,False,0.0006517777432883961
2853,2854,2,1,6574,368,14012.975,0.0,82.391571,778,0.0,False,False,False,0.0006520466891085505
2854,2855,2,1,6574,368,14012.975,0.0,81.956787,780,0.0,False,False,False,0.0006523174188622429
2855,2856,2,1,6574,368,14012.975,0.0,81.522003,788,0.0,False,False,False,0.000652581012881784
2856,2857,2,1,6574,368,14012.975,0.0,81.087219,776,0.0,False,False,False,0.0006528499587019385
2857,2858,2,1,6574,368,14012.999,14.799999,80.761131,1154,0.0,False,False,False,0.0006533117349301937
2858,2859,2,1,6574,368,14013.065,36.860001,80.761131,2078,15.5,False,False,False,0.0006543698776907342
2859,2860,2,1,6574,368,14013.169,36.130001,80.761131,1054,0.0,False,False,False,0.000654738500727371
2860,2861,2,1,6574,368,14013.225,5.67,80.761131,800,0.0,False,False,False,0.0006549411758409758
2861,2862,2,1,6574,368,14013.229,0.0,80.761131,764,0.0,False,False,False,0.0006552098584945345
2862,2863,2,1,6574,368,14013.229,0.0,80.761131,774,0.0,False,False,False,0.0006554717351914259
2863,2864,2,1,6574,368,14013.248,20.52,80.761131,1862,14.900001,False,False,False,0.000656080083640592
2864,2865,2,1,6574,368,14013.337,41.299999,80.761131,2048,6.3,False,False,False,0.0006576103457480722
2865,2866,2,1,6574,368,14013.447,37.919998,80.761131,1074,0.0,False,False,False,0.0006580252506574109
2866,2867,2,1,6574,368,14013.52,0.0,80.761131,782,0.0,False,False,False,0.0006583576176708157
2867,2868,2,1,6574,368,14013.52,0.0,80.761131,780,0.0,False,False,False,0.0006586212727942163
2868,2869,2,1,6574,368,14013.52,0.0,80.761131,764,0.0,False,False,False,0.0006588848565630503
2869,2870,2,1,6574,368,14013.52,0.0,80.761131,764,0.0,False,False,False,0.0006591502955506146
2870,2871,2,1,6574,368,14013.52,0.0,80.761131,774,0.0,False,False,False,0.0006594138793194487
2871,2872,2,1,6574,368,14013.52,0.0,80.761131,774,0.0,False,False,False,0.0006596739667145217
2872,2873,2,1,6574,368,14013.536,28.629999,80.761131,3206,36.400002,False,False,False,0.0006606137370513016
2873,2874,2,1,6574,368,14013.642,39.610001,80.761131,1368,0.0,False,False,False,0.000661639305520612
2874,2875,2,1,6574,368,14013.714,8.76,80.761131,818,0.0,False,False,False,0.0006618252074212859
2875,2876,2,1,6574,368,14013.721,1.87,80.761131,776,0.0,False,False,False,0.000662093808360509
2876,2877,2,1,6574,368,14013.721,0.0,80.761131,770,0.0,False,False,False,0.0006623574597025513
2877,2878,2,1,6574,368,14013.722,0.0,80.761131,770,0.0,False,False,False,0.0006626209924106949
2878,2879,2,1,6574,368,14013.742,18.0,80.761131,1384,0.0,False,False,False,0.0006630683604450228
2879,2880,2,1,6574,368,14013.795,13.27,80.761131,816,0.0,False,False,False,0.0006633925790566327
2880,2881,2,1,6574,368,14013.858,36.59,80.761131,1752,0.0,False,False,False,0.0006648150841057399
2881,2882,2,1,6574,368,14013.919,23.58,80.761131,2042,37.900002,False,False,False,0.0006655155837861068
2882,2883,2,1,6574,368,14014.042,47.09,80.761131,1708,0.0,False,False,False,0.0006677541173262271
2883,2884,2,1,6574,368,14014.089,0.0,80.761131,776,0.0,False,False,False,0.0006679376063897989
2884,2885,2,1,6574,368,14014.089,0.0,80.761131,772,0.0,False,False,False,0.0006681924032020061
2885,2886,2,1,6574,368,14014.09,0.0,80.761131,772,0.0,False,False,False,0.0006684470809677284
2886,2887,2,1,6574,368,14014.152,45.369999,80.761131,2078,17.1,False,False,False,0.0006705811681528677
2887,2888,2,1,6574,368,14014.288,46.829998,80.761131,1478,0.0,False,False,False,0.000671427087334916
2888,2889,2,1,6574,368,14014.424,48.509998,80.761131,1764,0.0,False,False,False,0.000672472627299752
2889,2890,2,1,6574,368,14014.486,0.0,80.761131,778,0.0,False,False,False,0.000672628833563103
2890,2891,2,1,6574,368,14014.508,23.34,80.761131,1796,15.900001,False,False,False,0.0006733317836214
2891,2892,2,1,6574,368,14014.55,2.15,80.761131,758,0.0,False,False,False,0.0006736884389124937
2892,2893,2,1,6574,368,14014.554,0.0,80.761131,780,0.0,False,False,False,0.0006740255147959189
2893,2894,2,1,6574,368,14014.554,0.0,80.761131,802,0.0,False,False,False,0.0006742873667355568
2894,2895,2,1,6574,368,14014.554,0.0,80.761131,774,0.0,False,False,False,0.0006745615621045019
2895,2896,2,1,6574,368,14014.554,0.0,80.326347,774,0.0,False,False,False,0.0006748358288227493
2896,2897,2,1,6574,368,14014.554,0.0,79.782867,766,0.0,False,False,False,0.0006751100241916944
2897,2898,2,1,6574,368,14014.554,0.0,79.348083,762,0.0,False,False,False,0.0006753914258401773
2898,2899,2,1,6574,368,14014.563,4.26,78.9133,840,0.0,False,False,False,0.0006760468345081821
2899,2900,2,1,6574,368,14014.574,4.26,78.9133,782,0.0,False,False,False,0.0006763852126213311
2900,2901,3,1,6574,360,14004.975,0.0,89.674202,776,0.0,False,False,False,0.0005521075112585878
2901,2902,3,1,6574,360,14004.975,0.0,89.674202,782,0.0,False,False,False,0.0005523261322399903
2902,2903,3,1,6574,360,14004.975,0.0,89.674202,766,0.0,False,False,False,0.0005525446818232933
2903,2904,3,1,6574,360,14004.977,0.82,89.674202,752,3.8,False,False,False,0.0005528154158756651
2904,2905,3,1,6574,360,14004.988,2.35,89.565506,774,0.0,False,False,False,0.0005532057431435754
2905,2906,3,1,6574,360,14005.017,19.1,89.239418,1680,9.3,False,False,False,0.0005538651709476005
2906,2907,3,1,6574,360,14005.067,21.24,89.239418,1280,8.6,False,False,False,0.0005544609346792358
2907,2908,3,1,6574,360,14005.127,20.789999,88.91333,1192,6.3,False,False,False,0.0005548708076115545
2908,2909,3,1,6574,360,14005.181,15.059999,88.695938,776,0.0,False,False,False,0.0005552037346939898
2909,2910,3,1,6574,360,14005.236,27.76,88.36985,1656,13.3,False,False,False,0.0005561046522420442
2910,2911,3,1,6574,360,14005.29,5.21,88.36985,794,0.0,False,False,False,0.0005563802405919054
2911,2912,3,1,6574,360,14005.291,0.0,88.043762,772,0.0,False,False,False,0.0005566528640594431
2912,2913,3,1,6574,360,14005.292,4.65,87.608978,1140,7.0,False,False,False,0.0005569576159057658
2913,2914,3,1,6574,360,14005.333,25.369999,87.174194,2120,9.1,False,False,False,0.0005578700720595462
2914,2915,3,1,6574,360,14005.401,16.77,87.065498,870,0.0,False,False,False,0.0005582647533795441
2915,2916,3,1,6574,360,14005.413,0.0,87.065498,770,0.0,False,False,False,0.0005585279400229024
2916,2917,3,1,6574,360,14005.413,0.0,86.848106,772,0.0,False,False,False,0.0005587987445465159
2917,2918,3,1,6574,360,14005.413,0.0,86.413322,776,0.0,False,False,False,0.0005590714053626721
2918,2919,3,1,6574,360,14005.413,0.0,85.978539,772,0.0,False,False,False,0.0005593440661788282
2919,2920,3,1,6574,360,14005.449,37.799999,85.652451,2504,33.600002,False,False,False,0.0005608632137953024
2920,2921,3,1,6574,360,14005.539,15.65,85.652451,784,0.0,False,False,False,0.0005613513088422486
2921,2922,3,1,6574,360,14005.55,0.0,85.652451,774,0.0,False,False,False,0.0005616217412567692
2922,2923,3,1,6574,360,14005.55,0.0,85.652451,768,0.0,False,False,False,0.0005618889733731719
2923,2924,3,1,6574,360,14005.559,4.75,85.652451,794,0.0,False,False,False,0.0005622666495032791
2924,2925,3,1,6574,360,14005.563,5.28,85.652451,1132,11.2,False,False,False,0.000562578485528534
2925,2926,3,1,6574,360,14005.624,25.449999,85.652451,1228,0.0,False,False,False,0.0005637466958490498
2926,2927,3,1,6574,360,14005.659,6.27,85.652451,846,0.0,False,False,False,0.0005640122316106932
2927,2928,3,1,6574,360,14005.708,13.77,85.652451,836,0.0,False,False,False,0.0005649435970250825
2928,2929,3,1,6574,360,14005.711,0.0,85.652451,762,0.0,False,False,False,0.000565214274785851
2929,2930,3,1,6574,360,14005.711,0.0,85.326363,768,0.0,False,False,False,0.0005654923557714584
2930,2931,3,1,6574,360,14005.711,0.0,84.891579,780,0.0,False,False,False,0.000565770436757066
2931,2932,3,1,6574,360,14005.711,0.0,84.456795,782,0.0,False,False,False,0.0005660466614896245
2932,2933,3,1,6574,360,14005.711,0.0,83.913315,1400,13.8,False,False,False,0.0005663390213448396
2933,2934,3,1,6574,360,14005.753,26.0,83.804619,1256,0.0,False,False,False,0.0005674815569318599
2934,2935,3,1,6574,360,14005.785,0.0,83.804619,768,0.0,False,False,False,0.0005677294968117238
2935,2936,3,1,6574,360,14005.785,0.0,83.695923,778,0.0,False,False,False,0.0005680003655371308
2936,2937,3,1,6574,360,14005.788,7.39,83.261139,1850,19.300001,False,False,False,0.0005683550004469261
2937,2938,3,1,6574,360,14005.869,15.07,83.043747,796,0.0,False,False,False,0.000570005830710632
2938,2939,3,1,6574,360,14005.895,21.109999,83.043747,1256,16.300001,False,False,False,0.0005705095954528109
2939,2940,3,1,6574,360,14005.922,0.0,83.043747,768,0.0,False,False,False,0.0005708758141153352
2940,2941,3,1,6574,360,14005.944,22.559999,83.043747,2004,9.7,False,False,False,0.0005714906120849773
2941,2942,3,1,6574,360,14006.014,42.950001,83.043747,3636,39.900002,False,False,False,0.0005728879117276531
2942,2943,3,1,6574,360,14006.123,19.439999,82.935051,758,0.0,False,False,False,0.0005734964274962104
2943,2944,3,1,6574,360,14006.134,0.0,82.935051,776,0.0,False,False,False,0.0005737527034438308
2944,2945,3,1,6574,360,14006.134,0.0,82.935051,768,0.0,False,False,False,0.0005740164262011058
2945,2946,3,1,6574,360,14006.134,0.0,82.608963,772,0.0,False,False,False,0.0005742802203505728
2946,2947,3,1,6574,360,14006.134,0.0,82.174179,766,0.0,False,False,False,0.0005745475127174482
2947,2948,3,1,6574,360,14006.157,24.99,81.848091,2222,19.6,False,False,False,0.0005752689143128759
2948,2949,3,1,6574,360,14006.274,42.469997,81.739395,1244,0.0,False,False,False,0.0005769001877167536
2949,2950,3,1,6574,360,14006.355,12.219999,81.739395,764,0.0,False,False,False,0.0005770827540245822
2950,2951,3,1,6574,360,14006.362,0.0,81.739395,772,0.0,False,False,False,0.0005773532518114404
2951,2952,3,1,6574,360,14006.362,0.0,81.739395,774,0.0,False,False,False,0.0005776152568913405
2952,2953,3,1,6574,360,14006.363,1.49,81.739395,840,16.0,False,False,False,0.0005778842884274506
2953,2954,3,1,6574,360,14006.451,43.489998,81.739395,1582,5.8,False,False,False,0.0005796872678690792
2954,2955,3,1,6574,360,14006.546,16.76,81.739395,804,0.0,False,False,False,0.0005799263482697112
2955,2956,3,1,6574,360,14006.558,4.29,81.739395,822,0.0,False,False,False,0.0005802076279105894
2956,2957,3,1,6574,360,14006.622,44.5,81.739395,2498,23.700001,False,False,False,0.0005821200771979713
2957,2958,3,1,6574,360,14006.746,37.239998,81.739395,1076,0.0,False,False,False,0.0005827373654547991
2958,2959,3,1,6574,360,14006.789,0.0,81.739395,784,0.0,False,False,False,0.0005829515278963725
2959,2960,3,1,6574,360,14006.789,0.0,81.739395,768,0.0,False,False,False,0.0005832170230433939
2960,2961,3,1,6574,360,14006.79,0.0,81.739395,772,0.0,False,False,False,0.0005834825479251188
2961,2962,3,1,6574,360,14006.79,0.0,81.739395,766,0.0,False,False,False,0.0005837498277744026
2962,2963,3,1,6574,360,14006.79,0.0,81.739395,782,0.0,False,False,False,0.0005840135381812547
2963,2964,3,1,6574,360,14006.79,0.0,81.739395,778,0.0,False,False,False,0.0005842826027517544
2964,2965,3,1,6574,360,14006.791,0.0,81.739395,770,0.0,False,False,False,0.0005845534103128752
2965,2966,3,1,6574,360,14006.829,34.119999,81.739395,2120,26.0,False,False,False,0.0005857245972948413
2966,2967,3,1,6574,360,14006.953,49.489998,81.739395,1800,0.0,False,False,False,0.0005865777819214557
2967,2968,3,1,6574,360,14007.02,0.0,81.739395,792,0.0,False,False,False,0.0005867254615570223
2968,2969,3,1,6574,360,14007.02,0.0,81.739395,760,0.0,False,False,False,0.0005869891676339697
2969,2970,3,1,6574,360,14007.02,0.0,81.739395,770,0.0,False,False,False,0.0005872511604066813
2970,2971,3,1,6574,360,14007.021,0.0,81.739395,766,0.0,False,False,False,0.0005875201786176648
2971,2972,3,1,6574,360,14007.025,9.91,81.739395,1960,29.200001,False,False,False,0.0005878536053440795
2972,2973,3,1,6574,360,14007.095,45.91,81.739395,2952,45.400002,False,False,False,0.0005900062071252372
2973,2974,3,1,6574,360,14007.246,60.049999,81.739395,2200,37.400002,False,False,False,0.0005916972760187108
2974,2975,3,1,6574,360,14007.431,65.369995,81.739395,1648,0.0,False,False,False,0.0005929278589443743
2975,2976,3,1,6574,360,14007.608,72.860001,81.739395,1840,34.5,False,False,False,0.0005945516499569408
2976,2977,3,1,6574,360,14007.823,86.489998,81.739395,3550,30.300001,False,False,False,0.0005970182505696589
2977,2978,3,1,6574,364,14008.057,79.689995,81.739395,1488,3.8,False,False,False,0.0005976667094723078
2978,2979,3,1,6574,364,14008.27,75.409996,81.739395,1898,0.0,False,False,False,0.0005985960724577369
2979,2980,3,1,6574,364,14008.471,71.779999,81.739395,2172,21.0,False,False,False,0.0006000704095108231
2980,2981,3,1,6574,364,14008.688,78.759995,81.739395,1392,0.0,False,False,False,0.0006015152514459993
2981,2982,3,1,6574,364,14008.878,64.830002,81.739395,2130,12.3,False,False,False,0.0006019966769161016
2982,2983,3,1,6574,364,14009.051,64.479996,81.739395,1610,0.0,False,False,False,0.0006024763221775567
2983,2984,3,1,6574,364,14009.225,58.689999,81.739395,1514,17.800001,False,False,False,0.0006029823218399418
2984,2985,3,1,6574,364,14009.393,63.049999,81.739395,1846,0.0,False,False,False,0.0006040763453245031
2985,2986,3,1,6574,364,14009.56,59.209999,81.739395,1502,4.5,False,False,False,0.0006047863896946304
2986,2987,3,1,6574,364,14009.729,61.66,81.739395,1684,10.6,False,False,False,0.0006056942504562039
2987,2988,3,1,6574,364,14009.903,59.77,81.739395,1508,0.0,False,False,False,0.0006064398561605915
2988,2989,3,1,6574,364,14010.09,70.099998,81.739395,1314,0.0,False,False,False,0.0006086924714636762
2989,2990,3,1,6574,364,14010.268,52.02,81.739395,1310,0.0,False,True,False,0.0006088087102466386
2990,2991,3,1,6574,364,14010.341,4.54,81.739395,782,0.0,False,False,False,0.0006089789692506948
2991,2992,3,1,6574,364,14010.365,14.87,81.739395,1186,0.0,False,False,False,0.000609587431345911
2992,2993,3,1,6574,364,14010.416,33.469997,81.739395,2492,0.0,False,False,False,0.0006107432682035848
2993,2994,3,1,6574,364,14010.471,11.49,81.739395,1498,0.0,False,False,False,0.0006110498319555456
2994,2995,3,1,6574,364,14010.477,0.0,81.739395,766,0.0,False,False,False,0.0006113242022950185
2995,2996,3,1,6574,364,14010.477,0.0,81.739395,778,0.0,False,False,False,0.0006115914118119025
2996,2997,3,1,6574,364,14010.477,0.0,81.739395,770,0.0,False,False,False,0.0006118586213287863
2997,2998,3,1,6574,364,14010.477,0.0,81.739395,774,0.0,False,False,False,0.0006121293993488337
2998,2999,3,1,6574,364,14010.538,44.259998,81.739395,2296,0.0,False,False,False,0.0006142794602562545
2999,3000,3,1,6574,364,14010.597,0.0,81.739395,776,0.0,False,False,False,0.0006145340891548622
3000,3001,3,1,6574,364,14010.632,28.949999,81.739395,1696,12.7,False,False,False,0.0006154188177365777
3001,3002,3,1,6574,364,14010.703,15.929999,81.739395,868,0.0,False,False,False,0.0006158555458961697
3002,3003,3,1,6574,364,14010.728,29.549999,81.739395,2634,31.6,False,False,False,0.0006170377415262415
3003,3004,3,1,6574,364,14010.825,22.769999,81.739395,770,0.0,False,False,False,0.0006178892471180591
3004,3005,3,1,6574,364,14010.838,0.0,81.739395,770,0.0,False,False,False,0.0006181399613669527
3005,3006,3,1,6574,364,14010.838,0.0,81.739395,788,0.0,False,False,False,0.0006184071639994696
3006,3007,3,1,6574,364,14010.838,0.0,81.739395,766,0.0,False,False,False,0.0006186725824263741
3007,3008,3,1,6574,364,14010.838,0.0,81.739395,782,0.0,False,False,False,0.0006189433534701159
3008,3009,3,1,6574,364,14010.838,0.0,81.304611,782,0.0,False,False,False,0.0006192105561026326
3009,3010,3,1,6574,364,14010.838,1.94,80.869827,1358,15.2,False,False,False,0.0006194921037482735
3010,3011,3,1,6574,364,14010.907,23.309999,80.543739,1148,0.0,False,False,False,0.0006210747045352214
3011,3012,3,1,6574,364,14010.919,0.0,80.543739,748,0.0,False,False,False,0.0006213308112900167
3012,3013,3,1,6574,364,14010.919,0.0,80.326347,764,0.0,False,False,False,0.0006215980123778905
3013,3014,3,1,6574,364,14010.919,0.0,79.891563,772,0.0,False,False,False,0.000621868710488549
3014,3015,3,1,6574,364,14010.919,4.87,79.782867,1586,14.900001,False,False,False,0.0006222003567105976
3015,3016,3,1,6574,364,14010.992,26.609999,79.565475,1254,0.0,False,False,False,0.0006238402077306353
3016,3017,3,1,6574,364,14011.023,4.88,79.565475,812,0.0,False,False,False,0.0006241928092752917
3017,3018,3,1,6574,364,14011.024,0.0,79.565475,778,0.0,False,False,False,0.0006244582509992847
3018,3019,3,1,6574,364,14011.032,11.29,79.565475,1454,3.2,False,False,False,0.0006250012132430185
3019,3020,3,1,6574,364,14011.104,32.290001,79.456779,1554,0.0,False,False,False,0.0006266769073366856
3020,3021,3,1,6574,364,14011.157,4.87,79.456779,772,0.0,False,False,False,0.0006269601461074124
3021,3022,3,1,6574,364,14011.163,0.0,79.456779,764,0.0,False,False,False,0.0006272483413160409
3022,3023,3,1,6574,364,14011.171,5.48,79.456779,796,0.0,False,False,False,0.000627607170937323
3023,3024,3,1,6574,364,14011.187,20.309999,79.456779,2326,14.2,False,False,False,0.0006283316087631431
3024,3025,3,1,6574,364,14011.259,31.959999,79.239388,1462,0.0,False,False,False,0.0006293902360782797
3025,3026,3,1,6574,364,14011.355,36.329998,79.130692,1578,0.0,False,False,False,0.0006301924266120863
3026,3027,3,1,6574,364,14011.421,20.869999,79.130692,1148,0.0,False,False,False,0.0006304967571271231
3027,3028,3,1,6574,364,14011.478,20.9,79.130692,1068,0.0,False,False,False,0.0006308981894565687
3028,3029,3,1,6574,364,14011.508,0.0,79.130692,788,0.0,False,False,False,0.0006311375522497473
3029,3030,3,1,6574,364,14011.508,0.0,79.130692,776,0.0,False,False,False,0.0006314082389819153
3030,3031,3,1,6574,364,14011.52,16.49,79.130692,1274,0.0,False,False,False,0.0006318969749909367
3031,3032,3,1,6574,364,14011.582,30.189999,79.130692,1458,9.8,False,False,False,0.0006326125335073864
3032,3033,3,1,6574,364,14011.67,24.269999,79.130692,792,0.0,False,False,False,0.0006332233614293351
3033,3034,3,1,6574,364,14011.727,11.24,79.130692,762,0.0,False,False,False,0.000633468703129662
3034,3035,3,1,6574,364,14011.769,13.42,79.130692,770,0.0,False,False,False,0.0006340150900938993
3035,3036,3,1,6574,364,14011.786,0.0,79.130692,772,0.0,False,False,False,0.0006343044844900935
3036,3037,3,1,6574,364,14011.786,0.0,79.130692,786,0.0,False,False,False,0.0006345965035075823
3037,3038,3,1,6574,364,14011.788,5.7,79.130692,952,7.0,False,False,False,0.0006348883605460955
3038,3039,3,1,6574,364,14011.822,15.589999,79.130692,1222,0.0,False,False,False,0.0006352996562719487
3039,3040,3,1,6574,364,14011.856,19.559999,79.130692,1800,14.3,False,False,False,0.0006358234895156277
3040,3041,3,1,6574,364,14011.893,0.0,79.130692,782,0.0,False,False,False,0.0006362089541395912
3041,3042,3,1,6574,364,14011.937,21.719999,79.130692,1350,16.200001,False,False,False,0.0006370199908841379
3042,3043,3,1,6574,364,14012.013,27.01,79.130692,1294,0.0,False,False,False,0.0006377565624180895
3043,3044,3,1,6574,364,14012.085,20.469999,79.130692,1036,0.0,False,False,False,0.0006381160179931829
3044,3045,3,1,6574,364,14012.108,5.95,79.130692,784,0.0,False,False,False,0.0006383806504595554
3045,3046,3,1,6574,364,14012.129,11.19,79.130692,1482,0.0,False,False,False,0.0006388011556876412
3046,3047,3,1,6574,364,14012.204,36.439999,79.130692,1072,0.0,False,False,False,0.0006401391145094298
3047,3048,3,1,6574,364,14012.295,34.130001,79.130692,2318,28.700001,False,False,False,0.0006407191884563908
3048,3049,3,1,6574,364,14012.407,43.18,79.130692,1594,0.0,False,False,False,0.0006417185342579432
3049,3050,3,1,6574,364,14012.459,2.97,83.478531,778,0.0,False,False,False,0.0006419514981989814
3050,3051,3,1,6574,364,14012.46,0.0,83.478531,776,0.0,False,False,False,0.0006422292567288877
3051,3052,3,1,6574,364,14012.461,0.0,83.478531,772,0.0,False,False,False,0.0006425052312201818
3052,3053,3,1,6574,364,14012.461,0.0,83.478531,780,0.0,False,False,False,0.0006427759709039759
3053,3054,3,1,6574,364,14012.466,6.16,83.478531,792,0.0,False,False,False,0.0006430828033550015
3054,3055,3,1,6574,364,14012.474,2.08,83.478531,780,0.0,False,False,False,0.0006433743695531886
3055,3056,3,1,6574,364,14012.517,30.92,83.478531,1458,0.0,False,False,False,0.0006443709312944066
3056,3057,3,1,6574,364,14012.592,11.099999,83.478531,800,0.0,False,False,False,0.0006446046095818973
3057,3058,3,1,6574,364,14012.601,10.15,83.478531,1388,10.900001,False,False,False,0.0006449537131819294
3058,3059,3,1,6574,364,14012.645,18.32,83.478531,1926,26.6,False,False,False,0.0006455199200493519
3059,3060,3,1,6574,364,14012.69,14.88,83.478531,818,0.0,False,False,False,0.0006459945952850391
3060,3061,3,1,6574,364,14012.741,14.679999,83.478531,840,0.0,False,False,False,0.0006465639688931029
3061,3062,3,1,6574,364,14012.762,9.82,83.478531,1202,0.0,False,False,False,0.000646885896877655
3062,3063,3,1,6574,364,14012.795,13.389999,83.478531,1886,16.800001,False,False,False,0.000647239737701315
3063,3064,3,1,6574,364,14012.828,3.23,83.478531,764,0.0,False,False,False,0.0006475899375959232
3064,3065,3,1,6574,364,14012.828,0.0,83.478531,782,0.0,False,False,False,0.0006478659506881346
3065,3066,3,1,6574,364,14012.84,8.62,83.478531,1068,0.0,False,False,False,0.0006482349591546642
3066,3067,3,1,6574,364,14012.876,0.75,83.478531,808,0.0,False,False,False,0.0006486655083861167
3067,3068,3,1,6574,368,14012.888,18.18,83.478531,1460,0.0,False,False,False,0.0006492204019327113
3068,3069,3,1,6574,368,14012.907,0.0,83.478531,768,0.0,False,False,False,0.0006494584272608631
3069,3070,3,1,6574,368,14012.907,0.0,83.478531,772,0.0,False,False,False,0.0006497238065016416
3070,3071,3,1,6574,368,14012.907,0.0,83.152443,780,0.0,False,False,False,0.000649990969684614
3071,3072,3,1,6574,368,14012.907,0.0,82.935051,780,0.0,False,False,False,0.0006502510684564983
3072,3073,3,1,6574,368,14012.908,2.63,82.935051,774,4.0,False,False,False,0.0006505129047514797
3073,3074,3,1,6574,368,14012.946,25.699999,82.608963,1430,0.0,False,False,False,0.0006512516888533751
3074,3075,3,1,6574,368,14012.975,0.0,82.608963,768,0.0,False,False,False,0.000651512365335317
3075,3076,3,1,6574,368,14012.975,0.0,82.608963,770,0.0,False,False,False,0.0006517777432883961
3076,3077,3,1,6574,368,14012.975,0.0,82.391571,778,0.0,False,False,False,0.0006520466891085505
3077,3078,3,1,6574,368,14012.975,0.0,81.956787,780,0.0,False,False,False,0.0006523174188622429
3078,3079,3,1,6574,368,14012.975,0.0,81.522003,788,0.0,False,False,False,0.000652581012881784
3079,3080,3,1,6574,368,14012.975,0.0,81.087219,776,0.0,False,False,False,0.0006528499587019385
3080,3081,3,1,6574,368,14012.999,14.799999,80.761131,1154,0.0,False,False,False,0.0006533117349301937
3081,3082,3,1,6574,368,14013.065,36.860001,80.761131,2078,15.5,False,False,False,0.0006543698776907342
3082,3083,3,1,6574,368,14013.169,36.130001,80.761131,1054,0.0,False,False,False,0.000654738500727371
3083,3084,3,1,6574,368,14013.225,5.67,80.761131,800,0.0,False,False,False,0.0006549411758409758
3084,3085,3,1,6574,368,14013.229,0.0,80.761131,764,0.0,False,False,False,0.0006552098584945345
3085,3086,3,1,6574,368,14013.229,0.0,80.761131,774,0.0,False,False,False,0.0006554717351914259
3086,3087,3,1,6574,368,14013.248,20.52,80.761131,1862,14.900001,False,False,False,0.000656080083640592
3087,3088,3,1,6574,368,14013.337,41.299999,80.761131,2048,6.3,False,False,False,0.0006576103457480722
3088,3089,3,1,6574,368,14013.447,37.919998,80.761131,1074,0.0,False,False,False,0.0006580252506574109
3089,3090,3,1,6574,368,14013.52,0.0,80.761131,782,0.0,False,False,False,0.0006583576176708157
3090,3091,3,1,6574,368,14013.52,0.0,80.761131,780,0.0,False,False,False,0.0006586212727942163
3091,3092,3,1,6574,368,14013.52,0.0,80.761131,764,0.0,False,False,False,0.0006588848565630503
3092,3093,3,1,6574,368,14013.52,0.0,80.761131,764,0.0,False,False,False,0.0006591502955506146
3093,3094,3,1,6574,368,14013.52,0.0,80.761131,774,0.0,False,False,False,0.0006594138793194487
3094,3095,3,1,6574,368,14013.52,0.0,80.761131,774,0.0,False,False,False,0.0006596739667145217
3095,3096,3,1,6574,368,14013.536,28.629999,80.761131,3206,36.400002,False,False,False,0.0006606137370513016
3096,3097,3,1,6574,368,14013.642,39.610001,80.761131,1368,0.0,False,False,False,0.000661639305520612
3097,3098,3,1,6574,368,14013.714,8.76,80.761131,818,0.0,False,False,False,0.0006618252074212859
3098,3099,3,1,6574,368,14013.721,1.87,80.761131,776,0.0,False,False,False,0.000662093808360509
3099,3100,3,1,6574,368,14013.721,0.0,80.761131,770,0.0,False,False,False,0.0006623574597025513
3100,3101,3,1,6574,368,14013.722,0.0,80.761131,770,0.0,False,False,False,0.0006626209924106949
3101,3102,3,1,6574,368,14013.742,18.0,80.761131,1384,0.0,False,False,False,0.0006630683604450228
3102,3103,3,1,6574,368,14013.795,13.27,80.761131,816,0.0,False,False,False,0.0006633925790566327
3103,3104,3,1,6574,368,14013.858,36.59,80.761131,1752,0.0,False,False,False,0.0006648150841057399
3104,3105,3,1,6574,368,14013.919,23.58,80.761131,2042,37.900002,False,False,False,0.0006655155837861068
3105,3106,3,1,6574,368,14014.042,47.09,80.761131,1708,0.0,False,False,False,0.0006677541173262271
3106,3107,3,1,6574,368,14014.089,0.0,80.761131,776,0.0,False,False,False,0.0006679376063897989
3107,3108,3,1,6574,368,14014.089,0.0,80.761131,772,0.0,False,False,False,0.0006681924032020061
3108,3109,3,1,6574,368,14014.09,0.0,80.761131,772,0.0,False,False,False,0.0006684470809677284
3109,3110,3,1,6574,368,14014.152,45.369999,80.761131,2078,17.1,False,False,False,0.0006705811681528677
3110,3111,3,1,6574,368,14014.288,46.829998,80.761131,1478,0.0,False,False,False,0.000671427087334916
3111,3112,3,1,6574,368,14014.424,48.509998,80.761131,1764,0.0,False,False,False,0.000672472627299752
3112,3113,3,1,6574,368,14014.486,0.0,80.761131,778,0.0,False,False,False,0.000672628833563103
3113,3114,3,1,6574,368,14014.508,23.34,80.761131,1796,15.900001,False,False,False,0.0006733317836214
3114,3115,3,1,6574,368,14014.55,2.15,80.761131,758,0.0,False,False,False,0.0006736884389124937
3115,3116,3,1,6574,368,14014.554,0.0,80.761131,780,0.0,False,False,False,0.0006740255147959189
3116,3117,3,1,6574,368,14014.554,0.0,80.761131,802,0.0,False,False,False,0.0006742873667355568
3117,3118,3,1,6574,368,14014.554,0.0,80.761131,774,0.0,False,False,False,0.0006745615621045019
3118,3119,3,1,6574,368,14014.554,0.0,80.326347,774,0.0,False,False,False,0.0006748358288227493
3119,3120,3,1,6574,368,14014.554,0.0,79.782867,766,0.0,False,False,False,0.0006751100241916944
3120,3121,3,1,6574,368,14014.554,0.0,79.348083,762,0.0,False,False,False,0.0006753914258401773
3121,3122,3,1,6574,368,14014.563,4.26,78.9133,840,0.0,False,False,False,0.0006760468345081821
3122,3123,3,1,6574,368,14014.574,4.26,78.9133,782,0.0,False,False,False,0.0006763852126213311
3123,3124,4,1,6574,360,14004.975,0.0,89.674202,776,0.0,False,False,False,0.0005521075112585878
3124,3125,4,1,6574,360,14004.975,0.0,89.674202,782,0.0,False,False,False,0.0005523261322399903
3125,3126,4,1,6574,360,14004.975,0.0,89.674202,766,0.0,False,False,False,0.0005525446818232933
3126,3127,4,1,6574,360,14004.977,0.82,89.674202,752,3.8,False,False,False,0.0005528154158756651
3127,3128,4,1,6574,360,14004.988,2.35,89.565506,774,0.0,False,False,False,0.0005532057431435754
3128,3129,4,1,6574,360,14005.017,19.1,89.239418,1680,9.3,False,False,False,0.0005538651709476005
3129,3130,4,1,6574,360,14005.067,21.24,89.239418,1280,8.6,False,False,False,0.0005544609346792358
3130,3131,4,1,6574,360,14005.127,20.789999,88.91333,1192,6.3,False,False,False,0.0005548708076115545
3131,3132,4,1,6574,360,14005.181,15.059999,88.695938,776,0.0,False,False,False,0.0005552037346939898
3132,3133,4,1,6574,360,14005.236,27.76,88.36985,1656,13.3,False,False,False,0.0005561046522420442
3133,3134,4,1,6574,360,14005.29,5.21,88.36985,794,0.0,False,False,False,0.0005563802405919054
3134,3135,4,1,6574,360,14005.291,0.0,88.043762,772,0.0,False,False,False,0.0005566528640594431
3135,3136,4,1,6574,360,14005.292,4.65,87.608978,1140,7.0,False,False,False,0.0005569576159057658
3136,3137,4,1,6574,360,14005.333,25.369999,87.174194,2120,9.1,False,False,False,0.0005578700720595462
3137,3138,4,1,6574,360,14005.401,16.77,87.065498,870,0.0,False,False,False,0.0005582647533795441
3138,3139,4,1,6574,360,14005.413,0.0,87.065498,770,0.0,False,False,False,0.0005585279400229024
3139,3140,4,1,6574,360,14005.413,0.0,86.848106,772,0.0,False,False,False,0.0005587987445465159
3140,3141,4,1,6574,360,14005.413,0.0,86.413322,776,0.0,False,False,False,0.0005590714053626721
3141,3142,4,1,6574,360,14005.413,0.0,85.978539,772,0.0,False,False,False,0.0005593440661788282
3142,3143,4,1,6574,360,14005.449,37.799999,85.652451,2504,33.600002,False,False,False,0.0005608632137953024
3143,3144,4,1,6574,360,14005.539,15.65,85.652451,784,0.0,False,False,False,0.0005613513088422486
3144,3145,4,1,6574,360,14005.55,0.0,85.652451,774,0.0,False,False,False,0.0005616217412567692
3145,3146,4,1,6574,360,14005.55,0.0,85.652451,768,0.0,False,False,False,0.0005618889733731719
3146,3147,4,1,6574,360,14005.559,4.75,85.652451,794,0.0,False,False,False,0.0005622666495032791
3147,3148,4,1,6574,360,14005.563,5.28,85.652451,1132,11.2,False,False,False,0.000562578485528534
3148,3149,4,1,6574,360,14005.624,25.449999,85.652451,1228,0.0,False,False,False,0.0005637466958490498
3149,3150,4,1,6574,360,14005.659,6.27,85.652451,846,0.0,False,False,False,0.0005640122316106932
3150,3151,4,1,6574,360,14005.708,13.77,85.652451,836,0.0,False,False,False,0.0005649435970250825
3151,3152,4,1,6574,360,14005.711,0.0,85.652451,762,0.0,False,False,False,0.000565214274785851
3152,3153,4,1,6574,360,14005.711,0.0,85.326363,768,0.0,False,False,False,0.0005654923557714584
3153,3154,4,1,6574,360,14005.711,0.0,84.891579,780,0.0,False,False,False,0.000565770436757066
3154,3155,4,1,6574,360,14005.711,0.0,84.456795,782,0.0,False,False,False,0.0005660466614896245
3155,3156,4,1,6574,360,14005.711,0.0,83.913315,1400,13.8,False,False,False,0.0005663390213448396
3156,3157,4,1,6574,360,14005.753,26.0,83.804619,1256,0.0,False,False,False,0.0005674815569318599
3157,3158,4,1,6574,360,14005.785,0.0,83.804619,768,0.0,False,False,False,0.0005677294968117238
3158,3159,4,1,6574,360,14005.785,0.0,83.695923,778,0.0,False,False,False,0.0005680003655371308
3159,3160,4,1,6574,360,14005.788,7.39,83.261139,1850,19.300001,False,False,False,0.0005683550004469261
3160,3161,4,1,6574,360,14005.869,15.07,83.043747,796,0.0,False,False,False,0.000570005830710632
3161,3162,4,1,6574,360,14005.895,21.109999,83.043747,1256,16.300001,False,False,False,0.0005705095954528109
3162,3163,4,1,6574,360,14005.922,0.0,83.043747,768,0.0,False,False,False,0.0005708758141153352
3163,3164,4,1,6574,360,14005.944,22.559999,83.043747,2004,9.7,False,False,False,0.0005714906120849773
3164,3165,4,1,6574,360,14006.014,42.950001,83.043747,3636,39.900002,False,False,False,0.0005728879117276531
3165,3166,4,1,6574,360,14006.123,19.439999,82.935051,758,0.0,False,False,False,0.0005734964274962104
3166,3167,4,1,6574,360,14006.134,0.0,82.935051,776,0.0,False,False,False,0.0005737527034438308
3167,3168,4,1,6574,360,14006.134,0.0,82.935051,768,0.0,False,False,False,0.0005740164262011058
3168,3169,4,1,6574,360,14006.134,0.0,82.608963,772,0.0,False,False,False,0.0005742802203505728
3169,3170,4,1,6574,360,14006.134,0.0,82.174179,766,0.0,False,False,False,0.0005745475127174482
3170,3171,4,1,6574,360,14006.157,24.99,81.848091,2222,19.6,False,False,False,0.0005752689143128759
3171,3172,4,1,6574,360,14006.274,42.469997,81.739395,1244,0.0,False,False,False,0.0005769001877167536
3172,3173,4,1,6574,360,14006.355,12.219999,81.739395,764,0.0,False,False,False,0.0005770827540245822
3173,3174,4,1,6574,360,14006.362,0.0,81.739395,772,0.0,False,False,False,0.0005773532518114404
3174,3175,4,1,6574,360,14006.362,0.0,81.739395,774,0.0,False,False,False,0.0005776152568913405
3175,3176,4,1,6574,360,14006.363,1.49,81.739395,840,16.0,False,False,False,0.0005778842884274506
3176,3177,4,1,6574,360,14006.451,43.489998,81.739395,1582,5.8,False,False,False,0.0005796872678690792
3177,3178,4,1,6574,360,14006.546,16.76,81.739395,804,0.0,False,False,False,0.0005799263482697112
3178,3179,4,1,6574,360,14006.558,4.29,81.739395,822,0.0,False,False,False,0.0005802076279105894
3179,3180,4,1,6574,360,14006.622,44.5,81.739395,2498,23.700001,False,False,False,0.0005821200771979713
3180,3181,4,1,6574,360,14006.746,37.239998,81.739395,1076,0.0,False,False,False,0.0005827373654547991
3181,3182,4,1,6574,360,14006.789,0.0,81.739395,784,0.0,False,False,False,0.0005829515278963725
3182,3183,4,1,6574,360,14006.789,0.0,81.739395,768,0.0,False,False,False,0.0005832170230433939
3183,3184,4,1,6574,360,14006.79,0.0,81.739395,772,0.0,False,False,False,0.0005834825479251188
3184,3185,4,1,6574,360,14006.79,0.0,81.739395,766,0.0,False,False,False,0.0005837498277744026
3185,3186,4,1,6574,360,14006.79,0.0,81.739395,782,0.0,False,False,False,0.0005840135381812547
3186,3187,4,1,6574,360,14006.79,0.0,81.739395,778,0.0,False,False,False,0.0005842826027517544
3187,3188,4,1,6574,360,14006.791,0.0,81.739395,770,0.0,False,False,False,0.0005845534103128752
3188,3189,4,1,6574,360,14006.829,34.119999,81.739395,2120,26.0,False,False,False,0.0005857245972948413
3189,3190,4,1,6574,360,14006.953,49.489998,81.739395,1800,0.0,False,False,False,0.0005865777819214557
3190,3191,4,1,6574,360,14007.02,0.0,81.739395,792,0.0,False,False,False,0.0005867254615570223
3191,3192,4,1,6574,360,14007.02,0.0,81.739395,760,0.0,False,False,False,0.0005869891676339697
3192,3193,4,1,6574,360,14007.02,0.0,81.739395,770,0.0,False,False,False,0.0005872511604066813
3193,3194,4,1,6574,360,14007.021,0.0,81.739395,766,0.0,False,False,False,0.0005875201786176648
3194,3195,4,1,6574,360,14007.025,9.91,81.739395,1960,29.200001,False,False,False,0.0005878536053440795
3195,3196,4,1,6574,360,14007.095,45.91,81.739395,2952,45.400002,False,False,False,0.0005900062071252372
3196,3197,4,1,6574,360,14007.246,60.049999,81.739395,2200,37.400002,False,False,False,0.0005916972760187108
3197,3198,4,1,6574,360,14007.431,65.369995,81.739395,1648,0.0,False,False,False,0.0005929278589443743
3198,3199,4,1,6574,360,14007.608,72.860001,81.739395,1840,34.5,False,False,False,0.0005945516499569408
3199,3200,4,1,6574,360,14007.823,86.489998,81.739395,3550,30.300001,False,False,False,0.0005970182505696589
3200,3201,4,1,6574,364,14008.057,79.689995,81.739395,1488,3.8,False,False,False,0.0005976667094723078
3201,3202,4,1,6574,364,14008.27,75.409996,81.739395,1898,0.0,False,False,False,0.0005985960724577369
3202,3203,4,1,6574,364,14008.471,71.779999,81.739395,2172,21.0,False,False,False,0.0006000704095108231
3203,3204,4,1,6574,364,14008.688,78.759995,81.739395,1392,0.0,False,False,False,0.0006015152514459993
3204,3205,4,1,6574,364,14008.878,64.830002,81.739395,2130,12.3,False,False,False,0.0006019966769161016
3205,3206,4,1,6574,364,14009.051,64.479996,81.739395,1610,0.0,False,False,False,0.0006024763221775567
3206,3207,4,1,6574,364,14009.225,58.689999,81.739395,1514,17.800001,False,False,False,0.0006029823218399418
3207,3208,4,1,6574,364,14009.393,63.049999,81.739395,1846,0.0,False,False,False,0.0006040763453245031
3208,3209,4,1,6574,364,14009.56,59.209999,81.739395,1502,4.5,False,False,False,0.0006047863896946304
3209,3210,4,1,6574,364,14009.729,61.66,81.739395,1684,10.6,False,False,False,0.0006056942504562039
3210,3211,4,1,6574,364,14009.903,59.77,81.739395,1508,0.0,False,False,False,0.0006064398561605915
3211,3212,4,1,6574,364,14010.09,70.099998,81.739395,1314,0.0,False,False,False,0.0006086924714636762
3212,3213,4,1,6574,364,14010.268,52.02,81.739395,1310,0.0,False,True,False,0.0006088087102466386
3213,3214,4,1,6574,364,14010.341,4.54,81.739395,782,0.0,False,False,False,0.0006089789692506948
3214,3215,4,1,6574,364,14010.365,14.87,81.739395,1186,0.0,False,False,False,0.000609587431345911
3215,3216,4,1,6574,364,14010.416,33.469997,81.739395,2492,0.0,False,False,False,0.0006107432682035848
3216,3217,4,1,6574,364,14010.471,11.49,81.739395,1498,0.0,False,False,False,0.0006110498319555456
3217,3218,4,1,6574,364,14010.477,0.0,81.739395,766,0.0,False,False,False,0.0006113242022950185
3218,3219,4,1,6574,364,14010.477,0.0,81.739395,778,0.0,False,False,False,0.0006115914118119025
3219,3220,4,1,6574,364,14010.477,0.0,81.739395,770,0.0,False,False,False,0.0006118586213287863
3220,3221,4,1,6574,364,14010.477,0.0,81.739395,774,0.0,False,False,False,0.0006121293993488337
3221,3222,4,1,6574,364,14010.538,44.259998,81.739395,2296,0.0,False,False,False,0.0006142794602562545
3222,3223,4,1,6574,364,14010.597,0.0,81.739395,776,0.0,False,False,False,0.0006145340891548622
3223,3224,4,1,6574,364,14010.632,28.949999,81.739395,1696,12.7,False,False,False,0.0006154188177365777
3224,3225,4,1,6574,364,14010.703,15.929999,81.739395,868,0.0,False,False,False,0.0006158555458961697
3225,3226,4,1,6574,364,14010.728,29.549999,81.739395,2634,31.6,False,False,False,0.0006170377415262415
3226,3227,4,1,6574,364,14010.825,22.769999,81.739395,770,0.0,False,False,False,0.0006178892471180591
3227,3228,4,1,6574,364,14010.838,0.0,81.739395,770,0.0,False,False,False,0.0006181399613669527
3228,3229,4,1,6574,364,14010.838,0.0,81.739395,788,0.0,False,False,False,0.0006184071639994696
3229,3230,4,1,6574,364,14010.838,0.0,81.739395,766,0.0,False,False,False,0.0006186725824263741
3230,3231,4,1,6574,364,14010.838,0.0,81.739395,782,0.0,False,False,False,0.0006189433534701159
3231,3232,4,1,6574,364,14010.838,0.0,81.304611,782,0.0,False,False,False,0.0006192105561026326
3232,3233,4,1,6574,364,14010.838,1.94,80.869827,1358,15.2,False,False,False,0.0006194921037482735
3233,3234,4,1,6574,364,14010.907,23.309999,80.543739,1148,0.0,False,False,False,0.0006210747045352214
3234,3235,4,1,6574,364,14010.919,0.0,80.543739,748,0.0,False,False,False,0.0006213308112900167
3235,3236,4,1,6574,364,14010.919,0.0,80.326347,764,0.0,False,False,False,0.0006215980123778905
3236,3237,4,1,6574,364,14010.919,0.0,79.891563,772,0.0,False,False,False,0.000621868710488549
3237,3238,4,1,6574,364,14010.919,4.87,79.782867,1586,14.900001,False,False,False,0.0006222003567105976
3238,3239,4,1,6574,364,14010.992,26.609999,79.565475,1254,0.0,False,False,False,0.0006238402077306353
3239,3240,4,1,6574,364,14011.023,4.88,79.565475,812,0.0,False,False,False,0.0006241928092752917
3240,3241,4,1,6574,364,14011.024,0.0,79.565475,778,0.0,False,False,False,0.0006244582509992847
3241,3242,4,1,6574,364,14011.032,11.29,79.565475,1454,3.2,False,False,False,0.0006250012132430185
3242,3243,4,1,6574,364,14011.104,32.290001,79.456779,1554,0.0,False,False,False,0.0006266769073366856
3243,3244,4,1,6574,364,14011.157,4.87,79.456779,772,0.0,False,False,False,0.0006269601461074124
3244,3245,4,1,6574,364,14011.163,0.0,79.456779,764,0.0,False,False,False,0.0006272483413160409
3245,3246,4,1,6574,364,14011.171,5.48,79.456779,796,0.0,False,False,False,0.000627607170937323
3246,3247,4,1,6574,364,14011.187,20.309999,79.456779,2326,14.2,False,False,False,0.0006283316087631431
3247,3248,4,1,6574,364,14011.259,31.959999,79.239388,1462,0.0,False,False,False,0.0006293902360782797
3248,3249,4,1,6574,364,14011.355,36.329998,79.130692,1578,0.0,False,False,False,0.0006301924266120863
3249,3250,4,1,6574,364,14011.421,20.869999,79.130692,1148,0.0,False,False,False,0.0006304967571271231
3250,3251,4,1,6574,364,14011.478,20.9,79.130692,1068,0.0,False,False,False,0.0006308981894565687
3251,3252,4,1,6574,364,14011.508,0.0,79.130692,788,0.0,False,False,False,0.0006311375522497473
3252,3253,4,1,6574,364,14011.508,0.0,79.130692,776,0.0,False,False,False,0.0006314082389819153
3253,3254,4,1,6574,364,14011.52,16.49,79.130692,1274,0.0,False,False,False,0.0006318969749909367
3254,3255,4,1,6574,364,14011.582,30.189999,79.130692,1458,9.8,False,False,False,0.0006326125335073864
3255,3256,4,1,6574,364,14011.67,24.269999,79.130692,792,0.0,False,False,False,0.0006332233614293351
3256,3257,4,1,6574,364,14011.727,11.24,79.130692,762,0.0,False,False,False,0.000633468703129662
3257,3258,4,1,6574,364,14011.769,13.42,79.130692,770,0.0,False,False,False,0.0006340150900938993
3258,3259,4,1,6574,364,14011.786,0.0,79.130692,772,0.0,False,False,False,0.0006343044844900935
3259,3260,4,1,6574,364,14011.786,0.0,79.130692,786,0.0,False,False,False,0.0006345965035075823
3260,3261,4,1,6574,364,14011.788,5.7,79.130692,952,7.0,False,False,False,0.0006348883605460955
3261,3262,4,1,6574,364,14011.822,15.589999,79.130692,1222,0.0,False,False,False,0.0006352996562719487
3262,3263,4,1,6574,364,14011.856,19.559999,79.130692,1800,14.3,False,False,False,0.0006358234895156277
3263,3264,4,1,6574,364,14011.893,0.0,79.130692,782,0.0,False,False,False,0.0006362089541395912
3264,3265,4,1,6574,364,14011.937,21.719999,79.130692,1350,16.200001,False,False,False,0.0006370199908841379
3265,3266,4,1,6574,364,14012.013,27.01,79.130692,1294,0.0,False,False,False,0.0006377565624180895
3266,3267,4,1,6574,364,14012.085,20.469999,79.130692,1036,0.0,False,False,False,0.0006381160179931829
3267,3268,4,1,6574,364,14012.108,5.95,79.130692,784,0.0,False,False,False,0.0006383806504595554
3268,3269,4,1,6574,364,14012.129,11.19,79.130692,1482,0.0,False,False,False,0.0006388011556876412
3269,3270,4,1,6574,364,14012.204,36.439999,79.130692,1072,0.0,False,False,False,0.0006401391145094298
3270,3271,4,1,6574,364,14012.295,34.130001,79.130692,2318,28.700001,False,False,False,0.0006407191884563908
3271,3272,4,1,6574,364,14012.407,43.18,79.130692,1594,0.0,False,False,False,0.0006417185342579432
3272,3273,4,1,6574,364,14012.459,2.97,83.478531,778,0.0,False,False,False,0.0006419514981989814
3273,3274,4,1,6574,364,14012.46,0.0,83.478531,776,0.0,False,False,False,0.0006422292567288877
3274,3275,4,1,6574,364,14012.461,0.0,83.478531,772,0.0,False,False,False,0.0006425052312201818
3275,3276,4,1,6574,364,14012.461,0.0,83.478531,780,0.0,False,False,False,0.0006427759709039759
3276,3277,4,1,6574,364,14012.466,6.16,83.478531,792,0.0,False,False,False,0.0006430828033550015
3277,3278,4,1,6574,364,14012.474,2.08,83.478531,780,0.0,False,False,False,0.0006433743695531886
3278,3279,4,1,6574,364,14012.517,30.92,83.478531,1458,0.0,False,False,False,0.0006443709312944066
3279,3280,4,1,6574,364,14012.592,11.099999,83.478531,800,0.0,False,False,False,0.0006446046095818973
3280,3281,4,1,6574,364,14012.601,10.15,83.478531,1388,10.900001,False,False,False,0.0006449537131819294
3281,3282,4,1,6574,364,14012.645,18.32,83.478531,1926,26.6,False,False,False,0.0006455199200493519
3282,3283,4,1,6574,364,14012.69,14.88,83.478531,818,0.0,False,False,False,0.0006459945952850391
3283,3284,4,1,6574,364,14012.741,14.679999,83.478531,840,0.0,False,False,False,0.0006465639688931029
3284,3285,4,1,6574,364,14012.762,9.82,83.478531,1202,0.0,False,False,False,0.000646885896877655
3285,3286,4,1,6574,364,14012.795,13.389999,83.478531,1886,16.800001,False,False,False,0.000647239737701315
3286,3287,4,1,6574,364,14012.828,3.23,83.478531,764,0.0,False,False,False,0.0006475899375959232
3287,3288,4,1,6574,364,14012.828,0.0,83.478531,782,0.0,False,False,False,0.0006478659506881346
3288,3289,4,1,6574,364,14012.84,8.62,83.478531,1068,0.0,False,False,False,0.0006482349591546642
3289,3290,4,1,6574,364,14012.876,0.75,83.478531,808,0.0,False,False,False,0.0006486655083861167
3290,3291,4,1,6574,368,14012.888,18.18,83.478531,1460,0.0,False,False,False,0.0006492204019327113
3291,3292,4,1,6574,368,14012.907,0.0,83.478531,768,0.0,False,False,False,0.0006494584272608631
3292,3293,4,1,6574,368,14012.907,0.0,83.478531,772,0.0,False,False,False,0.0006497238065016416
3293,3294,4,1,6574,368,14012.907,0.0,83.152443,780,0.0,False,False,False,0.000649990969684614
3294,3295,4,1,6574,368,14012.907,0.0,82.935051,780,0.0,False,False,False,0.0006502510684564983
3295,3296,4,1,6574,368,14012.908,2.63,82.935051,774,4.0,False,False,False,0.0006505129047514797
3296,3297,4,1,6574,368,14012.946,25.699999,82.608963,1430,0.0,False,False,False,0.0006512516888533751
3297,3298,4,1,6574,368,14012.975,0.0,82.608963,768,0.0,False,False,False,0.000651512365335317
3298,3299,4,1,6574,368,14012.975,0.0,82.608963,770,0.0,False,False,False,0.0006517777432883961
3299,3300,4,1,6574,368,14012.975,0.0,82.391571,778,0.0,False,False,False,0.0006520466891085505
3300,3301,4,1,6574,368,14012.975,0.0,81.956787,780,0.0,False,False,False,0.0006523174188622429
3301,3302,4,1,6574,368,14012.975,0.0,81.522003,788,0.0,False,False,False,0.000652581012881784
3302,3303,4,1,6574,368,14012.975,0.0,81.087219,776,0.0,False,False,False,0.0006528499587019385
3303,3304,4,1,6574,368,14012.999,14.799999,80.761131,1154,0.0,False,False,False,0.0006533117349301937
3304,3305,4,1,6574,368,14013.065,36.860001,80.761131,2078,15.5,False,False,False,0.0006543698776907342
3305,3306,4,1,6574,368,14013.169,36.130001,80.761131,1054,0.0,False,False,False,0.000654738500727371
3306,3307,4,1,6574,368,14013.225,5.67,80.761131,800,0.0,False,False,False,0.0006549411758409758
3307,3308,4,1,6574,368,14013.229,0.0,80.761131,764,0.0,False,False,False,0.0006552098584945345
3308,3309,4,1,6574,368,14013.229,0.0,80.761131,774,0.0,False,False,False,0.0006554717351914259
3309,3310,4,1,6574,368,14013.248,20.52,80.761131,1862,14.900001,False,False,False,0.000656080083640592
3310,3311,4,1,6574,368,14013.337,41.299999,80.761131,2048,6.3,False,False,False,0.0006576103457480722
3311,3312,4,1,6574,368,14013.447,37.919998,80.761131,1074,0.0,False,False,False,0.0006580252506574109
3312,3313,4,1,6574,368,14013.52,0.0,80.761131,782,0.0,False,False,False,0.0006583576176708157
3313,3314,4,1,6574,368,14013.52,0.0,80.761131,780,0.0,False,False,False,0.0006586212727942163
3314,3315,4,1,6574,368,14013.52,0.0,80.761131,764,0.0,False,False,False,0.0006588848565630503
3315,3316,4,1,6574,368,14013.52,0.0,80.761131,764,0.0,False,False,False,0.0006591502955506146
3316,3317,4,1,6574,368,14013.52,0.0,80.761131,774,0.0,False,False,False,0.0006594138793194487
3317,3318,4,1,6574,368,14013.52,0.0,80.761131,774,0.0,False,False,False,0.0006596739667145217
3318,3319,4,1,6574,368,14013.536,28.629999,80.761131,3206,36.400002,False,False,False,0.0006606137370513016
3319,3320,4,1,6574,368,14013.642,39.610001,80.761131,1368,0.0,False,False,False,0.000661639305520612
3320,3321,4,1,6574,368,14013.714,8.76,80.761131,818,0.0,False,False,False,0.0006618252074212859
3321,3322,4,1,6574,368,14013.721,1.87,80.761131,776,0.0,False,False,False,0.000662093808360509
3322,3323,4,1,6574,368,14013.721,0.0,80.761131,770,0.0,False,False,False,0.0006623574597025513
3323,3324,4,1,6574,368,14013.722,0.0,80.761131,770,0.0,False,False,False,0.0006626209924106949
3324,3325,4,1,6574,368,14013.742,18.0,80.761131,1384,0.0,False,False,False,0.0006630683604450228
3325,3326,4,1,6574,368,14013.795,13.27,80.761131,816,0.0,False,False,False,0.0006633925790566327
3326,3327,4,1,6574,368,14013.858,36.59,80.761131,1752,0.0,False,False,False,0.0006648150841057399
3327,3328,4,1,6574,368,14013.919,23.58,80.761131,2042,37.900002,False,False,False,0.0006655155837861068
3328,3329,4,1,6574,368,14014.042,47.09,80.761131,1708,0.0,False,False,False,0.0006677541173262271
3329,3330,4,1,6574,368,14014.089,0.0,80.761131,776,0.0,False,False,False,0.0006679376063897989
3330,3331,4,1,6574,368,14014.089,0.0,80.761131,772,0.0,False,False,False,0.0006681924032020061
3331,3332,4,1,6574,368,14014.09,0.0,80.761131,772,0.0,False,False,False,0.0006684470809677284
3332,3333,4,1,6574,368,14014.152,45.369999,80.761131,2078,17.1,False,False,False,0.0006705811681528677
3333,3334,4,1,6574,368,14014.288,46.829998,80.761131,1478,0.0,False,False,False,0.000671427087334916
3334,3335,4,1,6574,368,14014.424,48.509998,80.761131,1764,0.0,False,False,False,0.000672472627299752
3335,3336,4,1,6574,368,14014.486,0.0,80.761131,778,0.0,False,False,False,0.000672628833563103
3336,3337,4,1,6574,368,14014.508,23.34,80.761131,1796,15.900001,False,False,False,0.0006733317836214
3337,3338,4,1,6574,368,14014.55,2.15,80.761131,758,0.0,False,False,False,0.0006736884389124937
3338,3339,4,1,6574,368,14014.554,0.0,80.761131,780,0.0,False,False,False,0.0006740255147959189
3339,3340,4,1,6574,368,14014.554,0.0,80.761131,802,0.0,False,False,False,0.0006742873667355568
3340,3341,4,1,6574,368,14014.554,0.0,80.761131,774,0.0,False,False,False,0.0006745615621045019
3341,3342,4,1,6574,368,14014.554,0.0,80.326347,774,0.0,False,False,False,0.0006748358288227493
3342,3343,4,1,6574,368,14014.554,0.0,79.782867,766,0.0,False,False,False,0.0006751100241916944
3343,3344,4,1,6574,368,14014.554,0.0,79.348083,762,0.0,False,False,False,0.0006753914258401773
3344,3345,4,1,6574,368,14014.563,4.26,78.9133,840,0.0,False,False,False,0.0006760468345081821
3345,3346,4,1,6574,368,14014.574,4.26,78.9133,782,0.0,False,False,False,0.0006763852126213311
3346,3347,2,1,6575,360,14014.574,0.0,89.674202,776,0.0,False,False,False,0.0005517293833274327
3347,3348,2,1,6575,360,14014.574,0.0,89.674202,782,0.0,False,False,False,0.0005519478545794842
3348,3349,2,1,6575,360,14014.574,0.0,89.674202,766,0.0,False,False,False,0.0005521662544823351
3349,3350,2,1,6575,360,14014.576,0.82,89.674202,752,3.8,False,False,False,0.0005524368031681324
3350,3351,2,1,6575,360,14014.587,2.35,89.565506,774,0.0,False,False,False,0.000552826863405721
3351,3352,2,1,6575,360,14014.616,19.1,89.239418,1680,9.3,False,False,False,0.0005534858403654895
3352,3353,2,1,6575,360,14014.666,21.24,89.239418,1280,8.6,False,False,False,0.0005540811974257949
3353,3354,2,1,6575,360,14014.726,20.789999,88.91333,1192,6.3,False,False,False,0.0005544907912726034
3354,3355,2,1,6575,360,14014.78,15.059999,88.695938,776,0.0,False,False,False,0.0005548234918070918
3355,3356,2,1,6575,360,14014.835,27.76,88.36985,1656,13.3,False,False,False,0.0005557237938374703
3356,3357,2,1,6575,360,14014.889,5.21,88.36985,794,0.0,False,False,False,0.0005559991949137154
3357,3358,2,1,6575,360,14014.89,0.0,88.043762,772,0.0,False,False,False,0.0005562716316980228
3358,3359,2,1,6575,360,14014.891,4.65,87.608978,1140,7.0,False,False,False,0.0005565761748575242
3359,3360,2,1,6575,360,14014.932,25.369999,87.174194,2120,9.1,False,False,False,0.000557488007219213
3360,3361,2,1,6575,360,14015.0,16.77,87.065498,870,0.0,False,False,False,0.0005578824200913242
3361,3362,2,1,6575,360,14015.012,0.0,87.065498,770,0.0,False,False,False,0.00055814542681613
3362,3363,2,1,6575,360,14015.012,0.0,86.848106,772,0.0,False,False,False,0.0005584160458766731
3363,3364,2,1,6575,360,14015.012,0.0,86.413322,776,0.0,False,False,False,0.0005586885199584589
3364,3365,2,1,6575,360,14015.012,0.0,85.978539,772,0.0,False,False,False,0.0005589609940402448
3365,3366,2,1,6575,360,14015.048,37.799999,85.652451,2504,33.600002,False,False,False,0.0005604791022405174
3366,3367,2,1,6575,360,14015.138,15.65,85.652451,784,0.0,False,False,False,0.0005609668654803484
3367,3368,2,1,6575,360,14015.149,0.0,85.652451,774,0.0,False,False,False,0.0005612371129901659
3368,3369,2,1,6575,360,14015.149,0.0,85.652451,768,0.0,False,False,False,0.0005615041620918842
3369,3370,2,1,6575,360,14015.158,4.75,85.652451,794,0.0,False,False,False,0.0005618815798166659
3370,3371,2,1,6575,360,14015.162,5.28,85.652451,1132,11.2,False,False,False,0.0005621932023902121
3371,3372,2,1,6575,360,14015.223,25.449999,85.652451,1228,0.0,False,False,False,0.0005633606143395408
3372,3373,2,1,6575,360,14015.258,6.27,85.652451,846,0.0,False,False,False,0.0005636259692137517
3373,3374,2,1,6575,360,14015.307,13.77,85.652451,836,0.0,False,False,False,0.0005645566981373909
3374,3375,2,1,6575,360,14015.31,0.0,85.652451,762,0.0,False,False,False,0.0005648271906086552
3375,3376,2,1,6575,360,14015.31,0.0,85.326363,768,0.0,False,False,False,0.0005651050811518866
3376,3377,2,1,6575,360,14015.31,0.0,84.891579,780,0.0,False,False,False,0.000565382971695118
3377,3378,2,1,6575,360,14015.31,0.0,84.456795,782,0.0,False,False,False,0.0005656590072565461
3378,3379,2,1,6575,360,14015.31,0.0,83.913315,1400,13.8,False,False,False,0.0005659511668905725
3379,3380,2,1,6575,360,14015.352,26.0,83.804619,1256,0.0,False,False,False,0.0005670929211823446
3380,3381,2,1,6575,360,14015.384,0.0,83.804619,768,0.0,False,False,False,0.0005673406921499868
3381,3382,2,1,6575,360,14015.384,0.0,83.695923,778,0.0,False,False,False,0.0005676113753732775
3382,3383,2,1,6575,360,14015.387,7.39,83.261139,1850,19.300001,False,False,False,0.0005679657674977154
3383,3384,2,1,6575,360,14015.468,15.07,83.043747,796,0.0,False,False,False,0.0005696154694606372
3384,3385,2,1,6575,360,14015.494,21.109999,83.043747,1256,16.300001,False,False,False,0.0005701188899306774
3385,3386,2,1,6575,360,14015.521,0.0,83.043747,768,0.0,False,False,False,0.0005704848585465679
3386,3387,2,1,6575,360,14015.543,22.559999,83.043747,2004,9.7,False,False,False,0.0005710992360955195
3387,3388,2,1,6575,360,14015.613,42.950001,83.043747,3636,39.900002,False,False,False,0.0005724955807797505
3388,3389,2,1,6575,360,14015.722,19.439999,82.935051,758,0.0,False,False,False,0.0005731036828725005
3389,3390,2,1,6575,360,14015.733,0.0,82.935051,776,0.0,False,False,False,0.0005733597836243296
3390,3391,2,1,6575,360,14015.733,0.0,82.935051,768,0.0,False,False,False,0.0005736233257778399
3391,3392,2,1,6575,360,14015.733,0.0,82.608963,772,0.0,False,False,False,0.0005738869392746512
3392,3393,2,1,6575,360,14015.733,0.0,82.174179,766,0.0,False,False,False,0.0005741540485932065
3393,3394,2,1,6575,360,14015.756,24.99,81.848091,2222,19.6,False,False,False,0.0005748749568017022
3394,3395,2,1,6575,360,14015.873,42.469997,81.739395,1244,0.0,False,False,False,0.0005765051163693929
3395,3396,2,1,6575,360,14015.954,12.219999,81.739395,764,0.0,False,False,False,0.0005766875599363458
3396,3397,2,1,6575,360,14015.961,0.0,81.739395,772,0.0,False,False,False,0.0005769578726801053
3397,3398,2,1,6575,360,14015.961,0.0,81.739395,774,0.0,False,False,False,0.0005772196983354666
3398,3399,2,1,6575,360,14015.962,1.49,81.739395,840,16.0,False,False,False,0.0005774885456634612
3399,3400,2,1,6575,360,14016.05,43.489998,81.739395,1582,5.8,False,False,False,0.0005792902928932979
3400,3401,2,1,6575,360,14016.145,16.76,81.739395,804,0.0,False,False,False,0.0005795292122611274
3401,3402,2,1,6575,360,14016.157,4.29,81.739395,822,0.0,False,False,False,0.0005798102996206721
3402,3403,2,1,6575,360,14016.221,44.5,81.739395,2498,23.700001,False,False,False,0.0005817214410759451
3403,3404,2,1,6575,360,14016.345,37.239998,81.739395,1076,0.0,False,False,False,0.0005823383101436114
3404,3405,2,1,6575,360,14016.388,0.0,81.739395,784,0.0,False,False,False,0.0005825523271525338
3405,3406,2,1,6575,360,14016.388,0.0,81.739395,768,0.0,False,False,False,0.0005828176404905108
3406,3407,2,1,6575,360,14016.389,0.0,81.739395,772,0.0,False,False,False,0.0005830829835713343
3407,3408,2,1,6575,360,14016.389,0.0,81.739395,766,0.0,False,False,False,0.0005833500803894363
3408,3409,2,1,6575,360,14016.389,0.0,81.739395,782,0.0,False,False,False,0.0005836136102094334
3409,3410,2,1,6575,360,14016.389,0.0,81.739395,778,0.0,False,False,False,0.0005838824905265881
3410,3411,2,1,6575,360,14016.39,0.0,81.739395,770,0.0,False,False,False,0.0005841531126693344
3411,3412,2,1,6575,360,14016.428,34.119999,81.739395,2120,26.0,False,False,False,0.0005853234987188805
3412,3413,2,1,6575,360,14016.552,49.489998,81.739395,1800,0.0,False,False,False,0.0005861761026461681
3413,3414,2,1,6575,360,14016.619,0.0,81.739395,792,0.0,False,False,False,0.0005863236830734235
3414,3415,2,1,6575,360,14016.619,0.0,81.739395,760,0.0,False,False,False,0.000586587208569444
3415,3416,2,1,6575,360,14016.619,0.0,81.739395,770,0.0,False,False,False,0.0005868490219344669
3416,3417,2,1,6575,360,14016.62,0.0,81.739395,766,0.0,False,False,False,0.0005871178559555759
3417,3418,2,1,6575,360,14016.624,9.91,81.739395,1960,29.200001,False,False,False,0.0005874510544725696
3418,3419,2,1,6575,360,14016.694,45.91,81.739395,2952,45.400002,False,False,False,0.0005896021842108981
3419,3420,2,1,6575,360,14016.845,60.049999,81.739395,2200,37.400002,False,False,False,0.00059129209946322
3420,3421,2,1,6575,360,14017.03,65.369995,81.739395,1648,0.0,False,False,False,0.0005925218450809422
3421,3422,2,1,6575,360,14017.207,72.860001,81.739395,1840,34.5,False,False,False,0.0005941445293253267
3422,3423,2,1,6575,360,14017.422,86.489998,81.739395,3550,30.300001,False,False,False,0.0005966094471974093
3423,3424,2,1,6575,364,14017.656,79.689995,81.739395,1488,3.8,False,False,False,0.0005972574689042944
3424,3425,2,1,6575,364,14017.869,75.409996,81.739395,1898,0.0,False,False,False,0.0005981862017542214
3425,3426,2,1,6575,364,14018.07,71.779999,81.739395,2172,21.0,False,False,False,0.0005996595351902802
3426,3427,2,1,6575,364,14018.287,78.759995,81.739395,1392,0.0,False,False,False,0.0006011033942025725
3427,3428,2,1,6575,364,14018.477,64.830002,81.739395,2130,12.3,False,False,False,0.0006015844956270479
3428,3429,2,1,6575,364,14018.65,64.479996,81.739395,1610,0.0,False,False,False,0.0006020638175703387
3429,3430,2,1,6575,364,14018.824,58.689999,81.739395,1514,17.800001,False,False,False,0.0006025694759078287
3430,3431,2,1,6575,364,14018.992,63.049999,81.739395,1846,0.0,False,False,False,0.0006036627552997178
3431,3432,2,1,6575,364,14019.159,59.209999,81.739395,1502,4.5,False,False,False,0.0006043723184594412
3432,3433,2,1,6575,364,14019.328,61.66,81.739395,1684,10.6,False,False,False,0.0006052795626464659
3433,3434,2,1,6575,364,14019.502,59.77,81.739395,1508,0.0,False,False,False,0.0006060246630256177
3434,3435,2,1,6575,364,14019.689,70.099998,81.739395,1314,0.0,False,False,False,0.0006082757416557774
3435,3436,2,1,6575,364,14019.867,52.02,81.739395,1310,0.0,False,True,False,0.0006083919061495983
3436,3437,2,1,6575,364,14019.94,4.54,81.739395,782,0.0,False,False,False,0.0006085620507612186
3437,3438,2,1,6575,364,14019.964,14.87,81.739395,1186,0.0,False,False,False,0.0006091700970061687
3438,3439,2,1,6575,364,14020.015,33.469997,81.739395,2492,0.0,False,False,False,0.000610325144078371
3439,3440,2,1,6575,364,14020.07,11.49,81.739395,1498,0.0,False,False,False,0.0006106314995931124
3440,3441,2,1,6575,364,14020.076,0.0,81.739395,766,0.0,False,False,False,0.0006109056822743133
3441,3442,2,1,6575,364,14020.076,0.0,81.739395,778,0.0,False,False,False,0.0006111727088562961
3442,3443,2,1,6575,364,14020.076,0.0,81.739395,770,0.0,False,False,False,0.0006114397354382788
3443,3444,2,1,6575,364,14020.076,0.0,81.739395,774,0.0,False,False,False,0.0006117103280803842
3444,3445,2,1,6575,364,14020.137,44.259998,81.739395,2296,0.0,False,False,False,0.0006138589188594333
3445,3446,2,1,6575,364,14020.196,0.0,81.739395,776,0.0,False,False,False,0.0006141133752070794
3446,3447,2,1,6575,364,14020.231,28.949999,81.739395,1696,12.7,False,False,False,0.0006149974991496825
3447,3448,2,1,6575,364,14020.302,15.929999,81.739395,868,0.0,False,False,False,0.0006154339304580987
3448,3449,2,1,6575,364,14020.327,29.549999,81.739395,2634,31.6,False,False,False,0.0006166153175088207
3449,3450,2,1,6575,364,14020.424,22.769999,81.739395,770,0.0,False,False,False,0.0006174662430862941
3450,3451,2,1,6575,364,14020.437,0.0,81.739395,770,0.0,False,False,False,0.0006177167860897567
3451,3452,2,1,6575,364,14020.437,0.0,81.739395,788,0.0,False,False,False,0.0006179838057967953
3452,3453,2,1,6575,364,14020.437,0.0,81.739395,766,0.0,False,False,False,0.0006182490425196789
3453,3454,2,1,6575,364,14020.437,0.0,81.739395,782,0.0,False,False,False,0.0006185196281950275
3454,3455,2,1,6575,364,14020.437,0.0,81.304611,782,0.0,False,False,False,0.000618786647902066
3455,3456,2,1,6575,364,14020.437,1.94,80.869827,1358,15.2,False,False,False,0.00061906800280171
3456,3457,2,1,6575,364,14020.506,23.309999,80.543739,1148,0.0,False,False,False,0.0006206495222410489
3457,3458,2,1,6575,364,14020.518,0.0,80.543739,748,0.0,False,False,False,0.0006209054540314394
3458,3459,2,1,6575,364,14020.518,0.0,80.326347,764,0.0,False,False,False,0.000621172472195949
3459,3460,2,1,6575,364,14020.518,0.0,79.891563,772,0.0,False,False,False,0.0006214429849892144
3460,3461,2,1,6575,364,14020.518,4.87,79.782867,1586,14.900001,False,False,False,0.0006217744041693631
3461,3462,2,1,6575,364,14020.591,26.609999,79.565475,1254,0.0,False,False,False,0.0006234131347862022
3462,3463,2,1,6575,364,14020.622,4.88,79.565475,812,0.0,False,False,False,0.0006237654958891347
3463,3464,2,1,6575,364,14020.623,0.0,79.565475,778,0.0,False,False,False,0.0006240307559260437
3464,3465,2,1,6575,364,14020.631,11.29,79.565475,1454,3.2,False,False,False,0.0006245733467098086
3465,3466,2,1,6575,364,14020.703,32.290001,79.456779,1554,0.0,False,False,False,0.0006262478958511674
3466,3467,2,1,6575,364,14020.756,4.87,79.456779,772,0.0,False,False,False,0.0006265309423441687
3467,3468,2,1,6575,364,14020.762,0.0,79.456779,764,0.0,False,False,False,0.0006268189404441467
3468,3469,2,1,6575,364,14020.77,5.48,79.456779,796,0.0,False,False,False,0.000627177524663434
3469,3470,2,1,6575,364,14020.786,20.309999,79.456779,2326,14.2,False,False,False,0.0006279014670456388
3470,3471,2,1,6575,364,14020.858,31.959999,79.239388,1462,0.0,False,False,False,0.0006289593718607049
3471,3472,2,1,6575,364,14020.954,36.329998,79.130692,1578,0.0,False,False,False,0.0006297610161893271
3472,3473,2,1,6575,364,14021.02,20.869999,79.130692,1148,0.0,False,False,False,0.0006300651404005984
3473,3474,2,1,6575,364,14021.077,20.9,79.130692,1068,0.0,False,False,False,0.0006304662996787138
3474,3475,2,1,6575,364,14021.107,0.0,79.130692,788,0.0,False,False,False,0.0006307054995372664
3475,3476,2,1,6575,364,14021.107,0.0,79.130692,776,0.0,False,False,False,0.0006309760009676149
3476,3477,2,1,6575,364,14021.119,16.49,79.130692,1274,0.0,False,False,False,0.0006314644027767842
3477,3478,2,1,6575,364,14021.181,30.189999,79.130692,1458,9.8,False,False,False,0.0006321794733643789
3478,3479,2,1,6575,364,14021.269,24.269999,79.130692,792,0.0,False,False,False,0.0006327898858594141
3479,3480,2,1,6575,364,14021.326,11.24,79.130692,762,0.0,False,False,False,0.0006330350613728421
3480,3481,2,1,6575,364,14021.368,13.42,79.130692,770,0.0,False,False,False,0.0006335810756072013
3481,3482,2,1,6575,364,14021.385,0.0,79.130692,772,0.0,False,False,False,0.0006338702724251259
3482,3483,2,1,6575,364,14021.385,0.0,79.130692,786,0.0,False,False,False,0.0006341620915414888
3483,3484,2,1,6575,364,14021.387,5.7,79.130692,952,7.0,False,False,False,0.0006344537488517469
3484,3485,2,1,6575,364,14021.421,15.589999,79.130692,1222,0.0,False,False,False,0.0006348647640803253
3485,3486,2,1,6575,364,14021.455,19.559999,79.130692,1800,14.3,False,False,False,0.0006353882397911065
3486,3487,2,1,6575,364,14021.492,0.0,79.130692,782,0.0,False,False,False,0.0006357734416963832
3487,3488,2,1,6575,364,14021.536,21.719999,79.130692,1350,16.200001,False,False,False,0.0006365839246196266
3488,3489,2,1,6575,364,14021.612,27.01,79.130692,1294,0.0,False,False,False,0.0006373199943063389
3489,3490,2,1,6575,364,14021.684,20.469999,79.130692,1036,0.0,False,False,False,0.0006376792060635468
3490,3491,2,1,6575,364,14021.707,5.95,79.130692,784,0.0,False,False,False,0.0006379436580968282
3491,3492,2,1,6575,364,14021.728,11.19,79.130692,1482,0.0,False,False,False,0.0006383638761302367
3492,3493,2,1,6575,364,14021.803,36.439999,79.130692,1072,0.0,False,False,False,0.0006397009214206318
3493,3494,2,1,6575,364,14021.894,34.130001,79.130692,2318,28.700001,False,False,False,0.0006402806011369692
3494,3495,2,1,6575,364,14022.006,43.18,79.130692,1594,0.0,False,False,False,0.000641279266371276
3495,3496,2,1,6575,364,14022.058,2.97,83.478531,778,0.0,False,False,False,0.0006415120724737785
3496,3497,2,1,6575,364,14022.059,0.0,83.478531,776,0.0,False,False,False,0.0006417896409050265
3497,3498,2,1,6575,364,14022.06,0.0,83.478531,772,0.0,False,False,False,0.000642065426518891
3498,3499,2,1,6575,364,14022.06,0.0,83.478531,780,0.0,False,False,False,0.0006423359808772123
3499,3500,2,1,6575,364,14022.065,6.16,83.478531,792,0.0,False,False,False,0.0006426426034536672
3500,3501,2,1,6575,364,14022.073,2.08,83.478531,780,0.0,False,False,False,0.0006429339703216264
3501,3502,2,1,6575,364,14022.116,30.92,83.478531,1458,0.0,False,False,False,0.000643929851254172
3502,3503,2,1,6575,364,14022.191,11.099999,83.478531,800,0.0,False,False,False,0.0006441633719458003
3503,3504,2,1,6575,364,14022.2,10.15,83.478531,1388,10.900001,False,False,False,0.0006445122368646242
3504,3505,2,1,6575,364,14022.244,18.32,83.478531,1926,26.6,False,False,False,0.0006450780575450303
3505,3506,2,1,6575,364,14022.289,14.88,83.478531,818,0.0,False,False,False,0.0006455524092814461
3506,3507,2,1,6575,364,14022.34,14.679999,83.478531,840,0.0,False,False,False,0.0006461213947604493
3507,3508,2,1,6575,364,14022.361,9.82,83.478531,1202,0.0,False,False,False,0.0006464431030478357
3508,3509,2,1,6575,364,14022.394,13.389999,83.478531,1886,16.800001,False,False,False,0.0006467967027097719
3509,3510,2,1,6575,364,14022.427,3.23,83.478531,764,0.0,False,False,False,0.000647146663935998
3510,3511,2,1,6575,364,14022.427,0.0,83.478531,782,0.0,False,False,False,0.0006474224880979521
3511,3512,2,1,6575,364,14022.439,8.62,83.478531,1068,0.0,False,False,False,0.0006477912443588195
3512,3513,2,1,6575,364,14022.475,0.75,83.478531,808,0.0,False,False,False,0.0006482215000205013
3513,3514,2,1,6575,368,14022.487,18.18,83.478531,1460,0.0,False,False,False,0.0006487760141254455
3514,3515,2,1,6575,368,14022.506,0.0,83.478531,768,0.0,False,False,False,0.0006490138771288721
3515,3516,2,1,6575,368,14022.506,0.0,83.478531,772,0.0,False,False,False,0.0006492790747192607
3516,3517,2,1,6575,368,14022.506,0.0,83.152443,780,0.0,False,False,False,0.0006495460550307462
3517,3518,2,1,6575,368,14022.506,0.0,82.935051,780,0.0,False,False,False,0.0006498059757666878
3518,3519,2,1,6575,368,14022.507,2.63,82.935051,774,4.0,False,False,False,0.0006500676328681548
3519,3520,2,1,6575,368,14022.545,25.699999,82.608963,1430,0.0,False,False,False,0.0006508059124850386
3520,3521,2,1,6575,368,14022.574,0.0,82.608963,768,0.0,False,False,False,0.0006510664114583059
3521,3522,2,1,6575,368,14022.574,0.0,82.608963,770,0.0,False,False,False,0.0006513316077627572
3522,3523,2,1,6575,368,14022.574,0.0,82.391571,778,0.0,False,False,False,0.0006516003694921137
3523,3524,2,1,6575,368,14022.574,0.0,81.956787,780,0.0,False,False,False,0.0006518709139339229
3524,3525,2,1,6575,368,14022.574,0.0,81.522003,788,0.0,False,False,False,0.0006521343275259216
3525,3526,2,1,6575,368,14022.574,0.0,81.087219,776,0.0,False,False,False,0.0006524030892552783
3526,3527,2,1,6575,368,14022.598,14.799999,80.761131,1154,0.0,False,False,False,0.0006528645501675105
3527,3528,2,1,6575,368,14022.664,36.860001,80.761131,2078,15.5,False,False,False,0.0006539219707488713
3528,3529,2,1,6575,368,14022.768,36.130001,80.761131,1054,0.0,False,False,False,0.0006542903447917849
3529,3530,2,1,6575,368,14022.824,5.67,80.761131,800,0.0,False,False,False,0.0006544928829682973
3530,3531,2,1,6575,368,14022.828,0.0,80.761131,764,0.0,False,False,False,0.00065476138184239
3531,3532,2,1,6575,368,14022.828,0.0,80.761131,774,0.0,False,False,False,0.0006550230792904762
3532,3533,2,1,6575,368,14022.847,20.52,80.761131,1862,14.900001,False,False,False,0.0006556310119470071
3533,3534,2,1,6575,368,14022.936,41.299999,80.761131,2048,6.3,False,False,False,0.0006571602294819372
3534,3535,2,1,6575,368,14023.046,37.919998,80.761131,1074,0.0,False,False,False,0.0006575748539330233
3535,3536,2,1,6575,368,14023.119,0.0,80.761131,782,0.0,False,False,False,0.0006579069957977396
3536,3537,2,1,6575,368,14023.119,0.0,80.761131,780,0.0,False,False,False,0.0006581704704587861
3537,3538,2,1,6575,368,14023.119,0.0,80.761131,764,0.0,False,False,False,0.0006584338738141055
3538,3539,2,1,6575,368,14023.119,0.0,80.761131,764,0.0,False,False,False,0.0006586991311183254
3539,3540,2,1,6575,368,14023.119,0.0,80.761131,774,0.0,False,False,False,0.000658962534473645
3540,3541,2,1,6575,368,14023.119,0.0,80.761131,774,0.0,False,False,False,0.0006592224438483444
3541,3542,2,1,6575,368,14023.135,28.629999,80.761131,3206,36.400002,False,False,False,0.0006601615714623397
3542,3543,2,1,6575,368,14023.241,39.610001,80.761131,1368,0.0,False,False,False,0.0006611864413910172
3543,3544,2,1,6575,368,14023.313,8.76,80.761131,818,0.0,False,False,False,0.0006613722183753314
3544,3545,2,1,6575,368,14023.32,1.87,80.761131,776,0.0,False,False,False,0.0006616406356957057
3545,3546,2,1,6575,368,14023.32,0.0,80.761131,770,0.0,False,False,False,0.0006619041065805686
3546,3547,2,1,6575,368,14023.321,0.0,80.761131,770,0.0,False,False,False,0.0006621674589450711
3547,3548,2,1,6575,368,14023.341,18.0,80.761131,1384,0.0,False,False,False,0.0006626145214238588
3548,3549,2,1,6575,368,14023.394,13.27,80.761131,816,0.0,False,False,False,0.0006629385198390747
3549,3550,2,1,6575,368,14023.457,36.59,80.761131,1752,0.0,False,False,False,0.0006643600532983202
3550,3551,2,1,6575,368,14023.518,23.58,80.761131,2042,37.900002,False,False,False,0.0006650600755049122
3551,3552,2,1,6575,368,14023.641,47.09,80.761131,1708,0.0,False,False,False,0.0006672970809021065
3552,3553,2,1,6575,368,14023.688,0.0,80.761131,776,0.0,False,False,False,0.000667480445910811
3553,3554,2,1,6575,368,14023.688,0.0,80.761131,772,0.0,False,False,False,0.0006677350683309319
3554,3555,2,1,6575,368,14023.689,0.0,80.761131,772,0.0,False,False,False,0.0006679895718186693
3555,3556,2,1,6575,368,14023.751,45.369999,80.761131,2078,17.1,False,False,False,0.0006701222003870158
3556,3557,2,1,6575,368,14023.887,46.829998,80.761131,1478,0.0,False,False,False,0.0006709675450504521
3557,3558,2,1,6575,368,14024.023,48.509998,80.761131,1764,0.0,False,False,False,0.000672012373883451
3558,3559,2,1,6575,368,14024.085,0.0,80.761131,778,0.0,False,False,False,0.000672168475271273
3559,3560,2,1,6575,368,14024.107,23.34,80.761131,1796,15.900001,False,False,False,0.0006728709449418105
3560,3561,2,1,6575,368,14024.149,2.15,80.761131,758,0.0,False,False,False,0.0006732273575132785
3561,3562,2,1,6575,368,14024.153,0.0,80.761131,780,0.0,False,False,False,0.0006735642028290172
3562,3563,2,1,6575,368,14024.153,0.0,80.761131,802,0.0,False,False,False,0.0006738258755537284
3563,3564,2,1,6575,368,14024.153,0.0,80.761131,774,0.0,False,False,False,0.0006740998832597406
3564,3565,2,1,6575,368,14024.153,0.0,80.326347,774,0.0,False,False,False,0.0006743739622662227
3565,3566,2,1,6575,368,14024.153,0.0,79.782867,766,0.0,False,False,False,0.0006746479699722348
3566,3567,2,1,6575,368,14024.153,0.0,79.348083,762,0.0,False,False,False,0.0006749291790257119
3567,3568,2,1,6575,368,14024.162,4.26,78.9133,840,0.0,False,False,False,0.000675584139420279
3568,3569,2,1,6575,368,14024.173,4.26,78.9133,782,0.0,False,False,False,0.000675922286306201
3569,3570,3,1,6575,360,14014.574,0.0,89.674202,776,0.0,False,False,False,0.0005517293833274327
3570,3571,3,1,6575,360,14014.574,0.0,89.674202,782,0.0,False,False,False,0.0005519478545794842
3571,3572,3,1,6575,360,14014.574,0.0,89.674202,766,0.0,False,False,False,0.0005521662544823351
3572,3573,3,1,6575,360,14014.576,0.82,89.674202,752,3.8,False,False,False,0.0005524368031681324
3573,3574,3,1,6575,360,14014.587,2.35,89.565506,774,0.0,False,False,False,0.000552826863405721
3574,3575,3,1,6575,360,14014.616,19.1,89.239418,1680,9.3,False,False,False,0.0005534858403654895
3575,3576,3,1,6575,360,14014.666,21.24,89.239418,1280,8.6,False,False,False,0.0005540811974257949
3576,3577,3,1,6575,360,14014.726,20.789999,88.91333,1192,6.3,False,False,False,0.0005544907912726034
3577,3578,3,1,6575,360,14014.78,15.059999,88.695938,776,0.0,False,False,False,0.0005548234918070918
3578,3579,3,1,6575,360,14014.835,27.76,88.36985,1656,13.3,False,False,False,0.0005557237938374703
3579,3580,3,1,6575,360,14014.889,5.21,88.36985,794,0.0,False,False,False,0.0005559991949137154
3580,3581,3,1,6575,360,14014.89,0.0,88.043762,772,0.0,False,False,False,0.0005562716316980228
3581,3582,3,1,6575,360,14014.891,4.65,87.608978,1140,7.0,False,False,False,0.0005565761748575242
3582,3583,3,1,6575,360,14014.932,25.369999,87.174194,2120,9.1,False,False,False,0.000557488007219213
3583,3584,3,1,6575,360,14015.0,16.77,87.065498,870,0.0,False,False,False,0.0005578824200913242
3584,3585,3,1,6575,360,14015.012,0.0,87.065498,770,0.0,False,False,False,0.00055814542681613
3585,3586,3,1,6575,360,14015.012,0.0,86.848106,772,0.0,False,False,False,0.0005584160458766731
3586,3587,3,1,6575,360,14015.012,0.0,86.413322,776,0.0,False,False,False,0.0005586885199584589
3587,3588,3,1,6575,360,14015.012,0.0,85.978539,772,0.0,False,False,False,0.0005589609940402448
3588,3589,3,1,6575,360,14015.048,37.799999,85.652451,2504,33.600002,False,False,False,0.0005604791022405174
3589,3590,3,1,6575,360,14015.138,15.65,85.652451,784,0.0,False,False,False,0.0005609668654803484
3590,3591,3,1,6575,360,14015.149,0.0,85.652451,774,0.0,False,False,False,0.0005612371129901659
3591,3592,3,1,6575,360,14015.149,0.0,85.652451,768,0.0,False,False,False,0.0005615041620918842
3592,3593,3,1,6575,360,14015.158,4.75,85.652451,794,0.0,False,False,False,0.0005618815798166659
3593,3594,3,1,6575,360,14015.162,5.28,85.652451,1132,11.2,False,False,False,0.0005621932023902121
3594,3595,3,1,6575,360,14015.223,25.449999,85.652451,1228,0.0,False,False,False,0.0005633606143395408
3595,3596,3,1,6575,360,14015.258,6.27,85.652451,846,0.0,False,False,False,0.0005636259692137517
3596,3597,3,1,6575,360,14015.307,13.77,85.652451,836,0.0,False,False,False,0.0005645566981373909
3597,3598,3,1,6575,360,14015.31,0.0,85.652451,762,0.0,False,False,False,0.0005648271906086552
3598,3599,3,1,6575,360,14015.31,0.0,85.326363,768,0.0,False,False,False,0.0005651050811518866
3599,3600,3,1,6575,360,14015.31,0.0,84.891579,780,0.0,False,False,False,0.000565382971695118
3600,3601,3,1,6575,360,14015.31,0.0,84.456795,782,0.0,False,False,False,0.0005656590072565461
3601,3602,3,1,6575,360,14015.31,0.0,83.913315,1400,13.8,False,False,False,0.0005659511668905725
3602,3603,3,1,6575,360,14015.352,26.0,83.804619,1256,0.0,False,False,False,0.0005670929211823446
3603,3604,3,1,6575,360,14015.384,0.0,83.804619,768,0.0,False,False,False,0.0005673406921499868
3604,3605,3,1,6575,360,14015.384,0.0,83.695923,778,0.0,False,False,False,0.0005676113753732775
3605,3606,3,1,6575,360,14015.387,7.39,83.261139,1850,19.300001,False,False,False,0.0005679657674977154
3606,3607,3,1,6575,360,14015.468,15.07,83.043747,796,0.0,False,False,False,0.0005696154694606372
3607,3608,3,1,6575,360,14015.494,21.109999,83.043747,1256,16.300001,False,False,False,0.0005701188899306774
3608,3609,3,1,6575,360,14015.521,0.0,83.043747,768,0.0,False,False,False,0.0005704848585465679
3609,3610,3,1,6575,360,14015.543,22.559999,83.043747,2004,9.7,False,False,False,0.0005710992360955195
3610,3611,3,1,6575,360,14015.613,42.950001,83.043747,3636,39.900002,False,False,False,0.0005724955807797505
3611,3612,3,1,6575,360,14015.722,19.439999,82.935051,758,0.0,False,False,False,0.0005731036828725005
3612,3613,3,1,6575,360,14015.733,0.0,82.935051,776,0.0,False,False,False,0.0005733597836243296
3613,3614,3,1,6575,360,14015.733,0.0,82.935051,768,0.0,False,False,False,0.0005736233257778399
3614,3615,3,1,6575,360,14015.733,0.0,82.608963,772,0.0,False,False,False,0.0005738869392746512
3615,3616,3,1,6575,360,14015.733,0.0,82.174179,766,0.0,False,False,False,0.0005741540485932065
3616,3617,3,1,6575,360,14015.756,24.99,81.848091,2222,19.6,False,False,False,0.0005748749568017022
3617,3618,3,1,6575,360,14015.873,42.469997,81.739395,1244,0.0,False,False,False,0.0005765051163693929
3618,3619,3,1,6575,360,14015.954,12.219999,81.739395,764,0.0,False,False,False,0.0005766875599363458
3619,3620,3,1,6575,360,14015.961,0.0,81.739395,772,0.0,False,False,False,0.0005769578726801053
3620,3621,3,1,6575,360,14015.961,0.0,81.739395,774,0.0,False,False,False,0.0005772196983354666
3621,3622,3,1,6575,360,14015.962,1.49,81.739395,840,16.0,False,False,False,0.0005774885456634612
3622,3623,3,1,6575,360,14016.05,43.489998,81.739395,1582,5.8,False,False,False,0.0005792902928932979
3623,3624,3,1,6575,360,14016.145,16.76,81.739395,804,0.0,False,False,False,0.0005795292122611274
3624,3625,3,1,6575,360,14016.157,4.29,81.739395,822,0.0,False,False,False,0.0005798102996206721
3625,3626,3,1,6575,360,14016.221,44.5,81.739395,2498,23.700001,False,False,False,0.0005817214410759451
3626,3627,3,1,6575,360,14016.345,37.239998,81.739395,1076,0.0,False,False,False,0.0005823383101436114
3627,3628,3,1,6575,360,14016.388,0.0,81.739395,784,0.0,False,False,False,0.0005825523271525338
3628,3629,3,1,6575,360,14016.388,0.0,81.739395,768,0.0,False,False,False,0.0005828176404905108
3629,3630,3,1,6575,360,14016.389,0.0,81.739395,772,0.0,False,False,False,0.0005830829835713343
3630,3631,3,1,6575,360,14016.389,0.0,81.739395,766,0.0,False,False,False,0.0005833500803894363
3631,3632,3,1,6575,360,14016.389,0.0,81.739395,782,0.0,False,False,False,0.0005836136102094334
3632,3633,3,1,6575,360,14016.389,0.0,81.739395,778,0.0,False,False,False,0.0005838824905265881
3633,3634,3,1,6575,360,14016.39,0.0,81.739395,770,0.0,False,False,False,0.0005841531126693344
3634,3635,3,1,6575,360,14016.428,34.119999,81.739395,2120,26.0,False,False,False,0.0005853234987188805
3635,3636,3,1,6575,360,14016.552,49.489998,81.739395,1800,0.0,False,False,False,0.0005861761026461681
3636,3637,3,1,6575,360,14016.619,0.0,81.739395,792,0.0,False,False,False,0.0005863236830734235
3637,3638,3,1,6575,360,14016.619,0.0,81.739395,760,0.0,False,False,False,0.000586587208569444
3638,3639,3,1,6575,360,14016.619,0.0,81.739395,770,0.0,False,False,False,0.0005868490219344669
3639,3640,3,1,6575,360,14016.62,0.0,81.739395,766,0.0,False,False,False,0.0005871178559555759
3640,3641,3,1,6575,360,14016.624,9.91,81.739395,1960,29.200001,False,False,False,0.0005874510544725696
3641,3642,3,1,6575,360,14016.694,45.91,81.739395,2952,45.400002,False,False,False,0.0005896021842108981
3642,3643,3,1,6575,360,14016.845,60.049999,81.739395,2200,37.400002,False,False,False,0.00059129209946322
3643,3644,3,1,6575,360,14017.03,65.369995,81.739395,1648,0.0,False,False,False,0.0005925218450809422
3644,3645,3,1,6575,360,14017.207,72.860001,81.739395,1840,34.5,False,False,False,0.0005941445293253267
3645,3646,3,1,6575,360,14017.422,86.489998,81.739395,3550,30.300001,False,False,False,0.0005966094471974093
3646,3647,3,1,6575,364,14017.656,79.689995,81.739395,1488,3.8,False,False,False,0.0005972574689042944
3647,3648,3,1,6575,364,14017.869,75.409996,81.739395,1898,0.0,False,False,False,0.0005981862017542214
3648,3649,3,1,6575,364,14018.07,71.779999,81.739395,2172,21.0,False,False,False,0.0005996595351902802
3649,3650,3,1,6575,364,14018.287,78.759995,81.739395,1392,0.0,False,False,False,0.0006011033942025725
3650,3651,3,1,6575,364,14018.477,64.830002,81.739395,2130,12.3,False,False,False,0.0006015844956270479
3651,3652,3,1,6575,364,14018.65,64.479996,81.739395,1610,0.0,False,False,False,0.0006020638175703387
3652,3653,3,1,6575,364,14018.824,58.689999,81.739395,1514,17.800001,False,False,False,0.0006025694759078287
3653,3654,3,1,6575,364,14018.992,63.049999,81.739395,1846,0.0,False,False,False,0.0006036627552997178
3654,3655,3,1,6575,364,14019.159,59.209999,81.739395,1502,4.5,False,False,False,0.0006043723184594412
3655,3656,3,1,6575,364,14019.328,61.66,81.739395,1684,10.6,False,False,False,0.0006052795626464659
3656,3657,3,1,6575,364,14019.502,59.77,81.739395,1508,0.0,False,False,False,0.0006060246630256177
3657,3658,3,1,6575,364,14019.689,70.099998,81.739395,1314,0.0,False,False,False,0.0006082757416557774
3658,3659,3,1,6575,364,14019.867,52.02,81.739395,1310,0.0,False,True,False,0.0006083919061495983
3659,3660,3,1,6575,364,14019.94,4.54,81.739395,782,0.0,False,False,False,0.0006085620507612186
3660,3661,3,1,6575,364,14019.964,14.87,81.739395,1186,0.0,False,False,False,0.0006091700970061687
3661,3662,3,1,6575,364,14020.015,33.469997,81.739395,2492,0.0,False,False,False,0.000610325144078371
3662,3663,3,1,6575,364,14020.07,11.49,81.739395,1498,0.0,False,False,False,0.0006106314995931124
3663,3664,3,1,6575,364,14020.076,0.0,81.739395,766,0.0,False,False,False,0.0006109056822743133
3664,3665,3,1,6575,364,14020.076,0.0,81.739395,778,0.0,False,False,False,0.0006111727088562961
3665,3666,3,1,6575,364,14020.076,0.0,81.739395,770,0.0,False,False,False,0.0006114397354382788
3666,3667,3,1,6575,364,14020.076,0.0,81.739395,774,0.0,False,False,False,0.0006117103280803842
3667,3668,3,1,6575,364,14020.137,44.259998,81.739395,2296,0.0,False,False,False,0.0006138589188594333
3668,3669,3,1,6575,364,14020.196,0.0,81.739395,776,0.0,False,False,False,0.0006141133752070794
3669,3670,3,1,6575,364,14020.231,28.949999,81.739395,1696,12.7,False,False,False,0.0006149974991496825
3670,3671,3,1,6575,364,14020.302,15.929999,81.739395,868,0.0,False,False,False,0.0006154339304580987
3671,3672,3,1,6575,364,14020.327,29.549999,81.739395,2634,31.6,False,False,False,0.0006166153175088207
3672,3673,3,1,6575,364,14020.424,22.769999,81.739395,770,0.0,False,False,False,0.0006174662430862941
3673,3674,3,1,6575,364,14020.437,0.0,81.739395,770,0.0,False,False,False,0.0006177167860897567
3674,3675,3,1,6575,364,14020.437,0.0,81.739395,788,0.0,False,False,False,0.0006179838057967953
3675,3676,3,1,6575,364,14020.437,0.0,81.739395,766,0.0,False,False,False,0.0006182490425196789
3676,3677,3,1,6575,364,14020.437,0.0,81.739395,782,0.0,False,False,False,0.0006185196281950275
3677,3678,3,1,6575,364,14020.437,0.0,81.304611,782,0.0,False,False,False,0.000618786647902066
3678,3679,3,1,6575,364,14020.437,1.94,80.869827,1358,15.2,False,False,False,0.00061906800280171
3679,3680,3,1,6575,364,14020.506,23.309999,80.543739,1148,0.0,False,False,False,0.0006206495222410489
3680,3681,3,1,6575,364,14020.518,0.0,80.543739,748,0.0,False,False,False,0.0006209054540314394
3681,3682,3,1,6575,364,14020.518,0.0,80.326347,764,0.0,False,False,False,0.000621172472195949
3682,3683,3,1,6575,364,14020.518,0.0,79.891563,772,0.0,False,False,False,0.0006214429849892144
3683,3684,3,1,6575,364,14020.518,4.87,79.782867,1586,14.900001,False,False,False,0.0006217744041693631
3684,3685,3,1,6575,364,14020.591,26.609999,79.565475,1254,0.0,False,False,False,0.0006234131347862022
3685,3686,3,1,6575,364,14020.622,4.88,79.565475,812,0.0,False,False,False,0.0006237654958891347
3686,3687,3,1,6575,364,14020.623,0.0,79.565475,778,0.0,False,False,False,0.0006240307559260437
3687,3688,3,1,6575,364,14020.631,11.29,79.565475,1454,3.2,False,False,False,0.0006245733467098086
3688,3689,3,1,6575,364,14020.703,32.290001,79.456779,1554,0.0,False,False,False,0.0006262478958511674
3689,3690,3,1,6575,364,14020.756,4.87,79.456779,772,0.0,False,False,False,0.0006265309423441687
3690,3691,3,1,6575,364,14020.762,0.0,79.456779,764,0.0,False,False,False,0.0006268189404441467
3691,3692,3,1,6575,364,14020.77,5.48,79.456779,796,0.0,False,False,False,0.000627177524663434
3692,3693,3,1,6575,364,14020.786,20.309999,79.456779,2326,14.2,False,False,False,0.0006279014670456388
3693,3694,3,1,6575,364,14020.858,31.959999,79.239388,1462,0.0,False,False,False,0.0006289593718607049
3694,3695,3,1,6575,364,14020.954,36.329998,79.130692,1578,0.0,False,False,False,0.0006297610161893271
3695,3696,3,1,6575,364,14021.02,20.869999,79.130692,1148,0.0,False,False,False,0.0006300651404005984
3696,3697,3,1,6575,364,14021.077,20.9,79.130692,1068,0.0,False,False,False,0.0006304662996787138
3697,3698,3,1,6575,364,14021.107,0.0,79.130692,788,0.0,False,False,False,0.0006307054995372664
3698,3699,3,1,6575,364,14021.107,0.0,79.130692,776,0.0,False,False,False,0.0006309760009676149
3699,3700,3,1,6575,364,14021.119,16.49,79.130692,1274,0.0,False,False,False,0.0006314644027767842
3700,3701,3,1,6575,364,14021.181,30.189999,79.130692,1458,9.8,False,False,False,0.0006321794733643789
3701,3702,3,1,6575,364,14021.269,24.269999,79.130692,792,0.0,False,False,False,0.0006327898858594141
3702,3703,3,1,6575,364,14021.326,11.24,79.130692,762,0.0,False,False,False,0.0006330350613728421
3703,3704,3,1,6575,364,14021.368,13.42,79.130692,770,0.0,False,False,False,0.0006335810756072013
3704,3705,3,1,6575,364,14021.385,0.0,79.130692,772,0.0,False,False,False,0.0006338702724251259
3705,3706,3,1,6575,364,14021.385,0.0,79.130692,786,0.0,False,False,False,0.0006341620915414888
3706,3707,3,1,6575,364,14021.387,5.7,79.130692,952,7.0,False,False,False,0.0006344537488517469
3707,3708,3,1,6575,364,14021.421,15.589999,79.130692,1222,0.0,False,False,False,0.0006348647640803253
3708,3709,3,1,6575,364,14021.455,19.559999,79.130692,1800,14.3,False,False,False,0.0006353882397911065
3709,3710,3,1,6575,364,14021.492,0.0,79.130692,782,0.0,False,False,False,0.0006357734416963832
3710,3711,3,1,6575,364,14021.536,21.719999,79.130692,1350,16.200001,False,False,False,0.0006365839246196266
3711,3712,3,1,6575,364,14021.612,27.01,79.130692,1294,0.0,False,False,False,0.0006373199943063389
3712,3713,3,1,6575,364,14021.684,20.469999,79.130692,1036,0.0,False,False,False,0.0006376792060635468
3713,3714,3,1,6575,364,14021.707,5.95,79.130692,784,0.0,False,False,False,0.0006379436580968282
3714,3715,3,1,6575,364,14021.728,11.19,79.130692,1482,0.0,False,False,False,0.0006383638761302367
3715,3716,3,1,6575,364,14021.803,36.439999,79.130692,1072,0.0,False,False,False,0.0006397009214206318
3716,3717,3,1,6575,364,14021.894,34.130001,79.130692,2318,28.700001,False,False,False,0.0006402806011369692
3717,3718,3,1,6575,364,14022.006,43.18,79.130692,1594,0.0,False,False,False,0.000641279266371276
3718,3719,3,1,6575,364,14022.058,2.97,83.478531,778,0.0,False,False,False,0.0006415120724737785
3719,3720,3,1,6575,364,14022.059,0.0,83.478531,776,0.0,False,False,False,0.0006417896409050265
3720,3721,3,1,6575,364,14022.06,0.0,83.478531,772,0.0,False,False,False,0.000642065426518891
3721,3722,3,1,6575,364,14022.06,0.0,83.478531,780,0.0,False,False,False,0.0006423359808772123
3722,3723,3,1,6575,364,14022.065,6.16,83.478531,792,0.0,False,False,False,0.0006426426034536672
3723,3724,3,1,6575,364,14022.073,2.08,83.478531,780,0.0,False,False,False,0.0006429339703216264
3724,3725,3,1,6575,364,14022.116,30.92,83.478531,1458,0.0,False,False,False,0.000643929851254172
3725,3726,3,1,6575,364,14022.191,11.099999,83.478531,800,0.0,False,False,False,0.0006441633719458003
3726,3727,3,1,6575,364,14022.2,10.15,83.478531,1388,10.900001,False,False,False,0.0006445122368646242
3727,3728,3,1,6575,364,14022.244,18.32,83.478531,1926,26.6,False,False,False,0.0006450780575450303
3728,3729,3,1,6575,364,14022.289,14.88,83.478531,818,0.0,False,False,False,0.0006455524092814461
3729,3730,3,1,6575,364,14022.34,14.679999,83.478531,840,0.0,False,False,False,0.0006461213947604493
3730,3731,3,1,6575,364,14022.361,9.82,83.478531,1202,0.0,False,False,False,0.0006464431030478357
3731,3732,3,1,6575,364,14022.394,13.389999,83.478531,1886,16.800001,False,False,False,0.0006467967027097719
3732,3733,3,1,6575,364,14022.427,3.23,83.478531,764,0.0,False,False,False,0.000647146663935998
3733,3734,3,1,6575,364,14022.427,0.0,83.478531,782,0.0,False,False,False,0.0006474224880979521
3734,3735,3,1,6575,364,14022.439,8.62,83.478531,1068,0.0,False,False,False,0.0006477912443588195
3735,3736,3,1,6575,364,14022.475,0.75,83.478531,808,0.0,False,False,False,0.0006482215000205013
3736,3737,3,1,6575,368,14022.487,18.18,83.478531,1460,0.0,False,False,False,0.0006487760141254455
3737,3738,3,1,6575,368,14022.506,0.0,83.478531,768,0.0,False,False,False,0.0006490138771288721
3738,3739,3,1,6575,368,14022.506,0.0,83.478531,772,0.0,False,False,False,0.0006492790747192607
3739,3740,3,1,6575,368,14022.506,0.0,83.152443,780,0.0,False,False,False,0.0006495460550307462
3740,3741,3,1,6575,368,14022.506,0.0,82.935051,780,0.0,False,False,False,0.0006498059757666878
3741,3742,3,1,6575,368,14022.507,2.63,82.935051,774,4.0,False,False,False,0.0006500676328681548
3742,3743,3,1,6575,368,14022.545,25.699999,82.608963,1430,0.0,False,False,False,0.0006508059124850386
3743,3744,3,1,6575,368,14022.574,0.0,82.608963,768,0.0,False,False,False,0.0006510664114583059
3744,3745,3,1,6575,368,14022.574,0.0,82.608963,770,0.0,False,False,False,0.0006513316077627572
3745,3746,3,1,6575,368,14022.574,0.0,82.391571,778,0.0,False,False,False,0.0006516003694921137
3746,3747,3,1,6575,368,14022.574,0.0,81.956787,780,0.0,False,False,False,0.0006518709139339229
3747,3748,3,1,6575,368,14022.574,0.0,81.522003,788,0.0,False,False,False,0.0006521343275259216
3748,3749,3,1,6575,368,14022.574,0.0,81.087219,776,0.0,False,False,False,0.0006524030892552783
3749,3750,3,1,6575,368,14022.598,14.799999,80.761131,1154,0.0,False,False,False,0.0006528645501675105
3750,3751,3,1,6575,368,14022.664,36.860001,80.761131,2078,15.5,False,False,False,0.0006539219707488713
3751,3752,3,1,6575,368,14022.768,36.130001,80.761131,1054,0.0,False,False,False,0.0006542903447917849
3752,3753,3,1,6575,368,14022.824,5.67,80.761131,800,0.0,False,False,False,0.0006544928829682973
3753,3754,3,1,6575,368,14022.828,0.0,80.761131,764,0.0,False,False,False,0.00065476138184239
3754,3755,3,1,6575,368,14022.828,0.0,80.761131,774,0.0,False,False,False,0.0006550230792904762
3755,3756,3,1,6575,368,14022.847,20.52,80.761131,1862,14.900001,False,False,False,0.0006556310119470071
3756,3757,3,1,6575,368,14022.936,41.299999,80.761131,2048,6.3,False,False,False,0.0006571602294819372
3757,3758,3,1,6575,368,14023.046,37.919998,80.761131,1074,0.0,False,False,False,0.0006575748539330233
3758,3759,3,1,6575,368,14023.119,0.0,80.761131,782,0.0,False,False,False,0.0006579069957977396
3759,3760,3,1,6575,368,14023.119,0.0,80.761131,780,0.0,False,False,False,0.0006581704704587861
3760,3761,3,1,6575,368,14023.119,0.0,80.761131,764,0.0,False,False,False,0.0006584338738141055
3761,3762,3,1,6575,368,14023.119,0.0,80.761131,764,0.0,False,False,False,0.0006586991311183254
3762,3763,3,1,6575,368,14023.119,0.0,80.761131,774,0.0,False,False,False,0.000658962534473645
3763,3764,3,1,6575,368,14023.119,0.0,80.761131,774,0.0,False,False,False,0.0006592224438483444
3764,3765,3,1,6575,368,14023.135,28.629999,80.761131,3206,36.400002,False,False,False,0.0006601615714623397
3765,3766,3,1,6575,368,14023.241,39.610001,80.761131,1368,0.0,False,False,False,0.0006611864413910172
3766,3767,3,1,6575,368,14023.313,8.76,80.761131,818,0.0,False,False,False,0.0006613722183753314
3767,3768,3,1,6575,368,14023.32,1.87,80.761131,776,0.0,False,False,False,0.0006616406356957057
3768,3769,3,1,6575,368,14023.32,0.0,80.761131,770,0.0,False,False,False,0.0006619041065805686
3769,3770,3,1,6575,368,14023.321,0.0,80.761131,770,0.0,False,False,False,0.0006621674589450711
3770,3771,3,1,6575,368,14023.341,18.0,80.761131,1384,0.0,False,False,False,0.0006626145214238588
3771,3772,3,1,6575,368,14023.394,13.27,80.761131,816,0.0,False,False,False,0.0006629385198390747
3772,3773,3,1,6575,368,14023.457,36.59,80.761131,1752,0.0,False,False,False,0.0006643600532983202
3773,3774,3,1,6575,368,14023.518,23.58,80.761131,2042,37.900002,False,False,False,0.0006650600755049122
3774,3775,3,1,6575,368,14023.641,47.09,80.761131,1708,0.0,False,False,False,0.0006672970809021065
3775,3776,3,1,6575,368,14023.688,0.0,80.761131,776,0.0,False,False,False,0.000667480445910811
3776,3777,3,1,6575,368,14023.688,0.0,80.761131,772,0.0,False,False,False,0.0006677350683309319
3777,3778,3,1,6575,368,14023.689,0.0,80.761131,772,0.0,False,False,False,0.0006679895718186693
3778,3779,3,1,6575,368,14023.751,45.369999,80.761131,2078,17.1,False,False,False,0.0006701222003870158
3779,3780,3,1,6575,368,14023.887,46.829998,80.761131,1478,0.0,False,False,False,0.0006709675450504521
3780,3781,3,1,6575,368,14024.023,48.509998,80.761131,1764,0.0,False,False,False,0.000672012373883451
3781,3782,3,1,6575,368,14024.085,0.0,80.761131,778,0.0,False,False,False,0.000672168475271273
3782,3783,3,1,6575,368,14024.107,23.34,80.761131,1796,15.900001,False,False,False,0.0006728709449418105
3783,3784,3,1,6575,368,14024.149,2.15,80.761131,758,0.0,False,False,False,0.0006732273575132785
3784,3785,3,1,6575,368,14024.153,0.0,80.761131,780,0.0,False,False,False,0.0006735642028290172
3785,3786,3,1,6575,368,14024.153,0.0,80.761131,802,0.0,False,False,False,0.0006738258755537284
3786,3787,3,1,6575,368,14024.153,0.0,80.761131,774,0.0,False,False,False,0.0006740998832597406
3787,3788,3,1,6575,368,14024.153,0.0,80.326347,774,0.0,False,False,False,0.0006743739622662227
3788,3789,3,1,6575,368,14024.153,0.0,79.782867,766,0.0,False,False,False,0.0006746479699722348
3789,3790,3,1,6575,368,14024.153,0.0,79.348083,762,0.0,False,False,False,0.0006749291790257119
3790,3791,3,1,6575,368,14024.162,4.26,78.9133,840,0.0,False,False,False,0.000675584139420279
3791,3792,3,1,6575,368,14024.173,4.26,78.9133,782,0.0,False,False,False,0.000675922286306201
3792,3793,4,1,6575,360,14014.574,0.0,89.674202,776,0.0,False,False,False,0.0005517293833274327
3793,3794,4,1,6575,360,14014.574,0.0,89.674202,782,0.0,False,False,False,0.0005519478545794842
3794,3795,4,1,6575,360,14014.574,0.0,89.674202,766,0.0,False,False,False,0.0005521662544823351
3795,3796,4,1,6575,360,14014.576,0.82,89.674202,752,3.8,False,False,False,0.0005524368031681324
3796,3797,4,1,6575,360,14014.587,2.35,89.565506,774,0.0,False,False,False,0.000552826863405721
3797,3798,4,1,6575,360,14014.616,19.1,89.239418,1680,9.3,False,False,False,0.0005534858403654895
3798,3799,4,1,6575,360,14014.666,21.24,89.239418,1280,8.6,False,False,False,0.0005540811974257949
3799,3800,4,1,6575,360,14014.726,20.789999,88.91333,1192,6.3,False,False,False,0.0005544907912726034
3800,3801,4,1,6575,360,14014.78,15.059999,88.695938,776,0.0,False,False,False,0.0005548234918070918
3801,3802,4,1,6575,360,14014.835,27.76,88.36985,1656,13.3,False,False,False,0.0005557237938374703
3802,3803,4,1,6575,360,14014.889,5.21,88.36985,794,0.0,False,False,False,0.0005559991949137154
3803,3804,4,1,6575,360,14014.89,0.0,88.043762,772,0.0,False,False,False,0.0005562716316980228
3804,3805,4,1,6575,360,14014.891,4.65,87.608978,1140,7.0,False,False,False,0.0005565761748575242
3805,3806,4,1,6575,360,14014.932,25.369999,87.174194,2120,9.1,False,False,False,0.000557488007219213
3806,3807,4,1,6575,360,14015.0,16.77,87.065498,870,0.0,False,False,False,0.0005578824200913242
3807,3808,4,1,6575,360,14015.012,0.0,87.065498,770,0.0,False,False,False,0.00055814542681613
3808,3809,4,1,6575,360,14015.012,0.0,86.848106,772,0.0,False,False,False,0.0005584160458766731
3809,3810,4,1,6575,360,14015.012,0.0,86.413322,776,0.0,False,False,False,0.0005586885199584589
3810,3811,4,1,6575,360,14015.012,0.0,85.978539,772,0.0,False,False,False,0.0005589609940402448
3811,3812,4,1,6575,360,14015.048,37.799999,85.652451,2504,33.600002,False,False,False,0.0005604791022405174
3812,3813,4,1,6575,360,14015.138,15.65,85.652451,784,0.0,False,False,False,0.0005609668654803484
3813,3814,4,1,6575,360,14015.149,0.0,85.652451,774,0.0,False,False,False,0.0005612371129901659
3814,3815,4,1,6575,360,14015.149,0.0,85.652451,768,0.0,False,False,False,0.0005615041620918842
3815,3816,4,1,6575,360,14015.158,4.75,85.652451,794,0.0,False,False,False,0.0005618815798166659
3816,3817,4,1,6575,360,14015.162,5.28,85.652451,1132,11.2,False,False,False,0.0005621932023902121
3817,3818,4,1,6575,360,14015.223,25.449999,85.652451,1228,0.0,False,False,False,0.0005633606143395408
3818,3819,4,1,6575,360,14015.258,6.27,85.652451,846,0.0,False,False,False,0.0005636259692137517
3819,3820,4,1,6575,360,14015.307,13.77,85.652451,836,0.0,False,False,False,0.0005645566981373909
3820,3821,4,1,6575,360,14015.31,0.0,85.652451,762,0.0,False,False,False,0.0005648271906086552
3821,3822,4,1,6575,360,14015.31,0.0,85.326363,768,0.0,False,False,False,0.0005651050811518866
3822,3823,4,1,6575,360,14015.31,0.0,84.891579,780,0.0,False,False,False,0.000565382971695118
3823,3824,4,1,6575,360,14015.31,0.0,84.456795,782,0.0,False,False,False,0.0005656590072565461
3824,3825,4,1,6575,360,14015.31,0.0,83.913315,1400,13.8,False,False,False,0.0005659511668905725
3825,3826,4,1,6575,360,14015.352,26.0,83.804619,1256,0.0,False,False,False,0.0005670929211823446
3826,3827,4,1,6575,360,14015.384,0.0,83.804619,768,0.0,False,False,False,0.0005673406921499868
3827,3828,4,1,6575,360,14015.384,0.0,83.695923,778,0.0,False,False,False,0.0005676113753732775
3828,3829,4,1,6575,360,14015.387,7.39,83.261139,1850,19.300001,False,False,False,0.0005679657674977154
3829,3830,4,1,6575,360,14015.468,15.07,83.043747,796,0.0,False,False,False,0.0005696154694606372
3830,3831,4,1,6575,360,14015.494,21.109999,83.043747,1256,16.300001,False,False,False,0.0005701188899306774
3831,3832,4,1,6575,360,14015.521,0.0,83.043747,768,0.0,False,False,False,0.0005704848585465679
3832,3833,4,1,6575,360,14015.543,22.559999,83.043747,2004,9.7,False,False,False,0.0005710992360955195
3833,3834,4,1,6575,360,14015.613,42.950001,83.043747,3636,39.900002,False,False,False,0.0005724955807797505
3834,3835,4,1,6575,360,14015.722,19.439999,82.935051,758,0.0,False,False,False,0.0005731036828725005
3835,3836,4,1,6575,360,14015.733,0.0,82.935051,776,0.0,False,False,False,0.0005733597836243296
3836,3837,4,1,6575,360,14015.733,0.0,82.935051,768,0.0,False,False,False,0.0005736233257778399
3837,3838,4,1,6575,360,14015.733,0.0,82.608963,772,0.0,False,False,False,0.0005738869392746512
3838,3839,4,1,6575,360,14015.733,0.0,82.174179,766,0.0,False,False,False,0.0005741540485932065
3839,3840,4,1,6575,360,14015.756,24.99,81.848091,2222,19.6,False,False,False,0.0005748749568017022
3840,3841,4,1,6575,360,14015.873,42.469997,81.739395,1244,0.0,False,False,False,0.0005765051163693929
3841,3842,4,1,6575,360,14015.954,12.219999,81.739395,764,0.0,False,False,False,0.0005766875599363458
3842,3843,4,1,6575,360,14015.961,0.0,81.739395,772,0.0,False,False,False,0.0005769578726801053
3843,3844,4,1,6575,360,14015.961,0.0,81.739395,774,0.0,False,False,False,0.0005772196983354666
3844,3845,4,1,6575,360,14015.962,1.49,81.739395,840,16.0,False,False,False,0.0005774885456634612
3845,3846,4,1,6575,360,14016.05,43.489998,81.739395,1582,5.8,False,False,False,0.0005792902928932979
3846,3847,4,1,6575,360,14016.145,16.76,81.739395,804,0.0,False,False,False,0.0005795292122611274
3847,3848,4,1,6575,360,14016.157,4.29,81.739395,822,0.0,False,False,False,0.0005798102996206721
3848,3849,4,1,6575,360,14016.221,44.5,81.739395,2498,23.700001,False,False,False,0.0005817214410759451
3849,3850,4,1,6575,360,14016.345,37.239998,81.739395,1076,0.0,False,False,False,0.0005823383101436114
3850,3851,4,1,6575,360,14016.388,0.0,81.739395,784,0.0,False,False,False,0.0005825523271525338
3851,3852,4,1,6575,360,14016.388,0.0,81.739395,768,0.0,False,False,False,0.0005828176404905108
3852,3853,4,1,6575,360,14016.389,0.0,81.739395,772,0.0,False,False,False,0.0005830829835713343
3853,3854,4,1,6575,360,14016.389,0.0,81.739395,766,0.0,False,False,False,0.0005833500803894363
3854,3855,4,1,6575,360,14016.389,0.0,81.739395,782,0.0,False,False,False,0.0005836136102094334
3855,3856,4,1,6575,360,14016.389,0.0,81.739395,778,0.0,False,False,False,0.0005838824905265881
3856,3857,4,1,6575,360,14016.39,0.0,81.739395,770,0.0,False,False,False,0.0005841531126693344
3857,3858,4,1,6575,360,14016.428,34.119999,81.739395,2120,26.0,False,False,False,0.0005853234987188805
3858,3859,4,1,6575,360,14016.552,49.489998,81.739395,1800,0.0,False,False,False,0.0005861761026461681
3859,3860,4,1,6575,360,14016.619,0.0,81.739395,792,0.0,False,False,False,0.0005863236830734235
3860,3861,4,1,6575,360,14016.619,0.0,81.739395,760,0.0,False,False,False,0.000586587208569444
3861,3862,4,1,6575,360,14016.619,0.0,81.739395,770,0.0,False,False,False,0.0005868490219344669
3862,3863,4,1,6575,360,14016.62,0.0,81.739395,766,0.0,False,False,False,0.0005871178559555759
3863,3864,4,1,6575,360,14016.624,9.91,81.739395,1960,29.200001,False,False,False,0.0005874510544725696
3864,3865,4,1,6575,360,14016.694,45.91,81.739395,2952,45.400002,False,False,False,0.0005896021842108981
3865,3866,4,1,6575,360,14016.845,60.049999,81.739395,2200,37.400002,False,False,False,0.00059129209946322
3866,3867,4,1,6575,360,14017.03,65.369995,81.739395,1648,0.0,False,False,False,0.0005925218450809422
3867,3868,4,1,6575,360,14017.207,72.860001,81.739395,1840,34.5,False,False,False,0.0005941445293253267
3868,3869,4,1,6575,360,14017.422,86.489998,81.739395,3550,30.300001,False,False,False,0.0005966094471974093
3869,3870,4,1,6575,364,14017.656,79.689995,81.739395,1488,3.8,False,False,False,0.0005972574689042944
3870,3871,4,1,6575,364,14017.869,75.409996,81.739395,1898,0.0,False,False,False,0.0005981862017542214
3871,3872,4,1,6575,364,14018.07,71.779999,81.739395,2172,21.0,False,False,False,0.0005996595351902802
3872,3873,4,1,6575,364,14018.287,78.759995,81.739395,1392,0.0,False,False,False,0.0006011033942025725
3873,3874,4,1,6575,364,14018.477,64.830002,81.739395,2130,12.3,False,False,False,0.0006015844956270479
3874,3875,4,1,6575,364,14018.65,64.479996,81.739395,1610,0.0,False,False,False,0.0006020638175703387
3875,3876,4,1,6575,364,14018.824,58.689999,81.739395,1514,17.800001,False,False,False,0.0006025694759078287
3876,3877,4,1,6575,364,14018.992,63.049999,81.739395,1846,0.0,False,False,False,0.0006036627552997178
3877,3878,4,1,6575,364,14019.159,59.209999,81.739395,1502,4.5,False,False,False,0.0006043723184594412
3878,3879,4,1,6575,364,14019.328,61.66,81.739395,1684,10.6,False,False,False,0.0006052795626464659
3879,3880,4,1,6575,364,14019.502,59.77,81.739395,1508,0.0,False,False,False,0.0006060246630256177
3880,3881,4,1,6575,364,14019.689,70.099998,81.739395,1314,0.0,False,False,False,0.0006082757416557774
3881,3882,4,1,6575,364,14019.867,52.02,81.739395,1310,0.0,False,True,False,0.0006083919061495983
3882,3883,4,1,6575,364,14019.94,4.54,81.739395,782,0.0,False,False,False,0.0006085620507612186
3883,3884,4,1,6575,364,14019.964,14.87,81.739395,1186,0.0,False,False,False,0.0006091700970061687
3884,3885,4,1,6575,364,14020.015,33.469997,81.739395,2492,0.0,False,False,False,0.000610325144078371
3885,3886,4,1,6575,364,14020.07,11.49,81.739395,1498,0.0,False,False,False,0.0006106314995931124
3886,3887,4,1,6575,364,14020.076,0.0,81.739395,766,0.0,False,False,False,0.0006109056822743133
3887,3888,4,1,6575,364,14020.076,0.0,81.739395,778,0.0,False,False,False,0.0006111727088562961
3888,3889,4,1,6575,364,14020.076,0.0,81.739395,770,0.0,False,False,False,0.0006114397354382788
3889,3890,4,1,6575,364,14020.076,0.0,81.739395,774,0.0,False,False,False,0.0006117103280803842
3890,3891,4,1,6575,364,14020.137,44.259998,81.739395,2296,0.0,False,False,False,0.0006138589188594333
3891,3892,4,1,6575,364,14020.196,0.0,81.739395,776,0.0,False,False,False,0.0006141133752070794
3892,3893,4,1,6575,364,14020.231,28.949999,81.739395,1696,12.7,False,False,False,0.0006149974991496825
3893,3894,4,1,6575,364,14020.302,15.929999,81.739395,868,0.0,False,False,False,0.0006154339304580987
3894,3895,4,1,6575,364,14020.327,29.549999,81.739395,2634,31.6,False,False,False,0.0006166153175088207
3895,3896,4,1,6575,364,14020.424,22.769999,81.739395,770,0.0,False,False,False,0.0006174662430862941
3896,3897,4,1,6575,364,14020.437,0.0,81.739395,770,0.0,False,False,False,0.0006177167860897567
3897,3898,4,1,6575,364,14020.437,0.0,81.739395,788,0.0,False,False,False,0.0006179838057967953
3898,3899,4,1,6575,364,14020.437,0.0,81.739395,766,0.0,False,False,False,0.0006182490425196789
3899,3900,4,1,6575,364,14020.437,0.0,81.739395,782,0.0,False,False,False,0.0006185196281950275
3900,3901,4,1,6575,364,14020.437,0.0,81.304611,782,0.0,False,False,False,0.000618786647902066
3901,3902,4,1,6575,364,14020.437,1.94,80.869827,1358,15.2,False,False,False,0.00061906800280171
3902,3903,4,1,6575,364,14020.506,23.309999,80.543739,1148,0.0,False,False,False,0.0006206495222410489
3903,3904,4,1,6575,364,14020.518,0.0,80.543739,748,0.0,False,False,False,0.0006209054540314394
3904,3905,4,1,6575,364,14020.518,0.0,80.326347,764,0.0,False,False,False,0.000621172472195949
3905,3906,4,1,6575,364,14020.518,0.0,79.891563,772,0.0,False,False,False,0.0006214429849892144
3906,3907,4,1,6575,364,14020.518,4.87,79.782867,1586,14.900001,False,False,False,0.0006217744041693631
3907,3908,4,1,6575,364,14020.591,26.609999,79.565475,1254,0.0,False,False,False,0.0006234131347862022
3908,3909,4,1,6575,364,14020.622,4.88,79.565475,812,0.0,False,False,False,0.0006237654958891347
3909,3910,4,1,6575,364,14020.623,0.0,79.565475,778,0.0,False,False,False,0.0006240307559260437
3910,3911,4,1,6575,364,14020.631,11.29,79.565475,1454,3.2,False,False,False,0.0006245733467098086
3911,3912,4,1,6575,364,14020.703,32.290001,79.456779,1554,0.0,False,False,False,0.0006262478958511674
3912,3913,4,1,6575,364,14020.756,4.87,79.456779,772,0.0,False,False,False,0.0006265309423441687
3913,3914,4,1,6575,364,14020.762,0.0,79.456779,764,0.0,False,False,False,0.0006268189404441467
3914,3915,4,1,6575,364,14020.77,5.48,79.456779,796,0.0,False,False,False,0.000627177524663434
3915,3916,4,1,6575,364,14020.786,20.309999,79.456779,2326,14.2,False,False,False,0.0006279014670456388
3916,3917,4,1,6575,364,14020.858,31.959999,79.239388,1462,0.0,False,False,False,0.0006289593718607049
3917,3918,4,1,6575,364,14020.954,36.329998,79.130692,1578,0.0,False,False,False,0.0006297610161893271
3918,3919,4,1,6575,364,14021.02,20.869999,79.130692,1148,0.0,False,False,False,0.0006300651404005984
3919,3920,4,1,6575,364,14021.077,20.9,79.130692,1068,0.0,False,False,False,0.0006304662996787138
3920,3921,4,1,6575,364,14021.107,0.0,79.130692,788,0.0,False,False,False,0.0006307054995372664
3921,3922,4,1,6575,364,14021.107,0.0,79.130692,776,0.0,False,False,False,0.0006309760009676149
3922,3923,4,1,6575,364,14021.119,16.49,79.130692,1274,0.0,False,False,False,0.0006314644027767842
3923,3924,4,1,6575,364,14021.181,30.189999,79.130692,1458,9.8,False,False,False,0.0006321794733643789
3924,3925,4,1,6575,364,14021.269,24.269999,79.130692,792,0.0,False,False,False,0.0006327898858594141
3925,3926,4,1,6575,364,14021.326,11.24,79.130692,762,0.0,False,False,False,0.0006330350613728421
3926,3927,4,1,6575,364,14021.368,13.42,79.130692,770,0.0,False,False,False,0.0006335810756072013
3927,3928,4,1,6575,364,14021.385,0.0,79.130692,772,0.0,False,False,False,0.0006338702724251259
3928,3929,4,1,6575,364,14021.385,0.0,79.130692,786,0.0,False,False,False,0.0006341620915414888
3929,3930,4,1,6575,364,14021.387,5.7,79.130692,952,7.0,False,False,False,0.0006344537488517469
3930,3931,4,1,6575,364,14021.421,15.589999,79.130692,1222,0.0,False,False,False,0.0006348647640803253
3931,3932,4,1,6575,364,14021.455,19.559999,79.130692,1800,14.3,False,False,False,0.0006353882397911065
3932,3933,4,1,6575,364,14021.492,0.0,79.130692,782,0.0,False,False,False,0.0006357734416963832
3933,3934,4,1,6575,364,14021.536,21.719999,79.130692,1350,16.200001,False,False,False,0.0006365839246196266
3934,3935,4,1,6575,364,14021.612,27.01,79.130692,1294,0.0,False,False,False,0.0006373199943063389
3935,3936,4,1,6575,364,14021.684,20.469999,79.130692,1036,0.0,False,False,False,0.0006376792060635468
3936,3937,4,1,6575,364,14021.707,5.95,79.130692,784,0.0,False,False,False,0.0006379436580968282
3937,3938,4,1,6575,364,14021.728,11.19,79.130692,1482,0.0,False,False,False,0.0006383638761302367
3938,3939,4,1,6575,364,14021.803,36.439999,79.130692,1072,0.0,False,False,False,0.0006397009214206318
3939,3940,4,1,6575,364,14021.894,34.130001,79.130692,2318,28.700001,False,False,False,0.0006402806011369692
3940,3941,4,1,6575,364,14022.006,43.18,79.130692,1594,0.0,False,False,False,0.000641279266371276
3941,3942,4,1,6575,364,14022.058,2.97,83.478531,778,0.0,False,False,False,0.0006415120724737785
3942,3943,4,1,6575,364,14022.059,0.0,83.478531,776,0.0,False,False,False,0.0006417896409050265
3943,3944,4,1,6575,364,14022.06,0.0,83.478531,772,0.0,False,False,False,0.000642065426518891
3944,3945,4,1,6575,364,14022.06,0.0,83.478531,780,0.0,False,False,False,0.0006423359808772123
3945,3946,4,1,6575,364,14022.065,6.16,83.478531,792,0.0,False,False,False,0.0006426426034536672
3946,3947,4,1,6575,364,14022.073,2.08,83.478531,780,0.0,False,False,False,0.0006429339703216264
3947,3948,4,1,6575,364,14022.116,30.92,83.478531,1458,0.0,False,False,False,0.000643929851254172
3948,3949,4,1,6575,364,14022.191,11.099999,83.478531,800,0.0,False,False,False,0.0006441633719458003
3949,3950,4,1,6575,364,14022.2,10.15,83.478531,1388,10.900001,False,False,False,0.0006445122368646242
3950,3951,4,1,6575,364,14022.244,18.32,83.478531,1926,26.6,False,False,False,0.0006450780575450303
3951,3952,4,1,6575,364,14022.289,14.88,83.478531,818,0.0,False,False,False,0.0006455524092814461
3952,3953,4,1,6575,364,14022.34,14.679999,83.478531,840,0.0,False,False,False,0.0006461213947604493
3953,3954,4,1,6575,364,14022.361,9.82,83.478531,1202,0.0,False,False,False,0.0006464431030478357
3954,3955,4,1,6575,364,14022.394,13.389999,83.478531,1886,16.800001,False,False,False,0.0006467967027097719
3955,3956,4,1,6575,364,14022.427,3.23,83.478531,764,0.0,False,False,False,0.000647146663935998
3956,3957,4,1,6575,364,14022.427,0.0,83.478531,782,0.0,False,False,False,0.0006474224880979521
3957,3958,4,1,6575,364,14022.439,8.62,83.478531,1068,0.0,False,False,False,0.0006477912443588195
3958,3959,4,1,6575,364,14022.475,0.75,83.478531,808,0.0,False,False,False,0.0006482215000205013
3959,3960,4,1,6575,368,14022.487,18.18,83.478531,1460,0.0,False,False,False,0.0006487760141254455
3960,3961,4,1,6575,368,14022.506,0.0,83.478531,768,0.0,False,False,False,0.0006490138771288721
3961,3962,4,1,6575,368,14022.506,0.0,83.478531,772,0.0,False,False,False,0.0006492790747192607
3962,3963,4,1,6575,368,14022.506,0.0,83.152443,780,0.0,False,False,False,0.0006495460550307462
3963,3964,4,1,6575,368,14022.506,0.0,82.935051,780,0.0,False,False,False,0.0006498059757666878
3964,3965,4,1,6575,368,14022.507,2.63,82.935051,774,4.0,False,False,False,0.0006500676328681548
3965,3966,4,1,6575,368,14022.545,25.699999,82.608963,1430,0.0,False,False,False,0.0006508059124850386
3966,3967,4,1,6575,368,14022.574,0.0,82.608963,768,0.0,False,False,False,0.0006510664114583059
3967,3968,4,1,6575,368,14022.574,0.0,82.608963,770,0.0,False,False,False,0.0006513316077627572
3968,3969,4,1,6575,368,14022.574,0.0,82.391571,778,0.0,False,False,False,0.0006516003694921137
3969,3970,4,1,6575,368,14022.574,0.0,81.956787,780,0.0,False,False,False,0.0006518709139339229
3970,3971,4,1,6575,368,14022.574,0.0,81.522003,788,0.0,False,False,False,0.0006521343275259216
3971,3972,4,1,6575,368,14022.574,0.0,81.087219,776,0.0,False,False,False,0.0006524030892552783
3972,3973,4,1,6575,368,14022.598,14.799999,80.761131,1154,0.0,False,False,False,0.0006528645501675105
3973,3974,4,1,6575,368,14022.664,36.860001,80.761131,2078,15.5,False,False,False,0.0006539219707488713
3974,3975,4,1,6575,368,14022.768,36.130001,80.761131,1054,0.0,False,False,False,0.0006542903447917849
3975,3976,4,1,6575,368,14022.824,5.67,80.761131,800,0.0,False,False,False,0.0006544928829682973
3976,3977,4,1,6575,368,14022.828,0.0,80.761131,764,0.0,False,False,False,0.00065476138184239
3977,3978,4,1,6575,368,14022.828,0.0,80.761131,774,0.0,False,False,False,0.0006550230792904762
3978,3979,4,1,6575,368,14022.847,20.52,80.761131,1862,14.900001,False,False,False,0.0006556310119470071
3979,3980,4,1,6575,368,14022.936,41.299999,80.761131,2048,6.3,False,False,False,0.0006571602294819372
3980,3981,4,1,6575,368,14023.046,37.919998,80.761131,1074,0.0,False,False,False,0.0006575748539330233
3981,3982,4,1,6575,368,14023.119,0.0,80.761131,782,0.0,False,False,False,0.0006579069957977396
3982,3983,4,1,6575,368,14023.119,0.0,80.761131,780,0.0,False,False,False,0.0006581704704587861
3983,3984,4,1,6575,368,14023.119,0.0,80.761131,764,0.0,False,False,False,0.0006584338738141055
3984,3985,4,1,6575,368,14023.119,0.0,80.761131,764,0.0,False,False,False,0.0006586991311183254
3985,3986,4,1,6575,368,14023.119,0.0,80.761131,774,0.0,False,False,False,0.000658962534473645
3986,3987,4,1,6575,368,14023.119,0.0,80.761131,774,0.0,False,False,False,0.0006592224438483444
3987,3988,4,1,6575,368,14023.135,28.629999,80.761131,3206,36.400002,False,False,False,0.0006601615714623397
3988,3989,4,1,6575,368,14023.241,39.610001,80.761131,1368,0.0,False,False,False,0.0006611864413910172
3989,3990,4,1,6575,368,14023.313,8.76,80.761131,818,0.0,False,False,False,0.0006613722183753314
3990,3991,4,1,6575,368,14023.32,1.87,80.761131,776,0.0,False,False,False,0.0006616406356957057
3991,3992,4,1,6575,368,14023.32,0.0,80.761131,770,0.0,False,False,False,0.0006619041065805686
3992,3993,4,1,6575,368,14023.321,0.0,80.761131,770,0.0,False,False,False,0.0006621674589450711
3993,3994,4,1,6575,368,14023.341,18.0,80.761131,1384,0.0,False,False,False,0.0006626145214238588
3994,3995,4,1,6575,368,14023.394,13.27,80.761131,816,0.0,False,False,False,0.0006629385198390747
3995,3996,4,1,6575,368,14023.457,36.59,80.761131,1752,0.0,False,False,False,0.0006643600532983202
3996,3997,4,1,6575,368,14023.518,23.58,80.761131,2042,37.900002,False,False,False,0.0006650600755049122
3997,3998,4,1,6575,368,14023.641,47.09,80.761131,1708,0.0,False,False,False,0.0006672970809021065
3998,3999,4,1,6575,368,14023.688,0.0,80.761131,776,0.0,False,False,False,0.000667480445910811
3999,4000,4,1,6575,368,14023.688,0.0,80.761131,772,0.0,False,False,False,0.0006677350683309319
4000,4001,4,1,6575,368,14023.689,0.0,80.761131,772,0.0,False,False,False,0.0006679895718186693
4001,4002,4,1,6575,368,14023.751,45.369999,80.761131,2078,17.1,False,False,False,0.0006701222003870158
4002,4003,4,1,6575,368,14023.887,46.829998,80.761131,1478,0.0,False,False,False,0.0006709675450504521
4003,4004,4,1,6575,368,14024.023,48.509998,80.761131,1764,0.0,False,False,False,0.000672012373883451
4004,4005,4,1,6575,368,14024.085,0.0,80.761131,778,0.0,False,False,False,0.000672168475271273
4005,4006,4,1,6575,368,14024.107,23.34,80.761131,1796,15.900001,False,False,False,0.0006728709449418105
4006,4007,4,1,6575,368,14024.149,2.15,80.761131,758,0.0,False,False,False,0.0006732273575132785
4007,4008,4,1,6575,368,14024.153,0.0,80.761131,780,0.0,False,False,False,0.0006735642028290172
4008,4009,4,1,6575,368,14024.153,0.0,80.761131,802,0.0,False,False,False,0.0006738258755537284
4009,4010,4,1,6575,368,14024.153,0.0,80.761131,774,0.0,False,False,False,0.0006740998832597406
4010,4011,4,1,6575,368,14024.153,0.0,80.326347,774,0.0,False,False,False,0.0006743739622662227
4011,4012,4,1,6575,368,14024.153,0.0,79.782867,766,0.0,False,False,False,0.0006746479699722348
4012,4013,4,1,6575,368,14024.153,0.0,79.348083,762,0.0,False,False,False,0.0006749291790257119
4013,4014,4,1,6575,368,14024.162,4.26,78.9133,840,0.0,False,False,False,0.000675584139420279
4014,4015,4,1,6575,368,14024.173,4.26,78.9133,782,0.0,False,False,False,0.000675922286306201
4015,4016,2,1,6576,360,14024.173,0.0,89.674202,776,0.0,False,False,False,0.0005513517729870426
4016,4017,2,1,6576,360,14024.173,0.0,89.674202,782,0.0,False,False,False,0.0005515700947146962
4017,4018,2,1,6576,360,14024.173,0.0,89.674202,766,0.0,False,False,False,0.0005517883451419815
4018,4019,2,1,6576,360,14024.175,0.82,89.674202,752,3.8,False,False,False,0.0005520587087148646
4019,4020,2,1,6576,360,14024.186,2.35,89.565506,774,0.0,False,False,False,0.0005524485022872424
4020,4021,2,1,6576,360,14024.215,19.1,89.239418,1680,9.3,False,False,False,0.0005531070290188065
4021,4022,2,1,6576,360,14024.265,21.24,89.239418,1280,8.6,False,False,False,0.000553701979962589
4022,4023,2,1,6576,360,14024.325,20.789999,88.91333,1192,6.3,False,False,False,0.0005541112951036785
4023,4024,2,1,6576,360,14024.379,15.059999,88.695938,776,0.0,False,False,False,0.0005544437693983171
4024,4025,2,1,6576,360,14024.434,27.76,88.36985,1656,13.3,False,False,False,0.0005553434567514987
4025,4026,2,1,6576,360,14024.488,5.21,88.36985,794,0.0,False,False,False,0.0005556186708084596
4026,4027,2,1,6576,360,14024.489,0.0,88.043762,772,0.0,False,False,False,0.0005558909211650304
4027,4028,2,1,6576,360,14024.49,4.65,87.608978,1140,7.0,False,False,False,0.0005561952559233225
4028,4029,2,1,6576,360,14024.531,25.369999,87.174194,2120,9.1,False,False,False,0.0005571064653452336
4029,4030,2,1,6576,360,14024.599,16.77,87.065498,870,0.0,False,False,False,0.0005575006101343693
4030,4031,2,1,6576,360,14024.611,0.0,87.065498,770,0.0,False,False,False,0.0005577634371864441
4031,4032,2,1,6576,360,14024.611,0.0,86.848106,772,0.0,False,False,False,0.0005580338710377751
4032,4033,2,1,6576,360,14024.611,0.0,86.413322,776,0.0,False,False,False,0.0005583061586407894
4033,4034,2,1,6576,360,14024.611,0.0,85.978539,772,0.0,False,False,False,0.0005585784462438035
4034,4035,2,1,6576,360,14024.647,37.799999,85.652451,2504,33.600002,False,False,False,0.0005600955164492589
4035,4036,2,1,6576,360,14024.737,15.65,85.652451,784,0.0,False,False,False,0.0005605829483327685
4036,4037,2,1,6576,360,14024.748,0.0,85.652451,774,0.0,False,False,False,0.0005608530111905619
4037,4038,2,1,6576,360,14024.748,0.0,85.652451,768,0.0,False,False,False,0.0005611198775281004
4038,4039,2,1,6576,360,14024.757,4.75,85.652451,794,0.0,False,False,False,0.0005614970372009154
4039,4040,2,1,6576,360,14024.761,5.28,85.652451,1132,11.2,False,False,False,0.0005618084466147683
4040,4041,2,1,6576,360,14024.822,25.449999,85.652451,1228,0.0,False,False,False,0.0005629750612833957
4041,4042,2,1,6576,360,14024.857,6.27,85.652451,846,0.0,False,False,False,0.0005632402355164465
4042,4043,2,1,6576,360,14024.906,13.77,85.652451,836,0.0,False,False,False,0.0005641703288186874
4043,4044,2,1,6576,360,14024.909,0.0,85.652451,762,0.0,False,False,False,0.0005644406362539497
4044,4045,2,1,6576,360,14024.909,0.0,85.326363,768,0.0,False,False,False,0.0005647183366154735
4045,4046,2,1,6576,360,14024.909,0.0,84.891579,780,0.0,False,False,False,0.0005649960369769974
4046,4047,2,1,6576,360,14024.909,0.0,84.456795,782,0.0,False,False,False,0.0005652718836262234
4047,4048,2,1,6576,360,14024.909,0.0,83.913315,1400,13.8,False,False,False,0.0005655638433131143
4048,4049,2,1,6576,360,14024.951,26.0,83.804619,1256,0.0,False,False,False,0.0005667048173774456
4049,4050,2,1,6576,360,14024.983,0.0,83.804619,768,0.0,False,False,False,0.0005669524196628501
4050,4051,2,1,6576,360,14024.983,0.0,83.695923,778,0.0,False,False,False,0.0005672229176379295
4051,4052,2,1,6576,360,14024.986,7.39,83.261139,1850,19.300001,False,False,False,0.0005675770673092074
4052,4053,2,1,6576,360,14025.067,15.07,83.043747,796,0.0,False,False,False,0.0005692256425126159
4053,4054,2,1,6576,360,14025.093,21.109999,83.043747,1256,16.300001,False,False,False,0.0005697287191807441
4054,4055,2,1,6576,360,14025.12,0.0,83.043747,768,0.0,False,False,False,0.0005700944380912184
4055,4056,2,1,6576,360,14025.142,22.559999,83.043747,2004,9.7,False,False,False,0.0005707083957940823
4056,4057,2,1,6576,360,14025.212,42.950001,83.043747,3636,39.900002,False,False,False,0.0005721037868242688
4057,4058,2,1,6576,360,14025.321,19.439999,82.935051,758,0.0,False,False,False,0.0005727114758032416
4058,4059,2,1,6576,360,14025.332,0.0,82.935051,776,0.0,False,False,False,0.0005729674015986502
4059,4060,2,1,6576,360,14025.332,0.0,82.935051,768,0.0,False,False,False,0.0005732307633955904
4060,4061,2,1,6576,360,14025.332,0.0,82.608963,772,0.0,False,False,False,0.0005734941964870074
4061,4062,2,1,6576,360,14025.332,0.0,82.174179,766,0.0,False,False,False,0.0005737611230077829
4062,4063,2,1,6576,360,14025.355,24.99,81.848091,2222,19.6,False,False,False,0.0005744815385037666
4063,4064,2,1,6576,360,14025.472,42.469997,81.739395,1244,0.0,False,False,False,0.0005761105857552776
4064,4065,2,1,6576,360,14025.553,12.219999,81.739395,764,0.0,False,False,False,0.0005762929067462263
4065,4066,2,1,6576,360,14025.56,0.0,81.739395,772,0.0,False,False,False,0.0005765630346998837
4066,4067,2,1,6576,360,14025.56,0.0,81.739395,774,0.0,False,False,False,0.0005768246811762828
4067,4068,2,1,6576,360,14025.561,1.49,81.739395,840,16.0,False,False,False,0.0005770933445482468
4068,4069,2,1,6576,360,14025.649,43.489998,81.739395,1582,5.8,False,False,False,0.0005788938612493976
4069,4070,2,1,6576,360,14025.744,16.76,81.739395,804,0.0,False,False,False,0.0005791326198011456
4070,4071,2,1,6576,360,14025.756,4.29,81.739395,822,0.0,False,False,False,0.0005794135151420615
4071,4072,2,1,6576,360,14025.82,44.5,81.739395,2498,23.700001,False,False,False,0.0005813233505527268
4072,4073,2,1,6576,360,14025.944,37.239998,81.739395,1076,0.0,False,False,False,0.0005819398010001323
4073,4074,2,1,6576,360,14025.987,0.0,81.739395,784,0.0,False,False,False,0.0005821536727737754
4074,4075,2,1,6576,360,14025.987,0.0,81.739395,768,0.0,False,False,False,0.0005824188045515406
4075,4076,2,1,6576,360,14025.988,0.0,81.739395,772,0.0,False,False,False,0.0005826839660802448
4076,4077,2,1,6576,360,14025.988,0.0,81.739395,766,0.0,False,False,False,0.0005829508801176703
4077,4078,2,1,6576,360,14025.988,0.0,81.739395,782,0.0,False,False,False,0.0005832142295979721
4078,4079,2,1,6576,360,14025.988,0.0,81.739395,778,0.0,False,False,False,0.0005834829259139595
4079,4080,2,1,6576,360,14025.989,0.0,81.739395,770,0.0,False,False,False,0.0005837533628920647
4080,4081,2,1,6576,360,14026.027,34.119999,81.739395,2120,26.0,False,False,False,0.0005849229491038978
4081,4082,2,1,6576,360,14026.151,49.489998,81.739395,1800,0.0,False,False,False,0.0005857749731217693
4082,4083,2,1,6576,360,14026.218,0.0,81.739395,792,0.0,False,False,False,0.0005859224544738664
4083,4084,2,1,6576,360,14026.218,0.0,81.739395,760,0.0,False,False,False,0.0005861857996361075
4084,4085,2,1,6576,360,14026.218,0.0,81.739395,770,0.0,False,False,False,0.0005864474338389836
4085,4086,2,1,6576,360,14026.219,0.0,81.739395,766,0.0,False,False,False,0.0005867160839222658
4086,4087,2,1,6576,360,14026.223,9.91,81.739395,1960,29.200001,False,False,False,0.0005870490545420144
4087,4088,2,1,6576,360,14026.293,45.91,81.739395,2952,45.400002,False,False,False,0.0005891987142494279
4088,4089,2,1,6576,360,14026.444,60.049999,81.739395,2200,37.400002,False,False,False,0.0005908874774335225
4089,4090,2,1,6576,360,14026.629,65.369995,81.739395,1648,0.0,False,False,False,0.0005921163868819171
4090,4091,2,1,6576,360,14026.806,72.860001,81.739395,1840,34.5,False,False,False,0.0005937379658657954
4091,4092,2,1,6576,360,14027.021,86.489998,81.739395,3550,30.300001,False,False,False,0.0005962012032916118
4092,4093,2,1,6576,364,14027.255,79.689995,81.739395,1488,3.8,False,False,False,0.0005968487883917138
4093,4094,2,1,6576,364,14027.468,75.409996,81.739395,1898,0.0,False,False,False,0.0005977768919599774
4094,4095,2,1,6576,364,14027.669,71.779999,81.739395,2172,21.0,False,False,False,0.0005992492231444052
4095,4096,2,1,6576,364,14027.886,78.759995,81.739395,1392,0.0,False,False,False,0.0006006921005702092
4096,4097,2,1,6576,364,14028.076,64.830002,81.739395,2130,12.3,False,False,False,0.000601172878384863
4097,4098,2,1,6576,364,14028.249,64.479996,81.739395,1610,0.0,False,False,False,0.0006016518774454712
4098,4099,2,1,6576,364,14028.423,58.689999,81.739395,1514,17.800001,False,False,False,0.0006021571949181374
4099,4100,2,1,6576,364,14028.591,63.049999,81.739395,1846,0.0,False,False,False,0.0006032497312288006
4100,4101,2,1,6576,364,14028.758,59.209999,81.739395,1502,4.5,False,False,False,0.0006039588138298607
4101,4102,2,1,6576,364,14028.927,61.66,81.739395,1684,10.6,False,False,False,0.0006048654422792078
4102,4103,2,1,6576,364,14029.101,59.77,81.739395,1508,0.0,False,False,False,0.0006056100380175452
4103,4104,2,1,6576,364,14029.288,70.099998,81.739395,1314,0.0,False,False,False,0.0006078595820698762
4104,4105,2,1,6576,364,14029.466,52.02,81.739395,1310,0.0,False,True,False,0.0006079756723689719
4105,4106,2,1,6576,364,14029.539,4.54,81.739395,782,0.0,False,False,False,0.0006081457027417122
4106,4107,2,1,6576,364,14029.563,14.87,81.739395,1186,0.0,False,False,False,0.000608753333704428
4107,4108,2,1,6576,364,14029.614,33.469997,81.739395,2492,0.0,False,False,False,0.0006099075920697412
4108,4109,2,1,6576,364,14029.669,11.49,81.739395,1498,0.0,False,False,False,0.0006102137396299493
4109,4110,2,1,6576,364,14029.675,0.0,81.739395,766,0.0,False,False,False,0.0006104877349094039
4110,4111,2,1,6576,364,14029.675,0.0,81.739395,778,0.0,False,False,False,0.0006107545788067931
4111,4112,2,1,6576,364,14029.675,0.0,81.739395,770,0.0,False,False,False,0.0006110214227041821
4112,4113,2,1,6576,364,14029.675,0.0,81.739395,774,0.0,False,False,False,0.0006112918302219957
4113,4114,2,1,6576,364,14029.736,44.259998,81.739395,2296,0.0,False,False,False,0.0006134389528817304
4114,4115,2,1,6576,364,14029.795,0.0,81.739395,776,0.0,False,False,False,0.0006136932369120923
4115,4116,2,1,6576,364,14029.83,28.949999,81.739395,1696,12.7,False,False,False,0.000614576757041458
4116,4117,2,1,6576,364,14029.901,15.929999,81.739395,868,0.0,False,False,False,0.0006150128919019526
4117,4118,2,1,6576,364,14029.926,29.549999,81.739395,2634,31.6,False,False,False,0.0006161934714786466
4118,4119,2,1,6576,364,14030.023,22.769999,81.739395,770,0.0,False,False,False,0.0006170438178313869
4119,4120,2,1,6576,364,14030.036,0.0,81.739395,770,0.0,False,False,False,0.0006172941898231891
4120,4121,2,1,6576,364,14030.036,0.0,81.739395,788,0.0,False,False,False,0.0006175610268550376
4121,4122,2,1,6576,364,14030.036,0.0,81.739395,766,0.0,False,False,False,0.0006178260821225175
4122,4123,2,1,6576,364,14030.036,0.0,81.739395,782,0.0,False,False,False,0.0006180964826831034
4123,4124,2,1,6576,364,14030.036,0.0,81.304611,782,0.0,False,False,False,0.0006183633197149519
4124,4125,2,1,6576,364,14030.036,1.94,80.869827,1358,15.2,False,False,False,0.0006186444821323243
4125,4126,2,1,6576,364,14030.105,23.309999,80.543739,1148,0.0,False,False,False,0.00062022492170075
4126,4127,2,1,6576,364,14030.117,0.0,80.543739,748,0.0,False,False,False,0.0006204806787656321
4127,4128,2,1,6576,364,14030.117,0.0,80.326347,764,0.0,False,False,False,0.0006207475142570616
4128,4129,2,1,6576,364,14030.117,0.0,79.891563,772,0.0,False,False,False,0.0006210178419864933
4129,4130,2,1,6576,364,14030.117,4.87,79.782867,1586,14.900001,False,False,False,0.0006213490344353909
4130,4131,2,1,6576,364,14030.19,26.609999,79.565475,1254,0.0,False,False,False,0.0006229866461789769
4131,4132,2,1,6576,364,14030.221,4.88,79.565475,812,0.0,False,False,False,0.0006233387671678752
4132,4133,2,1,6576,364,14030.222,0.0,79.565475,778,0.0,False,False,False,0.000623603845766249
4133,4134,2,1,6576,364,14030.23,11.29,79.565475,1454,3.2,False,False,False,0.0006241460655979554
4134,4135,2,1,6576,364,14030.302,32.290001,79.456779,1554,0.0,False,False,False,0.0006258194713505561
4135,4136,2,1,6576,364,14030.355,4.87,79.456779,772,0.0,False,False,False,0.0006261023258266932
4136,4137,2,1,6576,364,14030.361,0.0,79.456779,764,0.0,False,False,False,0.0006263901270874579
4137,4138,2,1,6576,364,14030.369,5.48,79.456779,796,0.0,False,False,False,0.0006267484662401794
4138,4139,2,1,6576,364,14030.385,20.309999,79.456779,2326,14.2,False,False,False,0.0006274719138559735
4139,4140,2,1,6576,364,14030.457,31.959999,79.239388,1462,0.0,False,False,False,0.000628529097156482
4140,4141,2,1,6576,364,14030.553,36.329998,79.130692,1578,0.0,False,False,False,0.0006293301960232057
4141,4142,2,1,6576,364,14030.619,20.869999,79.130692,1148,0.0,False,False,False,0.000629634114210199
4142,4143,2,1,6576,364,14030.676,20.9,79.130692,1068,0.0,False,False,False,0.0006300350008081714
4143,4144,2,1,6576,364,14030.706,0.0,79.130692,788,0.0,False,False,False,0.0006302740379537599
4144,4145,2,1,6576,364,14030.706,0.0,79.130692,776,0.0,False,False,False,0.0006305443543358162
4145,4146,2,1,6576,364,14030.718,16.49,79.130692,1274,0.0,False,False,False,0.0006310324224018755
4146,4147,2,1,6576,364,14030.78,30.189999,79.130692,1458,9.8,False,False,False,0.0006317470057255743
4147,4148,2,1,6576,364,14030.868,24.269999,79.130692,792,0.0,False,False,False,0.0006323570033583554
4148,4149,2,1,6576,364,14030.925,11.24,79.130692,762,0.0,False,False,False,0.0006326020129098467
4149,4150,2,1,6576,364,14030.967,13.42,79.130692,770,0.0,False,False,False,0.0006331476549225066
4150,4151,2,1,6576,364,14030.984,0.0,79.130692,772,0.0,False,False,False,0.000633436654431761
4151,4152,2,1,6576,364,14030.984,0.0,79.130692,786,0.0,False,False,False,0.0006337282739204948
4152,4153,2,1,6576,364,14030.986,5.7,79.130692,952,7.0,False,False,False,0.000634019731775673
4153,4154,2,1,6576,364,14031.02,15.589999,79.130692,1222,0.0,False,False,False,0.0006344304668893003
4154,4155,2,1,6576,364,14031.054,19.559999,79.130692,1800,14.3,False,False,False,0.0006349535855549017
4155,4156,2,1,6576,364,14031.091,0.0,79.130692,782,0.0,False,False,False,0.0006353385250993597
4156,4157,2,1,6576,364,14031.135,21.719999,79.130692,1350,16.200001,False,False,False,0.0006361484549571394
4157,4158,2,1,6576,364,14031.211,27.01,79.130692,1294,0.0,False,False,False,0.0006368840234799776
4158,4159,2,1,6576,364,14031.283,20.469999,79.130692,1036,0.0,False,False,False,0.0006372429917498101
4159,4160,2,1,6576,364,14031.306,5.95,79.130692,784,0.0,False,False,False,0.0006375072635958765
4160,4161,2,1,6576,364,14031.327,11.19,79.130692,1482,0.0,False,False,False,0.0006379271948266314
4161,4162,2,1,6576,364,14031.402,36.439999,79.130692,1072,0.0,False,False,False,0.0006392633278322556
4162,4163,2,1,6576,364,14031.493,34.130001,79.130692,2318,28.700001,False,False,False,0.0006398426138534328
4163,4164,2,1,6576,364,14031.605,43.18,79.130692,1594,0.0,False,False,False,0.0006408405994467885
4164,4165,2,1,6576,364,14031.657,2.97,83.478531,778,0.0,False,False,False,0.0006410732479244665
4165,4166,2,1,6576,364,14031.658,0.0,83.478531,776,0.0,False,False,False,0.000641350626517086
4166,4167,2,1,6576,364,14031.659,0.0,83.478531,772,0.0,False,False,False,0.0006416262235118804
4167,4168,2,1,6576,364,14031.659,0.0,83.478531,780,0.0,False,False,False,0.0006418965927982716
4168,4169,2,1,6576,364,14031.664,6.16,83.478531,792,0.0,False,False,False,0.0006422030057870693
4169,4170,2,1,6576,364,14031.672,2.08,83.478531,780,0.0,False,False,False,0.0006424941735971595
4170,4171,2,1,6576,364,14031.715,30.92,83.478531,1458,0.0,False,False,False,0.0006434893746505932
4171,4172,2,1,6576,364,14031.79,11.099999,83.478531,800,0.0,False,False,False,0.0006437227379587381
4172,4173,2,1,6576,364,14031.799,10.15,83.478531,1388,10.900001,False,False,False,0.0006440713645225019
4173,4174,2,1,6576,364,14031.843,18.32,83.478531,1926,26.6,False,False,False,0.0006446367995423308
4174,4175,2,1,6576,364,14031.888,14.88,83.478531,818,0.0,False,False,False,0.0006451108282201069
4175,4176,2,1,6576,364,14031.939,14.679999,83.478531,840,0.0,False,False,False,0.0006456794260988379
4176,4177,2,1,6576,364,14031.96,9.82,83.478531,1202,0.0,False,False,False,0.0006460009149887124
4177,4178,2,1,6576,364,14031.993,13.389999,83.478531,1886,16.800001,False,False,False,0.0006463542738174244
4178,4179,2,1,6576,364,14032.026,3.23,83.478531,764,0.0,False,False,False,0.0006467039967003554
4179,4180,2,1,6576,364,14032.026,0.0,83.478531,782,0.0,False,False,False,0.0006469796321905197
4180,4181,2,1,6576,364,14032.038,8.62,83.478531,1068,0.0,False,False,False,0.000647348136590238
4181,4182,2,1,6576,364,14032.074,0.75,83.478531,808,0.0,False,False,False,0.0006477780990822111
4182,4183,2,1,6576,368,14032.086,18.18,83.478531,1460,0.0,False,False,False,0.0006483322342640814
4183,4184,2,1,6576,368,14032.105,0.0,83.478531,768,0.0,False,False,False,0.0006485699351640282
4184,4185,2,1,6576,368,14032.105,0.0,83.478531,772,0.0,False,False,False,0.0006488349513525339
4185,4186,2,1,6576,368,14032.105,0.0,83.152443,780,0.0,False,False,False,0.00064910174904271
4186,4187,2,1,6576,368,14032.105,0.0,82.935051,780,0.0,False,False,False,0.000649361491986271
4187,4188,2,1,6576,368,14032.106,2.63,82.935051,774,4.0,False,False,False,0.0006496229701393263
4188,4189,2,1,6576,368,14032.144,25.699999,82.608963,1430,0.0,False,False,False,0.000650360745959708
4189,4190,2,1,6576,368,14032.173,0.0,82.608963,768,0.0,False,False,False,0.0006506210676658799
4190,4191,2,1,6576,368,14032.173,0.0,82.608963,770,0.0,False,False,False,0.0006508860825702071
4191,4192,2,1,6576,368,14032.173,0.0,82.391571,778,0.0,False,False,False,0.00065115466046061
4192,4193,2,1,6576,368,14032.173,0.0,81.956787,780,0.0,False,False,False,0.000651425019844051
4193,4194,2,1,6576,368,14032.173,0.0,81.522003,788,0.0,False,False,False,0.00065168825325534
4194,4195,2,1,6576,368,14032.173,0.0,81.087219,776,0.0,False,False,False,0.0006519568311457429
4195,4196,2,1,6576,368,14032.197,14.799999,80.761131,1154,0.0,False,False,False,0.0006524179771722722
4196,4197,2,1,6576,368,14032.263,36.860001,80.761131,2078,15.5,False,False,False,0.0006534746765595428
4197,4198,2,1,6576,368,14032.367,36.130001,80.761131,1054,0.0,False,False,False,0.0006538428019448219
4198,4199,2,1,6576,368,14032.423,5.67,80.761131,800,0.0,False,False,False,0.0006540452033691281
4199,4200,2,1,6576,368,14032.427,0.0,80.761131,764,0.0,False,False,False,0.0006543135187149939
4200,4201,2,1,6576,368,14032.427,0.0,80.761131,774,0.0,False,False,False,0.0006545750371594907
4201,4202,2,1,6576,368,14032.446,20.52,80.761131,1862,14.900001,False,False,False,0.0006551825545913669
4202,4203,2,1,6576,368,14032.535,41.299999,80.761131,2048,6.3,False,False,False,0.0006567107289788353
4203,4204,2,1,6576,368,14032.645,37.919998,80.761131,1074,0.0,False,False,False,0.0006571250733505087
4204,4205,2,1,6576,368,14032.718,0.0,80.761131,782,0.0,False,False,False,0.0006574569903713327
4205,4206,2,1,6576,368,14032.718,0.0,80.761131,780,0.0,False,False,False,0.000657720284816896
4206,4207,2,1,6576,368,14032.718,0.0,80.761131,764,0.0,False,False,False,0.000657983508005505
4207,4208,2,1,6576,368,14032.718,0.0,80.761131,764,0.0,False,False,False,0.0006582485838749218
4208,4209,2,1,6576,368,14032.718,0.0,80.761131,774,0.0,False,False,False,0.0006585118070635309
4209,4210,2,1,6576,368,14032.718,0.0,80.761131,774,0.0,False,False,False,0.0006587715386613867
4210,4211,2,1,6576,368,14032.734,28.629999,80.761131,3206,36.400002,False,False,False,0.0006597100244311315
4211,4212,2,1,6576,368,14032.84,39.610001,80.761131,1368,0.0,False,False,False,0.0006607341967700929
4212,4213,2,1,6576,368,14032.912,8.76,80.761131,818,0.0,False,False,False,0.0006609198490057512
4213,4214,2,1,6576,368,14032.919,1.87,80.761131,776,0.0,False,False,False,0.000661188082958153
4214,4215,2,1,6576,368,14032.919,0.0,80.761131,770,0.0,False,False,False,0.0006614513736326966
4215,4216,2,1,6576,368,14032.92,0.0,80.761131,770,0.0,False,False,False,0.0006617145459002189
4216,4217,2,1,6576,368,14032.94,18.0,80.761131,1384,0.0,False,False,False,0.0006621613032405725
4217,4218,2,1,6576,368,14032.993,13.27,80.761131,816,0.0,False,False,False,0.0006624850817582708
4218,4219,2,1,6576,368,14033.056,36.59,80.761131,1752,0.0,False,False,False,0.0006639056449539606
4219,4220,2,1,6576,368,14033.117,23.58,80.761131,2042,37.900002,False,False,False,0.0006646051903372331
4220,4221,2,1,6576,368,14033.24,47.09,80.761131,1708,0.0,False,False,False,0.0006668406696764484
4221,4222,2,1,6576,368,14033.287,0.0,80.761131,776,0.0,False,False,False,0.0006670239107978909
4222,4223,2,1,6576,368,14033.287,0.0,80.761131,772,0.0,False,False,False,0.0006672783590644827
4223,4224,2,1,6576,368,14033.288,0.0,80.761131,772,0.0,False,False,False,0.0006675326885125914
4224,4225,2,1,6576,368,14033.35,45.369999,80.761131,2078,17.1,False,False,False,0.0006696638604566651
4225,4226,2,1,6576,368,14033.486,46.829998,80.761131,1478,0.0,False,False,False,0.0006705086313812989
4226,4227,2,1,6576,368,14033.622,48.509998,80.761131,1764,0.0,False,False,False,0.0006715527500491286
4227,4228,2,1,6576,368,14033.684,0.0,80.761131,778,0.0,False,False,False,0.0006717087467020989
4228,4229,2,1,6576,368,14033.706,23.34,80.761131,1796,15.900001,False,False,False,0.0006724107366410098
4229,4230,2,1,6576,368,14033.748,2.15,80.761131,758,0.0,False,False,False,0.0006727669068229797
4230,4231,2,1,6576,368,14033.752,0.0,80.761131,780,0.0,False,False,False,0.0006731035218862434
4231,4232,2,1,6576,368,14033.752,0.0,80.761131,802,0.0,False,False,False,0.0006733650156411741
4232,4233,2,1,6576,368,14033.752,0.0,80.761131,774,0.0,False,False,False,0.0006736388359409557
4233,4234,2,1,6576,368,14033.752,0.0,80.326347,774,0.0,False,False,False,0.0006739127274924415
4234,4235,2,1,6576,368,14033.752,0.0,79.782867,766,0.0,False,False,False,0.0006741865477922232
4235,4236,2,1,6576,368,14033.752,0.0,79.348083,762,0.0,False,False,False,0.0006744675645141431
4236,4237,2,1,6576,368,14033.761,4.26,78.9133,840,0.0,False,False,False,0.0006751220772480557
4237,4238,2,1,6576,368,14033.772,4.26,78.9133,782,0.0,False,False,False,0.0006754599932225475
4238,4239,3,1,6576,360,14024.173,0.0,89.674202,776,0.0,False,False,False,0.0005513517729870426
4239,4240,3,1,6576,360,14024.173,0.0,89.674202,782,0.0,False,False,False,0.0005515700947146962
4240,4241,3,1,6576,360,14024.173,0.0,89.674202,766,0.0,False,False,False,0.0005517883451419815
4241,4242,3,1,6576,360,14024.175,0.82,89.674202,752,3.8,False,False,False,0.0005520587087148646
4242,4243,3,1,6576,360,14024.186,2.35,89.565506,774,0.0,False,False,False,0.0005524485022872424
4243,4244,3,1,6576,360,14024.215,19.1,89.239418,1680,9.3,False,False,False,0.0005531070290188065
4244,4245,3,1,6576,360,14024.265,21.24,89.239418,1280,8.6,False,False,False,0.000553701979962589
4245,4246,3,1,6576,360,14024.325,20.789999,88.91333,1192,6.3,False,False,False,0.0005541112951036785
4246,4247,3,1,6576,360,14024.379,15.059999,88.695938,776,0.0,False,False,False,0.0005544437693983171
4247,4248,3,1,6576,360,14024.434,27.76,88.36985,1656,13.3,False,False,False,0.0005553434567514987
4248,4249,3,1,6576,360,14024.488,5.21,88.36985,794,0.0,False,False,False,0.0005556186708084596
4249,4250,3,1,6576,360,14024.489,0.0,88.043762,772,0.0,False,False,False,0.0005558909211650304
4250,4251,3,1,6576,360,14024.49,4.65,87.608978,1140,7.0,False,False,False,0.0005561952559233225
4251,4252,3,1,6576,360,14024.531,25.369999,87.174194,2120,9.1,False,False,False,0.0005571064653452336
4252,4253,3,1,6576,360,14024.599,16.77,87.065498,870,0.0,False,False,False,0.0005575006101343693
4253,4254,3,1,6576,360,14024.611,0.0,87.065498,770,0.0,False,False,False,0.0005577634371864441
4254,4255,3,1,6576,360,14024.611,0.0,86.848106,772,0.0,False,False,False,0.0005580338710377751
4255,4256,3,1,6576,360,14024.611,0.0,86.413322,776,0.0,False,False,False,0.0005583061586407894
4256,4257,3,1,6576,360,14024.611,0.0,85.978539,772,0.0,False,False,False,0.0005585784462438035
4257,4258,3,1,6576,360,14024.647,37.799999,85.652451,2504,33.600002,False,False,False,0.0005600955164492589
4258,4259,3,1,6576,360,14024.737,15.65,85.652451,784,0.0,False,False,False,0.0005605829483327685
4259,4260,3,1,6576,360,14024.748,0.0,85.652451,774,0.0,False,False,False,0.0005608530111905619
4260,4261,3,1,6576,360,14024.748,0.0,85.652451,768,0.0,False,False,False,0.0005611198775281004
4261,4262,3,1,6576,360,14024.757,4.75,85.652451,794,0.0,False,False,False,0.0005614970372009154
4262,4263,3,1,6576,360,14024.761,5.28,85.652451,1132,11.2,False,False,False,0.0005618084466147683
4263,4264,3,1,6576,360,14024.822,25.449999,85.652451,1228,0.0,False,False,False,0.0005629750612833957
4264,4265,3,1,6576,360,14024.857,6.27,85.652451,846,0.0,False,False,False,0.0005632402355164465
4265,4266,3,1,6576,360,14024.906,13.77,85.652451,836,0.0,False,False,False,0.0005641703288186874
4266,4267,3,1,6576,360,14024.909,0.0,85.652451,762,0.0,False,False,False,0.0005644406362539497
4267,4268,3,1,6576,360,14024.909,0.0,85.326363,768,0.0,False,False,False,0.0005647183366154735
4268,4269,3,1,6576,360,14024.909,0.0,84.891579,780,0.0,False,False,False,0.0005649960369769974
4269,4270,3,1,6576,360,14024.909,0.0,84.456795,782,0.0,False,False,False,0.0005652718836262234
4270,4271,3,1,6576,360,14024.909,0.0,83.913315,1400,13.8,False,False,False,0.0005655638433131143
4271,4272,3,1,6576,360,14024.951,26.0,83.804619,1256,0.0,False,False,False,0.0005667048173774456
4272,4273,3,1,6576,360,14024.983,0.0,83.804619,768,0.0,False,False,False,0.0005669524196628501
4273,4274,3,1,6576,360,14024.983,0.0,83.695923,778,0.0,False,False,False,0.0005672229176379295
4274,4275,3,1,6576,360,14024.986,7.39,83.261139,1850,19.300001,False,False,False,0.0005675770673092074
4275,4276,3,1,6576,360,14025.067,15.07,83.043747,796,0.0,False,False,False,0.0005692256425126159
4276,4277,3,1,6576,360,14025.093,21.109999,83.043747,1256,16.300001,False,False,False,0.0005697287191807441
4277,4278,3,1,6576,360,14025.12,0.0,83.043747,768,0.0,False,False,False,0.0005700944380912184
4278,4279,3,1,6576,360,14025.142,22.559999,83.043747,2004,9.7,False,False,False,0.0005707083957940823
4279,4280,3,1,6576,360,14025.212,42.950001,83.043747,3636,39.900002,False,False,False,0.0005721037868242688
4280,4281,3,1,6576,360,14025.321,19.439999,82.935051,758,0.0,False,False,False,0.0005727114758032416
4281,4282,3,1,6576,360,14025.332,0.0,82.935051,776,0.0,False,False,False,0.0005729674015986502
4282,4283,3,1,6576,360,14025.332,0.0,82.935051,768,0.0,False,False,False,0.0005732307633955904
4283,4284,3,1,6576,360,14025.332,0.0,82.608963,772,0.0,False,False,False,0.0005734941964870074
4284,4285,3,1,6576,360,14025.332,0.0,82.174179,766,0.0,False,False,False,0.0005737611230077829
4285,4286,3,1,6576,360,14025.355,24.99,81.848091,2222,19.6,False,False,False,0.0005744815385037666
4286,4287,3,1,6576,360,14025.472,42.469997,81.739395,1244,0.0,False,False,False,0.0005761105857552776
4287,4288,3,1,6576,360,14025.553,12.219999,81.739395,764,0.0,False,False,False,0.0005762929067462263
4288,4289,3,1,6576,360,14025.56,0.0,81.739395,772,0.0,False,False,False,0.0005765630346998837
4289,4290,3,1,6576,360,14025.56,0.0,81.739395,774,0.0,False,False,False,0.0005768246811762828
4290,4291,3,1,6576,360,14025.561,1.49,81.739395,840,16.0,False,False,False,0.0005770933445482468
4291,4292,3,1,6576,360,14025.649,43.489998,81.739395,1582,5.8,False,False,False,0.0005788938612493976
4292,4293,3,1,6576,360,14025.744,16.76,81.739395,804,0.0,False,False,False,0.0005791326198011456
4293,4294,3,1,6576,360,14025.756,4.29,81.739395,822,0.0,False,False,False,0.0005794135151420615
4294,4295,3,1,6576,360,14025.82,44.5,81.739395,2498,23.700001,False,False,False,0.0005813233505527268
4295,4296,3,1,6576,360,14025.944,37.239998,81.739395,1076,0.0,False,False,False,0.0005819398010001323
4296,4297,3,1,6576,360,14025.987,0.0,81.739395,784,0.0,False,False,False,0.0005821536727737754
4297,4298,3,1,6576,360,14025.987,0.0,81.739395,768,0.0,False,False,False,0.0005824188045515406
4298,4299,3,1,6576,360,14025.988,0.0,81.739395,772,0.0,False,False,False,0.0005826839660802448
4299,4300,3,1,6576,360,14025.988,0.0,81.739395,766,0.0,False,False,False,0.0005829508801176703
4300,4301,3,1,6576,360,14025.988,0.0,81.739395,782,0.0,False,False,False,0.0005832142295979721
4301,4302,3,1,6576,360,14025.988,0.0,81.739395,778,0.0,False,False,False,0.0005834829259139595
4302,4303,3,1,6576,360,14025.989,0.0,81.739395,770,0.0,False,False,False,0.0005837533628920647
4303,4304,3,1,6576,360,14026.027,34.119999,81.739395,2120,26.0,False,False,False,0.0005849229491038978
4304,4305,3,1,6576,360,14026.151,49.489998,81.739395,1800,0.0,False,False,False,0.0005857749731217693
4305,4306,3,1,6576,360,14026.218,0.0,81.739395,792,0.0,False,False,False,0.0005859224544738664
4306,4307,3,1,6576,360,14026.218,0.0,81.739395,760,0.0,False,False,False,0.0005861857996361075
4307,4308,3,1,6576,360,14026.218,0.0,81.739395,770,0.0,False,False,False,0.0005864474338389836
4308,4309,3,1,6576,360,14026.219,0.0,81.739395,766,0.0,False,False,False,0.0005867160839222658
4309,4310,3,1,6576,360,14026.223,9.91,81.739395,1960,29.200001,False,False,False,0.0005870490545420144
4310,4311,3,1,6576,360,14026.293,45.91,81.739395,2952,45.400002,False,False,False,0.0005891987142494279
4311,4312,3,1,6576,360,14026.444,60.049999,81.739395,2200,37.400002,False,False,False,0.0005908874774335225
4312,4313,3,1,6576,360,14026.629,65.369995,81.739395,1648,0.0,False,False,False,0.0005921163868819171
4313,4314,3,1,6576,360,14026.806,72.860001,81.739395,1840,34.5,False,False,False,0.0005937379658657954
4314,4315,3,1,6576,360,14027.021,86.489998,81.739395,3550,30.300001,False,False,False,0.0005962012032916118
4315,4316,3,1,6576,364,14027.255,79.689995,81.739395,1488,3.8,False,False,False,0.0005968487883917138
4316,4317,3,1,6576,364,14027.468,75.409996,81.739395,1898,0.0,False,False,False,0.0005977768919599774
4317,4318,3,1,6576,364,14027.669,71.779999,81.739395,2172,21.0,False,False,False,0.0005992492231444052
4318,4319,3,1,6576,364,14027.886,78.759995,81.739395,1392,0.0,False,False,False,0.0006006921005702092
4319,4320,3,1,6576,364,14028.076,64.830002,81.739395,2130,12.3,False,False,False,0.000601172878384863
4320,4321,3,1,6576,364,14028.249,64.479996,81.739395,1610,0.0,False,False,False,0.0006016518774454712
4321,4322,3,1,6576,364,14028.423,58.689999,81.739395,1514,17.800001,False,False,False,0.0006021571949181374
4322,4323,3,1,6576,364,14028.591,63.049999,81.739395,1846,0.0,False,False,False,0.0006032497312288006
4323,4324,3,1,6576,364,14028.758,59.209999,81.739395,1502,4.5,False,False,False,0.0006039588138298607
4324,4325,3,1,6576,364,14028.927,61.66,81.739395,1684,10.6,False,False,False,0.0006048654422792078
4325,4326,3,1,6576,364,14029.101,59.77,81.739395,1508,0.0,False,False,False,0.0006056100380175452
4326,4327,3,1,6576,364,14029.288,70.099998,81.739395,1314,0.0,False,False,False,0.0006078595820698762
4327,4328,3,1,6576,364,14029.466,52.02,81.739395,1310,0.0,False,True,False,0.0006079756723689719
4328,4329,3,1,6576,364,14029.539,4.54,81.739395,782,0.0,False,False,False,0.0006081457027417122
4329,4330,3,1,6576,364,14029.563,14.87,81.739395,1186,0.0,False,False,False,0.000608753333704428
4330,4331,3,1,6576,364,14029.614,33.469997,81.739395,2492,0.0,False,False,False,0.0006099075920697412
4331,4332,3,1,6576,364,14029.669,11.49,81.739395,1498,0.0,False,False,False,0.0006102137396299493
4332,4333,3,1,6576,364,14029.675,0.0,81.739395,766,0.0,False,False,False,0.0006104877349094039
4333,4334,3,1,6576,364,14029.675,0.0,81.739395,778,0.0,False,False,False,0.0006107545788067931
4334,4335,3,1,6576,364,14029.675,0.0,81.739395,770,0.0,False,False,False,0.0006110214227041821
4335,4336,3,1,6576,364,14029.675,0.0,81.739395,774,0.0,False,False,False,0.0006112918302219957
4336,4337,3,1,6576,364,14029.736,44.259998,81.739395,2296,0.0,False,False,False,0.0006134389528817304
4337,4338,3,1,6576,364,14029.795,0.0,81.739395,776,0.0,False,False,False,0.0006136932369120923
4338,4339,3,1,6576,364,14029.83,28.949999,81.739395,1696,12.7,False,False,False,0.000614576757041458
4339,4340,3,1,6576,364,14029.901,15.929999,81.739395,868,0.0,False,False,False,0.0006150128919019526
4340,4341,3,1,6576,364,14029.926,29.549999,81.739395,2634,31.6,False,False,False,0.0006161934714786466
4341,4342,3,1,6576,364,14030.023,22.769999,81.739395,770,0.0,False,False,False,0.0006170438178313869
4342,4343,3,1,6576,364,14030.036,0.0,81.739395,770,0.0,False,False,False,0.0006172941898231891
4343,4344,3,1,6576,364,14030.036,0.0,81.739395,788,0.0,False,False,False,0.0006175610268550376
4344,4345,3,1,6576,364,14030.036,0.0,81.739395,766,0.0,False,False,False,0.0006178260821225175
4345,4346,3,1,6576,364,14030.036,0.0,81.739395,782,0.0,False,False,False,0.0006180964826831034
4346,4347,3,1,6576,364,14030.036,0.0,81.304611,782,0.0,False,False,False,0.0006183633197149519
4347,4348,3,1,6576,364,14030.036,1.94,80.869827,1358,15.2,False,False,False,0.0006186444821323243
4348,4349,3,1,6576,364,14030.105,23.309999,80.543739,1148,0.0,False,False,False,0.00062022492170075
4349,4350,3,1,6576,364,14030.117,0.0,80.543739,748,0.0,False,False,False,0.0006204806787656321
4350,4351,3,1,6576,364,14030.117,0.0,80.326347,764,0.0,False,False,False,0.0006207475142570616
4351,4352,3,1,6576,364,14030.117,0.0,79.891563,772,0.0,False,False,False,0.0006210178419864933
4352,4353,3,1,6576,364,14030.117,4.87,79.782867,1586,14.900001,False,False,False,0.0006213490344353909
4353,4354,3,1,6576,364,14030.19,26.609999,79.565475,1254,0.0,False,False,False,0.0006229866461789769
4354,4355,3,1,6576,364,14030.221,4.88,79.565475,812,0.0,False,False,False,0.0006233387671678752
4355,4356,3,1,6576,364,14030.222,0.0,79.565475,778,0.0,False,False,False,0.000623603845766249
4356,4357,3,1,6576,364,14030.23,11.29,79.565475,1454,3.2,False,False,False,0.0006241460655979554
4357,4358,3,1,6576,364,14030.302,32.290001,79.456779,1554,0.0,False,False,False,0.0006258194713505561
4358,4359,3,1,6576,364,14030.355,4.87,79.456779,772,0.0,False,False,False,0.0006261023258266932
4359,4360,3,1,6576,364,14030.361,0.0,79.456779,764,0.0,False,False,False,0.0006263901270874579
4360,4361,3,1,6576,364,14030.369,5.48,79.456779,796,0.0,False,False,False,0.0006267484662401794
4361,4362,3,1,6576,364,14030.385,20.309999,79.456779,2326,14.2,False,False,False,0.0006274719138559735
4362,4363,3,1,6576,364,14030.457,31.959999,79.239388,1462,0.0,False,False,False,0.000628529097156482
4363,4364,3,1,6576,364,14030.553,36.329998,79.130692,1578,0.0,False,False,False,0.0006293301960232057
4364,4365,3,1,6576,364,14030.619,20.869999,79.130692,1148,0.0,False,False,False,0.000629634114210199
4365,4366,3,1,6576,364,14030.676,20.9,79.130692,1068,0.0,False,False,False,0.0006300350008081714
4366,4367,3,1,6576,364,14030.706,0.0,79.130692,788,0.0,False,False,False,0.0006302740379537599
4367,4368,3,1,6576,364,14030.706,0.0,79.130692,776,0.0,False,False,False,0.0006305443543358162
4368,4369,3,1,6576,364,14030.718,16.49,79.130692,1274,0.0,False,False,False,0.0006310324224018755
4369,4370,3,1,6576,364,14030.78,30.189999,79.130692,1458,9.8,False,False,False,0.0006317470057255743
4370,4371,3,1,6576,364,14030.868,24.269999,79.130692,792,0.0,False,False,False,0.0006323570033583554
4371,4372,3,1,6576,364,14030.925,11.24,79.130692,762,0.0,False,False,False,0.0006326020129098467
4372,4373,3,1,6576,364,14030.967,13.42,79.130692,770,0.0,False,False,False,0.0006331476549225066
4373,4374,3,1,6576,364,14030.984,0.0,79.130692,772,0.0,False,False,False,0.000633436654431761
4374,4375,3,1,6576,364,14030.984,0.0,79.130692,786,0.0,False,False,False,0.0006337282739204948
4375,4376,3,1,6576,364,14030.986,5.7,79.130692,952,7.0,False,False,False,0.000634019731775673
4376,4377,3,1,6576,364,14031.02,15.589999,79.130692,1222,0.0,False,False,False,0.0006344304668893003
4377,4378,3,1,6576,364,14031.054,19.559999,79.130692,1800,14.3,False,False,False,0.0006349535855549017
4378,4379,3,1,6576,364,14031.091,0.0,79.130692,782,0.0,False,False,False,0.0006353385250993597
4379,4380,3,1,6576,364,14031.135,21.719999,79.130692,1350,16.200001,False,False,False,0.0006361484549571394
4380,4381,3,1,6576,364,14031.211,27.01,79.130692,1294,0.0,False,False,False,0.0006368840234799776
4381,4382,3,1,6576,364,14031.283,20.469999,79.130692,1036,0.0,False,False,False,0.0006372429917498101
4382,4383,3,1,6576,364,14031.306,5.95,79.130692,784,0.0,False,False,False,0.0006375072635958765
4383,4384,3,1,6576,364,14031.327,11.19,79.130692,1482,0.0,False,False,False,0.0006379271948266314
4384,4385,3,1,6576,364,14031.402,36.439999,79.130692,1072,0.0,False,False,False,0.0006392633278322556
4385,4386,3,1,6576,364,14031.493,34.130001,79.130692,2318,28.700001,False,False,False,0.0006398426138534328
4386,4387,3,1,6576,364,14031.605,43.18,79.130692,1594,0.0,False,False,False,0.0006408405994467885
4387,4388,3,1,6576,364,14031.657,2.97,83.478531,778,0.0,False,False,False,0.0006410732479244665
4388,4389,3,1,6576,364,14031.658,0.0,83.478531,776,0.0,False,False,False,0.000641350626517086
4389,4390,3,1,6576,364,14031.659,0.0,83.478531,772,0.0,False,False,False,0.0006416262235118804
4390,4391,3,1,6576,364,14031.659,0.0,83.478531,780,0.0,False,False,False,0.0006418965927982716
4391,4392,3,1,6576,364,14031.664,6.16,83.478531,792,0.0,False,False,False,0.0006422030057870693
4392,4393,3,1,6576,364,14031.672,2.08,83.478531,780,0.0,False,False,False,0.0006424941735971595
4393,4394,3,1,6576,364,14031.715,30.92,83.478531,1458,0.0,False,False,False,0.0006434893746505932
4394,4395,3,1,6576,364,14031.79,11.099999,83.478531,800,0.0,False,False,False,0.0006437227379587381
4395,4396,3,1,6576,364,14031.799,10.15,83.478531,1388,10.900001,False,False,False,0.0006440713645225019
4396,4397,3,1,6576,364,14031.843,18.32,83.478531,1926,26.6,False,False,False,0.0006446367995423308
4397,4398,3,1,6576,364,14031.888,14.88,83.478531,818,0.0,False,False,False,0.0006451108282201069
4398,4399,3,1,6576,364,14031.939,14.679999,83.478531,840,0.0,False,False,False,0.0006456794260988379
4399,4400,3,1,6576,364,14031.96,9.82,83.478531,1202,0.0,False,False,False,0.0006460009149887124
4400,4401,3,1,6576,364,14031.993,13.389999,83.478531,1886,16.800001,False,False,False,0.0006463542738174244
4401,4402,3,1,6576,364,14032.026,3.23,83.478531,764,0.0,False,False,False,0.0006467039967003554
4402,4403,3,1,6576,364,14032.026,0.0,83.478531,782,0.0,False,False,False,0.0006469796321905197
4403,4404,3,1,6576,364,14032.038,8.62,83.478531,1068,0.0,False,False,False,0.000647348136590238
4404,4405,3,1,6576,364,14032.074,0.75,83.478531,808,0.0,False,False,False,0.0006477780990822111
4405,4406,3,1,6576,368,14032.086,18.18,83.478531,1460,0.0,False,False,False,0.0006483322342640814
4406,4407,3,1,6576,368,14032.105,0.0,83.478531,768,0.0,False,False,False,0.0006485699351640282
4407,4408,3,1,6576,368,14032.105,0.0,83.478531,772,0.0,False,False,False,0.0006488349513525339
4408,4409,3,1,6576,368,14032.105,0.0,83.152443,780,0.0,False,False,False,0.00064910174904271
4409,4410,3,1,6576,368,14032.105,0.0,82.935051,780,0.0,False,False,False,0.000649361491986271
4410,4411,3,1,6576,368,14032.106,2.63,82.935051,774,4.0,False,False,False,0.0006496229701393263
4411,4412,3,1,6576,368,14032.144,25.699999,82.608963,1430,0.0,False,False,False,0.000650360745959708
4412,4413,3,1,6576,368,14032.173,0.0,82.608963,768,0.0,False,False,False,0.0006506210676658799
4413,4414,3,1,6576,368,14032.173,0.0,82.608963,770,0.0,False,False,False,0.0006508860825702071
4414,4415,3,1,6576,368,14032.173,0.0,82.391571,778,0.0,False,False,False,0.00065115466046061
4415,4416,3,1,6576,368,14032.173,0.0,81.956787,780,0.0,False,False,False,0.000651425019844051
4416,4417,3,1,6576,368,14032.173,0.0,81.522003,788,0.0,False,False,False,0.00065168825325534
4417,4418,3,1,6576,368,14032.173,0.0,81.087219,776,0.0,False,False,False,0.0006519568311457429
4418,4419,3,1,6576,368,14032.197,14.799999,80.761131,1154,0.0,False,False,False,0.0006524179771722722
4419,4420,3,1,6576,368,14032.263,36.860001,80.761131,2078,15.5,False,False,False,0.0006534746765595428
4420,4421,3,1,6576,368,14032.367,36.130001,80.761131,1054,0.0,False,False,False,0.0006538428019448219
4421,4422,3,1,6576,368,14032.423,5.67,80.761131,800,0.0,False,False,False,0.0006540452033691281
4422,4423,3,1,6576,368,14032.427,0.0,80.761131,764,0.0,False,False,False,0.0006543135187149939
4423,4424,3,1,6576,368,14032.427,0.0,80.761131,774,0.0,False,False,False,0.0006545750371594907
4424,4425,3,1,6576,368,14032.446,20.52,80.761131,1862,14.900001,False,False,False,0.0006551825545913669
4425,4426,3,1,6576,368,14032.535,41.299999,80.761131,2048,6.3,False,False,False,0.0006567107289788353
4426,4427,3,1,6576,368,14032.645,37.919998,80.761131,1074,0.0,False,False,False,0.0006571250733505087
4427,4428,3,1,6576,368,14032.718,0.0,80.761131,782,0.0,False,False,False,0.0006574569903713327
4428,4429,3,1,6576,368,14032.718,0.0,80.761131,780,0.0,False,False,False,0.000657720284816896
4429,4430,3,1,6576,368,14032.718,0.0,80.761131,764,0.0,False,False,False,0.000657983508005505
4430,4431,3,1,6576,368,14032.718,0.0,80.761131,764,0.0,False,False,False,0.0006582485838749218
4431,4432,3,1,6576,368,14032.718,0.0,80.761131,774,0.0,False,False,False,0.0006585118070635309
4432,4433,3,1,6576,368,14032.718,0.0,80.761131,774,0.0,False,False,False,0.0006587715386613867
4433,4434,3,1,6576,368,14032.734,28.629999,80.761131,3206,36.400002,False,False,False,0.0006597100244311315
4434,4435,3,1,6576,368,14032.84,39.610001,80.761131,1368,0.0,False,False,False,0.0006607341967700929
4435,4436,3,1,6576,368,14032.912,8.76,80.761131,818,0.0,False,False,False,0.0006609198490057512
4436,4437,3,1,6576,368,14032.919,1.87,80.761131,776,0.0,False,False,False,0.000661188082958153
4437,4438,3,1,6576,368,14032.919,0.0,80.761131,770,0.0,False,False,False,0.0006614513736326966
4438,4439,3,1,6576,368,14032.92,0.0,80.761131,770,0.0,False,False,False,0.0006617145459002189
4439,4440,3,1,6576,368,14032.94,18.0,80.761131,1384,0.0,False,False,False,0.0006621613032405725
4440,4441,3,1,6576,368,14032.993,13.27,80.761131,816,0.0,False,False,False,0.0006624850817582708
4441,4442,3,1,6576,368,14033.056,36.59,80.761131,1752,0.0,False,False,False,0.0006639056449539606
4442,4443,3,1,6576,368,14033.117,23.58,80.761131,2042,37.900002,False,False,False,0.0006646051903372331
4443,4444,3,1,6576,368,14033.24,47.09,80.761131,1708,0.0,False,False,False,0.0006668406696764484
4444,4445,3,1,6576,368,14033.287,0.0,80.761131,776,0.0,False,False,False,0.0006670239107978909
4445,4446,3,1,6576,368,14033.287,0.0,80.761131,772,0.0,False,False,False,0.0006672783590644827
4446,4447,3,1,6576,368,14033.288,0.0,80.761131,772,0.0,False,False,False,0.0006675326885125914
4447,4448,3,1,6576,368,14033.35,45.369999,80.761131,2078,17.1,False,False,False,0.0006696638604566651
4448,4449,3,1,6576,368,14033.486,46.829998,80.761131,1478,0.0,False,False,False,0.0006705086313812989
4449,4450,3,1,6576,368,14033.622,48.509998,80.761131,1764,0.0,False,False,False,0.0006715527500491286
4450,4451,3,1,6576,368,14033.684,0.0,80.761131,778,0.0,False,False,False,0.0006717087467020989
4451,4452,3,1,6576,368,14033.706,23.34,80.761131,1796,15.900001,False,False,False,0.0006724107366410098
4452,4453,3,1,6576,368,14033.748,2.15,80.761131,758,0.0,False,False,False,0.0006727669068229797
4453,4454,3,1,6576,368,14033.752,0.0,80.761131,780,0.0,False,False,False,0.0006731035218862434
4454,4455,3,1,6576,368,14033.752,0.0,80.761131,802,0.0,False,False,False,0.0006733650156411741
4455,4456,3,1,6576,368,14033.752,0.0,80.761131,774,0.0,False,False,False,0.0006736388359409557
4456,4457,3,1,6576,368,14033.752,0.0,80.326347,774,0.0,False,False,False,0.0006739127274924415
4457,4458,3,1,6576,368,14033.752,0.0,79.782867,766,0.0,False,False,False,0.0006741865477922232
4458,4459,3,1,6576,368,14033.752,0.0,79.348083,762,0.0,False,False,False,0.0006744675645141431
4459,4460,3,1,6576,368,14033.761,4.26,78.9133,840,0.0,False,False,False,0.0006751220772480557
4460,4461,3,1,6576,368,14033.772,4.26,78.9133,782,0.0,False,False,False,0.0006754599932225475
4461,4462,4,1,6576,360,14024.173,0.0,89.674202,776,0.0,False,False,False,0.0005513517729870426
4462,4463,4,1,6576,360,14024.173,0.0,89.674202,782,0.0,False,False,False,0.0005515700947146962
4463,4464,4,1,6576,360,14024.173,0.0,89.674202,766,0.0,False,False,False,0.0005517883451419815
4464,4465,4,1,6576,360,14024.175,0.82,89.674202,752,3.8,False,False,False,0.0005520587087148646
4465,4466,4,1,6576,360,14024.186,2.35,89.565506,774,0.0,False,False,False,0.0005524485022872424
4466,4467,4,1,6576,360,14024.215,19.1,89.239418,1680,9.3,False,False,False,0.0005531070290188065
4467,4468,4,1,6576,360,14024.265,21.24,89.239418,1280,8.6,False,False,False,0.000553701979962589
4468,4469,4,1,6576,360,14024.325,20.789999,88.91333,1192,6.3,False,False,False,0.0005541112951036785
4469,4470,4,1,6576,360,14024.379,15.059999,88.695938,776,0.0,False,False,False,0.0005544437693983171
4470,4471,4,1,6576,360,14024.434,27.76,88.36985,1656,13.3,False,False,False,0.0005553434567514987
4471,4472,4,1,6576,360,14024.488,5.21,88.36985,794,0.0,False,False,False,0.0005556186708084596
4472,4473,4,1,6576,360,14024.489,0.0,88.043762,772,0.0,False,False,False,0.0005558909211650304
4473,4474,4,1,6576,360,14024.49,4.65,87.608978,1140,7.0,False,False,False,0.0005561952559233225
4474,4475,4,1,6576,360,14024.531,25.369999,87.174194,2120,9.1,False,False,False,0.0005571064653452336
4475,4476,4,1,6576,360,14024.599,16.77,87.065498,870,0.0,False,False,False,0.0005575006101343693
4476,4477,4,1,6576,360,14024.611,0.0,87.065498,770,0.0,False,False,False,0.0005577634371864441
4477,4478,4,1,6576,360,14024.611,0.0,86.848106,772,0.0,False,False,False,0.0005580338710377751
4478,4479,4,1,6576,360,14024.611,0.0,86.413322,776,0.0,False,False,False,0.0005583061586407894
4479,4480,4,1,6576,360,14024.611,0.0,85.978539,772,0.0,False,False,False,0.0005585784462438035
4480,4481,4,1,6576,360,14024.647,37.799999,85.652451,2504,33.600002,False,False,False,0.0005600955164492589
4481,4482,4,1,6576,360,14024.737,15.65,85.652451,784,0.0,False,False,False,0.0005605829483327685
4482,4483,4,1,6576,360,14024.748,0.0,85.652451,774,0.0,False,False,False,0.0005608530111905619
4483,4484,4,1,6576,360,14024.748,0.0,85.652451,768,0.0,False,False,False,0.0005611198775281004
4484,4485,4,1,6576,360,14024.757,4.75,85.652451,794,0.0,False,False,False,0.0005614970372009154
4485,4486,4,1,6576,360,14024.761,5.28,85.652451,1132,11.2,False,False,False,0.0005618084466147683
4486,4487,4,1,6576,360,14024.822,25.449999,85.652451,1228,0.0,False,False,False,0.0005629750612833957
4487,4488,4,1,6576,360,14024.857,6.27,85.652451,846,0.0,False,False,False,0.0005632402355164465
4488,4489,4,1,6576,360,14024.906,13.77,85.652451,836,0.0,False,False,False,0.0005641703288186874
4489,4490,4,1,6576,360,14024.909,0.0,85.652451,762,0.0,False,False,False,0.0005644406362539497
4490,4491,4,1,6576,360,14024.909,0.0,85.326363,768,0.0,False,False,False,0.0005647183366154735
4491,4492,4,1,6576,360,14024.909,0.0,84.891579,780,0.0,False,False,False,0.0005649960369769974
4492,4493,4,1,6576,360,14024.909,0.0,84.456795,782,0.0,False,False,False,0.0005652718836262234
4493,4494,4,1,6576,360,14024.909,0.0,83.913315,1400,13.8,False,False,False,0.0005655638433131143
4494,4495,4,1,6576,360,14024.951,26.0,83.804619,1256,0.0,False,False,False,0.0005667048173774456
4495,4496,4,1,6576,360,14024.983,0.0,83.804619,768,0.0,False,False,False,0.0005669524196628501
4496,4497,4,1,6576,360,14024.983,0.0,83.695923,778,0.0,False,False,False,0.0005672229176379295
4497,4498,4,1,6576,360,14024.986,7.39,83.261139,1850,19.300001,False,False,False,0.0005675770673092074
4498,4499,4,1,6576,360,14025.067,15.07,83.043747,796,0.0,False,False,False,0.0005692256425126159
4499,4500,4,1,6576,360,14025.093,21.109999,83.043747,1256,16.300001,False,False,False,0.0005697287191807441
4500,4501,4,1,6576,360,14025.12,0.0,83.043747,768,0.0,False,False,False,0.0005700944380912184
4501,4502,4,1,6576,360,14025.142,22.559999,83.043747,2004,9.7,False,False,False,0.0005707083957940823
4502,4503,4,1,6576,360,14025.212,42.950001,83.043747,3636,39.900002,False,False,False,0.0005721037868242688
4503,4504,4,1,6576,360,14025.321,19.439999,82.935051,758,0.0,False,False,False,0.0005727114758032416
4504,4505,4,1,6576,360,14025.332,0.0,82.935051,776,0.0,False,False,False,0.0005729674015986502
4505,4506,4,1,6576,360,14025.332,0.0,82.935051,768,0.0,False,False,False,0.0005732307633955904
4506,4507,4,1,6576,360,14025.332,0.0,82.608963,772,0.0,False,False,False,0.0005734941964870074
4507,4508,4,1,6576,360,14025.332,0.0,82.174179,766,0.0,False,False,False,0.0005737611230077829
4508,4509,4,1,6576,360,14025.355,24.99,81.848091,2222,19.6,False,False,False,0.0005744815385037666
4509,4510,4,1,6576,360,14025.472,42.469997,81.739395,1244,0.0,False,False,False,0.0005761105857552776
4510,4511,4,1,6576,360,14025.553,12.219999,81.739395,764,0.0,False,False,False,0.0005762929067462263
4511,4512,4,1,6576,360,14025.56,0.0,81.739395,772,0.0,False,False,False,0.0005765630346998837
4512,4513,4,1,6576,360,14025.56,0.0,81.739395,774,0.0,False,False,False,0.0005768246811762828
4513,4514,4,1,6576,360,14025.561,1.49,81.739395,840,16.0,False,False,False,0.0005770933445482468
4514,4515,4,1,6576,360,14025.649,43.489998,81.739395,1582,5.8,False,False,False,0.0005788938612493976
4515,4516,4,1,6576,360,14025.744,16.76,81.739395,804,0.0,False,False,False,0.0005791326198011456
4516,4517,4,1,6576,360,14025.756,4.29,81.739395,822,0.0,False,False,False,0.0005794135151420615
4517,4518,4,1,6576,360,14025.82,44.5,81.739395,2498,23.700001,False,False,False,0.0005813233505527268
4518,4519,4,1,6576,360,14025.944,37.239998,81.739395,1076,0.0,False,False,False,0.0005819398010001323
4519,4520,4,1,6576,360,14025.987,0.0,81.739395,784,0.0,False,False,False,0.0005821536727737754
4520,4521,4,1,6576,360,14025.987,0.0,81.739395,768,0.0,False,False,False,0.0005824188045515406
4521,4522,4,1,6576,360,14025.988,0.0,81.739395,772,0.0,False,False,False,0.0005826839660802448
4522,4523,4,1,6576,360,14025.988,0.0,81.739395,766,0.0,False,False,False,0.0005829508801176703
4523,4524,4,1,6576,360,14025.988,0.0,81.739395,782,0.0,False,False,False,0.0005832142295979721
4524,4525,4,1,6576,360,14025.988,0.0,81.739395,778,0.0,False,False,False,0.0005834829259139595
4525,4526,4,1,6576,360,14025.989,0.0,81.739395,770,0.0,False,False,False,0.0005837533628920647
4526,4527,4,1,6576,360,14026.027,34.119999,81.739395,2120,26.0,False,False,False,0.0005849229491038978
4527,4528,4,1,6576,360,14026.151,49.489998,81.739395,1800,0.0,False,False,False,0.0005857749731217693
4528,4529,4,1,6576,360,14026.218,0.0,81.739395,792,0.0,False,False,False,0.0005859224544738664
4529,4530,4,1,6576,360,14026.218,0.0,81.739395,760,0.0,False,False,False,0.0005861857996361075
4530,4531,4,1,6576,360,14026.218,0.0,81.739395,770,0.0,False,False,False,0.0005864474338389836
4531,4532,4,1,6576,360,14026.219,0.0,81.739395,766,0.0,False,False,False,0.0005867160839222658
4532,4533,4,1,6576,360,14026.223,9.91,81.739395,1960,29.200001,False,False,False,0.0005870490545420144
4533,4534,4,1,6576,360,14026.293,45.91,81.739395,2952,45.400002,False,False,False,0.0005891987142494279
4534,4535,4,1,6576,360,14026.444,60.049999,81.739395,2200,37.400002,False,False,False,0.0005908874774335225
4535,4536,4,1,6576,360,14026.629,65.369995,81.739395,1648,0.0,False,False,False,0.0005921163868819171
4536,4537,4,1,6576,360,14026.806,72.860001,81.739395,1840,34.5,False,False,False,0.0005937379658657954
4537,4538,4,1,6576,360,14027.021,86.489998,81.739395,3550,30.300001,False,False,False,0.0005962012032916118
4538,4539,4,1,6576,364,14027.255,79.689995,81.739395,1488,3.8,False,False,False,0.0005968487883917138
4539,4540,4,1,6576,364,14027.468,75.409996,81.739395,1898,0.0,False,False,False,0.0005977768919599774
4540,4541,4,1,6576,364,14027.669,71.779999,81.739395,2172,21.0,False,False,False,0.0005992492231444052
4541,4542,4,1,6576,364,14027.886,78.759995,81.739395,1392,0.0,False,False,False,0.0006006921005702092
4542,4543,4,1,6576,364,14028.076,64.830002,81.739395,2130,12.3,False,False,False,0.000601172878384863
4543,4544,4,1,6576,364,14028.249,64.479996,81.739395,1610,0.0,False,False,False,0.0006016518774454712
4544,4545,4,1,6576,364,14028.423,58.689999,81.739395,1514,17.800001,False,False,False,0.0006021571949181374
4545,4546,4,1,6576,364,14028.591,63.049999,81.739395,1846,0.0,False,False,False,0.0006032497312288006
4546,4547,4,1,6576,364,14028.758,59.209999,81.739395,1502,4.5,False,False,False,0.0006039588138298607
4547,4548,4,1,6576,364,14028.927,61.66,81.739395,1684,10.6,False,False,False,0.0006048654422792078
4548,4549,4,1,6576,364,14029.101,59.77,81.739395,1508,0.0,False,False,False,0.0006056100380175452
4549,4550,4,1,6576,364,14029.288,70.099998,81.739395,1314,0.0,False,False,False,0.0006078595820698762
4550,4551,4,1,6576,364,14029.466,52.02,81.739395,1310,0.0,False,True,False,0.0006079756723689719
4551,4552,4,1,6576,364,14029.539,4.54,81.739395,782,0.0,False,False,False,0.0006081457027417122
4552,4553,4,1,6576,364,14029.563,14.87,81.739395,1186,0.0,False,False,False,0.000608753333704428
4553,4554,4,1,6576,364,14029.614,33.469997,81.739395,2492,0.0,False,False,False,0.0006099075920697412
4554,4555,4,1,6576,364,14029.669,11.49,81.739395,1498,0.0,False,False,False,0.0006102137396299493
4555,4556,4,1,6576,364,14029.675,0.0,81.739395,766,0.0,False,False,False,0.0006104877349094039
4556,4557,4,1,6576,364,14029.675,0.0,81.739395,778,0.0,False,False,False,0.0006107545788067931
4557,4558,4,1,6576,364,14029.675,0.0,81.739395,770,0.0,False,False,False,0.0006110214227041821
4558,4559,4,1,6576,364,14029.675,0.0,81.739395,774,0.0,False,False,False,0.0006112918302219957
4559,4560,4,1,6576,364,14029.736,44.259998,81.739395,2296,0.0,False,False,False,0.0006134389528817304
4560,4561,4,1,6576,364,14029.795,0.0,81.739395,776,0.0,False,False,False,0.0006136932369120923
4561,4562,4,1,6576,364,14029.83,28.949999,81.739395,1696,12.7,False,False,False,0.000614576757041458
4562,4563,4,1,6576,364,14029.901,15.929999,81.739395,868,0.0,False,False,False,0.0006150128919019526
4563,4564,4,1,6576,364,14029.926,29.549999,81.739395,2634,31.6,False,False,False,0.0006161934714786466
4564,4565,4,1,6576,364,14030.023,22.769999,81.739395,770,0.0,False,False,False,0.0006170438178313869
4565,4566,4,1,6576,364,14030.036,0.0,81.739395,770,0.0,False,False,False,0.0006172941898231891
4566,4567,4,1,6576,364,14030.036,0.0,81.739395,788,0.0,False,False,False,0.0006175610268550376
4567,4568,4,1,6576,364,14030.036,0.0,81.739395,766,0.0,False,False,False,0.0006178260821225175
4568,4569,4,1,6576,364,14030.036,0.0,81.739395,782,0.0,False,False,False,0.0006180964826831034
4569,4570,4,1,6576,364,14030.036,0.0,81.304611,782,0.0,False,False,False,0.0006183633197149519
4570,4571,4,1,6576,364,14030.036,1.94,80.869827,1358,15.2,False,False,False,0.0006186444821323243
4571,4572,4,1,6576,364,14030.105,23.309999,80.543739,1148,0.0,False,False,False,0.00062022492170075
4572,4573,4,1,6576,364,14030.117,0.0,80.543739,748,0.0,False,False,False,0.0006204806787656321
4573,4574,4,1,6576,364,14030.117,0.0,80.326347,764,0.0,False,False,False,0.0006207475142570616
4574,4575,4,1,6576,364,14030.117,0.0,79.891563,772,0.0,False,False,False,0.0006210178419864933
4575,4576,4,1,6576,364,14030.117,4.87,79.782867,1586,14.900001,False,False,False,0.0006213490344353909
4576,4577,4,1,6576,364,14030.19,26.609999,79.565475,1254,0.0,False,False,False,0.0006229866461789769
4577,4578,4,1,6576,364,14030.221,4.88,79.565475,812,0.0,False,False,False,0.0006233387671678752
4578,4579,4,1,6576,364,14030.222,0.0,79.565475,778,0.0,False,False,False,0.000623603845766249
4579,4580,4,1,6576,364,14030.23,11.29,79.565475,1454,3.2,False,False,False,0.0006241460655979554
4580,4581,4,1,6576,364,14030.302,32.290001,79.456779,1554,0.0,False,False,False,0.0006258194713505561
4581,4582,4,1,6576,364,14030.355,4.87,79.456779,772,0.0,False,False,False,0.0006261023258266932
4582,4583,4,1,6576,364,14030.361,0.0,79.456779,764,0.0,False,False,False,0.0006263901270874579
4583,4584,4,1,6576,364,14030.369,5.48,79.456779,796,0.0,False,False,False,0.0006267484662401794
4584,4585,4,1,6576,364,14030.385,20.309999,79.456779,2326,14.2,False,False,False,0.0006274719138559735
4585,4586,4,1,6576,364,14030.457,31.959999,79.239388,1462,0.0,False,False,False,0.000628529097156482
4586,4587,4,1,6576,364,14030.553,36.329998,79.130692,1578,0.0,False,False,False,0.0006293301960232057
4587,4588,4,1,6576,364,14030.619,20.869999,79.130692,1148,0.0,False,False,False,0.000629634114210199
4588,4589,4,1,6576,364,14030.676,20.9,79.130692,1068,0.0,False,False,False,0.0006300350008081714
4589,4590,4,1,6576,364,14030.706,0.0,79.130692,788,0.0,False,False,False,0.0006302740379537599
4590,4591,4,1,6576,364,14030.706,0.0,79.130692,776,0.0,False,False,False,0.0006305443543358162
4591,4592,4,1,6576,364,14030.718,16.49,79.130692,1274,0.0,False,False,False,0.0006310324224018755
4592,4593,4,1,6576,364,14030.78,30.189999,79.130692,1458,9.8,False,False,False,0.0006317470057255743
4593,4594,4,1,6576,364,14030.868,24.269999,79.130692,792,0.0,False,False,False,0.0006323570033583554
4594,4595,4,1,6576,364,14030.925,11.24,79.130692,762,0.0,False,False,False,0.0006326020129098467
4595,4596,4,1,6576,364,14030.967,13.42,79.130692,770,0.0,False,False,False,0.0006331476549225066
4596,4597,4,1,6576,364,14030.984,0.0,79.130692,772,0.0,False,False,False,0.000633436654431761
4597,4598,4,1,6576,364,14030.984,0.0,79.130692,786,0.0,False,False,False,0.0006337282739204948
4598,4599,4,1,6576,364,14030.986,5.7,79.130692,952,7.0,False,False,False,0.000634019731775673
4599,4600,4,1,6576,364,14031.02,15.589999,79.130692,1222,0.0,False,False,False,0.0006344304668893003
4600,4601,4,1,6576,364,14031.054,19.559999,79.130692,1800,14.3,False,False,False,0.0006349535855549017
4601,4602,4,1,6576,364,14031.091,0.0,79.130692,782,0.0,False,False,False,0.0006353385250993597
4602,4603,4,1,6576,364,14031.135,21.719999,79.130692,1350,16.200001,False,False,False,0.0006361484549571394
4603,4604,4,1,6576,364,14031.211,27.01,79.130692,1294,0.0,False,False,False,0.0006368840234799776
4604,4605,4,1,6576,364,14031.283,20.469999,79.130692,1036,0.0,False,False,False,0.0006372429917498101
4605,4606,4,1,6576,364,14031.306,5.95,79.130692,784,0.0,False,False,False,0.0006375072635958765
4606,4607,4,1,6576,364,14031.327,11.19,79.130692,1482,0.0,False,False,False,0.0006379271948266314
4607,4608,4,1,6576,364,14031.402,36.439999,79.130692,1072,0.0,False,False,False,0.0006392633278322556
4608,4609,4,1,6576,364,14031.493,34.130001,79.130692,2318,28.700001,False,False,False,0.0006398426138534328
4609,4610,4,1,6576,364,14031.605,43.18,79.130692,1594,0.0,False,False,False,0.0006408405994467885
4610,4611,4,1,6576,364,14031.657,2.97,83.478531,778,0.0,False,False,False,0.0006410732479244665
4611,4612,4,1,6576,364,14031.658,0.0,83.478531,776,0.0,False,False,False,0.000641350626517086
4612,4613,4,1,6576,364,14031.659,0.0,83.478531,772,0.0,False,False,False,0.0006416262235118804
4613,4614,4,1,6576,364,14031.659,0.0,83.478531,780,0.0,False,False,False,0.0006418965927982716
4614,4615,4,1,6576,364,14031.664,6.16,83.478531,792,0.0,False,False,False,0.0006422030057870693
4615,4616,4,1,6576,364,14031.672,2.08,83.478531,780,0.0,False,False,False,0.0006424941735971595
4616,4617,4,1,6576,364,14031.715,30.92,83.478531,1458,0.0,False,False,False,0.0006434893746505932
4617,4618,4,1,6576,364,14031.79,11.099999,83.478531,800,0.0,False,False,False,0.0006437227379587381
4618,4619,4,1,6576,364,14031.799,10.15,83.478531,1388,10.900001,False,False,False,0.0006440713645225019
4619,4620,4,1,6576,364,14031.843,18.32,83.478531,1926,26.6,False,False,False,0.0006446367995423308
4620,4621,4,1,6576,364,14031.888,14.88,83.478531,818,0.0,False,False,False,0.0006451108282201069
4621,4622,4,1,6576,364,14031.939,14.679999,83.478531,840,0.0,False,False,False,0.0006456794260988379
4622,4623,4,1,6576,364,14031.96,9.82,83.478531,1202,0.0,False,False,False,0.0006460009149887124
4623,4624,4,1,6576,364,14031.993,13.389999,83.478531,1886,16.800001,False,False,False,0.0006463542738174244
4624,4625,4,1,6576,364,14032.026,3.23,83.478531,764,0.0,False,False,False,0.0006467039967003554
4625,4626,4,1,6576,364,14032.026,0.0,83.478531,782,0.0,False,False,False,0.0006469796321905197
4626,4627,4,1,6576,364,14032.038,8.62,83.478531,1068,0.0,False,False,False,0.000647348136590238
4627,4628,4,1,6576,364,14032.074,0.75,83.478531,808,0.0,False,False,False,0.0006477780990822111
4628,4629,4,1,6576,368,14032.086,18.18,83.478531,1460,0.0,False,False,False,0.0006483322342640814
4629,4630,4,1,6576,368,14032.105,0.0,83.478531,768,0.0,False,False,False,0.0006485699351640282
4630,4631,4,1,6576,368,14032.105,0.0,83.478531,772,0.0,False,False,False,0.0006488349513525339
4631,4632,4,1,6576,368,14032.105,0.0,83.152443,780,0.0,False,False,False,0.00064910174904271
4632,4633,4,1,6576,368,14032.105,0.0,82.935051,780,0.0,False,False,False,0.000649361491986271
4633,4634,4,1,6576,368,14032.106,2.63,82.935051,774,4.0,False,False,False,0.0006496229701393263
4634,4635,4,1,6576,368,14032.144,25.699999,82.608963,1430,0.0,False,False,False,0.000650360745959708
4635,4636,4,1,6576,368,14032.173,0.0,82.608963,768,0.0,False,False,False,0.0006506210676658799
4636,4637,4,1,6576,368,14032.173,0.0,82.608963,770,0.0,False,False,False,0.0006508860825702071
4637,4638,4,1,6576,368,14032.173,0.0,82.391571,778,0.0,False,False,False,0.00065115466046061
4638,4639,4,1,6576,368,14032.173,0.0,81.956787,780,0.0,False,False,False,0.000651425019844051
4639,4640,4,1,6576,368,14032.173,0.0,81.522003,788,0.0,False,False,False,0.00065168825325534
4640,4641,4,1,6576,368,14032.173,0.0,81.087219,776,0.0,False,False,False,0.0006519568311457429
4641,4642,4,1,6576,368,14032.197,14.799999,80.761131,1154,0.0,False,False,False,0.0006524179771722722
4642,4643,4,1,6576,368,14032.263,36.860001,80.761131,2078,15.5,False,False,False,0.0006534746765595428
4643,4644,4,1,6576,368,14032.367,36.130001,80.761131,1054,0.0,False,False,False,0.0006538428019448219
4644,4645,4,1,6576,368,14032.423,5.67,80.761131,800,0.0,False,False,False,0.0006540452033691281
4645,4646,4,1,6576,368,14032.427,0.0,80.761131,764,0.0,False,False,False,0.0006543135187149939
4646,4647,4,1,6576,368,14032.427,0.0,80.761131,774,0.0,False,False,False,0.0006545750371594907
4647,4648,4,1,6576,368,14032.446,20.52,80.761131,1862,14.900001,False,False,False,0.0006551825545913669
4648,4649,4,1,6576,368,14032.535,41.299999,80.761131,2048,6.3,False,False,False,0.0006567107289788353
4649,4650,4,1,6576,368,14032.645,37.919998,80.761131,1074,0.0,False,False,False,0.0006571250733505087
4650,4651,4,1,6576,368,14032.718,0.0,80.761131,782,0.0,False,False,False,0.0006574569903713327
4651,4652,4,1,6576,368,14032.718,0.0,80.761131,780,0.0,False,False,False,0.000657720284816896
4652,4653,4,1,6576,368,14032.718,0.0,80.761131,764,0.0,False,False,False,0.000657983508005505
4653,4654,4,1,6576,368,14032.718,0.0,80.761131,764,0.0,False,False,False,0.0006582485838749218
4654,4655,4,1,6576,368,14032.718,0.0,80.761131,774,0.0,False,False,False,0.0006585118070635309
4655,4656,4,1,6576,368,14032.718,0.0,80.761131,774,0.0,False,False,False,0.0006587715386613867
4656,4657,4,1,6576,368,14032.734,28.629999,80.761131,3206,36.400002,False,False,False,0.0006597100244311315
4657,4658,4,1,6576,368,14032.84,39.610001,80.761131,1368,0.0,False,False,False,0.0006607341967700929
4658,4659,4,1,6576,368,14032.912,8.76,80.761131,818,0.0,False,False,False,0.0006609198490057512
4659,4660,4,1,6576,368,14032.919,1.87,80.761131,776,0.0,False,False,False,0.000661188082958153
4660,4661,4,1,6576,368,14032.919,0.0,80.761131,770,0.0,False,False,False,0.0006614513736326966
4661,4662,4,1,6576,368,14032.92,0.0,80.761131,770,0.0,False,False,False,0.0006617145459002189
4662,4663,4,1,6576,368,14032.94,18.0,80.761131,1384,0.0,False,False,False,0.0006621613032405725
4663,4664,4,1,6576,368,14032.993,13.27,80.761131,816,0.0,False,False,False,0.0006624850817582708
4664,4665,4,1,6576,368,14033.056,36.59,80.761131,1752,0.0,False,False,False,0.0006639056449539606
4665,4666,4,1,6576,368,14033.117,23.58,80.761131,2042,37.900002,False,False,False,0.0006646051903372331
4666,4667,4,1,6576,368,14033.24,47.09,80.761131,1708,0.0,False,False,False,0.0006668406696764484
4667,4668,4,1,6576,368,14033.287,0.0,80.761131,776,0.0,False,False,False,0.0006670239107978909
4668,4669,4,1,6576,368,14033.287,0.0,80.761131,772,0.0,False,False,False,0.0006672783590644827
4669,4670,4,1,6576,368,14033.288,0.0,80.761131,772,0.0,False,False,False,0.0006675326885125914
4670,4671,4,1,6576,368,14033.35,45.369999,80.761131,2078,17.1,False,False,False,0.0006696638604566651
4671,4672,4,1,6576,368,14033.486,46.829998,80.761131,1478,0.0,False,False,False,0.0006705086313812989
4672,4673,4,1,6576,368,14033.622,48.509998,80.761131,1764,0.0,False,False,False,0.0006715527500491286
4673,4674,4,1,6576,368,14033.684,0.0,80.761131,778,0.0,False,False,False,0.0006717087467020989
4674,4675,4,1,6576,368,14033.706,23.34,80.761131,1796,15.900001,False,False,False,0.0006724107366410098
4675,4676,4,1,6576,368,14033.748,2.15,80.761131,758,0.0,False,False,False,0.0006727669068229797
4676,4677,4,1,6576,368,14033.752,0.0,80.761131,780,0.0,False,False,False,0.0006731035218862434
4677,4678,4,1,6576,368,14033.752,0.0,80.761131,802,0.0,False,False,False,0.0006733650156411741
4678,4679,4,1,6576,368,14033.752,0.0,80.761131,774,0.0,False,False,False,0.0006736388359409557
4679,4680,4,1,6576,368,14033.752,0.0,80.326347,774,0.0,False,False,False,0.0006739127274924415
4680,4681,4,1,6576,368,14033.752,0.0,79.782867,766,0.0,False,False,False,0.0006741865477922232
4681,4682,4,1,6576,368,14033.752,0.0,79.348083,762,0.0,False,False,False,0.0006744675645141431
4682,4683,4,1,6576,368,14033.761,4.26,78.9133,840,0.0,False,False,False,0.0006751220772480557
4683,4684,4,1,6576,368,14033.772,4.26,78.9133,782,0.0,False,False,False,0.0006754599932225475
4684,4685,4,1,6571,316,14033.772,0.0,93.043777,770,0.0,False,False,False,0.00018730493092442114
4685,4686,4,1,6571,316,14033.772,0.0,93.043777,786,0.0,False,False,False,0.00018748149239617145
4686,4687,4,1,6571,316,14033.78,16.529999,93.043777,2288,24.0,False,False,False,0.0001879662524100841
4687,4688,4,1,6571,316,14033.834,5.91,93.043777,794,0.0,False,False,False,0.00018852855687498691
4688,4689,4,1,6571,316,14033.897,23.41,93.043777,1116,0.0,False,False,False,0.00018945055314620405
4689,4690,4,1,6571,316,14033.961,29.91,93.043777,1356,0.0,False,False,False,0.0001902710666598931
4690,4691,4,1,6571,316,14034.026,15.7,93.043777,772,0.0,False,False,False,0.00019046462756819974
4691,4692,4,1,6571,316,14034.085,22.73,93.043777,1108,0.0,False,False,False,0.00019106781326938882
4692,4693,4,1,6571,316,14034.101,0.0,93.043777,0,0.0,False,False,False,0.00019120496532230158
4693,4694,4,1,6571,316,14034.101,0.0,93.043777,0,0.0,False,False,False,0.00019120496532230158
4694,4695,4,1,6571,316,14034.101,0.0,93.043777,0,0.0,False,False,False,0.00019120496532230158
4695,4696,4,1,6571,316,14034.137,22.529999,93.043777,1440,9.5,False,False,False,0.00019184216014421517
4696,4697,4,1,6571,316,14034.214,32.579998,93.043777,1598,0.0,False,False,False,0.00019246646328299662
4697,4698,4,1,6571,316,14034.282,26.23,93.043777,1274,0.0,False,False,False,0.00019303217420212862
4698,4699,4,1,6571,316,14034.334,19.48,93.043777,1398,12.5,False,False,False,0.0001936441982784307
4699,4700,4,1,6571,316,14034.411,32.07,93.043777,1132,0.0,False,False,False,0.00019532830210672135
4700,4701,4,1,6571,316,14034.464,9.32,93.043777,1320,3.2,False,False,False,0.00019596523492205174
4701,4702,4,1,6571,316,14034.478,0.0,93.043777,622,0.0,False,False,False,0.00019624333421348387
4702,4703,4,1,6571,316,14034.478,0.0,93.043777,0,0.0,False,False,False,0.00019624333421348387
4703,4704,4,1,6571,316,14034.478,0.0,93.043777,0,0.0,False,False,False,0.00019624333421348387
4704,4705,4,1,6571,316,14034.478,0.0,93.043777,0,0.0,False,False,False,0.00019624333421348387
4705,4706,4,1,6571,316,14034.478,0.0,93.043777,0,0.0,False,False,False,0.00019624333421348387
4706,4707,4,1,6571,316,14034.478,0.0,93.043777,0,0.0,False,False,False,0.00019624333421348387
4707,4708,4,1,6571,316,14034.483,5.02,93.043777,832,0.0,False,False,False,0.00019648372628145396
4708,4709,4,1,6571,316,14034.49,16.32,93.043777,2084,12.7,False,False,False,0.00019693441411735535
4709,4710,4,1,6571,316,14034.51,12.53,93.043777,2030,25.800001,False,False,False,0.00019734587485599025
4710,4711,4,1,6571,316,14034.564,5.07,93.043777,784,0.0,False,False,False,0.00019815577058392524
4711,4712,4,1,6571,316,14034.565,0.0,93.043777,908,11.900001,False,False,False,0.0001983911584606676
4712,4713,4,1,6571,316,14034.627,35.450001,93.043777,1900,15.400001,False,False,False,0.00020008076589667138
4713,4714,4,1,6571,316,14034.742,42.099998,93.043777,1846,16.300001,False,False,False,0.00020121209124533638
4714,4715,4,1,6571,316,14034.863,45.5,93.043777,1272,0.0,False,False,False,0.0002015223431576669
4715,4716,4,1,6571,316,14034.992,47.579998,93.043777,1868,9.5,False,False,False,0.0002018680261430756
4716,4717,4,1,6571,316,14035.048,0.0,93.043777,0,0.0,False,False,False,0.00020208658448588946
4717,4718,4,1,6571,316,14035.048,0.0,93.043777,0,0.0,False,False,False,0.00020208658448588946
4718,4719,4,1,6571,316,14035.048,0.0,93.043777,0,0.0,False,False,False,0.00020208658448588946
4719,4720,4,1,6571,316,14035.048,0.0,93.043777,0,0.0,False,False,False,0.00020208658448588946
4720,4721,4,1,6571,316,14035.053,15.059999,93.043777,2166,23.5,False,False,False,0.0002023536816226043
4721,4722,4,1,6571,316,14035.149,44.379997,93.043777,1882,14.6,False,False,False,0.00020383938642999587
4722,4723,4,1,6571,316,14035.28,48.889999,93.043777,1752,4.7,False,False,False,0.0002045994380277395
4723,4724,4,1,6571,316,14035.409,45.700001,93.043777,1806,8.0,False,False,False,0.0002049398817033616
4724,4725,4,1,6571,316,14035.538,47.98,93.043777,1994,19.4,False,False,False,0.00020542636652998053
4725,4726,4,1,6571,316,14035.608,0.0,93.043777,766,0.0,False,False,False,0.00020571408705009073
4726,4727,4,1,6571,316,14035.608,0.0,93.043777,0,0.0,False,False,False,0.00020574443626266404
4727,4728,4,1,6571,316,14035.608,0.0,93.043777,0,0.0,False,False,False,0.00020574443626266404
4728,4729,4,1,6571,316,14035.608,0.0,93.043777,0,0.0,False,False,False,0.00020574443626266404
4729,4730,4,1,6571,316,14035.62,24.689999,93.043777,3156,28.0,False,False,False,0.00020637824490511247
4730,4731,4,1,6571,316,14035.727,41.799999,93.043777,1228,0.0,False,False,False,0.00020751860458638257
4731,4732,4,1,6571,316,14035.847,44.849998,93.043777,1326,0.0,False,False,False,0.00020777892642129676
4732,4733,4,1,6571,316,14035.962,40.369999,93.043777,1552,0.0,False,False,False,0.00020801979801612344
4733,4734,4,1,6571,316,14036.078,43.849998,93.043777,1610,9.0,False,False,False,0.00020848128079077426
4734,4735,4,1,6571,316,14036.168,4.3,97.500313,772,0.0,False,False,False,0.00020879190161434273
4735,4736,4,1,6571,316,14036.168,0.0,97.500313,0,0.0,False,False,False,0.00020886328353411459
4736,4737,4,1,6571,316,14036.168,0.0,97.391617,0,0.0,False,False,False,0.00020886328353411459
4737,4738,4,1,6571,316,14036.168,0.0,97.391617,0,0.0,False,False,False,0.00020886328353411459
4738,4739,4,1,6571,316,14036.173,13.98,97.391617,1968,17.9,False,False,False,0.00020911425683789746
4739,4740,4,1,6571,316,14036.248,31.33,97.391617,1718,8.3,False,False,False,0.00020991657339102367
4740,4741,4,1,6571,316,14036.347,40.239998,97.391617,1642,7.9,False,False,False,0.00021071481669577592
4741,4742,4,1,6571,316,14036.433,25.269999,97.391617,808,0.0,False,False,False,0.00021093821071131738
4742,4743,4,1,6571,316,14036.49,23.73,97.391617,1274,0.0,False,False,False,0.0002115644605980129
4743,4744,4,1,6571,316,14036.554,18.139999,97.174225,922,0.0,False,False,False,0.00021207840055325879
4744,4745,4,1,6571,316,14036.57,0.0,97.174225,0,0.0,False,False,False,0.00021223865669058107
4745,4746,4,1,6571,316,14036.57,0.0,97.174225,0,0.0,False,False,False,0.00021223865669058107
4746,4747,4,1,6571,316,14036.57,0.0,97.174225,0,0.0,False,False,False,0.00021223865669058107
4747,4748,4,1,6571,316,14036.57,0.0,96.956833,1202,8.8,False,False,False,0.00021226358978085238
4748,4749,4,1,6571,316,14036.635,31.719999,96.848137,1446,0.0,False,False,False,0.00021344870414425222
4749,4750,4,1,6571,316,14036.689,24.67,96.848137,1982,19.200001,False,False,False,0.00021404819553987836
4750,4751,4,1,6571,316,14036.773,32.98,96.848137,1398,0.0,False,False,False,0.00021462763359971702
4751,4752,4,1,6571,316,14036.843,35.450001,96.848137,1824,0.0,False,False,False,0.00021537838826093153
4752,4753,4,1,6571,316,14036.94,19.33,96.848137,780,0.0,False,False,False,0.00021563185196688401
4753,4754,4,1,6571,316,14036.955,0.0,96.848137,0,0.0,False,False,False,0.00021579923856430657
4754,4755,4,1,6571,316,14036.955,0.0,96.848137,0,0.0,False,False,False,0.00021579923856430657
4755,4756,4,1,6571,316,14036.955,0.0,96.848137,0,0.0,False,False,False,0.00021579923856430657
4756,4757,4,1,6571,316,14036.955,0.0,96.848137,1384,13.8,False,False,False,0.0002158224613200427
4757,4758,4,1,6571,316,14036.995,11.79,96.848137,1146,8.400001,False,False,False,0.00021644173544726293
4758,4759,4,1,6571,316,14037.056,33.049999,96.739441,1616,11.0,False,False,False,0.00021731499005275373
4759,4760,4,1,6571,316,14037.16,41.389999,96.630745,1504,8.1,False,False,False,0.000217927919328459
4760,4761,4,1,6571,316,14037.275,40.559998,96.630745,1204,0.0,False,False,False,0.00021828614982966212
4761,4762,4,1,6571,320,14037.341,5.25,96.630745,782,0.0,False,False,False,0.00021846698267266766
4762,4763,4,1,6571,320,14037.344,0.0,96.630745,0,0.0,False,False,False,0.00021866311297115957
4763,4764,4,1,6571,320,14037.344,0.0,96.630745,0,0.0,False,False,False,0.00021866311297115957
4764,4765,4,1,6571,320,14037.344,0.0,96.195961,0,0.0,False,False,False,0.00021866311297115957
4765,4766,4,1,6571,320,14037.349,16.01,95.652481,2166,17.0,False,False,False,0.00021899612269220546
4766,4767,4,1,6571,320,14037.418,26.299999,95.326393,1436,5.8,False,False,False,0.00021962382086072662
4767,4768,4,1,6571,320,14037.503,32.939999,95.217697,1456,0.0,False,False,False,0.00022027256040049284
4768,4769,4,1,6571,320,14037.573,15.049999,95.217697,794,0.0,False,False,False,0.00022047475907985804
4769,4770,4,1,6571,320,14037.65,36.939999,95.217697,1606,12.0,False,False,False,0.00022168983484879246
4770,4771,4,1,6571,320,14037.735,13.25,95.217697,768,0.0,False,False,False,0.00022199322089917645
4771,4772,4,1,6571,320,14037.746,0.0,95.217697,0,0.0,False,False,False,0.00022216777766333263
4772,4773,4,1,6571,320,14037.746,0.0,95.217697,0,0.0,False,False,False,0.00022216777766333263
4773,4774,4,1,6571,320,14037.746,0.0,95.217697,0,0.0,False,False,False,0.00022216777766333263
4774,4775,4,1,6571,320,14037.752,16.32,95.217697,2184,16.800001,False,False,False,0.00022251137423041591
4775,4776,4,1,6571,320,14037.813,22.41,95.217697,1120,0.0,False,False,False,0.00022301101952137975
4776,4777,4,1,6571,320,14037.885,30.15,95.217697,1640,9.2,False,False,False,0.00022371698322195817
4777,4778,4,1,6571,320,14037.957,20.27,95.217697,1216,10.400001,False,False,False,0.000224001042242668
4778,4779,4,1,6571,320,14038.015,14.66,95.217697,852,0.0,False,False,False,0.00022437784987052153
4779,4780,4,1,6571,320,14038.046,1.85,95.217697,778,0.0,False,False,False,0.000224790630360496
4780,4781,4,1,6571,320,14038.047,0.0,95.217697,0,0.0,False,False,False,0.00022487089045289182
4781,4782,4,1,6571,320,14038.047,0.0,95.217697,0,0.0,False,False,False,0.00022487089045289182
4782,4783,4,1,6571,320,14038.047,0.0,95.217697,0,0.0,False,False,False,0.00022487089045289182
4783,4784,4,1,6571,320,14038.047,0.0,99.565536,0,0.0,False,False,False,0.00022487089045289182
4784,4785,4,1,6571,320,14038.056,5.47,99.565536,778,0.0,False,False,False,0.0002251595833793953
4785,4786,4,1,6571,320,14038.094,33.130001,99.565536,2314,33.299999,False,False,False,0.00022619557928738138
4786,4787,4,1,6571,320,14038.202,31.01,99.565536,988,0.0,False,False,False,0.00022698099222448684
4787,4788,4,1,6571,320,14038.271,24.939999,99.565536,1176,0.0,False,False,False,0.0002275410169089264
4788,4789,4,1,6571,320,14038.291,0.0,99.565536,0,0.0,False,False,False,0.00022770480361152142
4789,4790,5,1,6571,316,13933.781,0.0,93.043777,770,0.0,False,False,False,0.00018864896405619867
4790,4791,5,1,6571,316,13933.781,0.0,93.043777,786,0.0,False,False,False,0.00018882679246986372
4791,4792,5,1,6571,316,13933.789,16.529999,93.043777,2288,24.0,False,False,False,0.0001893150301737615
4792,4793,5,1,6571,316,13933.843,5.91,93.043777,794,0.0,False,False,False,0.00018988136428950078
4793,4794,5,1,6571,316,13933.906,23.41,93.043777,1116,0.0,False,False,False,0.00019080997030048138
4794,4795,5,1,6571,316,13933.971,29.91,93.043777,1356,0.0,False,False,False,0.0001916363514498882
4795,4796,5,1,6571,316,13934.035,15.7,93.043777,772,0.0,False,False,False,0.00019183130864041607
4796,4797,5,1,6571,316,13934.095,22.73,93.043777,1108,0.0,False,False,False,0.0001924388028929835
4797,4798,5,1,6571,316,13934.11,0.0,93.043777,0,0.0,False,False,False,0.00019257695131218915
4798,4799,5,1,6571,316,13934.11,0.0,93.043777,0,0.0,False,False,False,0.00019257695131218915
4799,4800,5,1,6571,316,13934.11,0.0,93.043777,0,0.0,False,False,False,0.00019257695131218915
4800,4801,5,1,6571,316,13934.146,22.529999,93.043777,1440,9.5,False,False,False,0.00019321871475189422
4801,4802,5,1,6571,316,13934.224,32.579998,93.043777,1598,0.0,False,False,False,0.00019384747600756185
4802,4803,5,1,6571,316,13934.291,26.23,93.043777,1274,0.0,False,False,False,0.00019441725328879034
4803,4804,5,1,6571,316,13934.343,19.48,93.043777,1398,12.5,False,False,False,0.00019503366368520673
4804,4805,5,1,6571,316,13934.42,32.07,93.043777,1132,0.0,False,False,False,0.0001967298438080804
4805,4806,5,1,6571,316,13934.474,9.32,93.043777,1320,3.2,False,False,False,0.00019737132730469016
4806,4807,5,1,6571,316,13934.487,0.0,93.043777,622,0.0,False,False,False,0.00019765143478659916
4807,4808,5,1,6571,316,13934.487,0.0,93.043777,0,0.0,False,False,False,0.00019765143478659916
4808,4809,5,1,6571,316,13934.487,0.0,93.043777,0,0.0,False,False,False,0.00019765143478659916
4809,4810,5,1,6571,316,13934.487,0.0,93.043777,0,0.0,False,False,False,0.00019765143478659916
4810,4811,5,1,6571,316,13934.487,0.0,93.043777,0,0.0,False,False,False,0.00019765143478659916
4811,4812,5,1,6571,316,13934.487,0.0,93.043777,0,0.0,False,False,False,0.00019765143478659916
4812,4813,5,1,6571,316,13934.492,5.02,93.043777,832,0.0,False,False,False,0.00019789355122876178
4813,4814,5,1,6571,316,13934.499,16.32,93.043777,2084,12.7,False,False,False,0.00019834747216443416
4814,4815,5,1,6571,316,13934.52,12.53,93.043777,2030,25.800001,False,False,False,0.00019876186895071012
4815,4816,5,1,6571,316,13934.573,5.07,93.043777,784,0.0,False,False,False,0.00019957758464614263
4816,4817,5,1,6571,316,13934.574,0.0,93.043777,908,11.900001,False,False,False,0.00019981466138387983
4817,4818,5,1,6571,316,13934.637,35.450001,93.043777,1900,15.400001,False,False,False,0.00020151637130042926
4818,4819,5,1,6571,316,13934.751,42.099998,93.043777,1846,16.300001,False,False,False,0.00020265581668329178
4819,4820,5,1,6571,316,13934.872,45.5,93.043777,1272,0.0,False,False,False,0.00020296828214266032
4820,4821,5,1,6571,316,13935.001,47.579998,93.043777,1868,9.5,False,False,False,0.0002033164320237922
4821,4822,5,1,6571,316,13935.058,0.0,93.043777,0,0.0,False,False,False,0.00020353653809420137
4822,4823,5,1,6571,316,13935.058,0.0,93.043777,0,0.0,False,False,False,0.00020353653809420137
4823,4824,5,1,6571,316,13935.058,0.0,93.043777,0,0.0,False,False,False,0.00020353653809420137
4824,4825,5,1,6571,316,13935.058,0.0,93.043777,0,0.0,False,False,False,0.00020353653809420137
4825,4826,5,1,6571,316,13935.063,15.059999,93.043777,2166,23.5,False,False,False,0.00020380555110865962
4826,4827,5,1,6571,316,13935.158,44.379997,93.043777,1882,14.6,False,False,False,0.0002053019203714539
4827,4828,5,1,6571,316,13935.289,48.889999,93.043777,1752,4.7,False,False,False,0.0002060674114895292
4828,4829,5,1,6571,316,13935.418,45.700001,93.043777,1806,8.0,False,False,False,0.00020641028419210732
4829,4830,5,1,6571,316,13935.547,47.98,93.043777,1994,19.4,False,False,False,0.00020690024580694198
4830,4831,5,1,6571,316,13935.617,0.0,93.043777,766,0.0,False,False,False,0.00020719002323160636
4831,4832,5,1,6571,316,13935.617,0.0,93.043777,0,0.0,False,False,False,0.00020722059019057494
4832,4833,5,1,6571,316,13935.617,0.0,93.043777,0,0.0,False,False,False,0.00020722059019057494
4833,4834,5,1,6571,316,13935.617,0.0,93.043777,0,0.0,False,False,False,0.00020722059019057494
4834,4835,5,1,6571,316,13935.629,24.689999,93.043777,3156,28.0,False,False,False,0.00020785894494285525
4835,4836,5,1,6571,316,13935.736,41.799999,93.043777,1228,0.0,False,False,False,0.0002090074749209571
4836,4837,5,1,6571,316,13935.856,44.849998,93.043777,1326,0.0,False,False,False,0.0002092696516344863
4837,4838,5,1,6571,316,13935.972,40.369999,93.043777,1552,0.0,False,False,False,0.00020951222403259474
4838,4839,5,1,6571,316,13936.087,43.849998,93.043777,1610,9.0,False,False,False,0.00020997702030560618
4839,4840,5,1,6571,316,13936.177,4.3,97.500313,772,0.0,False,False,False,0.0002102898599910154
4840,4841,5,1,6571,316,13936.178,0.0,97.500313,0,0.0,False,False,False,0.00021036173894026466
4841,4842,5,1,6571,316,13936.178,0.0,97.391617,0,0.0,False,False,False,0.00021036173894026466
4842,4843,5,1,6571,316,13936.178,0.0,97.391617,0,0.0,False,False,False,0.00021036173894026466
4843,4844,5,1,6571,316,13936.183,13.98,97.391617,1968,17.9,False,False,False,0.00021061451227267372
4844,4845,5,1,6571,316,13936.257,31.33,97.391617,1718,8.3,False,False,False,0.00021142259197774713
4845,4846,5,1,6571,316,13936.356,40.239998,97.391617,1642,7.9,False,False,False,0.00021222655143486325
4846,4847,5,1,6571,316,13936.442,25.269999,97.391617,808,0.0,False,False,False,0.00021245153881178485
4847,4848,5,1,6571,316,13936.499,23.73,97.391617,1274,0.0,False,False,False,0.0002130822753781005
4848,4849,5,1,6571,316,13936.563,18.139999,97.174225,922,0.0,False,False,False,0.00021359989547670564
4849,4850,5,1,6571,316,13936.579,0.0,97.174225,0,0.0,False,False,False,0.0002137612995772078
4850,4851,5,1,6571,316,13936.579,0.0,97.174225,0,0.0,False,False,False,0.0002137612995772078
4851,4852,5,1,6571,316,13936.579,0.0,97.174225,0,0.0,False,False,False,0.0002137612995772078
4852,4853,5,1,6571,316,13936.579,0.0,96.956833,1202,8.8,False,False,False,0.0002137864115424924
4853,4854,5,1,6571,316,13936.645,31.719999,96.848137,1446,0.0,False,False,False,0.00021498000558917951
4854,4855,5,1,6571,316,13936.698,24.67,96.848137,1982,19.200001,False,False,False,0.00021558380731165217
4855,4856,5,1,6571,316,13936.782,32.98,96.848137,1398,0.0,False,False,False,0.00021616739306153592
4856,4857,5,1,6571,316,13936.853,35.450001,96.848137,1824,0.0,False,False,False,0.00021692351038571006
4857,4858,5,1,6571,316,13936.949,19.33,96.848137,780,0.0,False,False,False,0.00021717879725345528
4858,4859,5,1,6571,316,13936.964,0.0,96.848137,0,0.0,False,False,False,0.00021734738301806491
4859,4860,5,1,6571,316,13936.964,0.0,96.848137,0,0.0,False,False,False,0.00021734738301806491
4860,4861,5,1,6571,316,13936.964,0.0,96.848137,0,0.0,False,False,False,0.00021734738301806491
4861,4862,5,1,6571,316,13936.964,0.0,96.848137,1384,13.8,False,False,False,0.0002173707723739278
4862,4863,5,1,6571,316,13937.004,11.79,96.848137,1146,8.400001,False,False,False,0.0002179944847196198
4863,4864,5,1,6571,316,13937.065,33.049999,96.739441,1616,11.0,False,False,False,0.00021887399721553887
4864,4865,5,1,6571,316,13937.169,41.389999,96.630745,1504,8.1,False,False,False,0.00021949131195065865
4865,4866,5,1,6571,316,13937.284,40.559998,96.630745,1204,0.0,False,False,False,0.00021985209944064851
4866,4867,5,1,6571,320,13937.351,5.25,96.630745,782,0.0,False,False,False,0.00022003420634191233
4867,4868,5,1,6571,320,13937.354,0.0,96.630745,0,0.0,False,False,False,0.00022023174328905697
4868,4869,5,1,6571,320,13937.354,0.0,96.630745,0,0.0,False,False,False,0.00022023174328905697
4869,4870,5,1,6571,320,13937.354,0.0,96.195961,0,0.0,False,False,False,0.00022023174328905697
4870,4871,5,1,6571,320,13937.358,16.01,95.652481,2166,17.0,False,False,False,0.0002205671571931213
4871,4872,5,1,6571,320,13937.427,26.299999,95.326393,1436,5.8,False,False,False,0.00022119935054364456
4872,4873,5,1,6571,320,13937.513,32.939999,95.217697,1456,0.0,False,False,False,0.00022185271843560355
4873,4874,5,1,6571,320,13937.582,15.049999,95.217697,794,0.0,False,False,False,0.0002220563756054956
4874,4875,5,1,6571,320,13937.659,36.939999,95.217697,1606,12.0,False,False,False,0.00022328015916021766
4875,4876,5,1,6571,320,13937.744,13.25,95.217697,768,0.0,False,False,False,0.00022358571188336624
4876,4877,5,1,6571,320,13937.755,0.0,95.217697,0,0.0,False,False,False,0.00022376151959052298
4877,4878,5,1,6571,320,13937.755,0.0,95.217697,0,0.0,False,False,False,0.00022376151959052298
4878,4879,5,1,6571,320,13937.755,0.0,95.217697,0,0.0,False,False,False,0.00022376151959052298
4879,4880,5,1,6571,320,13937.762,16.32,95.217697,2184,16.800001,False,False,False,0.00022410756421553074
4880,4881,5,1,6571,320,13937.822,22.41,95.217697,1120,0.0,False,False,False,0.00022461080283541895
4881,4882,5,1,6571,320,13937.895,30.15,95.217697,1640,9.2,False,False,False,0.00022532180635552533
4882,4883,5,1,6571,320,13937.966,20.27,95.217697,1216,10.400001,False,False,False,0.0002256079109454747
4883,4884,5,1,6571,320,13938.024,14.66,95.217697,852,0.0,False,False,False,0.000225987414900785
4884,4885,5,1,6571,320,13938.056,1.85,95.217697,778,0.0,False,False,False,0.00022640313662560793
4885,4886,5,1,6571,320,13938.057,0.0,95.217697,0,0.0,False,False,False,0.0002264839723375835
4886,4887,5,1,6571,320,13938.057,0.0,95.217697,0,0.0,False,False,False,0.0002264839723375835
4887,4888,5,1,6571,320,13938.057,0.0,95.217697,0,0.0,False,False,False,0.0002264839723375835
4888,4889,5,1,6571,320,13938.057,0.0,99.565536,0,0.0,False,False,False,0.0002264839723375835
4889,4890,5,1,6571,320,13938.065,5.47,99.565536,778,0.0,False,False,False,0.00022677475139114422
4890,4891,5,1,6571,320,13938.104,33.130001,99.565536,2314,33.299999,False,False,False,0.00022781815818290763
4891,4892,5,1,6571,320,13938.211,31.01,99.565536,988,0.0,False,False,False,0.00022860920894303129
4892,4893,5,1,6571,320,13938.28,24.939999,99.565536,1176,0.0,False,False,False,0.00022917324280737598
4893,4894,5,1,6571,320,13938.3,0.0,99.565536,0,0.0,False,False,False,0.0002293382020617965
4894,4895,6,1,6571,316,13933.781,0.0,93.043777,770,0.0,False,False,False,0.00018864896405619867
4895,4896,6,1,6571,316,13933.781,0.0,93.043777,786,0.0,False,False,False,0.00018882679246986372
4896,4897,6,1,6571,316,13933.789,16.529999,93.043777,2288,24.0,False,False,False,0.0001893150301737615
4897,4898,6,1,6571,316,13933.843,5.91,93.043777,794,0.0,False,False,False,0.00018988136428950078
4898,4899,6,1,6571,316,13933.906,23.41,93.043777,1116,0.0,False,False,False,0.00019080997030048138
4899,4900,6,1,6571,316,13933.971,29.91,93.043777,1356,0.0,False,False,False,0.0001916363514498882
4900,4901,6,1,6571,316,13934.035,15.7,93.043777,772,0.0,False,False,False,0.00019183130864041607
4901,4902,6,1,6571,316,13934.095,22.73,93.043777,1108,0.0,False,False,False,0.0001924388028929835
4902,4903,6,1,6571,316,13934.11,0.0,93.043777,0,0.0,False,False,False,0.00019257695131218915
4903,4904,6,1,6571,316,13934.11,0.0,93.043777,0,0.0,False,False,False,0.00019257695131218915
4904,4905,6,1,6571,316,13934.11,0.0,93.043777,0,0.0,False,False,False,0.00019257695131218915
4905,4906,6,1,6571,316,13934.146,22.529999,93.043777,1440,9.5,False,False,False,0.00019321871475189422
4906,4907,6,1,6571,316,13934.224,32.579998,93.043777,1598,0.0,False,False,False,0.00019384747600756185
4907,4908,6,1,6571,316,13934.291,26.23,93.043777,1274,0.0,False,False,False,0.00019441725328879034
4908,4909,6,1,6571,316,13934.343,19.48,93.043777,1398,12.5,False,False,False,0.00019503366368520673
4909,4910,6,1,6571,316,13934.42,32.07,93.043777,1132,0.0,False,False,False,0.0001967298438080804
4910,4911,6,1,6571,316,13934.474,9.32,93.043777,1320,3.2,False,False,False,0.00019737132730469016
4911,4912,6,1,6571,316,13934.487,0.0,93.043777,622,0.0,False,False,False,0.00019765143478659916
4912,4913,6,1,6571,316,13934.487,0.0,93.043777,0,0.0,False,False,False,0.00019765143478659916
4913,4914,6,1,6571,316,13934.487,0.0,93.043777,0,0.0,False,False,False,0.00019765143478659916
4914,4915,6,1,6571,316,13934.487,0.0,93.043777,0,0.0,False,False,False,0.00019765143478659916
4915,4916,6,1,6571,316,13934.487,0.0,93.043777,0,0.0,False,False,False,0.00019765143478659916
4916,4917,6,1,6571,316,13934.487,0.0,93.043777,0,0.0,False,False,False,0.00019765143478659916
4917,4918,6,1,6571,316,13934.492,5.02,93.043777,832,0.0,False,False,False,0.00019789355122876178
4918,4919,6,1,6571,316,13934.499,16.32,93.043777,2084,12.7,False,False,False,0.00019834747216443416
4919,4920,6,1,6571,316,13934.52,12.53,93.043777,2030,25.800001,False,False,False,0.00019876186895071012
4920,4921,6,1,6571,316,13934.573,5.07,93.043777,784,0.0,False,False,False,0.00019957758464614263
4921,4922,6,1,6571,316,13934.574,0.0,93.043777,908,11.900001,False,False,False,0.00019981466138387983
4922,4923,6,1,6571,316,13934.637,35.450001,93.043777,1900,15.400001,False,False,False,0.00020151637130042926
4923,4924,6,1,6571,316,13934.751,42.099998,93.043777,1846,16.300001,False,False,False,0.00020265581668329178
4924,4925,6,1,6571,316,13934.872,45.5,93.043777,1272,0.0,False,False,False,0.00020296828214266032
4925,4926,6,1,6571,316,13935.001,47.579998,93.043777,1868,9.5,False,False,False,0.0002033164320237922
4926,4927,6,1,6571,316,13935.058,0.0,93.043777,0,0.0,False,False,False,0.00020353653809420137
4927,4928,6,1,6571,316,13935.058,0.0,93.043777,0,0.0,False,False,False,0.00020353653809420137
4928,4929,6,1,6571,316,13935.058,0.0,93.043777,0,0.0,False,False,False,0.00020353653809420137
4929,4930,6,1,6571,316,13935.058,0.0,93.043777,0,0.0,False,False,False,0.00020353653809420137
4930,4931,6,1,6571,316,13935.063,15.059999,93.043777,2166,23.5,False,False,False,0.00020380555110865962
4931,4932,6,1,6571,316,13935.158,44.379997,93.043777,1882,14.6,False,False,False,0.0002053019203714539
4932,4933,6,1,6571,316,13935.289,48.889999,93.043777,1752,4.7,False,False,False,0.0002060674114895292
4933,4934,6,1,6571,316,13935.418,45.700001,93.043777,1806,8.0,False,False,False,0.00020641028419210732
4934,4935,6,1,6571,316,13935.547,47.98,93.043777,1994,19.4,False,False,False,0.00020690024580694198
4935,4936,6,1,6571,316,13935.617,0.0,93.043777,766,0.0,False,False,False,0.00020719002323160636
4936,4937,6,1,6571,316,13935.617,0.0,93.043777,0,0.0,False,False,False,0.00020722059019057494
4937,4938,6,1,6571,316,13935.617,0.0,93.043777,0,0.0,False,False,False,0.00020722059019057494
4938,4939,6,1,6571,316,13935.617,0.0,93.043777,0,0.0,False,False,False,0.00020722059019057494
4939,4940,6,1,6571,316,13935.629,24.689999,93.043777,3156,28.0,False,False,False,0.00020785894494285525
4940,4941,6,1,6571,316,13935.736,41.799999,93.043777,1228,0.0,False,False,False,0.0002090074749209571
4941,4942,6,1,6571,316,13935.856,44.849998,93.043777,1326,0.0,False,False,False,0.0002092696516344863
4942,4943,6,1,6571,316,13935.972,40.369999,93.043777,1552,0.0,False,False,False,0.00020951222403259474
4943,4944,6,1,6571,316,13936.087,43.849998,93.043777,1610,9.0,False,False,False,0.00020997702030560618
4944,4945,6,1,6571,316,13936.177,4.3,97.500313,772,0.0,False,False,False,0.0002102898599910154
4945,4946,6,1,6571,316,13936.178,0.0,97.500313,0,0.0,False,False,False,0.00021036173894026466
4946,4947,6,1,6571,316,13936.178,0.0,97.391617,0,0.0,False,False,False,0.00021036173894026466
4947,4948,6,1,6571,316,13936.178,0.0,97.391617,0,0.0,False,False,False,0.00021036173894026466
4948,4949,6,1,6571,316,13936.183,13.98,97.391617,1968,17.9,False,False,False,0.00021061451227267372
4949,4950,6,1,6571,316,13936.257,31.33,97.391617,1718,8.3,False,False,False,0.00021142259197774713
4950,4951,6,1,6571,316,13936.356,40.239998,97.391617,1642,7.9,False,False,False,0.00021222655143486325
4951,4952,6,1,6571,316,13936.442,25.269999,97.391617,808,0.0,False,False,False,0.00021245153881178485
4952,4953,6,1,6571,316,13936.499,23.73,97.391617,1274,0.0,False,False,False,0.0002130822753781005
4953,4954,6,1,6571,316,13936.563,18.139999,97.174225,922,0.0,False,False,False,0.00021359989547670564
4954,4955,6,1,6571,316,13936.579,0.0,97.174225,0,0.0,False,False,False,0.0002137612995772078
4955,4956,6,1,6571,316,13936.579,0.0,97.174225,0,0.0,False,False,False,0.0002137612995772078
4956,4957,6,1,6571,316,13936.579,0.0,97.174225,0,0.0,False,False,False,0.0002137612995772078
4957,4958,6,1,6571,316,13936.579,0.0,96.956833,1202,8.8,False,False,False,0.0002137864115424924
4958,4959,6,1,6571,316,13936.645,31.719999,96.848137,1446,0.0,False,False,False,0.00021498000558917951
4959,4960,6,1,6571,316,13936.698,24.67,96.848137,1982,19.200001,False,False,False,0.00021558380731165217
4960,4961,6,1,6571,316,13936.782,32.98,96.848137,1398,0.0,False,False,False,0.00021616739306153592
4961,4962,6,1,6571,316,13936.853,35.450001,96.848137,1824,0.0,False,False,False,0.00021692351038571006
4962,4963,6,1,6571,316,13936.949,19.33,96.848137,780,0.0,False,False,False,0.00021717879725345528
4963,4964,6,1,6571,316,13936.964,0.0,96.848137,0,0.0,False,False,False,0.00021734738301806491
4964,4965,6,1,6571,316,13936.964,0.0,96.848137,0,0.0,False,False,False,0.00021734738301806491
4965,4966,6,1,6571,316,13936.964,0.0,96.848137,0,0.0,False,False,False,0.00021734738301806491
4966,4967,6,1,6571,316,13936.964,0.0,96.848137,1384,13.8,False,False,False,0.0002173707723739278
4967,4968,6,1,6571,316,13937.004,11.79,96.848137,1146,8.400001,False,False,False,0.0002179944847196198
4968,4969,6,1,6571,316,13937.065,33.049999,96.739441,1616,11.0,False,False,False,0.00021887399721553887
4969,4970,6,1,6571,316,13937.169,41.389999,96.630745,1504,8.1,False,False,False,0.00021949131195065865
4970,4971,6,1,6571,316,13937.284,40.559998,96.630745,1204,0.0,False,False,False,0.00021985209944064851
4971,4972,6,1,6571,320,13937.351,5.25,96.630745,782,0.0,False,False,False,0.00022003420634191233
4972,4973,6,1,6571,320,13937.354,0.0,96.630745,0,0.0,False,False,False,0.00022023174328905697
4973,4974,6,1,6571,320,13937.354,0.0,96.630745,0,0.0,False,False,False,0.00022023174328905697
4974,4975,6,1,6571,320,13937.354,0.0,96.195961,0,0.0,False,False,False,0.00022023174328905697
4975,4976,6,1,6571,320,13937.358,16.01,95.652481,2166,17.0,False,False,False,0.0002205671571931213
4976,4977,6,1,6571,320,13937.427,26.299999,95.326393,1436,5.8,False,False,False,0.00022119935054364456
4977,4978,6,1,6571,320,13937.513,32.939999,95.217697,1456,0.0,False,False,False,0.00022185271843560355
4978,4979,6,1,6571,320,13937.582,15.049999,95.217697,794,0.0,False,False,False,0.0002220563756054956
4979,4980,6,1,6571,320,13937.659,36.939999,95.217697,1606,12.0,False,False,False,0.00022328015916021766
4980,4981,6,1,6571,320,13937.744,13.25,95.217697,768,0.0,False,False,False,0.00022358571188336624
4981,4982,6,1,6571,320,13937.755,0.0,95.217697,0,0.0,False,False,False,0.00022376151959052298
4982,4983,6,1,6571,320,13937.755,0.0,95.217697,0,0.0,False,False,False,0.00022376151959052298
4983,4984,6,1,6571,320,13937.755,0.0,95.217697,0,0.0,False,False,False,0.00022376151959052298
4984,4985,6,1,6571,320,13937.762,16.32,95.217697,2184,16.800001,False,False,False,0.00022410756421553074
4985,4986,6,1,6571,320,13937.822,22.41,95.217697,1120,0.0,False,False,False,0.00022461080283541895
4986,4987,6,1,6571,320,13937.895,30.15,95.217697,1640,9.2,False,False,False,0.00022532180635552533
4987,4988,6,1,6571,320,13937.966,20.27,95.217697,1216,10.400001,False,False,False,0.0002256079109454747
4988,4989,6,1,6571,320,13938.024,14.66,95.217697,852,0.0,False,False,False,0.000225987414900785
4989,4990,6,1,6571,320,13938.056,1.85,95.217697,778,0.0,False,False,False,0.00022640313662560793
4990,4991,6,1,6571,320,13938.057,0.0,95.217697,0,0.0,False,False,False,0.0002264839723375835
4991,4992,6,1,6571,320,13938.057,0.0,95.217697,0,0.0,False,False,False,0.0002264839723375835
4992,4993,6,1,6571,320,13938.057,0.0,95.217697,0,0.0,False,False,False,0.0002264839723375835
4993,4994,6,1,6571,320,13938.057,0.0,99.565536,0,0.0,False,False,False,0.0002264839723375835
4994,4995,6,1,6571,320,13938.065,5.47,99.565536,778,0.0,False,False,False,0.00022677475139114422
4995,4996,6,1,6571,320,13938.104,33.130001,99.565536,2314,33.299999,False,False,False,0.00022781815818290763
4996,4997,6,1,6571,320,13938.211,31.01,99.565536,988,0.0,False,False,False,0.00022860920894303129
4997,4998,6,1,6571,320,13938.28,24.939999,99.565536,1176,0.0,False,False,False,0.00022917324280737598
4998,4999,6,1,6571,320,13938.3,0.0,99.565536,0,0.0,False,False,False,0.0002293382020617965
4999,5000,4,1,6572,316,14038.291,0.0,93.043777,770,0.0,False,False,False,0.00018724464077281397
5000,5001,4,1,6572,316,14038.291,0.0,93.043777,786,0.0,False,False,False,0.00018742114541254258
5001,5002,4,1,6572,316,14038.299,16.529999,93.043777,2288,24.0,False,False,False,0.0001879057494252384
5002,5003,4,1,6572,316,14038.353,5.91,93.043777,794,0.0,False,False,False,0.00018846787312777166
5003,5004,4,1,6572,316,14038.416,23.41,93.043777,1116,0.0,False,False,False,0.0001893895728996135
5004,5005,4,1,6572,316,14038.48,29.91,93.043777,1356,0.0,False,False,False,0.0001902098225860217
5005,5006,4,1,6572,316,14038.545,15.7,93.043777,772,0.0,False,False,False,0.00019040332147516177
5006,5007,4,1,6572,316,14038.604,22.73,93.043777,1108,0.0,False,False,False,0.00019100631328348007
5007,5008,4,1,6572,316,14038.62,0.0,93.043777,0,0.0,False,False,False,0.0001911434212606894
5008,5009,4,1,6572,316,14038.62,0.0,93.043777,0,0.0,False,False,False,0.0001911434212606894
5009,5010,4,1,6572,316,14038.62,0.0,93.043777,0,0.0,False,False,False,0.0001911434212606894
5010,5011,4,1,6572,316,14038.656,22.529999,93.043777,1440,9.5,False,False,False,0.00019178041114397673
5011,5012,4,1,6572,316,14038.733,32.579998,93.043777,1598,0.0,False,False,False,0.00019240451367558058
5012,5013,4,1,6572,316,14038.801,26.23,93.043777,1274,0.0,False,False,False,0.00019297004280901134
5013,5014,4,1,6572,316,14038.853,19.48,93.043777,1398,12.5,False,False,False,0.00019358187012356897
5014,5015,4,1,6572,316,14038.93,32.07,93.043777,1132,0.0,False,False,False,0.000195265432235061
5015,5016,4,1,6572,316,14038.983,9.32,93.043777,1320,3.2,False,False,False,0.0001959021602803935
5016,5017,4,1,6572,316,14038.997,0.0,93.043777,622,0.0,False,False,False,0.00019618017012396798
5017,5018,4,1,6572,316,14038.997,0.0,93.043777,0,0.0,False,False,False,0.00019618017012396798
5018,5019,4,1,6572,316,14038.997,0.0,93.043777,0,0.0,False,False,False,0.00019618017012396798
5019,5020,4,1,6572,316,14038.997,0.0,93.043777,0,0.0,False,False,False,0.00019618017012396798
5020,5021,4,1,6572,316,14038.997,0.0,93.043777,0,0.0,False,False,False,0.00019618017012396798
5021,5022,4,1,6572,316,14038.997,0.0,93.043777,0,0.0,False,False,False,0.00019618017012396798
5022,5023,4,1,6572,316,14039.002,5.02,93.043777,832,0.0,False,False,False,0.00019642048484038677
5023,5024,4,1,6572,316,14039.009,16.32,93.043777,2084,12.7,False,False,False,0.00019687102764677714
5024,5025,4,1,6572,316,14039.029,12.53,93.043777,2030,25.800001,False,False,False,0.00019728235604071756
5025,5026,4,1,6572,316,14039.083,5.07,93.043777,784,0.0,False,False,False,0.00019809199133651845
5026,5027,4,1,6572,316,14039.084,0.0,93.043777,908,11.900001,False,False,False,0.0001983273034548796
5027,5028,4,1,6572,316,14039.146,35.450001,93.043777,1900,15.400001,False,False,False,0.00020001636735116573
5028,5029,4,1,6572,316,14039.261,42.099998,93.043777,1846,16.300001,False,False,False,0.00020114732909879668
5029,5030,4,1,6572,316,14039.382,45.5,93.043777,1272,0.0,False,False,False,0.00020145748171239216
5030,5031,4,1,6572,316,14039.511,47.579998,93.043777,1868,9.5,False,False,False,0.00020180305403414447
5031,5032,4,1,6572,316,14039.567,0.0,93.043777,0,0.0,False,False,False,0.00020202154229241598
5032,5033,4,1,6572,316,14039.567,0.0,93.043777,0,0.0,False,False,False,0.00020202154229241598
5033,5034,4,1,6572,316,14039.567,0.0,93.043777,0,0.0,False,False,False,0.00020202154229241598
5034,5035,4,1,6572,316,14039.567,0.0,93.043777,0,0.0,False,False,False,0.00020202154229241598
5035,5036,4,1,6572,316,14039.572,15.059999,93.043777,2166,23.5,False,False,False,0.00020228855348628248
5036,5037,4,1,6572,316,14039.668,44.379997,93.043777,1882,14.6,False,False,False,0.00020377378056371677
5037,5038,4,1,6572,316,14039.799,48.889999,93.043777,1752,4.7,False,False,False,0.00020453358815264
5038,5039,4,1,6572,316,14039.928,45.700001,93.043777,1806,8.0,False,False,False,0.00020487392286321817
5039,5040,4,1,6572,316,14040.057,47.98,93.043777,1994,19.4,False,False,False,0.00020536025172463866
5040,5041,4,1,6572,316,14040.127,0.0,93.043777,766,0.0,False,False,False,0.0002056478799743069
5041,5042,4,1,6572,316,14040.127,0.0,93.043777,0,0.0,False,False,False,0.00020567821941928167
5042,5043,4,1,6572,316,14040.127,0.0,93.043777,0,0.0,False,False,False,0.00020567821941928167
5043,5044,4,1,6572,316,14040.127,0.0,93.043777,0,0.0,False,False,False,0.00020567821941928167
5044,5045,4,1,6572,316,14040.139,24.689999,93.043777,3156,28.0,False,False,False,0.0002063118241333556
5045,5046,4,1,6572,316,14040.246,41.799999,93.043777,1228,0.0,False,False,False,0.0002074518173102302
5046,5047,4,1,6572,316,14040.366,44.849998,93.043777,1326,0.0,False,False,False,0.0002077120559352986
5047,5048,4,1,6572,316,14040.481,40.369999,93.043777,1552,0.0,False,False,False,0.00020795285055757296
5048,5049,4,1,6572,316,14040.597,43.849998,93.043777,1610,9.0,False,False,False,0.00020841418536652205
5049,5050,4,1,6572,316,14040.687,4.3,97.500313,772,0.0,False,False,False,0.00020872470665383726
5050,5051,4,1,6572,316,14040.687,0.0,97.500313,0,0.0,False,False,False,0.00020879606560094953
5051,5052,4,1,6572,316,14040.687,0.0,97.391617,0,0.0,False,False,False,0.00020879606560094953
5052,5053,4,1,6572,316,14040.687,0.0,97.391617,0,0.0,False,False,False,0.00020879606560094953
5053,5054,4,1,6572,316,14040.692,13.98,97.391617,1968,17.9,False,False,False,0.00020904695815860368
5054,5055,4,1,6572,316,14040.767,31.33,97.391617,1718,8.3,False,False,False,0.00020984901686518515
5055,5056,4,1,6572,316,14040.866,40.239998,97.391617,1642,7.9,False,False,False,0.00021064700375292002
5056,5057,4,1,6572,316,14040.952,25.269999,97.391617,808,0.0,False,False,False,0.0002108703262908177
5057,5058,4,1,6572,316,14041.009,23.73,97.391617,1274,0.0,False,False,False,0.00021149637491330478
5058,5059,4,1,6572,316,14041.073,18.139999,97.174225,922,0.0,False,False,False,0.0002120101497834401
5059,5060,4,1,6572,316,14041.089,0.0,97.174225,0,0.0,False,False,False,0.00021217035442518562
5060,5061,4,1,6572,316,14041.089,0.0,97.174225,0,0.0,False,False,False,0.00021217035442518562
5061,5062,4,1,6572,316,14041.089,0.0,97.174225,0,0.0,False,False,False,0.00021217035442518562
5062,5063,4,1,6572,316,14041.089,0.0,96.956833,1202,8.8,False,False,False,0.00021219527949153434
5063,5064,4,1,6572,316,14041.154,31.719999,96.848137,1446,0.0,False,False,False,0.00021338001278151485
5064,5065,4,1,6572,316,14041.208,24.67,96.848137,1982,19.200001,False,False,False,0.00021397931151568184
5065,5066,4,1,6572,316,14041.292,32.98,96.848137,1398,0.0,False,False,False,0.00021455856351655417
5066,5067,4,1,6572,316,14041.362,35.450001,96.848137,1824,0.0,False,False,False,0.00021530907692025034
5067,5068,4,1,6572,316,14041.459,19.33,96.848137,780,0.0,False,False,False,0.00021556245953789147
5068,5069,4,1,6572,316,14041.474,0.0,96.848137,0,0.0,False,False,False,0.00021572979234285925
5069,5070,4,1,6572,316,14041.474,0.0,96.848137,0,0.0,False,False,False,0.00021572979234285925
5070,5071,4,1,6572,316,14041.474,0.0,96.848137,0,0.0,False,False,False,0.00021572979234285925
5071,5072,4,1,6572,316,14041.474,0.0,96.848137,1384,13.8,False,False,False,0.00021575300762529453
5072,5073,4,1,6572,316,14041.514,11.79,96.848137,1146,8.400001,False,False,False,0.00021637208266269133
5073,5074,4,1,6572,316,14041.575,33.049999,96.739441,1616,11.0,False,False,False,0.00021724505655123792
5074,5075,4,1,6572,316,14041.679,41.389999,96.630745,1504,8.1,False,False,False,0.0002178577891013531
5075,5076,4,1,6572,316,14041.794,40.559998,96.630745,1204,0.0,False,False,False,0.00021821590489755813
5076,5077,4,1,6572,320,14041.86,5.25,96.630745,782,0.0,False,False,False,0.00021839667987860024
5077,5078,4,1,6572,320,14041.863,0.0,96.630745,0,0.0,False,False,False,0.0002185927470772876
5078,5079,4,1,6572,320,14041.863,0.0,96.630745,0,0.0,False,False,False,0.0002185927470772876
5079,5080,4,1,6572,320,14041.863,0.0,96.195961,0,0.0,False,False,False,0.0002185927470772876
5080,5081,4,1,6572,320,14041.868,16.01,95.652481,2166,17.0,False,False,False,0.0002189256496607388
5081,5082,4,1,6572,320,14041.937,26.299999,95.326393,1436,5.8,False,False,False,0.00021955314618302425
5082,5083,4,1,6572,320,14042.022,32.939999,95.217697,1456,0.0,False,False,False,0.00022020167738824305
5083,5084,4,1,6572,320,14042.092,15.049999,95.217697,794,0.0,False,False,False,0.00022040381135436554
5084,5085,4,1,6572,320,14042.169,36.939999,95.217697,1606,12.0,False,False,False,0.00022161849650887205
5085,5086,4,1,6572,320,14042.254,13.25,95.217697,768,0.0,False,False,False,0.0002219217853639904
5086,5087,4,1,6572,320,14042.265,0.0,95.217697,0,0.0,False,False,False,0.00022209628601325976
5087,5088,4,1,6572,320,14042.265,0.0,95.217697,0,0.0,False,False,False,0.00022209628601325976
5088,5089,4,1,6572,320,14042.265,0.0,95.217697,0,0.0,False,False,False,0.00022209628601325976
5089,5090,4,1,6572,320,14042.271,16.32,95.217697,2184,16.800001,False,False,False,0.0002224397720445614
5090,5091,4,1,6572,320,14042.332,22.41,95.217697,1120,0.0,False,False,False,0.00022293925686582073
5091,5092,4,1,6572,320,14042.404,30.15,95.217697,1640,9.2,False,False,False,0.00022364499376362028
5092,5093,4,1,6572,320,14042.476,20.27,95.217697,1216,10.400001,False,False,False,0.0002239289617470774
5093,5094,4,1,6572,320,14042.534,14.66,95.217697,852,0.0,False,False,False,0.00022430564842154403
5094,5095,4,1,6572,320,14042.565,1.85,95.217697,778,0.0,False,False,False,0.00022471829624457892
5095,5096,4,1,6572,320,14042.566,0.0,95.217697,0,0.0,False,False,False,0.0002247985305156824
5096,5097,4,1,6572,320,14042.566,0.0,95.217697,0,0.0,False,False,False,0.0002247985305156824
5097,5098,4,1,6572,320,14042.566,0.0,95.217697,0,0.0,False,False,False,0.0002247985305156824
5098,5099,4,1,6572,320,14042.566,0.0,99.565536,0,0.0,False,False,False,0.0002247985305156824
5099,5100,4,1,6572,320,14042.575,5.47,99.565536,778,0.0,False,False,False,0.00022508713059174747
5100,5101,4,1,6572,320,14042.613,33.130001,99.565536,2314,33.299999,False,False,False,0.0002261227933296083
5101,5102,4,1,6572,320,14042.721,31.01,99.565536,988,0.0,False,False,False,0.00022690795409564175
5102,5103,4,1,6572,320,14042.79,24.939999,99.565536,1176,0.0,False,False,False,0.00022746779893461808
5103,5104,4,1,6572,320,14042.81,0.0,99.565536,0,0.0,False,False,False,0.00022763153303839912
5104,5105,5,1,6572,316,13938.3,0.0,93.043777,770,0.0,False,False,False,0.00018858780570042976
5105,5106,5,1,6572,316,13938.3,0.0,93.043777,786,0.0,False,False,False,0.0001887655764636675
5106,5107,5,1,6572,316,13938.308,16.529999,93.043777,2288,24.0,False,False,False,0.00018925365592036561
5107,5108,5,1,6572,316,13938.362,5.91,93.043777,794,0.0,False,False,False,0.0001898198066740788
5108,5109,5,1,6572,316,13938.425,23.41,93.043777,1116,0.0,False,False,False,0.00019074811191996803
5109,5110,5,1,6572,316,13938.489,29.91,93.043777,1356,0.0,False,False,False,0.0001915742391991557
5110,5111,5,1,6572,316,13938.554,15.7,93.043777,772,0.0,False,False,False,0.0001917691197293687
5111,5112,5,1,6572,316,13938.613,22.73,93.043777,1108,0.0,False,False,False,0.00019237643111039021
5112,5113,5,1,6572,316,13938.629,0.0,93.043777,0,0.0,False,False,False,0.00019251452101056636
5113,5114,5,1,6572,316,13938.629,0.0,93.043777,0,0.0,False,False,False,0.00019251452101056636
5114,5115,5,1,6572,316,13938.629,0.0,93.043777,0,0.0,False,False,False,0.00019251452101056636
5115,5116,5,1,6572,316,13938.665,22.529999,93.043777,1440,9.5,False,False,False,0.00019315607656281551
5116,5117,5,1,6572,316,13938.742,32.579998,93.043777,1598,0.0,False,False,False,0.00019378464823810942
5117,5118,5,1,6572,316,13938.81,26.23,93.043777,1274,0.0,False,False,False,0.00019435422720969658
5118,5119,5,1,6572,316,13938.862,19.48,93.043777,1398,12.5,False,False,False,0.0001949704380143792
5119,5120,5,1,6572,316,13938.939,32.07,93.043777,1132,0.0,False,False,False,0.000196666068624834
5120,5121,5,1,6572,316,13938.992,9.32,93.043777,1320,3.2,False,False,False,0.00019730735856950276
5121,5122,5,1,6572,316,13939.006,0.0,93.043777,622,0.0,False,False,False,0.00019758736115321616
5122,5123,5,1,6572,316,13939.006,0.0,93.043777,0,0.0,False,False,False,0.00019758736115321616
5123,5124,5,1,6572,316,13939.006,0.0,93.043777,0,0.0,False,False,False,0.00019758736115321616
5124,5125,5,1,6572,316,13939.006,0.0,93.043777,0,0.0,False,False,False,0.00019758736115321616
5125,5126,5,1,6572,316,13939.006,0.0,93.043777,0,0.0,False,False,False,0.00019758736115321616
5126,5127,5,1,6572,316,13939.006,0.0,93.043777,0,0.0,False,False,False,0.00019758736115321616
5127,5128,5,1,6572,316,13939.011,5.02,93.043777,832,0.0,False,False,False,0.00019782939913031634
5128,5129,5,1,6572,316,13939.018,16.32,93.043777,2084,12.7,False,False,False,0.00019828317294855717
5129,5130,5,1,6572,316,13939.038,12.53,93.043777,2030,25.800001,False,False,False,0.00019869744974870224
5130,5131,5,1,6572,316,13939.092,5.07,93.043777,784,0.0,False,False,False,0.0001995128870024674
5131,5132,5,1,6572,316,13939.093,0.0,93.043777,908,11.900001,False,False,False,0.00019974988689099848
5132,5133,5,1,6572,316,13939.155,35.450001,93.043777,1900,15.400001,False,False,False,0.0002014510599057184
5133,5134,5,1,6572,316,13939.27,42.099998,93.043777,1846,16.300001,False,False,False,0.00020259012199907176
5134,5135,5,1,6572,316,13939.391,45.5,93.043777,1272,0.0,False,False,False,0.0002029024867379975
5135,5136,5,1,6572,316,13939.52,47.579998,93.043777,1868,9.5,False,False,False,0.00020325052437068344
5136,5137,5,1,6572,316,13939.576,0.0,93.043777,0,0.0,False,False,False,0.0002034705739561981
5137,5138,5,1,6572,316,13939.576,0.0,93.043777,0,0.0,False,False,False,0.0002034705739561981
5138,5139,5,1,6572,316,13939.576,0.0,93.043777,0,0.0,False,False,False,0.0002034705739561981
5139,5140,5,1,6572,316,13939.576,0.0,93.043777,0,0.0,False,False,False,0.0002034705739561981
5140,5141,5,1,6572,316,13939.581,15.059999,93.043777,2166,23.5,False,False,False,0.00020373949980994336
5141,5142,5,1,6572,316,13939.677,44.379997,93.043777,1882,14.6,False,False,False,0.00020523536984609858
5142,5143,5,1,6572,316,13939.808,48.889999,93.043777,1752,4.7,False,False,False,0.00020600061345081287
5143,5144,5,1,6572,316,13939.937,45.700001,93.043777,1806,8.0,False,False,False,0.00020634337562819486
5144,5145,5,1,6572,316,13940.066,47.98,93.043777,1994,19.4,False,False,False,0.00020683317904097144
5145,5146,5,1,6572,316,13940.136,0.0,93.043777,766,0.0,False,False,False,0.00020712286287143315
5146,5147,5,1,6572,316,13940.136,0.0,93.043777,0,0.0,False,False,False,0.00020715341992216417
5147,5148,5,1,6572,316,13940.136,0.0,93.043777,0,0.0,False,False,False,0.00020715341992216417
5148,5149,5,1,6572,316,13940.136,0.0,93.043777,0,0.0,False,False,False,0.00020715341992216417
5149,5150,5,1,6572,316,13940.148,24.689999,93.043777,3156,28.0,False,False,False,0.00020779156781062795
5150,5151,5,1,6572,316,13940.255,41.799999,93.043777,1228,0.0,False,False,False,0.00020893972601462353
5151,5152,5,1,6572,316,13940.375,44.849998,93.043777,1326,0.0,False,False,False,0.00020920181832853648
5152,5153,5,1,6572,316,13940.49,40.369999,93.043777,1552,0.0,False,False,False,0.00020944432768663895
5153,5154,5,1,6572,316,13940.606,43.849998,93.043777,1610,9.0,False,False,False,0.00020990895883874497
5154,5155,5,1,6572,316,13940.696,4.3,97.500313,772,0.0,False,False,False,0.0002102216975610428
5155,5156,5,1,6572,316,13940.696,0.0,97.500313,0,0.0,False,False,False,0.0002102935683004421
5156,5157,5,1,6572,316,13940.696,0.0,97.391617,0,0.0,False,False,False,0.0002102935683004421
5157,5158,5,1,6572,316,13940.696,0.0,97.391617,0,0.0,False,False,False,0.0002102935683004421
5158,5159,5,1,6572,316,13940.701,13.98,97.391617,1968,17.9,False,False,False,0.00021054625974262393
5159,5160,5,1,6572,316,13940.776,31.33,97.391617,1718,8.3,False,False,False,0.00021135406278224525
5160,5161,5,1,6572,316,13940.875,40.239998,97.391617,1642,7.9,False,False,False,0.00021215776213744564
5161,5162,5,1,6572,316,13940.961,25.269999,97.391617,808,0.0,False,False,False,0.00021238267701365686
5162,5163,5,1,6572,316,13941.018,23.73,97.391617,1274,0.0,False,False,False,0.00021301320942205068
5163,5164,5,1,6572,316,13941.082,18.139999,97.174225,922,0.0,False,False,False,0.00021353066206324136
5164,5165,5,1,6572,316,13941.098,0.0,97.174225,0,0.0,False,False,False,0.0002136920139278895
5165,5166,5,1,6572,316,13941.098,0.0,97.174225,0,0.0,False,False,False,0.0002136920139278895
5166,5167,5,1,6572,316,13941.098,0.0,97.174225,0,0.0,False,False,False,0.0002136920139278895
5167,5168,5,1,6572,316,13941.098,0.0,96.956833,1202,8.8,False,False,False,0.00021371711775372687
5168,5169,5,1,6572,316,13941.163,31.719999,96.848137,1446,0.0,False,False,False,0.00021491034066952166
5169,5170,5,1,6572,316,13941.217,24.67,96.848137,1982,19.200001,False,False,False,0.00021551393153613945
5170,5171,5,1,6572,316,13941.301,32.98,96.848137,1398,0.0,False,False,False,0.00021609732855430394
5171,5172,5,1,6572,316,13941.371,35.450001,96.848137,1824,0.0,False,False,False,0.00021685321671615254
5172,5173,5,1,6572,316,13941.468,19.33,96.848137,780,0.0,False,False,False,0.00021710840577148893
5173,5174,5,1,6572,316,13941.483,0.0,96.848137,0,0.0,False,False,False,0.00021727693697026564
5174,5175,5,1,6572,316,13941.483,0.0,96.848137,0,0.0,False,False,False,0.00021727693697026564
5175,5176,5,1,6572,316,13941.483,0.0,96.848137,0,0.0,False,False,False,0.00021727693697026564
5176,5177,5,1,6572,316,13941.483,0.0,96.848137,1384,13.8,False,False,False,0.00021730031874523355
5177,5178,5,1,6572,316,13941.523,11.79,96.848137,1146,8.400001,False,False,False,0.00021792382913766756
5178,5179,5,1,6572,316,13941.584,33.049999,96.739441,1616,11.0,False,False,False,0.0002188030568795569
5179,5180,5,1,6572,316,13941.688,41.389999,96.630745,1504,8.1,False,False,False,0.00021942017206438242
5180,5181,5,1,6572,316,13941.803,40.559998,96.630745,1204,0.0,False,False,False,0.0002197808432063481
5181,5182,5,1,6572,320,13941.869,5.25,96.630745,782,0.0,False,False,False,0.00021996290720367523
5182,5183,5,1,6572,320,13941.872,0.0,96.630745,0,0.0,False,False,False,0.000220160380156972
5183,5184,5,1,6572,320,13941.872,0.0,96.630745,0,0.0,False,False,False,0.000220160380156972
5184,5185,5,1,6572,320,13941.872,0.0,96.195961,0,0.0,False,False,False,0.000220160380156972
5185,5186,5,1,6572,320,13941.877,16.01,95.652481,2166,17.0,False,False,False,0.00022049566958096237
5186,5187,5,1,6572,320,13941.946,26.299999,95.326393,1436,5.8,False,False,False,0.00022112765838725904
5187,5188,5,1,6572,320,13942.031,32.939999,95.217697,1456,0.0,False,False,False,0.00022178083086812328
5188,5189,5,1,6572,320,13942.101,15.049999,95.217697,794,0.0,False,False,False,0.00022198440648174317
5189,5190,5,1,6572,320,13942.178,36.939999,95.217697,1606,12.0,False,False,False,0.00022320779380425324
5190,5191,5,1,6572,320,13942.263,13.25,95.217697,768,0.0,False,False,False,0.00022351324793916602
5191,5192,5,1,6572,320,13942.274,0.0,95.217697,0,0.0,False,False,False,0.0002236889987244029
5192,5193,5,1,6572,320,13942.274,0.0,95.217697,0,0.0,False,False,False,0.0002236889987244029
5193,5194,5,1,6572,320,13942.274,0.0,95.217697,0,0.0,False,False,False,0.0002236889987244029
5194,5195,5,1,6572,320,13942.28,16.32,95.217697,2184,16.800001,False,False,False,0.00022403494730077855
5195,5196,5,1,6572,320,13942.341,22.41,95.217697,1120,0.0,False,False,False,0.0002245380070673162
5196,5197,5,1,6572,320,13942.413,30.15,95.217697,1640,9.2,False,False,False,0.00022524879668987786
5197,5198,5,1,6572,320,13942.485,20.27,95.217697,1216,10.400001,False,False,False,0.00022553479277239512
5198,5199,5,1,6572,320,13942.543,14.66,95.217697,852,0.0,False,False,False,0.0002259141740374021
5199,5200,5,1,6572,320,13942.574,1.85,95.217697,778,0.0,False,False,False,0.00022632977743009073
5200,5201,5,1,6572,320,13942.575,0.0,95.217697,0,0.0,False,False,False,0.00022641058695492365
5201,5202,5,1,6572,320,13942.575,0.0,95.217697,0,0.0,False,False,False,0.00022641058695492365
5202,5203,5,1,6572,320,13942.575,0.0,95.217697,0,0.0,False,False,False,0.00022641058695492365
5203,5204,5,1,6572,320,13942.575,0.0,99.565536,0,0.0,False,False,False,0.00022641058695492365
5204,5205,5,1,6572,320,13942.584,5.47,99.565536,778,0.0,False,False,False,0.00022670125557388974
5205,5206,5,1,6572,320,13942.622,33.130001,99.565536,2314,33.299999,False,False,False,0.00022774434074589804
5206,5207,5,1,6572,320,13942.73,31.01,99.565536,988,0.0,False,False,False,0.0002285351193690641
5207,5208,5,1,6572,320,13942.799,24.939999,99.565536,1176,0.0,False,False,False,0.0002290989708041546
5208,5209,5,1,6572,320,13942.819,0.0,99.565536,0,0.0,False,False,False,0.00022926387670407943
5209,5210,6,1,6572,316,13938.3,0.0,93.043777,770,0.0,False,False,False,0.00018858780570042976
5210,5211,6,1,6572,316,13938.3,0.0,93.043777,786,0.0,False,False,False,0.0001887655764636675
5211,5212,6,1,6572,316,13938.308,16.529999,93.043777,2288,24.0,False,False,False,0.00018925365592036561
5212,5213,6,1,6572,316,13938.362,5.91,93.043777,794,0.0,False,False,False,0.0001898198066740788
5213,5214,6,1,6572,316,13938.425,23.41,93.043777,1116,0.0,False,False,False,0.00019074811191996803
5214,5215,6,1,6572,316,13938.489,29.91,93.043777,1356,0.0,False,False,False,0.0001915742391991557
5215,5216,6,1,6572,316,13938.554,15.7,93.043777,772,0.0,False,False,False,0.0001917691197293687
5216,5217,6,1,6572,316,13938.613,22.73,93.043777,1108,0.0,False,False,False,0.00019237643111039021
5217,5218,6,1,6572,316,13938.629,0.0,93.043777,0,0.0,False,False,False,0.00019251452101056636
5218,5219,6,1,6572,316,13938.629,0.0,93.043777,0,0.0,False,False,False,0.00019251452101056636
5219,5220,6,1,6572,316,13938.629,0.0,93.043777,0,0.0,False,False,False,0.00019251452101056636
5220,5221,6,1,6572,316,13938.665,22.529999,93.043777,1440,9.5,False,False,False,0.00019315607656281551
5221,5222,6,1,6572,316,13938.742,32.579998,93.043777,1598,0.0,False,False,False,0.00019378464823810942
5222,5223,6,1,6572,316,13938.81,26.23,93.043777,1274,0.0,False,False,False,0.00019435422720969658
5223,5224,6,1,6572,316,13938.862,19.48,93.043777,1398,12.5,False,False,False,0.0001949704380143792
5224,5225,6,1,6572,316,13938.939,32.07,93.043777,1132,0.0,False,False,False,0.000196666068624834
5225,5226,6,1,6572,316,13938.992,9.32,93.043777,1320,3.2,False,False,False,0.00019730735856950276
5226,5227,6,1,6572,316,13939.006,0.0,93.043777,622,0.0,False,False,False,0.00019758736115321616
5227,5228,6,1,6572,316,13939.006,0.0,93.043777,0,0.0,False,False,False,0.00019758736115321616
5228,5229,6,1,6572,316,13939.006,0.0,93.043777,0,0.0,False,False,False,0.00019758736115321616
5229,5230,6,1,6572,316,13939.006,0.0,93.043777,0,0.0,False,False,False,0.00019758736115321616
5230,5231,6,1,6572,316,13939.006,0.0,93.043777,0,0.0,False,False,False,0.00019758736115321616
5231,5232,6,1,6572,316,13939.006,0.0,93.043777,0,0.0,False,False,False,0.00019758736115321616
5232,5233,6,1,6572,316,13939.011,5.02,93.043777,832,0.0,False,False,False,0.00019782939913031634
5233,5234,6,1,6572,316,13939.018,16.32,93.043777,2084,12.7,False,False,False,0.00019828317294855717
5234,5235,6,1,6572,316,13939.038,12.53,93.043777,2030,25.800001,False,False,False,0.00019869744974870224
5235,5236,6,1,6572,316,13939.092,5.07,93.043777,784,0.0,False,False,False,0.0001995128870024674
5236,5237,6,1,6572,316,13939.093,0.0,93.043777,908,11.900001,False,False,False,0.00019974988689099848
5237,5238,6,1,6572,316,13939.155,35.450001,93.043777,1900,15.400001,False,False,False,0.0002014510599057184
5238,5239,6,1,6572,316,13939.27,42.099998,93.043777,1846,16.300001,False,False,False,0.00020259012199907176
5239,5240,6,1,6572,316,13939.391,45.5,93.043777,1272,0.0,False,False,False,0.0002029024867379975
5240,5241,6,1,6572,316,13939.52,47.579998,93.043777,1868,9.5,False,False,False,0.00020325052437068344
5241,5242,6,1,6572,316,13939.576,0.0,93.043777,0,0.0,False,False,False,0.0002034705739561981
5242,5243,6,1,6572,316,13939.576,0.0,93.043777,0,0.0,False,False,False,0.0002034705739561981
5243,5244,6,1,6572,316,13939.576,0.0,93.043777,0,0.0,False,False,False,0.0002034705739561981
5244,5245,6,1,6572,316,13939.576,0.0,93.043777,0,0.0,False,False,False,0.0002034705739561981
5245,5246,6,1,6572,316,13939.581,15.059999,93.043777,2166,23.5,False,False,False,0.00020373949980994336
5246,5247,6,1,6572,316,13939.677,44.379997,93.043777,1882,14.6,False,False,False,0.00020523536984609858
5247,5248,6,1,6572,316,13939.808,48.889999,93.043777,1752,4.7,False,False,False,0.00020600061345081287
5248,5249,6,1,6572,316,13939.937,45.700001,93.043777,1806,8.0,False,False,False,0.00020634337562819486
5249,5250,6,1,6572,316,13940.066,47.98,93.043777,1994,19.4,False,False,False,0.00020683317904097144
5250,5251,6,1,6572,316,13940.136,0.0,93.043777,766,0.0,False,False,False,0.00020712286287143315
5251,5252,6,1,6572,316,13940.136,0.0,93.043777,0,0.0,False,False,False,0.00020715341992216417
5252,5253,6,1,6572,316,13940.136,0.0,93.043777,0,0.0,False,False,False,0.00020715341992216417
5253,5254,6,1,6572,316,13940.136,0.0,93.043777,0,0.0,False,False,False,0.00020715341992216417
5254,5255,6,1,6572,316,13940.148,24.689999,93.043777,3156,28.0,False,False,False,0.00020779156781062795
5255,5256,6,1,6572,316,13940.255,41.799999,93.043777,1228,0.0,False,False,False,0.00020893972601462353
5256,5257,6,1,6572,316,13940.375,44.849998,93.043777,1326,0.0,False,False,False,0.00020920181832853648
5257,5258,6,1,6572,316,13940.49,40.369999,93.043777,1552,0.0,False,False,False,0.00020944432768663895
5258,5259,6,1,6572,316,13940.606,43.849998,93.043777,1610,9.0,False,False,False,0.00020990895883874497
5259,5260,6,1,6572,316,13940.696,4.3,97.500313,772,0.0,False,False,False,0.0002102216975610428
5260,5261,6,1,6572,316,13940.696,0.0,97.500313,0,0.0,False,False,False,0.0002102935683004421
5261,5262,6,1,6572,316,13940.696,0.0,97.391617,0,0.0,False,False,False,0.0002102935683004421
5262,5263,6,1,6572,316,13940.696,0.0,97.391617,0,0.0,False,False,False,0.0002102935683004421
5263,5264,6,1,6572,316,13940.701,13.98,97.391617,1968,17.9,False,False,False,0.00021054625974262393
5264,5265,6,1,6572,316,13940.776,31.33,97.391617,1718,8.3,False,False,False,0.00021135406278224525
5265,5266,6,1,6572,316,13940.875,40.239998,97.391617,1642,7.9,False,False,False,0.00021215776213744564
5266,5267,6,1,6572,316,13940.961,25.269999,97.391617,808,0.0,False,False,False,0.00021238267701365686
5267,5268,6,1,6572,316,13941.018,23.73,97.391617,1274,0.0,False,False,False,0.00021301320942205068
5268,5269,6,1,6572,316,13941.082,18.139999,97.174225,922,0.0,False,False,False,0.00021353066206324136
5269,5270,6,1,6572,316,13941.098,0.0,97.174225,0,0.0,False,False,False,0.0002136920139278895
5270,5271,6,1,6572,316,13941.098,0.0,97.174225,0,0.0,False,False,False,0.0002136920139278895
5271,5272,6,1,6572,316,13941.098,0.0,97.174225,0,0.0,False,False,False,0.0002136920139278895
5272,5273,6,1,6572,316,13941.098,0.0,96.956833,1202,8.8,False,False,False,0.00021371711775372687
5273,5274,6,1,6572,316,13941.163,31.719999,96.848137,1446,0.0,False,False,False,0.00021491034066952166
5274,5275,6,1,6572,316,13941.217,24.67,96.848137,1982,19.200001,False,False,False,0.00021551393153613945
5275,5276,6,1,6572,316,13941.301,32.98,96.848137,1398,0.0,False,False,False,0.00021609732855430394
5276,5277,6,1,6572,316,13941.371,35.450001,96.848137,1824,0.0,False,False,False,0.00021685321671615254
5277,5278,6,1,6572,316,13941.468,19.33,96.848137,780,0.0,False,False,False,0.00021710840577148893
5278,5279,6,1,6572,316,13941.483,0.0,96.848137,0,0.0,False,False,False,0.00021727693697026564
5279,5280,6,1,6572,316,13941.483,0.0,96.848137,0,0.0,False,False,False,0.00021727693697026564
5280,5281,6,1,6572,316,13941.483,0.0,96.848137,0,0.0,False,False,False,0.00021727693697026564
5281,5282,6,1,6572,316,13941.483,0.0,96.848137,1384,13.8,False,False,False,0.00021730031874523355
5282,5283,6,1,6572,316,13941.523,11.79,96.848137,1146,8.400001,False,False,False,0.00021792382913766756
5283,5284,6,1,6572,316,13941.584,33.049999,96.739441,1616,11.0,False,False,False,0.0002188030568795569
5284,5285,6,1,6572,316,13941.688,41.389999,96.630745,1504,8.1,False,False,False,0.00021942017206438242
5285,5286,6,1,6572,316,13941.803,40.559998,96.630745,1204,0.0,False,False,False,0.0002197808432063481
5286,5287,6,1,6572,320,13941.869,5.25,96.630745,782,0.0,False,False,False,0.00021996290720367523
5287,5288,6,1,6572,320,13941.872,0.0,96.630745,0,0.0,False,False,False,0.000220160380156972
5288,5289,6,1,6572,320,13941.872,0.0,96.630745,0,0.0,False,False,False,0.000220160380156972
5289,5290,6,1,6572,320,13941.872,0.0,96.195961,0,0.0,False,False,False,0.000220160380156972
5290,5291,6,1,6572,320,13941.877,16.01,95.652481,2166,17.0,False,False,False,0.00022049566958096237
5291,5292,6,1,6572,320,13941.946,26.299999,95.326393,1436,5.8,False,False,False,0.00022112765838725904
5292,5293,6,1,6572,320,13942.031,32.939999,95.217697,1456,0.0,False,False,False,0.00022178083086812328
5293,5294,6,1,6572,320,13942.101,15.049999,95.217697,794,0.0,False,False,False,0.00022198440648174317
5294,5295,6,1,6572,320,13942.178,36.939999,95.217697,1606,12.0,False,False,False,0.00022320779380425324
5295,5296,6,1,6572,320,13942.263,13.25,95.217697,768,0.0,False,False,False,0.00022351324793916602
5296,5297,6,1,6572,320,13942.274,0.0,95.217697,0,0.0,False,False,False,0.0002236889987244029
5297,5298,6,1,6572,320,13942.274,0.0,95.217697,0,0.0,False,False,False,0.0002236889987244029
5298,5299,6,1,6572,320,13942.274,0.0,95.217697,0,0.0,False,False,False,0.0002236889987244029
5299,5300,6,1,6572,320,13942.28,16.32,95.217697,2184,16.800001,False,False,False,0.00022403494730077855
5300,5301,6,1,6572,320,13942.341,22.41,95.217697,1120,0.0,False,False,False,0.0002245380070673162
5301,5302,6,1,6572,320,13942.413,30.15,95.217697,1640,9.2,False,False,False,0.00022524879668987786
5302,5303,6,1,6572,320,13942.485,20.27,95.217697,1216,10.400001,False,False,False,0.00022553479277239512
5303,5304,6,1,6572,320,13942.543,14.66,95.217697,852,0.0,False,False,False,0.0002259141740374021
5304,5305,6,1,6572,320,13942.574,1.85,95.217697,778,0.0,False,False,False,0.00022632977743009073
5305,5306,6,1,6572,320,13942.575,0.0,95.217697,0,0.0,False,False,False,0.00022641058695492365
5306,5307,6,1,6572,320,13942.575,0.0,95.217697,0,0.0,False,False,False,0.00022641058695492365
5307,5308,6,1,6572,320,13942.575,0.0,95.217697,0,0.0,False,False,False,0.00022641058695492365
5308,5309,6,1,6572,320,13942.575,0.0,99.565536,0,0.0,False,False,False,0.00022641058695492365
5309,5310,6,1,6572,320,13942.584,5.47,99.565536,778,0.0,False,False,False,0.00022670125557388974
5310,5311,6,1,6572,320,13942.622,33.130001,99.565536,2314,33.299999,False,False,False,0.00022774434074589804
5311,5312,6,1,6572,320,13942.73,31.01,99.565536,988,0.0,False,False,False,0.0002285351193690641
5312,5313,6,1,6572,320,13942.799,24.939999,99.565536,1176,0.0,False,False,False,0.0002290989708041546
5313,5314,6,1,6572,320,13942.819,0.0,99.565536,0,0.0,False,False,False,0.00022926387670407943
5314,5315,4,1,6573,316,14042.81,0.0,93.043777,770,0.0,False,False,False,0.00018718438942138922
5315,5316,4,1,6573,316,14042.81,0.0,93.043777,786,0.0,False,False,False,0.0001873608372656708
5316,5317,4,1,6573,316,14042.818,16.529999,93.043777,2288,24.0,False,False,False,0.0001878452853775234
5317,5318,4,1,6573,316,14042.872,5.91,93.043777,794,0.0,False,False,False,0.00018840722843386782
5318,5319,4,1,6573,316,14042.935,23.41,93.043777,1116,0.0,False,False,False,0.0001893286318969719
5319,5320,4,1,6573,316,14042.999,29.91,93.043777,1356,0.0,False,False,False,0.0001901486179257062
5320,5321,4,1,6573,316,14043.064,15.7,93.043777,772,0.0,False,False,False,0.0001903420548354095
5321,5322,4,1,6573,316,14043.123,22.73,93.043777,1108,0.0,False,False,False,0.00019094485287546968
5322,5323,4,1,6573,316,14043.139,0.0,93.043777,0,0.0,False,False,False,0.0001910819168052951
5323,5324,4,1,6573,316,14043.139,0.0,93.043777,0,0.0,False,False,False,0.0001910819168052951
5324,5325,4,1,6573,316,14043.139,0.0,93.043777,0,0.0,False,False,False,0.0001910819168052951
5325,5326,4,1,6573,316,14043.175,22.529999,93.043777,1440,9.5,False,False,False,0.000191718701881741
5326,5327,4,1,6573,316,14043.252,32.579998,93.043777,1598,0.0,False,False,False,0.00019234260393504758
5327,5328,4,1,6573,316,14043.32,26.23,93.043777,1274,0.0,False,False,False,0.00019290795139956937
5328,5329,4,1,6573,316,14043.372,19.48,93.043777,1398,12.5,False,False,False,0.00019351958207885694
5329,5330,4,1,6573,316,14043.449,32.07,93.043777,1132,0.0,False,False,False,0.0001952026028219405
5330,5331,4,1,6573,316,14043.502,9.32,93.043777,1320,3.2,False,False,False,0.00019583912622889724
5331,5332,4,1,6573,316,14043.516,0.0,93.043777,622,0.0,False,False,False,0.00019611704668213558
5332,5333,4,1,6573,316,14043.516,0.0,93.043777,0,0.0,False,False,False,0.00019611704668213558
5333,5334,4,1,6573,316,14043.516,0.0,93.043777,0,0.0,False,False,False,0.00019611704668213558
5334,5335,4,1,6573,316,14043.516,0.0,93.043777,0,0.0,False,False,False,0.00019611704668213558
5335,5336,4,1,6573,316,14043.516,0.0,93.043777,0,0.0,False,False,False,0.00019611704668213558
5336,5337,4,1,6573,316,14043.516,0.0,93.043777,0,0.0,False,False,False,0.00019611704668213558
5337,5338,4,1,6573,316,14043.521,5.02,93.043777,832,0.0,False,False,False,0.00019635728409676627
5338,5339,4,1,6573,316,14043.528,16.32,93.043777,2084,12.7,False,False,False,0.0001968076819669554
5339,5340,4,1,6573,316,14043.548,12.53,93.043777,2030,25.800001,False,False,False,0.00019721887810131018
5340,5341,4,1,6573,316,14043.602,5.07,93.043777,784,0.0,False,False,False,0.00019802825313241344
5341,5342,4,1,6573,316,14043.603,0.0,93.043777,908,11.900001,False,False,False,0.0001982634895411426
5342,5343,4,1,6573,316,14043.665,35.450001,93.043777,1900,15.400001,False,False,False,0.0001999520102473074
5343,5344,4,1,6573,316,14043.78,42.099998,93.043777,1846,16.300001,False,False,False,0.00020108260862754704
5344,5345,4,1,6573,316,14043.901,45.5,93.043777,1272,0.0,False,False,False,0.00020139266200594792
5345,5346,4,1,6573,316,14044.03,47.579998,93.043777,1868,9.5,False,False,False,0.00020173812373487274
5346,5347,4,1,6573,316,14044.086,0.0,93.043777,0,0.0,False,False,False,0.0002019565419535345
5347,5348,4,1,6573,316,14044.086,0.0,93.043777,0,0.0,False,False,False,0.0002019565419535345
5348,5349,4,1,6573,316,14044.086,0.0,93.043777,0,0.0,False,False,False,0.0002019565419535345
5349,5350,4,1,6573,316,14044.086,0.0,93.043777,0,0.0,False,False,False,0.0002019565419535345
5350,5351,4,1,6573,316,14044.091,15.059999,93.043777,2166,23.5,False,False,False,0.0002022234672598419
5351,5352,4,1,6573,316,14044.187,44.379997,93.043777,1882,14.6,False,False,False,0.00020370821691444906
5352,5353,4,1,6573,316,14044.318,48.889999,93.043777,1752,4.7,False,False,False,0.000204467780651175
5353,5354,4,1,6573,316,14044.447,45.700001,93.043777,1806,8.0,False,False,False,0.00020480800646643712
5354,5355,4,1,6573,316,14044.576,47.98,93.043777,1994,19.4,False,False,False,0.00020529417946262937
5355,5356,4,1,6573,316,14044.646,0.0,93.043777,766,0.0,False,False,False,0.00020558171550101717
5356,5357,4,1,6573,316,14044.646,0.0,93.043777,0,0.0,False,False,False,0.00020561204518467857
5357,5358,4,1,6573,316,14044.646,0.0,93.043777,0,0.0,False,False,False,0.00020561204518467857
5358,5359,4,1,6573,316,14044.646,0.0,93.043777,0,0.0,False,False,False,0.00020561204518467857
5359,5360,4,1,6573,316,14044.658,24.689999,93.043777,3156,28.0,False,False,False,0.00020624544610156392
5360,5361,4,1,6573,316,14044.765,41.799999,93.043777,1228,0.0,False,False,False,0.0002073850730095513
5361,5362,4,1,6573,316,14044.885,44.849998,93.043777,1326,0.0,False,False,False,0.00020764522847794924
5362,5363,4,1,6573,316,14045.0,40.369999,93.043777,1552,0.0,False,False,False,0.0002078859461768475
5363,5364,4,1,6573,316,14045.116,43.849998,93.043777,1610,9.0,False,False,False,0.00020834713311494791
5364,5365,4,1,6573,316,14045.206,4.3,97.500313,772,0.0,False,False,False,0.00020865755492977962
5365,5366,4,1,6573,316,14045.206,0.0,97.500313,0,0.0,False,False,False,0.000208728890919014
5366,5367,4,1,6573,316,14045.206,0.0,97.391617,0,0.0,False,False,False,0.000208728890919014
5367,5368,4,1,6573,316,14045.206,0.0,97.391617,0,0.0,False,False,False,0.000208728890919014
5368,5369,4,1,6573,316,14045.211,13.98,97.391617,1968,17.9,False,False,False,0.00020897970278247992
5369,5370,4,1,6573,316,14045.286,31.33,97.391617,1718,8.3,False,False,False,0.00020978150380819528
5370,5371,4,1,6573,316,14045.385,40.239998,97.391617,1642,7.9,False,False,False,0.00021057923444359525
5371,5372,4,1,6573,316,14045.471,25.269999,97.391617,808,0.0,False,False,False,0.0002108024855495733
5372,5373,4,1,6573,316,14045.528,23.73,97.391617,1274,0.0,False,False,False,0.00021142833303717474
5373,5374,4,1,6573,316,14045.592,18.139999,97.174225,922,0.0,False,False,False,0.0002119419429282206
5374,5375,4,1,6573,316,14045.608,0.0,97.174225,0,0.0,False,False,False,0.00021210209610747306
5375,5376,4,1,6573,316,14045.608,0.0,97.174225,0,0.0,False,False,False,0.00021210209610747306
5376,5377,4,1,6573,316,14045.608,0.0,97.174225,0,0.0,False,False,False,0.00021210209610747306
5377,5378,4,1,6573,316,14045.608,0.0,96.956833,1202,8.8,False,False,False,0.00021212701315506205
5378,5379,4,1,6573,316,14045.673,31.719999,96.848137,1446,0.0,False,False,False,0.00021331136561661255
5379,5380,4,1,6573,316,14045.727,24.67,96.848137,1982,19.200001,False,False,False,0.00021391047181311344
5380,5381,4,1,6573,316,14045.811,32.98,96.848137,1398,0.0,False,False,False,0.00021448953787446846
5381,5382,4,1,6573,316,14045.881,35.450001,96.848137,1824,0.0,False,False,False,0.00021523981017565396
5382,5383,4,1,6573,316,14045.978,19.33,96.848137,780,0.0,False,False,False,0.00021549311175684906
5383,5384,4,1,6573,316,14045.993,0.0,96.848137,0,0.0,False,False,False,0.0002156603908039251
5384,5385,4,1,6573,316,14045.993,0.0,96.848137,0,0.0,False,False,False,0.0002156603908039251
5385,5386,4,1,6573,316,14045.993,0.0,96.848137,0,0.0,False,False,False,0.0002156603908039251
5386,5387,4,1,6573,316,14045.993,0.0,96.848137,1384,13.8,False,False,False,0.00021568359861786788
5387,5388,4,1,6573,316,14046.033,11.79,96.848137,1146,8.400001,False,False,False,0.00021630247469341034
5388,5389,4,1,6573,316,14046.094,33.049999,96.739441,1616,11.0,False,False,False,0.00021717516804543345
5389,5390,4,1,6573,316,14046.198,41.389999,96.630745,1504,8.1,False,False,False,0.00021778770399619908
5390,5391,4,1,6573,316,14046.313,40.559998,96.630745,1204,0.0,False,False,False,0.0002181457051608375
5391,5392,4,1,6573,320,14046.379,5.25,96.630745,782,0.0,False,False,False,0.00021832642231693186
5392,5393,4,1,6573,320,14046.382,0.0,96.630745,0,0.0,False,False,False,0.00021852242645640306
5393,5394,4,1,6573,320,14046.382,0.0,96.630745,0,0.0,False,False,False,0.00021852242645640306
5394,5395,4,1,6573,320,14046.382,0.0,96.195961,0,0.0,False,False,False,0.00021852242645640306
5395,5396,4,1,6573,320,14046.387,16.01,95.652481,2166,17.0,False,False,False,0.00021885522197117511
5396,5397,4,1,6573,320,14046.456,26.299999,95.326393,1436,5.8,False,False,False,0.00021948251697673942
5397,5398,4,1,6573,320,14046.541,32.939999,95.217697,1456,0.0,False,False,False,0.00022013083998117535
5398,5399,4,1,6573,320,14046.611,15.049999,95.217697,794,0.0,False,False,False,0.00022033290927546328
5399,5400,4,1,6573,320,14046.688,36.939999,95.217697,1606,12.0,False,False,False,0.00022154720406660514
5400,5401,4,1,6573,320,14046.773,13.25,95.217697,768,0.0,False,False,False,0.00022185039578871327
5401,5402,4,1,6573,320,14046.784,0.0,95.217697,0,0.0,False,False,False,0.0002220248403591627
5402,5403,4,1,6573,320,14046.784,0.0,95.217697,0,0.0,False,False,False,0.0002220248403591627
5403,5404,4,1,6573,320,14046.784,0.0,95.217697,0,0.0,False,False,False,0.0002220248403591627
5404,5405,4,1,6573,320,14046.79,16.32,95.217697,2184,16.800001,False,False,False,0.00022236821592577904
5405,5406,4,1,6573,320,14046.851,22.41,95.217697,1120,0.0,False,False,False,0.0002228675403803756
5406,5407,4,1,6573,320,14046.923,30.15,95.217697,1640,9.2,False,False,False,0.00022357305062107758
5407,5408,4,1,6573,320,14046.995,20.27,95.217697,1216,10.400001,False,False,False,0.00022385692762561486
5408,5409,4,1,6573,320,14047.053,14.66,95.217697,852,0.0,False,False,False,0.00022423349342432007
5409,5410,4,1,6573,320,14047.084,1.85,95.217697,778,0.0,False,False,False,0.0002246460086656657
5410,5411,4,1,6573,320,14047.085,0.0,95.217697,0,0.0,False,False,False,0.00022472621713208598
5411,5412,4,1,6573,320,14047.085,0.0,95.217697,0,0.0,False,False,False,0.00022472621713208598
5412,5413,4,1,6573,320,14047.085,0.0,95.217697,0,0.0,False,False,False,0.00022472621713208598
5413,5414,4,1,6573,320,14047.085,0.0,99.565536,0,0.0,False,False,False,0.00022472621713208598
5414,5415,4,1,6573,320,14047.094,5.47,99.565536,778,0.0,False,False,False,0.0002250147244174192
5415,5416,4,1,6573,320,14047.132,33.130001,99.565536,2314,33.299999,False,False,False,0.00022605005419937686
5416,5417,4,1,6573,320,14047.24,31.01,99.565536,988,0.0,False,False,False,0.00022683496295621374
5417,5418,4,1,6573,320,14047.309,24.939999,99.565536,1176,0.0,False,False,False,0.0002273946280651999
5418,5419,4,1,6573,320,14047.329,0.0,99.565536,0,0.0,False,False,False,0.00022755830960393937
5419,5420,5,1,6573,316,13942.819,0.0,93.043777,770,0.0,False,False,False,0.00018852668698582506
5420,5421,5,1,6573,316,13942.819,0.0,93.043777,786,0.0,False,False,False,0.00018870440013600293
5421,5422,5,1,6573,316,13942.827,16.529999,93.043777,2288,24.0,False,False,False,0.00018919232144805012
5422,5423,5,1,6573,316,13942.881,5.91,93.043777,794,0.0,False,False,False,0.00018975828895843275
5423,5424,5,1,6573,316,13942.944,23.41,93.043777,1116,0.0,False,False,False,0.00019068629363399624
5424,5425,5,1,6573,316,13943.008,29.91,93.043777,1356,0.0,False,False,False,0.00019151215346405423
5425,5426,5,1,6573,316,13943.073,15.7,93.043777,772,0.0,False,False,False,0.0001917069711267289
5426,5427,5,1,6573,316,13943.132,22.73,93.043777,1108,0.0,False,False,False,0.00019231408595386215
5427,5428,5,1,6573,316,13943.148,0.0,93.043777,0,0.0,False,False,False,0.0001924521311735934
5428,5429,5,1,6573,316,13943.148,0.0,93.043777,0,0.0,False,False,False,0.0001924521311735934
5429,5430,5,1,6573,316,13943.148,0.0,93.043777,0,0.0,False,False,False,0.0001924521311735934
5430,5431,5,1,6573,316,13943.184,22.529999,93.043777,1440,9.5,False,False,False,0.0001930934789730256
5431,5432,5,1,6573,316,13943.261,32.579998,93.043777,1598,0.0,False,False,False,0.00019372184728900298
5432,5433,5,1,6573,316,13943.329,26.23,93.043777,1274,0.0,False,False,False,0.00019429124198087983
5433,5434,5,1,6573,316,13943.381,19.48,93.043777,1398,12.5,False,False,False,0.00019490725332304103
5434,5435,5,1,6573,316,13943.458,32.07,93.043777,1132,0.0,False,False,False,0.0001966023347770132
5435,5436,5,1,6573,316,13943.511,9.32,93.043777,1320,3.2,False,False,False,0.00019724341714098112
5436,5437,5,1,6573,316,13943.525,0.0,93.043777,622,0.0,False,False,False,0.00019752332904849753
5437,5438,5,1,6573,316,13943.525,0.0,93.043777,0,0.0,False,False,False,0.00019752332904849753
5438,5439,5,1,6573,316,13943.525,0.0,93.043777,0,0.0,False,False,False,0.00019752332904849753
5439,5440,5,1,6573,316,13943.525,0.0,93.043777,0,0.0,False,False,False,0.00019752332904849753
5440,5441,5,1,6573,316,13943.525,0.0,93.043777,0,0.0,False,False,False,0.00019752332904849753
5441,5442,5,1,6573,316,13943.525,0.0,93.043777,0,0.0,False,False,False,0.00019752332904849753
5442,5443,5,1,6573,316,13943.53,5.02,93.043777,832,0.0,False,False,False,0.00019776528861137666
5443,5444,5,1,6573,316,13943.537,16.32,93.043777,2084,12.7,False,False,False,0.00019821891540751764
5444,5445,5,1,6573,316,13943.557,12.53,93.043777,2030,25.800001,False,False,False,0.00019863305804551553
5445,5446,5,1,6573,316,13943.611,5.07,93.043777,784,0.0,False,False,False,0.00019944823129164376
5446,5447,5,1,6573,316,13943.612,0.0,93.043777,908,11.900001,False,False,False,0.00019968515438077448
5447,5448,5,1,6573,316,13943.674,35.450001,93.043777,1900,15.400001,False,False,False,0.0002013857763903265
5448,5449,5,1,6573,316,13943.789,42.099998,93.043777,1846,16.300001,False,False,False,0.00020252446989337737
5449,5450,5,1,6573,316,13943.91,45.5,93.043777,1272,0.0,False,False,False,0.00020283673397677
5450,5451,5,1,6573,316,13944.039,47.579998,93.043777,1868,9.5,False,False,False,0.0002031846594333655
5451,5452,5,1,6573,316,13944.095,0.0,93.043777,0,0.0,False,False,False,0.00020340463797485783
5452,5453,5,1,6573,316,13944.095,0.0,93.043777,0,0.0,False,False,False,0.00020340463797485783
5453,5454,5,1,6573,316,13944.095,0.0,93.043777,0,0.0,False,False,False,0.00020340463797485783
5454,5455,5,1,6573,316,13944.095,0.0,93.043777,0,0.0,False,False,False,0.00020340463797485783
5455,5456,5,1,6573,316,13944.1,15.059999,93.043777,2166,23.5,False,False,False,0.00020367347670507922
5456,5457,5,1,6573,316,13944.196,44.379997,93.043777,1882,14.6,False,False,False,0.00020516886245270415
5457,5458,5,1,6573,316,13944.327,48.889999,93.043777,1752,4.7,False,False,False,0.00020593385870406624
5458,5459,5,1,6573,316,13944.456,45.700001,93.043777,1806,8.0,False,False,False,0.00020627651042748262
5459,5460,5,1,6573,316,13944.585,47.98,93.043777,1994,19.4,False,False,False,0.0002067661557403293
5460,5461,5,1,6573,316,13944.655,0.0,93.043777,766,0.0,False,False,False,0.0002070557460370273
5461,5462,5,1,6573,316,13944.655,0.0,93.043777,0,0.0,False,False,False,0.00020708629318594215
5462,5463,5,1,6573,316,13944.655,0.0,93.043777,0,0.0,False,False,False,0.00020708629318594215
5463,5464,5,1,6573,316,13944.655,0.0,93.043777,0,0.0,False,False,False,0.00020708629318594215
5464,5465,5,1,6573,316,13944.667,24.689999,93.043777,3156,28.0,False,False,False,0.00020772423434461758
5465,5466,5,1,6573,316,13944.774,41.799999,93.043777,1228,0.0,False,False,False,0.00020887202101511185
5466,5467,5,1,6573,316,13944.894,44.849998,93.043777,1326,0.0,False,False,False,0.00020913402898372813
5467,5468,5,1,6573,316,13945.009,40.369999,93.043777,1552,0.0,False,False,False,0.00020937646031922108
5468,5469,5,1,6573,316,13945.125,43.849998,93.043777,1610,9.0,False,False,False,0.00020984094148016025
5469,5470,5,1,6573,316,13945.215,4.3,97.500313,772,0.0,False,False,False,0.0002101535793044923
5470,5471,5,1,6573,316,13945.215,0.0,97.500313,0,0.0,False,False,False,0.00021022542675557492
5471,5472,5,1,6573,316,13945.215,0.0,97.391617,0,0.0,False,False,False,0.00021022542675557492
5472,5473,5,1,6573,316,13945.215,0.0,97.391617,0,0.0,False,False,False,0.00021022542675557492
5473,5474,5,1,6573,316,13945.22,13.98,97.391617,1968,17.9,False,False,False,0.0002104780363424641
5474,5475,5,1,6573,316,13945.295,31.33,97.391617,1718,8.3,False,False,False,0.0002112855779975972
5475,5476,5,1,6573,316,13945.394,40.239998,97.391617,1642,7.9,False,False,False,0.00021208901741912638
5476,5477,5,1,6573,316,13945.48,25.269999,97.391617,808,0.0,False,False,False,0.00021231385984133634
5477,5478,5,1,6573,316,13945.537,23.73,97.391617,1274,0.0,False,False,False,0.0002129441882239297
5478,5479,5,1,6573,316,13945.601,18.139999,97.174225,922,0.0,False,False,False,0.00021346147351602014
5479,5480,5,1,6573,316,13945.617,0.0,97.174225,0,0.0,False,False,False,0.00021362277317861386
5480,5481,5,1,6573,316,13945.617,0.0,97.174225,0,0.0,False,False,False,0.00021362277317861386
5481,5482,5,1,6573,316,13945.617,0.0,97.174225,0,0.0,False,False,False,0.00021362277317861386
5482,5483,5,1,6573,316,13945.617,0.0,96.956833,1202,8.8,False,False,False,0.0002136478688702787
5483,5484,5,1,6573,316,13945.682,31.719999,96.848137,1446,0.0,False,False,False,0.00021484070548105993
5484,5485,5,1,6573,316,13945.736,24.67,96.848137,1982,19.200001,False,False,False,0.0002154441010427099
5485,5486,5,1,6573,316,13945.82,32.98,96.848137,1398,0.0,False,False,False,0.00021602730945118675
5486,5487,5,1,6573,316,13945.89,35.450001,96.848137,1824,0.0,False,False,False,0.000216782953045446
5487,5488,5,1,6573,316,13945.987,19.33,96.848137,780,0.0,False,False,False,0.00021703805990498163
5488,5489,5,1,6573,316,13946.002,0.0,96.848137,0,0.0,False,False,False,0.00021720653657323632
5489,5490,5,1,6573,316,13946.002,0.0,96.848137,0,0.0,False,False,False,0.00021720653657323632
5490,5491,5,1,6573,316,13946.002,0.0,96.848137,0,0.0,False,False,False,0.00021720653657323632
5491,5492,5,1,6573,316,13946.002,0.0,96.848137,1384,13.8,False,False,False,0.00021722991077222187
5492,5493,5,1,6573,316,13946.042,11.79,96.848137,1146,8.400001,False,False,False,0.0002178532193421372
5493,5494,5,1,6573,316,13946.103,33.049999,96.739441,1616,11.0,False,False,False,0.00021873216251432287
5494,5495,5,1,6573,316,13946.207,41.389999,96.630745,1504,8.1,False,False,False,0.00021934907827782292
5495,5496,5,1,6573,316,13946.322,40.559998,96.630745,1204,0.0,False,False,False,0.000219709633146779
5496,5497,5,1,6573,320,13946.388,5.25,96.630745,782,0.0,False,False,False,0.00021989163849173767
5497,5498,5,1,6573,320,13946.391,0.0,96.630745,0,0.0,False,False,False,0.00022008904747848542
5498,5499,5,1,6573,320,13946.391,0.0,96.630745,0,0.0,False,False,False,0.00022008904747848542
5499,5500,5,1,6573,320,13946.391,0.0,96.195961,0,0.0,False,False,False,0.00022008904747848542
5500,5501,5,1,6573,320,13946.396,16.01,95.652481,2166,17.0,False,False,False,0.00022042422829322405
5501,5502,5,1,6573,320,13946.465,26.299999,95.326393,1436,5.8,False,False,False,0.00022105601268761026
5502,5503,5,1,6573,320,13946.55,32.939999,95.217697,1456,0.0,False,False,False,0.0002217089739775086
5503,5504,5,1,6573,320,13946.62,15.049999,95.217697,794,0.0,False,False,False,0.00022191248399368492
5504,5505,5,1,6573,320,13946.697,36.939999,95.217697,1606,12.0,False,False,False,0.00022313547534048096
5505,5506,5,1,6573,320,13946.782,13.25,95.217697,768,0.0,False,False,False,0.0002234408309507562
5506,5507,5,1,6573,320,13946.793,0.0,95.217697,0,0.0,False,False,False,0.00022361652485092086
5507,5508,5,1,6573,320,13946.793,0.0,95.217697,0,0.0,False,False,False,0.00022361652485092086
5508,5509,5,1,6573,320,13946.793,0.0,95.217697,0,0.0,False,False,False,0.00022361652485092086
5509,5510,5,1,6573,320,13946.799,16.32,95.217697,2184,16.800001,False,False,False,0.00022396236137328906
5510,5511,5,1,6573,320,13946.86,22.41,95.217697,1120,0.0,False,False,False,0.00022446525846975807
5511,5512,5,1,6573,320,13946.932,30.15,95.217697,1640,9.2,False,False,False,0.0002251758181786375
5512,5513,5,1,6573,320,13947.004,20.27,95.217697,1216,10.400001,False,False,False,0.00022546172197828446
5513,5514,5,1,6573,320,13947.062,14.66,95.217697,852,0.0,False,False,False,0.00022584098063229143
5514,5515,5,1,6573,320,13947.093,1.85,95.217697,778,0.0,False,False,False,0.00022625644953758192
5515,5516,5,1,6573,320,13947.094,0.0,95.217697,0,0.0,False,False,False,0.00022633723288644313
5516,5517,5,1,6573,320,13947.094,0.0,95.217697,0,0.0,False,False,False,0.00022633723288644313
5517,5518,5,1,6573,320,13947.094,0.0,95.217697,0,0.0,False,False,False,0.00022633723288644313
5518,5519,5,1,6573,320,13947.094,0.0,99.565536,0,0.0,False,False,False,0.00022633723288644313
5519,5520,5,1,6573,320,13947.103,5.47,99.565536,778,0.0,False,False,False,0.00022662780737997133
5520,5521,5,1,6573,320,13947.141,33.130001,99.565536,2314,33.299999,False,False,False,0.00022767055480726788
5521,5522,5,1,6573,320,13947.249,31.01,99.565536,988,0.0,False,False,False,0.000228461077802669
5522,5523,5,1,6573,320,13947.318,24.939999,99.565536,1176,0.0,False,False,False,0.00022902474692647532
5523,5524,5,1,6573,320,13947.338,0.0,99.565536,0,0.0,False,False,False,0.00022918959950640714
5524,5525,6,1,6573,316,13942.819,0.0,93.043777,770,0.0,False,False,False,0.00018852668698582506
5525,5526,6,1,6573,316,13942.819,0.0,93.043777,786,0.0,False,False,False,0.00018870440013600293
5526,5527,6,1,6573,316,13942.827,16.529999,93.043777,2288,24.0,False,False,False,0.00018919232144805012
5527,5528,6,1,6573,316,13942.881,5.91,93.043777,794,0.0,False,False,False,0.00018975828895843275
5528,5529,6,1,6573,316,13942.944,23.41,93.043777,1116,0.0,False,False,False,0.00019068629363399624
5529,5530,6,1,6573,316,13943.008,29.91,93.043777,1356,0.0,False,False,False,0.00019151215346405423
5530,5531,6,1,6573,316,13943.073,15.7,93.043777,772,0.0,False,False,False,0.0001917069711267289
5531,5532,6,1,6573,316,13943.132,22.73,93.043777,1108,0.0,False,False,False,0.00019231408595386215
5532,5533,6,1,6573,316,13943.148,0.0,93.043777,0,0.0,False,False,False,0.0001924521311735934
5533,5534,6,1,6573,316,13943.148,0.0,93.043777,0,0.0,False,False,False,0.0001924521311735934
5534,5535,6,1,6573,316,13943.148,0.0,93.043777,0,0.0,False,False,False,0.0001924521311735934
5535,5536,6,1,6573,316,13943.184,22.529999,93.043777,1440,9.5,False,False,False,0.0001930934789730256
5536,5537,6,1,6573,316,13943.261,32.579998,93.043777,1598,0.0,False,False,False,0.00019372184728900298
5537,5538,6,1,6573,316,13943.329,26.23,93.043777,1274,0.0,False,False,False,0.00019429124198087983
5538,5539,6,1,6573,316,13943.381,19.48,93.043777,1398,12.5,False,False,False,0.00019490725332304103
5539,5540,6,1,6573,316,13943.458,32.07,93.043777,1132,0.0,False,False,False,0.0001966023347770132
5540,5541,6,1,6573,316,13943.511,9.32,93.043777,1320,3.2,False,False,False,0.00019724341714098112
5541,5542,6,1,6573,316,13943.525,0.0,93.043777,622,0.0,False,False,False,0.00019752332904849753
5542,5543,6,1,6573,316,13943.525,0.0,93.043777,0,0.0,False,False,False,0.00019752332904849753
5543,5544,6,1,6573,316,13943.525,0.0,93.043777,0,0.0,False,False,False,0.00019752332904849753
5544,5545,6,1,6573,316,13943.525,0.0,93.043777,0,0.0,False,False,False,0.00019752332904849753
5545,5546,6,1,6573,316,13943.525,0.0,93.043777,0,0.0,False,False,False,0.00019752332904849753
5546,5547,6,1,6573,316,13943.525,0.0,93.043777,0,0.0,False,False,False,0.00019752332904849753
5547,5548,6,1,6573,316,13943.53,5.02,93.043777,832,0.0,False,False,False,0.00019776528861137666
5548,5549,6,1,6573,316,13943.537,16.32,93.043777,2084,12.7,False,False,False,0.00019821891540751764
5549,5550,6,1,6573,316,13943.557,12.53,93.043777,2030,25.800001,False,False,False,0.00019863305804551553
5550,5551,6,1,6573,316,13943.611,5.07,93.043777,784,0.0,False,False,False,0.00019944823129164376
5551,5552,6,1,6573,316,13943.612,0.0,93.043777,908,11.900001,False,False,False,0.00019968515438077448
5552,5553,6,1,6573,316,13943.674,35.450001,93.043777,1900,15.400001,False,False,False,0.0002013857763903265
5553,5554,6,1,6573,316,13943.789,42.099998,93.043777,1846,16.300001,False,False,False,0.00020252446989337737
5554,5555,6,1,6573,316,13943.91,45.5,93.043777,1272,0.0,False,False,False,0.00020283673397677
5555,5556,6,1,6573,316,13944.039,47.579998,93.043777,1868,9.5,False,False,False,0.0002031846594333655
5556,5557,6,1,6573,316,13944.095,0.0,93.043777,0,0.0,False,False,False,0.00020340463797485783
5557,5558,6,1,6573,316,13944.095,0.0,93.043777,0,0.0,False,False,False,0.00020340463797485783
5558,5559,6,1,6573,316,13944.095,0.0,93.043777,0,0.0,False,False,False,0.00020340463797485783
5559,5560,6,1,6573,316,13944.095,0.0,93.043777,0,0.0,False,False,False,0.00020340463797485783
5560,5561,6,1,6573,316,13944.1,15.059999,93.043777,2166,23.5,False,False,False,0.00020367347670507922
5561,5562,6,1,6573,316,13944.196,44.379997,93.043777,1882,14.6,False,False,False,0.00020516886245270415
5562,5563,6,1,6573,316,13944.327,48.889999,93.043777,1752,4.7,False,False,False,0.00020593385870406624
5563,5564,6,1,6573,316,13944.456,45.700001,93.043777,1806,8.0,False,False,False,0.00020627651042748262
5564,5565,6,1,6573,316,13944.585,47.98,93.043777,1994,19.4,False,False,False,0.0002067661557403293
5565,5566,6,1,6573,316,13944.655,0.0,93.043777,766,0.0,False,False,False,0.0002070557460370273
5566,5567,6,1,6573,316,13944.655,0.0,93.043777,0,0.0,False,False,False,0.00020708629318594215
5567,5568,6,1,6573,316,13944.655,0.0,93.043777,0,0.0,False,False,False,0.00020708629318594215
5568,5569,6,1,6573,316,13944.655,0.0,93.043777,0,0.0,False,False,False,0.00020708629318594215
5569,5570,6,1,6573,316,13944.667,24.689999,93.043777,3156,28.0,False,False,False,0.00020772423434461758
5570,5571,6,1,6573,316,13944.774,41.799999,93.043777,1228,0.0,False,False,False,0.00020887202101511185
5571,5572,6,1,6573,316,13944.894,44.849998,93.043777,1326,0.0,False,False,False,0.00020913402898372813
5572,5573,6,1,6573,316,13945.009,40.369999,93.043777,1552,0.0,False,False,False,0.00020937646031922108
5573,5574,6,1,6573,316,13945.125,43.849998,93.043777,1610,9.0,False,False,False,0.00020984094148016025
5574,5575,6,1,6573,316,13945.215,4.3,97.500313,772,0.0,False,False,False,0.0002101535793044923
5575,5576,6,1,6573,316,13945.215,0.0,97.500313,0,0.0,False,False,False,0.00021022542675557492
5576,5577,6,1,6573,316,13945.215,0.0,97.391617,0,0.0,False,False,False,0.00021022542675557492
5577,5578,6,1,6573,316,13945.215,0.0,97.391617,0,0.0,False,False,False,0.00021022542675557492
5578,5579,6,1,6573,316,13945.22,13.98,97.391617,1968,17.9,False,False,False,0.0002104780363424641
5579,5580,6,1,6573,316,13945.295,31.33,97.391617,1718,8.3,False,False,False,0.0002112855779975972
5580,5581,6,1,6573,316,13945.394,40.239998,97.391617,1642,7.9,False,False,False,0.00021208901741912638
5581,5582,6,1,6573,316,13945.48,25.269999,97.391617,808,0.0,False,False,False,0.00021231385984133634
5582,5583,6,1,6573,316,13945.537,23.73,97.391617,1274,0.0,False,False,False,0.0002129441882239297
5583,5584,6,1,6573,316,13945.601,18.139999,97.174225,922,0.0,False,False,False,0.00021346147351602014
5584,5585,6,1,6573,316,13945.617,0.0,97.174225,0,0.0,False,False,False,0.00021362277317861386
5585,5586,6,1,6573,316,13945.617,0.0,97.174225,0,0.0,False,False,False,0.00021362277317861386
5586,5587,6,1,6573,316,13945.617,0.0,97.174225,0,0.0,False,False,False,0.00021362277317861386
5587,5588,6,1,6573,316,13945.617,0.0,96.956833,1202,8.8,False,False,False,0.0002136478688702787
5588,5589,6,1,6573,316,13945.682,31.719999,96.848137,1446,0.0,False,False,False,0.00021484070548105993
5589,5590,6,1,6573,316,13945.736,24.67,96.848137,1982,19.200001,False,False,False,0.0002154441010427099
5590,5591,6,1,6573,316,13945.82,32.98,96.848137,1398,0.0,False,False,False,0.00021602730945118675
5591,5592,6,1,6573,316,13945.89,35.450001,96.848137,1824,0.0,False,False,False,0.000216782953045446
5592,5593,6,1,6573,316,13945.987,19.33,96.848137,780,0.0,False,False,False,0.00021703805990498163
5593,5594,6,1,6573,316,13946.002,0.0,96.848137,0,0.0,False,False,False,0.00021720653657323632
5594,5595,6,1,6573,316,13946.002,0.0,96.848137,0,0.0,False,False,False,0.00021720653657323632
5595,5596,6,1,6573,316,13946.002,0.0,96.848137,0,0.0,False,False,False,0.00021720653657323632
5596,5597,6,1,6573,316,13946.002,0.0,96.848137,1384,13.8,False,False,False,0.00021722991077222187
5597,5598,6,1,6573,316,13946.042,11.79,96.848137,1146,8.400001,False,False,False,0.0002178532193421372
5598,5599,6,1,6573,316,13946.103,33.049999,96.739441,1616,11.0,False,False,False,0.00021873216251432287
5599,5600,6,1,6573,316,13946.207,41.389999,96.630745,1504,8.1,False,False,False,0.00021934907827782292
5600,5601,6,1,6573,316,13946.322,40.559998,96.630745,1204,0.0,False,False,False,0.000219709633146779
5601,5602,6,1,6573,320,13946.388,5.25,96.630745,782,0.0,False,False,False,0.00021989163849173767
5602,5603,6,1,6573,320,13946.391,0.0,96.630745,0,0.0,False,False,False,0.00022008904747848542
5603,5604,6,1,6573,320,13946.391,0.0,96.630745,0,0.0,False,False,False,0.00022008904747848542
5604,5605,6,1,6573,320,13946.391,0.0,96.195961,0,0.0,False,False,False,0.00022008904747848542
5605,5606,6,1,6573,320,13946.396,16.01,95.652481,2166,17.0,False,False,False,0.00022042422829322405
5606,5607,6,1,6573,320,13946.465,26.299999,95.326393,1436,5.8,False,False,False,0.00022105601268761026
5607,5608,6,1,6573,320,13946.55,32.939999,95.217697,1456,0.0,False,False,False,0.0002217089739775086
5608,5609,6,1,6573,320,13946.62,15.049999,95.217697,794,0.0,False,False,False,0.00022191248399368492
5609,5610,6,1,6573,320,13946.697,36.939999,95.217697,1606,12.0,False,False,False,0.00022313547534048096
5610,5611,6,1,6573,320,13946.782,13.25,95.217697,768,0.0,False,False,False,0.0002234408309507562
5611,5612,6,1,6573,320,13946.793,0.0,95.217697,0,0.0,False,False,False,0.00022361652485092086
5612,5613,6,1,6573,320,13946.793,0.0,95.217697,0,0.0,False,False,False,0.00022361652485092086
5613,5614,6,1,6573,320,13946.793,0.0,95.217697,0,0.0,False,False,False,0.00022361652485092086
5614,5615,6,1,6573,320,13946.799,16.32,95.217697,2184,16.800001,False,False,False,0.00022396236137328906
5615,5616,6,1,6573,320,13946.86,22.41,95.217697,1120,0.0,False,False,False,0.00022446525846975807
5616,5617,6,1,6573,320,13946.932,30.15,95.217697,1640,9.2,False,False,False,0.0002251758181786375
5617,5618,6,1,6573,320,13947.004,20.27,95.217697,1216,10.400001,False,False,False,0.00022546172197828446
5618,5619,6,1,6573,320,13947.062,14.66,95.217697,852,0.0,False,False,False,0.00022584098063229143
5619,5620,6,1,6573,320,13947.093,1.85,95.217697,778,0.0,False,False,False,0.00022625644953758192
5620,5621,6,1,6573,320,13947.094,0.0,95.217697,0,0.0,False,False,False,0.00022633723288644313
5621,5622,6,1,6573,320,13947.094,0.0,95.217697,0,0.0,False,False,False,0.00022633723288644313
5622,5623,6,1,6573,320,13947.094,0.0,95.217697,0,0.0,False,False,False,0.00022633723288644313
5623,5624,6,1,6573,320,13947.094,0.0,99.565536,0,0.0,False,False,False,0.00022633723288644313
5624,5625,6,1,6573,320,13947.103,5.47,99.565536,778,0.0,False,False,False,0.00022662780737997133
5625,5626,6,1,6573,320,13947.141,33.130001,99.565536,2314,33.299999,False,False,False,0.00022767055480726788
5626,5627,6,1,6573,320,13947.249,31.01,99.565536,988,0.0,False,False,False,0.000228461077802669
5627,5628,6,1,6573,320,13947.318,24.939999,99.565536,1176,0.0,False,False,False,0.00022902474692647532
5628,5629,6,1,6573,320,13947.338,0.0,99.565536,0,0.0,False,False,False,0.00022918959950640714
5629,5630,4,1,6574,316,14047.329,0.0,93.043777,770,0.0,False,False,False,0.00018712417683270375
5630,5631,4,1,6574,316,14047.329,0.0,93.043777,786,0.0,False,False,False,0.00018730056791807766
5631,5632,4,1,6574,316,14047.337,16.529999,93.043777,2288,24.0,False,False,False,0.00018778486022936382
5632,5633,4,1,6574,316,14047.391,5.91,93.043777,794,0.0,False,False,False,0.0001883466227555882
5633,5634,4,1,6574,316,14047.454,23.41,93.043777,1116,0.0,False,False,False,0.0001892677301004082
5634,5635,4,1,6574,316,14047.518,29.91,93.043777,1356,0.0,False,False,False,0.000190087452640912
5635,5636,4,1,6574,316,14047.583,15.7,93.043777,772,0.0,False,False,False,0.00019028082761087008
5636,5637,4,1,6574,316,14047.642,22.73,93.043777,1108,0.0,False,False,False,0.0001908834320071648
5637,5638,4,1,6574,316,14047.658,0.0,93.043777,0,0.0,False,False,False,0.00019102045191789853
5638,5639,4,1,6574,316,14047.658,0.0,93.043777,0,0.0,False,False,False,0.00019102045191789853
5639,5640,4,1,6574,316,14047.658,0.0,93.043777,0,0.0,False,False,False,0.00019102045191789853
5640,5641,4,1,6574,316,14047.694,22.529999,93.043777,1440,9.5,False,False,False,0.00019165703231916077
5641,5642,4,1,6574,316,14047.771,32.579998,93.043777,1598,0.0,False,False,False,0.00019228073402292626
5642,5643,4,1,6574,316,14047.839,26.23,93.043777,1274,0.0,False,False,False,0.00019284589993521885
5643,5644,4,1,6574,316,14047.891,19.48,93.043777,1398,12.5,False,False,False,0.00019345733410558883
5644,5645,4,1,6574,316,14047.968,32.07,93.043777,1132,0.0,False,False,False,0.00019513981382831817
5645,5646,4,1,6574,316,14048.021,9.32,93.043777,1320,3.2,False,False,False,0.00019577613272839437
5646,5647,4,1,6574,316,14048.035,0.0,93.043777,622,0.0,False,False,False,0.00019605396384876256
5647,5648,4,1,6574,316,14048.035,0.0,93.043777,0,0.0,False,False,False,0.00019605396384876256
5648,5649,4,1,6574,316,14048.035,0.0,93.043777,0,0.0,False,False,False,0.00019605396384876256
5649,5650,4,1,6574,316,14048.035,0.0,93.043777,0,0.0,False,False,False,0.00019605396384876256
5650,5651,4,1,6574,316,14048.035,0.0,93.043777,0,0.0,False,False,False,0.00019605396384876256
5651,5652,4,1,6574,316,14048.035,0.0,93.043777,0,0.0,False,False,False,0.00019605396384876256
5652,5653,4,1,6574,316,14048.04,5.02,93.043777,832,0.0,False,False,False,0.00019629412401132035
5653,5654,4,1,6574,316,14048.047,16.32,93.043777,2084,12.7,False,False,False,0.00019674437703852795
5654,5655,4,1,6574,316,14048.067,12.53,93.043777,2030,25.800001,False,False,False,0.00019715544099832395
5655,5656,4,1,6574,316,14048.121,5.07,93.043777,784,0.0,False,False,False,0.00019796455593200458
5656,5657,4,1,6574,316,14048.122,0.0,93.043777,908,11.900001,False,False,False,0.0001981997166798039
5657,5658,4,1,6574,316,14048.184,35.450001,93.043777,1900,15.400001,False,False,False,0.0001998876945451067
5658,5659,4,1,6574,316,14048.299,42.099998,93.043777,1846,16.300001,False,False,False,0.0002010179297913725
5659,5660,4,1,6574,316,14048.42,45.5,93.043777,1272,0.0,False,False,False,0.00020132788399805827
5660,5661,4,1,6574,316,14048.549,47.579998,93.043777,1868,9.5,False,False,False,0.00020167323520491653
5661,5662,4,1,6574,316,14048.605,0.0,93.043777,0,0.0,False,False,False,0.00020189158342885798
5662,5663,4,1,6574,316,14048.605,0.0,93.043777,0,0.0,False,False,False,0.00020189158342885798
5663,5664,4,1,6574,316,14048.605,0.0,93.043777,0,0.0,False,False,False,0.00020189158342885798
5664,5665,4,1,6574,316,14048.605,0.0,93.043777,0,0.0,False,False,False,0.00020189158342885798
5665,5666,4,1,6574,316,14048.61,15.059999,93.043777,2166,23.5,False,False,False,0.00020215842290284214
5666,5667,4,1,6574,316,14048.706,44.379997,93.043777,1882,14.6,False,False,False,0.0002036426954414562
5667,5668,4,1,6574,316,14048.837,48.889999,93.043777,1752,4.7,False,False,False,0.00020440201548245718
5668,5669,4,1,6574,316,14048.966,45.700001,93.043777,1806,8.0,False,False,False,0.00020474213247206435
5669,5670,4,1,6574,316,14049.095,47.98,93.043777,1994,19.4,False,False,False,0.00020522814970290237
5670,5671,4,1,6574,316,14049.165,0.0,93.043777,766,0.0,False,False,False,0.00020551559358911444
5671,5672,4,1,6574,316,14049.165,0.0,93.043777,0,0.0,False,False,False,0.0002055459135177416
5672,5673,4,1,6574,316,14049.165,0.0,93.043777,0,0.0,False,False,False,0.0002055459135177416
5673,5674,4,1,6574,316,14049.165,0.0,93.043777,0,0.0,False,False,False,0.0002055459135177416
5674,5675,4,1,6574,316,14049.177,24.689999,93.043777,3156,28.0,False,False,False,0.0002061791107684978
5675,5676,4,1,6574,316,14049.284,41.799999,93.043777,1228,0.0,False,False,False,0.00020731837164287927
5676,5677,4,1,6574,316,14049.404,44.849998,93.043777,1326,0.0,False,False,False,0.00020757844400773104
5677,5678,4,1,6574,316,14049.519,40.369999,93.043777,1552,0.0,False,False,False,0.00020781908483238234
5678,5679,4,1,6574,316,14049.635,43.849998,93.043777,1610,9.0,False,False,False,0.00020828012399439597
5679,5680,4,1,6574,316,14049.725,4.3,97.500313,772,0.0,False,False,False,0.00020859044640045263
5680,5681,4,1,6574,316,14049.725,0.0,97.500313,0,0.0,False,False,False,0.0002086617594465766
5681,5682,4,1,6574,316,14049.725,0.0,97.391617,0,0.0,False,False,False,0.0002086617594465766
5682,5683,4,1,6574,316,14049.725,0.0,97.391617,0,0.0,False,False,False,0.0002086617594465766
5683,5684,4,1,6574,316,14049.73,13.98,97.391617,1968,17.9,False,False,False,0.00020891249066774467
5684,5685,4,1,6574,316,14049.805,31.33,97.391617,1718,8.3,False,False,False,0.00020971403417811293
5685,5686,4,1,6574,316,14049.904,40.239998,97.391617,1642,7.9,False,False,False,0.0002105115087257019
5686,5687,4,1,6574,316,14049.99,25.269999,97.391617,808,0.0,False,False,False,0.0002107346884454405
5687,5688,4,1,6574,316,14050.047,23.73,97.391617,1274,0.0,False,False,False,0.00021136033492735452
5688,5689,4,1,6574,316,14050.111,18.139999,97.174225,922,0.0,False,False,False,0.00021187377994522994
5689,5690,4,1,6574,316,14050.127,0.0,97.174225,0,0.0,False,False,False,0.00021203388169504126
5690,5691,4,1,6574,316,14050.127,0.0,97.174225,0,0.0,False,False,False,0.00021203388169504126
5691,5692,4,1,6574,316,14050.127,0.0,97.174225,0,0.0,False,False,False,0.00021203388169504126
5692,5693,4,1,6574,316,14050.127,0.0,96.956833,1202,8.8,False,False,False,0.00021205879072902834
5693,5694,4,1,6574,316,14050.192,31.719999,96.848137,1446,0.0,False,False,False,0.000213242762606902
5694,5695,4,1,6574,316,14050.246,24.67,96.848137,1982,19.200001,False,False,False,0.0002138416763894106
5695,5696,4,1,6574,316,14050.33,32.98,96.848137,1398,0.0,False,False,False,0.0002144205566305823
5696,5697,4,1,6574,316,14050.4,35.450001,96.848137,1824,0.0,False,False,False,0.00021517058798411549
5697,5698,4,1,6574,316,14050.497,19.33,96.848137,780,0.0,False,False,False,0.00021542380858068005
5698,5699,4,1,6574,316,14050.512,0.0,96.848137,0,0.0,False,False,False,0.00021559103390439405
5699,5700,4,1,6574,316,14050.512,0.0,96.848137,0,0.0,False,False,False,0.00021559103390439405
5700,5701,4,1,6574,316,14050.512,0.0,96.848137,0,0.0,False,False,False,0.00021559103390439405
5701,5702,4,1,6574,316,14050.512,0.0,96.848137,1384,13.8,False,False,False,0.00021561423425464816
5702,5703,4,1,6574,316,14050.552,11.79,96.848137,1146,8.400001,False,False,False,0.00021623291149618207
5703,5704,4,1,6574,316,14050.613,33.049999,96.739441,1616,11.0,False,False,False,0.00021710532449192843
5704,5705,4,1,6574,316,14050.717,41.389999,96.630745,1504,8.1,False,False,False,0.00021771766396946364
5705,5706,4,1,6574,316,14050.832,40.559998,96.630745,1204,0.0,False,False,False,0.00021807555057589643
5706,5707,4,1,6574,320,14050.898,5.25,96.630745,782,0.0,False,False,False,0.00021825620994402324
5707,5708,4,1,6574,320,14050.901,0.0,96.630745,0,0.0,False,False,False,0.00021845215106482745
5708,5709,4,1,6574,320,14050.901,0.0,96.630745,0,0.0,False,False,False,0.00021845215106482745
5709,5710,4,1,6574,320,14050.901,0.0,96.195961,0,0.0,False,False,False,0.00021845215106482745
5710,5711,4,1,6574,320,14050.906,16.01,95.652481,2166,17.0,False,False,False,0.00021878483957976945
5711,5712,4,1,6574,320,14050.975,26.299999,95.326393,1436,5.8,False,False,False,0.0002194119331980024
5712,5713,4,1,6574,320,14051.06,32.939999,95.217697,1456,0.0,False,False,False,0.0002200600481352912
5713,5714,4,1,6574,320,14051.13,15.049999,95.217697,794,0.0,False,False,False,0.00022026205279911302
5714,5715,4,1,6574,320,14051.207,36.939999,95.217697,1606,12.0,False,False,False,0.0002214759574777115
5715,5716,4,1,6574,320,14051.292,13.25,95.217697,768,0.0,False,False,False,0.00022177905212900502
5716,5717,4,1,6574,320,14051.303,0.0,95.217697,0,0.0,False,False,False,0.00022195344065666675
5717,5718,4,1,6574,320,14051.303,0.0,95.217697,0,0.0,False,False,False,0.00022195344065666675
5718,5719,4,1,6574,320,14051.303,0.0,95.217697,0,0.0,False,False,False,0.00022195344065666675
5719,5720,4,1,6574,320,14051.309,16.32,95.217697,2184,16.800001,False,False,False,0.00022229670582962557
5720,5721,4,1,6574,320,14051.37,22.41,95.217697,1120,0.0,False,False,False,0.00022279587002050185
5721,5722,4,1,6574,320,14051.442,30.15,95.217697,1640,9.2,False,False,False,0.00022350115374964724
5722,5723,4,1,6574,320,14051.514,20.27,95.217697,1216,10.400001,False,False,False,0.00022378493983354151
5723,5724,4,1,6574,320,14051.572,14.66,95.217697,852,0.0,False,False,False,0.00022416138483403607
5724,5725,4,1,6574,320,14051.603,1.85,95.217697,778,0.0,False,False,False,0.00022457376757886065
5725,5726,4,1,6574,320,14051.604,0.0,95.217697,0,0.0,False,False,False,0.00022465395025719076
5726,5727,4,1,6574,320,14051.604,0.0,95.217697,0,0.0,False,False,False,0.00022465395025719076
5727,5728,4,1,6574,320,14051.604,0.0,95.217697,0,0.0,False,False,False,0.00022465395025719076
5728,5729,4,1,6574,320,14051.604,0.0,99.565536,0,0.0,False,False,False,0.00022465395025719076
5729,5730,4,1,6574,320,14051.613,5.47,99.565536,778,0.0,False,False,False,0.00022494236481144112
5730,5731,4,1,6574,320,14051.651,33.130001,99.565536,2314,33.299999,False,False,False,0.00022597736185151117
5731,5732,4,1,6574,320,14051.759,31.01,99.565536,988,0.0,False,False,False,0.00022676201876087107
5732,5733,4,1,6574,320,14051.828,24.939999,99.565536,1176,0.0,False,False,False,0.00022732150425522894
5733,5734,4,1,6574,320,14051.848,0.0,99.565536,0,0.0,False,False,False,0.00022748513326266675
5734,5735,5,1,6574,316,13947.338,0.0,93.043777,770,0.0,False,False,False,0.00018846560787385568
5735,5736,5,1,6574,316,13947.338,0.0,93.043777,786,0.0,False,False,False,0.00018864326344830476
5736,5737,5,1,6574,316,13947.346,16.529999,93.043777,2288,24.0,False,False,False,0.00018913102671814995
5737,5738,5,1,6574,316,13947.4,5.91,93.043777,794,0.0,False,False,False,0.00018969681110378252
5738,5739,5,1,6574,316,13947.463,23.41,93.043777,1116,0.0,False,False,False,0.0001906245154035968
5739,5740,5,1,6574,316,13947.527,29.91,93.043777,1356,0.0,False,False,False,0.00019145010795763593
5740,5741,5,1,6574,316,13947.592,15.7,93.043777,772,0.0,False,False,False,0.00019164486279331993
5741,5742,5,1,6574,316,13947.651,22.73,93.043777,1108,0.0,False,False,False,0.00019225178119375126
5742,5743,5,1,6574,316,13947.667,0.0,93.043777,0,0.0,False,False,False,0.00019238978176194186
5743,5744,5,1,6574,316,13947.667,0.0,93.043777,0,0.0,False,False,False,0.00019238978176194186
5744,5745,5,1,6574,316,13947.667,0.0,93.043777,0,0.0,False,False,False,0.00019238978176194186
5745,5746,5,1,6574,316,13947.703,22.529999,93.043777,1440,9.5,False,False,False,0.00019303092194306523
5746,5747,5,1,6574,316,13947.78,32.579998,93.043777,1598,0.0,False,False,False,0.00019365908703126725
5747,5748,5,1,6574,316,13947.848,26.23,93.043777,1274,0.0,False,False,False,0.00019422829756263744
5748,5749,5,1,6574,316,13947.9,19.48,93.043777,1398,12.5,False,False,False,0.00019484410957136406
5749,5750,5,1,6574,316,13947.977,32.07,93.043777,1132,0.0,False,False,False,0.0001965386422244441
5750,5751,5,1,6574,316,13948.03,9.32,93.043777,1320,3.2,False,False,False,0.00019717951714205215
5751,5752,5,1,6574,316,13948.044,0.0,93.043777,622,0.0,False,False,False,0.0001974593384320818
5752,5753,5,1,6574,316,13948.044,0.0,93.043777,0,0.0,False,False,False,0.0001974593384320818
5753,5754,5,1,6574,316,13948.044,0.0,93.043777,0,0.0,False,False,False,0.0001974593384320818
5754,5755,5,1,6574,316,13948.044,0.0,93.043777,0,0.0,False,False,False,0.0001974593384320818
5755,5756,5,1,6574,316,13948.044,0.0,93.043777,0,0.0,False,False,False,0.0001974593384320818
5756,5757,5,1,6574,316,13948.044,0.0,93.043777,0,0.0,False,False,False,0.0001974593384320818
5757,5758,5,1,6574,316,13948.049,5.02,93.043777,832,0.0,False,False,False,0.00019770121963153187
5758,5759,5,1,6574,316,13948.056,16.32,93.043777,2084,12.7,False,False,False,0.0001981546995008121
5759,5760,5,1,6574,316,13948.076,12.53,93.043777,2030,25.800001,False,False,False,0.0001985687080635305
5760,5761,5,1,6574,316,13948.13,5.07,93.043777,784,0.0,False,False,False,0.00019938361747291768
5761,5762,5,1,6574,316,13948.131,0.0,93.043777,908,11.900001,False,False,False,0.00019962046381240525
5762,5763,5,1,6574,316,13948.193,35.450001,93.043777,1900,15.400001,False,False,False,0.00020132053517361184
5763,5764,5,1,6574,316,13948.308,42.099998,93.043777,1846,16.300001,False,False,False,0.00020245886032482758
5764,5765,5,1,6574,316,13948.429,45.5,93.043777,1272,0.0,False,False,False,0.00020277102381753402
5765,5766,5,1,6574,316,13948.558,47.579998,93.043777,1868,9.5,False,False,False,0.00020311883717032467
5766,5767,5,1,6574,316,13948.614,0.0,93.043777,0,0.0,False,False,False,0.000203338744713653
5767,5768,5,1,6574,316,13948.614,0.0,93.043777,0,0.0,False,False,False,0.000203338744713653
5768,5769,5,1,6574,316,13948.614,0.0,93.043777,0,0.0,False,False,False,0.000203338744713653
5769,5770,5,1,6574,316,13948.614,0.0,93.043777,0,0.0,False,False,False,0.000203338744713653
5770,5771,5,1,6574,316,13948.619,15.059999,93.043777,2166,23.5,False,False,False,0.00020360749637678277
5771,5772,5,1,6574,316,13948.715,44.379997,93.043777,1882,14.6,False,False,False,0.00020510239814935287
5772,5773,5,1,6574,316,13948.846,48.889999,93.043777,1752,4.7,False,False,False,0.00020586714720721648
5773,5774,5,1,6574,316,13948.975,45.700001,93.043777,1806,8.0,False,False,False,0.00020620968854782892
5774,5775,5,1,6574,316,13949.104,47.98,93.043777,1994,19.4,False,False,False,0.0002066991758627749
5775,5776,5,1,6574,316,13949.174,0.0,93.043777,766,0.0,False,False,False,0.0002069886726860898
5776,5777,5,1,6574,316,13949.174,0.0,93.043777,0,0.0,False,False,False,0.00020701920993960362
5777,5778,5,1,6574,316,13949.174,0.0,93.043777,0,0.0,False,False,False,0.00020701920993960362
5778,5779,5,1,6574,316,13949.174,0.0,93.043777,0,0.0,False,False,False,0.00020701920993960362
5779,5780,5,1,6574,316,13949.186,24.689999,93.043777,3156,28.0,False,False,False,0.00020765694450238873
5780,5781,5,1,6574,316,13949.293,41.799999,93.043777,1228,0.0,False,False,False,0.00020880435987975308
5781,5782,5,1,6574,316,13949.413,44.849998,93.043777,1326,0.0,False,False,False,0.00020906628355733985
5782,5783,5,1,6574,316,13949.528,40.369999,93.043777,1552,0.0,False,False,False,0.00020930863692040903
5783,5784,5,1,6574,316,13949.644,43.849998,93.043777,1610,9.0,False,False,False,0.00020977296818698834
5784,5785,5,1,6574,316,13949.734,4.3,97.500313,772,0.0,False,False,False,0.0002100855051784372
5785,5786,5,1,6574,316,13949.734,0.0,97.500313,0,0.0,False,False,False,0.00021015732935629052
5786,5787,5,1,6574,316,13949.734,0.0,97.391617,0,0.0,False,False,False,0.00021015732935629052
5787,5788,5,1,6574,316,13949.734,0.0,97.391617,0,0.0,False,False,False,0.00021015732935629052
5788,5789,5,1,6574,316,13949.739,13.98,97.391617,1968,17.9,False,False,False,0.00021040985714090128
5789,5790,5,1,6574,316,13949.814,31.33,97.391617,1718,8.3,False,False,False,0.00021121713758064583
5790,5791,5,1,6574,316,13949.913,40.239998,97.391617,1642,7.9,False,False,False,0.00021202031723658514
5791,5792,5,1,6574,316,13949.999,25.269999,97.391617,808,0.0,False,False,False,0.00021224508725145778
5792,5793,5,1,6574,316,13950.056,23.73,97.391617,1274,0.0,False,False,False,0.0002128752117402439
5793,5794,5,1,6574,316,13950.12,18.139999,97.174225,922,0.0,False,False,False,0.00021339232979144325
5794,5795,5,1,6574,316,13950.136,0.0,97.174225,0,0.0,False,False,False,0.00021355357728574935
5795,5796,5,1,6574,316,13950.136,0.0,97.174225,0,0.0,False,False,False,0.00021355357728574935
5796,5797,5,1,6574,316,13950.136,0.0,97.174225,0,0.0,False,False,False,0.00021355357728574935
5797,5798,5,1,6574,316,13950.136,0.0,96.956833,1202,8.8,False,False,False,0.00021357866484851123
5798,5799,5,1,6574,316,13950.201,31.719999,96.848137,1446,0.0,False,False,False,0.00021477111540432972
5799,5800,5,1,6574,316,13950.255,24.67,96.848137,1982,19.200001,False,False,False,0.00021537431578736105
5800,5801,5,1,6574,316,13950.339,32.98,96.848137,1398,0.0,False,False,False,0.00021595733570806358
5801,5802,5,1,6574,316,13950.409,35.450001,96.848137,1824,0.0,False,False,False,0.00021671273489294165
5802,5803,5,1,6574,316,13950.506,19.33,96.848137,780,0.0,False,False,False,0.00021696775960960773
5803,5804,5,1,6574,316,13950.521,0.0,96.848137,0,0.0,False,False,False,0.0002171361817826171
5804,5805,5,1,6574,316,13950.521,0.0,96.848137,0,0.0,False,False,False,0.0002171361817826171
5805,5806,5,1,6574,316,13950.521,0.0,96.848137,0,0.0,False,False,False,0.0002171361817826171
5806,5807,5,1,6574,316,13950.521,0.0,96.848137,1384,13.8,False,False,False,0.00021715954841052814
5807,5808,5,1,6574,316,13950.561,11.79,96.848137,1146,8.400001,False,False,False,0.00021778265528853724
5808,5809,5,1,6574,316,13950.622,33.049999,96.739441,1616,11.0,False,False,False,0.0002186613140751663
5809,5810,5,1,6574,316,13950.726,41.389999,96.630745,1504,8.1,False,False,False,0.00021927803054618475
5810,5811,5,1,6574,316,13950.841,40.559998,96.630745,1204,0.0,False,False,False,0.0002196384692170732
5811,5812,5,1,6574,320,13950.907,5.25,96.630745,782,0.0,False,False,False,0.00021982041594744003
5812,5813,5,1,6574,320,13950.91,0.0,96.630745,0,0.0,False,False,False,0.00022001776100906615
5813,5814,5,1,6574,320,13950.91,0.0,96.630745,0,0.0,False,False,False,0.00022001776100906615
5814,5815,5,1,6574,320,13950.91,0.0,96.195961,0,0.0,False,False,False,0.00022001776100906615
5815,5816,5,1,6574,320,13950.915,16.01,95.652481,2166,17.0,False,False,False,0.00022035283328489312
5816,5817,5,1,6574,320,13950.984,26.299999,95.326393,1436,5.8,False,False,False,0.00022098441339955666
5817,5818,5,1,6574,320,13951.069,32.939999,95.217697,1456,0.0,False,False,False,0.00022163716363501356
5818,5819,5,1,6574,320,13951.139,15.049999,95.217697,794,0.0,False,False,False,0.00022184060809600593
5819,5820,5,1,6574,320,13951.216,36.939999,95.217697,1606,12.0,False,False,False,0.00022306320372333685
5820,5821,5,1,6574,320,13951.301,13.25,95.217697,768,0.0,False,False,False,0.0002233684608725113
5821,5822,5,1,6574,320,13951.312,0.0,95.217697,0,0.0,False,False,False,0.00022354409792441567
5822,5823,5,1,6574,320,13951.312,0.0,95.217697,0,0.0,False,False,False,0.00022354409792441567
5823,5824,5,1,6574,320,13951.312,0.0,95.217697,0,0.0,False,False,False,0.00022354409792441567
5824,5825,5,1,6574,320,13951.318,16.32,95.217697,2184,16.800001,False,False,False,0.00022388982246534232
5825,5826,5,1,6574,320,13951.379,22.41,95.217697,1120,0.0,False,False,False,0.0002243925569969107
5826,5827,5,1,6574,320,13951.451,30.15,95.217697,1640,9.2,False,False,False,0.0002251028869407963
5827,5828,5,1,6574,320,13951.523,20.27,95.217697,1216,10.400001,False,False,False,0.0002253886985171069
5828,5829,5,1,6574,320,13951.581,14.66,95.217697,852,0.0,False,False,False,0.00022576783463934018
5829,5830,5,1,6574,320,13951.612,1.85,95.217697,778,0.0,False,False,False,0.0002261831691442434
5830,5831,5,1,6574,320,13951.613,0.0,95.217697,0,0.0,False,False,False,0.00022626392633408524
5831,5832,5,1,6574,320,13951.613,0.0,95.217697,0,0.0,False,False,False,0.00022626392633408524
5832,5833,5,1,6574,320,13951.613,0.0,95.217697,0,0.0,False,False,False,0.00022626392633408524
5833,5834,5,1,6574,320,13951.613,0.0,99.565536,0,0.0,False,False,False,0.00022626392633408524
5834,5835,5,1,6574,320,13951.622,5.47,99.565536,778,0.0,False,False,False,0.00022655440676311593
5835,5836,5,1,6574,320,13951.66,33.130001,99.565536,2314,33.299999,False,False,False,0.0002275968166643493
5836,5837,5,1,6574,320,13951.768,31.01,99.565536,988,0.0,False,False,False,0.00022838708419720014
5837,5838,5,1,6574,320,13951.837,24.939999,99.565536,1176,0.0,False,False,False,0.00022895057112757788
5838,5839,5,1,6574,320,13951.857,0.0,99.565536,0,0.0,False,False,False,0.00022911537042198598
5839,5840,6,1,6574,316,13947.338,0.0,93.043777,770,0.0,False,False,False,0.00018846560787385568
5840,5841,6,1,6574,316,13947.338,0.0,93.043777,786,0.0,False,False,False,0.00018864326344830476
5841,5842,6,1,6574,316,13947.346,16.529999,93.043777,2288,24.0,False,False,False,0.00018913102671814995
5842,5843,6,1,6574,316,13947.4,5.91,93.043777,794,0.0,False,False,False,0.00018969681110378252
5843,5844,6,1,6574,316,13947.463,23.41,93.043777,1116,0.0,False,False,False,0.0001906245154035968
5844,5845,6,1,6574,316,13947.527,29.91,93.043777,1356,0.0,False,False,False,0.00019145010795763593
5845,5846,6,1,6574,316,13947.592,15.7,93.043777,772,0.0,False,False,False,0.00019164486279331993
5846,5847,6,1,6574,316,13947.651,22.73,93.043777,1108,0.0,False,False,False,0.00019225178119375126
5847,5848,6,1,6574,316,13947.667,0.0,93.043777,0,0.0,False,False,False,0.00019238978176194186
5848,5849,6,1,6574,316,13947.667,0.0,93.043777,0,0.0,False,False,False,0.00019238978176194186
5849,5850,6,1,6574,316,13947.667,0.0,93.043777,0,0.0,False,False,False,0.00019238978176194186
5850,5851,6,1,6574,316,13947.703,22.529999,93.043777,1440,9.5,False,False,False,0.00019303092194306523
5851,5852,6,1,6574,316,13947.78,32.579998,93.043777,1598,0.0,False,False,False,0.00019365908703126725
5852,5853,6,1,6574,316,13947.848,26.23,93.043777,1274,0.0,False,False,False,0.00019422829756263744
5853,5854,6,1,6574,316,13947.9,19.48,93.043777,1398,12.5,False,False,False,0.00019484410957136406
5854,5855,6,1,6574,316,13947.977,32.07,93.043777,1132,0.0,False,False,False,0.0001965386422244441
5855,5856,6,1,6574,316,13948.03,9.32,93.043777,1320,3.2,False,False,False,0.00019717951714205215
5856,5857,6,1,6574,316,13948.044,0.0,93.043777,622,0.0,False,False,False,0.0001974593384320818
5857,5858,6,1,6574,316,13948.044,0.0,93.043777,0,0.0,False,False,False,0.0001974593384320818
5858,5859,6,1,6574,316,13948.044,0.0,93.043777,0,0.0,False,False,False,0.0001974593384320818
5859,5860,6,1,6574,316,13948.044,0.0,93.043777,0,0.0,False,False,False,0.0001974593384320818
5860,5861,6,1,6574,316,13948.044,0.0,93.043777,0,0.0,False,False,False,0.0001974593384320818
5861,5862,6,1,6574,316,13948.044,0.0,93.043777,0,0.0,False,False,False,0.0001974593384320818
5862,5863,6,1,6574,316,13948.049,5.02,93.043777,832,0.0,False,False,False,0.00019770121963153187
5863,5864,6,1,6574,316,13948.056,16.32,93.043777,2084,12.7,False,False,False,0.0001981546995008121
5864,5865,6,1,6574,316,13948.076,12.53,93.043777,2030,25.800001,False,False,False,0.0001985687080635305
5865,5866,6,1,6574,316,13948.13,5.07,93.043777,784,0.0,False,False,False,0.00019938361747291768
5866,5867,6,1,6574,316,13948.131,0.0,93.043777,908,11.900001,False,False,False,0.00019962046381240525
5867,5868,6,1,6574,316,13948.193,35.450001,93.043777,1900,15.400001,False,False,False,0.00020132053517361184
5868,5869,6,1,6574,316,13948.308,42.099998,93.043777,1846,16.300001,False,False,False,0.00020245886032482758
5869,5870,6,1,6574,316,13948.429,45.5,93.043777,1272,0.0,False,False,False,0.00020277102381753402
5870,5871,6,1,6574,316,13948.558,47.579998,93.043777,1868,9.5,False,False,False,0.00020311883717032467
5871,5872,6,1,6574,316,13948.614,0.0,93.043777,0,0.0,False,False,False,0.000203338744713653
5872,5873,6,1,6574,316,13948.614,0.0,93.043777,0,0.0,False,False,False,0.000203338744713653
5873,5874,6,1,6574,316,13948.614,0.0,93.043777,0,0.0,False,False,False,0.000203338744713653
5874,5875,6,1,6574,316,13948.614,0.0,93.043777,0,0.0,False,False,False,0.000203338744713653
5875,5876,6,1,6574,316,13948.619,15.059999,93.043777,2166,23.5,False,False,False,0.00020360749637678277
5876,5877,6,1,6574,316,13948.715,44.379997,93.043777,1882,14.6,False,False,False,0.00020510239814935287
5877,5878,6,1,6574,316,13948.846,48.889999,93.043777,1752,4.7,False,False,False,0.00020586714720721648
5878,5879,6,1,6574,316,13948.975,45.700001,93.043777,1806,8.0,False,False,False,0.00020620968854782892
5879,5880,6,1,6574,316,13949.104,47.98,93.043777,1994,19.4,False,False,False,0.0002066991758627749
5880,5881,6,1,6574,316,13949.174,0.0,93.043777,766,0.0,False,False,False,0.0002069886726860898
5881,5882,6,1,6574,316,13949.174,0.0,93.043777,0,0.0,False,False,False,0.00020701920993960362
5882,5883,6,1,6574,316,13949.174,0.0,93.043777,0,0.0,False,False,False,0.00020701920993960362
5883,5884,6,1,6574,316,13949.174,0.0,93.043777,0,0.0,False,False,False,0.00020701920993960362
5884,5885,6,1,6574,316,13949.186,24.689999,93.043777,3156,28.0,False,False,False,0.00020765694450238873
5885,5886,6,1,6574,316,13949.293,41.799999,93.043777,1228,0.0,False,False,False,0.00020880435987975308
5886,5887,6,1,6574,316,13949.413,44.849998,93.043777,1326,0.0,False,False,False,0.00020906628355733985
5887,5888,6,1,6574,316,13949.528,40.369999,93.043777,1552,0.0,False,False,False,0.00020930863692040903
5888,5889,6,1,6574,316,13949.644,43.849998,93.043777,1610,9.0,False,False,False,0.00020977296818698834
5889,5890,6,1,6574,316,13949.734,4.3,97.500313,772,0.0,False,False,False,0.0002100855051784372
5890,5891,6,1,6574,316,13949.734,0.0,97.500313,0,0.0,False,False,False,0.00021015732935629052
5891,5892,6,1,6574,316,13949.734,0.0,97.391617,0,0.0,False,False,False,0.00021015732935629052
5892,5893,6,1,6574,316,13949.734,0.0,97.391617,0,0.0,False,False,False,0.00021015732935629052
5893,5894,6,1,6574,316,13949.739,13.98,97.391617,1968,17.9,False,False,False,0.00021040985714090128
5894,5895,6,1,6574,316,13949.814,31.33,97.391617,1718,8.3,False,False,False,0.00021121713758064583
5895,5896,6,1,6574,316,13949.913,40.239998,97.391617,1642,7.9,False,False,False,0.00021202031723658514
5896,5897,6,1,6574,316,13949.999,25.269999,97.391617,808,0.0,False,False,False,0.00021224508725145778
5897,5898,6,1,6574,316,13950.056,23.73,97.391617,1274,0.0,False,False,False,0.0002128752117402439
5898,5899,6,1,6574,316,13950.12,18.139999,97.174225,922,0.0,False,False,False,0.00021339232979144325
5899,5900,6,1,6574,316,13950.136,0.0,97.174225,0,0.0,False,False,False,0.00021355357728574935
5900,5901,6,1,6574,316,13950.136,0.0,97.174225,0,0.0,False,False,False,0.00021355357728574935
5901,5902,6,1,6574,316,13950.136,0.0,97.174225,0,0.0,False,False,False,0.00021355357728574935
5902,5903,6,1,6574,316,13950.136,0.0,96.956833,1202,8.8,False,False,False,0.00021357866484851123
5903,5904,6,1,6574,316,13950.201,31.719999,96.848137,1446,0.0,False,False,False,0.00021477111540432972
5904,5905,6,1,6574,316,13950.255,24.67,96.848137,1982,19.200001,False,False,False,0.00021537431578736105
5905,5906,6,1,6574,316,13950.339,32.98,96.848137,1398,0.0,False,False,False,0.00021595733570806358
5906,5907,6,1,6574,316,13950.409,35.450001,96.848137,1824,0.0,False,False,False,0.00021671273489294165
5907,5908,6,1,6574,316,13950.506,19.33,96.848137,780,0.0,False,False,False,0.00021696775960960773
5908,5909,6,1,6574,316,13950.521,0.0,96.848137,0,0.0,False,False,False,0.0002171361817826171
5909,5910,6,1,6574,316,13950.521,0.0,96.848137,0,0.0,False,False,False,0.0002171361817826171
5910,5911,6,1,6574,316,13950.521,0.0,96.848137,0,0.0,False,False,False,0.0002171361817826171
5911,5912,6,1,6574,316,13950.521,0.0,96.848137,1384,13.8,False,False,False,0.00021715954841052814
5912,5913,6,1,6574,316,13950.561,11.79,96.848137,1146,8.400001,False,False,False,0.00021778265528853724
5913,5914,6,1,6574,316,13950.622,33.049999,96.739441,1616,11.0,False,False,False,0.0002186613140751663
5914,5915,6,1,6574,316,13950.726,41.389999,96.630745,1504,8.1,False,False,False,0.00021927803054618475
5915,5916,6,1,6574,316,13950.841,40.559998,96.630745,1204,0.0,False,False,False,0.0002196384692170732
5916,5917,6,1,6574,320,13950.907,5.25,96.630745,782,0.0,False,False,False,0.00021982041594744003
5917,5918,6,1,6574,320,13950.91,0.0,96.630745,0,0.0,False,False,False,0.00022001776100906615
5918,5919,6,1,6574,320,13950.91,0.0,96.630745,0,0.0,False,False,False,0.00022001776100906615
5919,5920,6,1,6574,320,13950.91,0.0,96.195961,0,0.0,False,False,False,0.00022001776100906615
5920,5921,6,1,6574,320,13950.915,16.01,95.652481,2166,17.0,False,False,False,0.00022035283328489312
5921,5922,6,1,6574,320,13950.984,26.299999,95.326393,1436,5.8,False,False,False,0.00022098441339955666
5922,5923,6,1,6574,320,13951.069,32.939999,95.217697,1456,0.0,False,False,False,0.00022163716363501356
5923,5924,6,1,6574,320,13951.139,15.049999,95.217697,794,0.0,False,False,False,0.00022184060809600593
5924,5925,6,1,6574,320,13951.216,36.939999,95.217697,1606,12.0,False,False,False,0.00022306320372333685
5925,5926,6,1,6574,320,13951.301,13.25,95.217697,768,0.0,False,False,False,0.0002233684608725113
5926,5927,6,1,6574,320,13951.312,0.0,95.217697,0,0.0,False,False,False,0.00022354409792441567
5927,5928,6,1,6574,320,13951.312,0.0,95.217697,0,0.0,False,False,False,0.00022354409792441567
5928,5929,6,1,6574,320,13951.312,0.0,95.217697,0,0.0,False,False,False,0.00022354409792441567
5929,5930,6,1,6574,320,13951.318,16.32,95.217697,2184,16.800001,False,False,False,0.00022388982246534232
5930,5931,6,1,6574,320,13951.379,22.41,95.217697,1120,0.0,False,False,False,0.0002243925569969107
5931,5932,6,1,6574,320,13951.451,30.15,95.217697,1640,9.2,False,False,False,0.0002251028869407963
5932,5933,6,1,6574,320,13951.523,20.27,95.217697,1216,10.400001,False,False,False,0.0002253886985171069
5933,5934,6,1,6574,320,13951.581,14.66,95.217697,852,0.0,False,False,False,0.00022576783463934018
5934,5935,6,1,6574,320,13951.612,1.85,95.217697,778,0.0,False,False,False,0.0002261831691442434
5935,5936,6,1,6574,320,13951.613,0.0,95.217697,0,0.0,False,False,False,0.00022626392633408524
5936,5937,6,1,6574,320,13951.613,0.0,95.217697,0,0.0,False,False,False,0.00022626392633408524
5937,5938,6,1,6574,320,13951.613,0.0,95.217697,0,0.0,False,False,False,0.00022626392633408524
5938,5939,6,1,6574,320,13951.613,0.0,99.565536,0,0.0,False,False,False,0.00022626392633408524
5939,5940,6,1,6574,320,13951.622,5.47,99.565536,778,0.0,False,False,False,0.00022655440676311593
5940,5941,6,1,6574,320,13951.66,33.130001,99.565536,2314,33.299999,False,False,False,0.0002275968166643493
5941,5942,6,1,6574,320,13951.768,31.01,99.565536,988,0.0,False,False,False,0.00022838708419720014
5942,5943,6,1,6574,320,13951.837,24.939999,99.565536,1176,0.0,False,False,False,0.00022895057112757788
5943,5944,6,1,6574,320,13951.857,0.0,99.565536,0,0.0,False,False,False,0.00022911537042198598
5944,5945,4,1,6575,316,14051.848,0.0,93.043777,770,0.0,False,False,False,0.00018706400296936252
5945,5946,4,1,6575,316,14051.848,0.0,93.043777,786,0.0,False,False,False,0.00018724033733233294
5946,5947,4,1,6575,316,14051.856,16.529999,93.043777,2288,24.0,False,False,False,0.00018772447394323262
5947,5948,4,1,6575,316,14051.91,5.91,93.043777,794,0.0,False,False,False,0.0001882860560552939
5948,5949,4,1,6575,316,14051.973,23.41,93.043777,1116,0.0,False,False,False,0.00018920686747210004
5949,5950,4,1,6575,316,14052.037,29.91,93.043777,1356,0.0,False,False,False,0.00019002632669365345
5950,5951,4,1,6575,316,14052.102,15.7,93.043777,772,0.0,False,False,False,0.00019021963976351982
5951,5952,4,1,6575,316,14052.161,22.73,93.043777,1108,0.0,False,False,False,0.00019082205064042173
5952,5953,4,1,6575,316,14052.177,0.0,93.043777,0,0.0,False,False,False,0.00019095902656032868
5953,5954,4,1,6575,316,14052.177,0.0,93.043777,0,0.0,False,False,False,0.00019095902656032868
5954,5955,4,1,6575,316,14052.177,0.0,93.043777,0,0.0,False,False,False,0.00019095902656032868
5955,5956,4,1,6575,316,14052.213,22.529999,93.043777,1440,9.5,False,False,False,0.00019159540241793816
5956,5957,4,1,6575,316,14052.29,32.579998,93.043777,1598,0.0,False,False,False,0.00019221890390079476
5957,5958,4,1,6575,316,14052.358,26.23,93.043777,1274,0.0,False,False,False,0.00019278388837742552
5958,5959,4,1,6575,316,14052.41,19.48,93.043777,1398,12.5,False,False,False,0.0001933951261651087
5959,5960,4,1,6575,316,14052.487,32.07,93.043777,1132,0.0,False,False,False,0.00019507706521520248
5960,5961,4,1,6575,316,14052.54,9.32,93.043777,1320,3.2,False,False,False,0.0001957131797397666
5961,5962,4,1,6575,316,14052.554,0.0,93.043777,622,0.0,False,False,False,0.0001959909215846753
5962,5963,4,1,6575,316,14052.554,0.0,93.043777,0,0.0,False,False,False,0.0001959909215846753
5963,5964,4,1,6575,316,14052.554,0.0,93.043777,0,0.0,False,False,False,0.0001959909215846753
5964,5965,4,1,6575,316,14052.554,0.0,93.043777,0,0.0,False,False,False,0.0001959909215846753
5965,5966,4,1,6575,316,14052.554,0.0,93.043777,0,0.0,False,False,False,0.0001959909215846753
5966,5967,4,1,6575,316,14052.554,0.0,93.043777,0,0.0,False,False,False,0.0001959909215846753
5967,5968,4,1,6575,316,14052.559,5.02,93.043777,832,0.0,False,False,False,0.00019623100454482743
5968,5969,4,1,6575,316,14052.566,16.32,93.043777,2084,12.7,False,False,False,0.00019668111282218333
5969,5970,4,1,6575,316,14052.586,12.53,93.043777,2030,25.800001,False,False,False,0.00019709204469236534
5970,5971,4,1,6575,316,14052.64,5.07,93.043777,784,0.0,False,False,False,0.0001979008996957372
5971,5972,4,1,6575,316,14052.641,0.0,93.043777,908,11.900001,False,False,False,0.0001981359848312619
5972,5973,4,1,6575,316,14052.703,35.450001,93.043777,1900,15.400001,False,False,False,0.00019982342020462507
5973,5974,4,1,6575,316,14052.818,42.099998,93.043777,1846,16.300001,False,False,False,0.0002009532925501099
5974,5975,4,1,6575,316,14052.939,45.5,93.043777,1272,0.0,False,False,False,0.00020126314764849909
5975,5976,4,1,6575,316,14053.068,47.579998,93.043777,1868,9.5,False,False,False,0.00020160838840398382
5976,5977,4,1,6575,316,14053.124,0.0,93.043777,0,0.0,False,False,False,0.00020182666667805123
5977,5978,4,1,6575,316,14053.124,0.0,93.043777,0,0.0,False,False,False,0.00020182666667805123
5978,5979,4,1,6575,316,14053.124,0.0,93.043777,0,0.0,False,False,False,0.00020182666667805123
5979,5980,4,1,6575,316,14053.124,0.0,93.043777,0,0.0,False,False,False,0.00020182666667805123
5980,5981,4,1,6575,316,14053.129,15.059999,93.043777,2166,23.5,False,False,False,0.0002020934203748948
5981,5982,4,1,6575,316,14053.225,44.379997,93.043777,1882,14.6,False,False,False,0.00020357721610405412
5982,5983,4,1,6575,316,14053.356,48.889999,93.043777,1752,4.7,False,False,False,0.00020433629260565192
5983,5984,4,1,6575,316,14053.485,45.700001,93.043777,1806,8.0,False,False,False,0.0002046763008391983
5984,5985,4,1,6575,316,14053.614,47.98,93.043777,1994,19.4,False,False,False,0.00020516216240446019
5985,5986,4,1,6575,316,14053.684,0.0,93.043777,766,0.0,False,False,False,0.0002054495141975444
5986,5987,4,1,6575,316,14053.684,0.0,93.043777,0,0.0,False,False,False,0.0002054798243774104
5987,5988,4,1,6575,316,14053.684,0.0,93.043777,0,0.0,False,False,False,0.0002054798243774104
5988,5989,4,1,6575,316,14053.684,0.0,93.043777,0,0.0,False,False,False,0.0002054798243774104
5989,5990,4,1,6575,316,14053.696,24.689999,93.043777,3156,28.0,False,False,False,0.0002061128180929705
5990,5991,4,1,6575,316,14053.803,41.799999,93.043777,1228,0.0,False,False,False,0.00020725171316880075
5991,5992,4,1,6575,316,14053.923,44.849998,93.043777,1326,0.0,False,False,False,0.00020751170248317974
5992,5993,4,1,6575,316,14054.038,40.369999,93.043777,1552,0.0,False,False,False,0.00020775226648266621
5993,5994,4,1,6575,316,14054.154,43.849998,93.043777,1610,9.0,False,False,False,0.00020821315796326384
5994,5995,4,1,6575,316,14054.244,4.3,97.500313,772,0.0,False,False,False,0.0002085233810241928
5995,5996,4,1,6575,316,14054.244,0.0,97.500313,0,0.0,False,False,False,0.00020859467114195954
5996,5997,4,1,6575,316,14054.244,0.0,97.391617,0,0.0,False,False,False,0.00020859467114195954
5997,5998,4,1,6575,316,14054.244,0.0,97.391617,0,0.0,False,False,False,0.00020859467114195954
5998,5999,4,1,6575,316,14054.249,13.98,97.391617,1968,17.9,False,False,False,0.00020884532177267012
5999,6000,4,1,6575,316,14054.324,31.33,97.391617,1718,8.3,False,False,False,0.00020964660793305084
6000,6001,4,1,6575,316,14054.423,40.239998,97.391617,1642,7.9,False,False,False,0.00021044382655719432
6001,6002,4,1,6575,316,14054.509,25.269999,97.391617,808,0.0,False,False,False,0.00021066693493632997
6002,6003,4,1,6575,316,14054.566,23.73,97.391617,1274,0.0,False,False,False,0.00021129238054163027
6003,6004,4,1,6575,316,14054.63,18.139999,97.174225,922,0.0,False,False,False,0.00021180566079215236
6004,6005,4,1,6575,316,14054.646,0.0,97.174225,0,0.0,False,False,False,0.0002119657111455425
6005,6006,4,1,6575,316,14054.646,0.0,97.174225,0,0.0,False,False,False,0.0002119657111455425
6006,6007,4,1,6575,316,14054.646,0.0,97.174225,0,0.0,False,False,False,0.0002119657111455425
6007,6008,4,1,6575,316,14054.646,0.0,96.956833,1202,8.8,False,False,False,0.00021199061217108055
6008,6009,4,1,6575,316,14054.711,31.719999,96.848137,1446,0.0,False,False,False,0.00021317420370979456
6009,6010,4,1,6575,316,14054.765,24.67,96.848137,1982,19.200001,False,False,False,0.00021377292520186557
6010,6011,4,1,6575,316,14054.849,32.98,96.848137,1398,0.0,False,False,False,0.00021435161974207322
6011,6012,4,1,6575,316,14054.919,35.450001,96.848137,1824,0.0,False,False,False,0.00021510141030266325
6012,6013,4,1,6575,316,14055.016,19.33,96.848137,780,0.0,False,False,False,0.00021535454996636315
6013,6014,4,1,6575,316,14055.031,0.0,96.848137,0,0.0,False,False,False,0.0002155217216012116
6014,6015,4,1,6575,316,14055.031,0.0,96.848137,0,0.0,False,False,False,0.0002155217216012116
6015,6016,4,1,6575,316,14055.031,0.0,96.848137,0,0.0,False,False,False,0.0002155217216012116
6016,6017,4,1,6575,316,14055.031,0.0,96.848137,1384,13.8,False,False,False,0.00021554491449257617
6017,6018,4,1,6575,316,14055.071,11.79,96.848137,1146,8.400001,False,False,False,0.00021616339302782406
6018,6019,4,1,6575,316,14055.132,33.049999,96.739441,1616,11.0,False,False,False,0.00021703552584736681
6019,6020,4,1,6575,316,14055.236,41.389999,96.630745,1504,8.1,False,False,False,0.0002176476689776694
6020,6021,4,1,6575,316,14055.351,40.559998,96.630745,1204,0.0,False,False,False,0.0002180054410991871
6021,6022,4,1,6575,320,14055.417,5.25,96.630745,782,0.0,False,False,False,0.00021818604271629108
6022,6023,4,1,6575,320,14055.42,0.0,96.630745,0,0.0,False,False,False,0.00021838192085893847
6023,6024,4,1,6575,320,14055.42,0.0,96.630745,0,0.0,False,False,False,0.00021838192085893847
6024,6025,4,1,6575,320,14055.42,0.0,96.195961,0,0.0,False,False,False,0.00021838192085893847
6025,6026,4,1,6575,320,14055.425,16.01,95.652481,2166,17.0,False,False,False,0.0002187145024428331
6026,6027,4,1,6575,320,14055.494,26.299999,95.326393,1436,5.8,False,False,False,0.00021934139480299996
6027,6028,4,1,6575,320,14055.579,32.939999,95.217697,1456,0.0,False,False,False,0.00021998930180664868
6028,6029,4,1,6575,320,14055.649,15.049999,95.217697,794,0.0,False,False,False,0.00022019124188133317
6029,6030,4,1,6575,320,14055.726,36.939999,95.217697,1606,12.0,False,False,False,0.00022140475669796793
6030,6031,4,1,6575,320,14055.811,13.25,95.217697,768,0.0,False,False,False,0.00022170775434058264
6031,6032,4,1,6575,320,14055.822,0.0,95.217697,0,0.0,False,False,False,0.00022188208686145416
6032,6033,4,1,6575,320,14055.822,0.0,95.217697,0,0.0,False,False,False,0.00022188208686145416
6033,6034,4,1,6575,320,14055.822,0.0,95.217697,0,0.0,False,False,False,0.00022188208686145416
6034,6035,4,1,6575,320,14055.828,16.32,95.217697,2184,16.800001,False,False,False,0.00022222524171171477
6035,6036,4,1,6575,320,14055.889,22.41,95.217697,1120,0.0,False,False,False,0.00022272424574171427
6036,6037,4,1,6575,320,14055.961,30.15,95.217697,1640,9.2,False,False,False,0.0002234293031047038
6037,6038,4,1,6575,320,14056.033,20.27,95.217697,1216,10.400001,False,False,False,0.00022371299832617595
6038,6039,4,1,6575,320,14056.091,14.66,95.217697,852,0.0,False,False,False,0.000224089322605936
6039,6040,4,1,6575,320,14056.122,1.85,95.217697,778,0.0,False,False,False,0.0002245015729393257
6040,6041,4,1,6575,320,14056.123,0.0,95.217697,0,0.0,False,False,False,0.00022458172984614276
6041,6042,4,1,6575,320,14056.123,0.0,95.217697,0,0.0,False,False,False,0.00022458172984614276
6042,6043,4,1,6575,320,14056.123,0.0,95.217697,0,0.0,False,False,False,0.00022458172984614276
6043,6044,4,1,6575,320,14056.123,0.0,99.565536,0,0.0,False,False,False,0.00022458172984614276
6044,6045,4,1,6575,320,14056.132,5.47,99.565536,778,0.0,False,False,False,0.00022487005172890174
6045,6046,4,1,6575,320,14056.17,33.130001,99.565536,2314,33.299999,False,False,False,0.00022590471624089344
6046,6047,4,1,6575,320,14056.278,31.01,99.565536,988,0.0,False,False,False,0.00022668912146434037
6047,6048,4,1,6575,320,14056.347,24.939999,99.565536,1176,0.0,False,False,False,0.00022724842745932075
6048,6049,4,1,6575,320,14056.367,0.0,99.565536,0,0.0,False,False,False,0.00022741200396916435
6049,6050,5,1,6575,316,13951.857,0.0,93.043777,770,0.0,False,False,False,0.00018840456832604248
6050,6051,5,1,6575,316,13951.857,0.0,93.043777,786,0.0,False,False,False,0.0001885821663620576
6051,6052,5,1,6575,316,13951.865,16.529999,93.043777,2288,24.0,False,False,False,0.00018906977169205036
6052,6053,5,1,6575,316,13951.919,5.91,93.043777,794,0.0,False,False,False,0.0001896353730713982
6053,6054,5,1,6575,316,13951.982,23.41,93.043777,1116,0.0,False,False,False,0.00019056277718985088
6054,6055,5,1,6575,316,13952.046,29.91,93.043777,1356,0.0,False,False,False,0.00019138810264081402
6055,6056,5,1,6575,316,13952.111,15.7,93.043777,772,0.0,False,False,False,0.00019158279469001573
6056,6057,5,1,6575,316,13952.17,22.73,93.043777,1108,0.0,False,False,False,0.0001921895167908081
6057,6058,5,1,6575,316,13952.186,0.0,93.043777,0,0.0,False,False,False,0.0001923274727363342
6058,6059,5,1,6575,316,13952.186,0.0,93.043777,0,0.0,False,False,False,0.0001923274727363342
6059,6060,5,1,6575,316,13952.186,0.0,93.043777,0,0.0,False,False,False,0.0001923274727363342
6060,6061,5,1,6575,316,13952.222,22.529999,93.043777,1440,9.5,False,False,False,0.0001929684054335264
6061,6062,5,1,6575,316,13952.299,32.579998,93.043777,1598,0.0,False,False,False,0.00019359636742536656
6062,6063,5,1,6575,316,13952.367,26.23,93.043777,1274,0.0,False,False,False,0.00019416539391531808
6063,6064,5,1,6575,316,13952.419,19.48,93.043777,1398,12.5,False,False,False,0.00019478100671957175
6064,6065,5,1,6575,316,13952.496,32.07,93.043777,1132,0.0,False,False,False,0.00019647499092700495
6065,6066,5,1,6575,316,13952.549,9.32,93.043777,1320,3.2,False,False,False,0.00019711565853246365
6066,6067,5,1,6575,316,13952.563,0.0,93.043777,622,0.0,False,False,False,0.00019739538926365975
6067,6068,5,1,6575,316,13952.563,0.0,93.043777,0,0.0,False,False,False,0.00019739538926365975
6068,6069,5,1,6575,316,13952.563,0.0,93.043777,0,0.0,False,False,False,0.00019739538926365975
6069,6070,5,1,6575,316,13952.563,0.0,93.043777,0,0.0,False,False,False,0.00019739538926365975
6070,6071,5,1,6575,316,13952.563,0.0,93.043777,0,0.0,False,False,False,0.00019739538926365975
6071,6072,5,1,6575,316,13952.563,0.0,93.043777,0,0.0,False,False,False,0.00019739538926365975
6072,6073,5,1,6575,316,13952.568,5.02,93.043777,832,0.0,False,False,False,0.0001976371921504235
6073,6074,5,1,6575,316,13952.575,16.32,93.043777,2084,12.7,False,False,False,0.00019809052518798945
6074,6075,5,1,6575,316,13952.595,12.53,93.043777,2030,25.800001,False,False,False,0.00019850439976221181
6075,6076,5,1,6575,316,13952.649,5.07,93.043777,784,0.0,False,False,False,0.00019931904550558784
6076,6077,5,1,6575,316,13952.65,0.0,93.043777,908,11.900001,False,False,False,0.00019955581514514124
6077,6078,5,1,6575,316,13952.712,35.450001,93.043777,1900,15.400001,False,False,False,0.00020125533621447828
6078,6079,5,1,6575,316,13952.827,42.099998,93.043777,1846,16.300001,False,False,False,0.00020239329325209496
6079,6080,5,1,6575,316,13952.948,45.5,93.043777,1272,0.0,False,False,False,0.00020270535621889948
6080,6081,5,1,6575,316,13953.077,47.579998,93.043777,1868,9.5,False,False,False,0.00020305305754010102
6081,6082,5,1,6575,316,13953.133,0.0,93.043777,0,0.0,False,False,False,0.00020327289413107932
6082,6083,5,1,6575,316,13953.133,0.0,93.043777,0,0.0,False,False,False,0.00020327289413107932
6083,6084,5,1,6575,316,13953.133,0.0,93.043777,0,0.0,False,False,False,0.00020327289413107932
6084,6085,5,1,6575,316,13953.133,0.0,93.043777,0,0.0,False,False,False,0.00020327289413107932
6085,6086,5,1,6575,316,13953.138,15.059999,93.043777,2166,23.5,False,False,False,0.0002035415587834949
6086,6087,5,1,6575,316,13953.234,44.379997,93.043777,1882,14.6,False,False,False,0.00020503597689418136
6087,6088,5,1,6575,316,13953.365,48.889999,93.043777,1752,4.7,False,False,False,0.00020580047891824527
6088,6089,5,1,6575,316,13953.494,45.700001,93.043777,1806,8.0,False,False,False,0.00020614290994714677
6089,6090,5,1,6575,316,13953.623,47.98,93.043777,1994,19.4,False,False,False,0.0002066322393661226
6090,6091,5,1,6575,316,13953.693,0.0,93.043777,766,0.0,False,False,False,0.0002069216427763764
6091,6092,5,1,6575,316,13953.693,0.0,93.043777,0,0.0,False,False,False,0.00020695217014089814
6092,6093,5,1,6575,316,13953.693,0.0,93.043777,0,0.0,False,False,False,0.00020695217014089814
6093,6094,5,1,6575,316,13953.693,0.0,93.043777,0,0.0,False,False,False,0.00020695217014089814
6094,6095,5,1,6575,316,13953.705,24.689999,93.043777,3156,28.0,False,False,False,0.00020758969824156084
6095,6096,5,1,6575,316,13953.812,41.799999,93.043777,1228,0.0,False,False,False,0.00020873674256593355
6096,6097,5,1,6575,316,13953.932,44.849998,93.043777,1326,0.0,False,False,False,0.00020899858200670559
6097,6098,5,1,6575,316,13954.047,40.369999,93.043777,1552,0.0,False,False,False,0.00020924085744748836
6098,6099,5,1,6575,316,13954.163,43.849998,93.043777,1610,9.0,False,False,False,0.00020970503891642108
6099,6100,5,1,6575,316,13954.253,4.3,97.500313,772,0.0,False,False,False,0.00021001747514000642
6100,6101,5,1,6575,316,13954.253,0.0,97.500313,0,0.0,False,False,False,0.00021008927605970312
6101,6102,5,1,6575,316,13954.253,0.0,97.391617,0,0.0,False,False,False,0.00021008927605970312
6102,6103,5,1,6575,316,13954.253,0.0,97.391617,0,0.0,False,False,False,0.00021008927605970312
6103,6104,5,1,6575,316,13954.258,13.98,97.391617,1968,17.9,False,False,False,0.00021034172209499817
6104,6105,5,1,6575,316,13954.333,31.33,97.391617,1718,8.3,False,False,False,0.00021114874148828983
6105,6106,5,1,6575,316,13954.432,40.239998,97.391617,1642,7.9,False,False,False,0.00021195166154655762
6106,6107,5,1,6575,316,13954.518,25.269999,97.391617,808,0.0,False,False,False,0.00021217635920071188
6107,6108,5,1,6575,316,13954.575,23.73,97.391617,1274,0.0,False,False,False,0.00021280627992755583
6108,6109,5,1,6575,316,13954.639,18.139999,97.174225,922,0.0,False,False,False,0.00021332323084596844
6109,6110,5,1,6575,316,13954.655,0.0,97.174225,0,0.0,False,False,False,0.00021348442620572092
6110,6111,5,1,6575,316,13954.655,0.0,97.174225,0,0.0,False,False,False,0.00021348442620572092
6111,6112,5,1,6575,316,13954.655,0.0,97.174225,0,0.0,False,False,False,0.00021348442620572092
6112,6113,5,1,6575,316,13954.655,0.0,96.956833,1202,8.8,False,False,False,0.0002135095056448443
6113,6114,5,1,6575,316,13954.72,31.719999,96.848137,1446,0.0,False,False,False,0.0002147015703955081
6114,6115,5,1,6575,316,13954.774,24.67,96.848137,1982,19.200001,False,False,False,0.00021530457572614746
6115,6116,5,1,6575,316,13954.858,32.98,96.848137,1398,0.0,False,False,False,0.00021588740728087087
6116,6117,5,1,6575,316,13954.928,35.450001,96.848137,1824,0.0,False,False,False,0.00021664256221442244
6117,6118,5,1,6575,316,13955.025,19.33,96.848137,780,0.0,False,False,False,0.0002168975048410991
6118,6119,5,1,6575,316,13955.04,0.0,96.848137,0,0.0,False,False,False,0.0002170658725541056
6119,6120,5,1,6575,316,13955.04,0.0,96.848137,0,0.0,False,False,False,0.0002170658725541056
6120,6121,5,1,6575,316,13955.04,0.0,96.848137,0,0.0,False,False,False,0.0002170658725541056
6121,6122,5,1,6575,316,13955.04,0.0,96.848137,1384,13.8,False,False,False,0.00021708923161584516
6122,6123,5,1,6575,316,13955.08,11.79,96.848137,1146,8.400001,False,False,False,0.00021771213693243374
6123,6124,5,1,6575,316,13955.141,33.049999,96.739441,1616,11.0,False,False,False,0.00021859051151747462
6124,6125,5,1,6575,316,13955.245,41.389999,96.630745,1504,8.1,False,False,False,0.00021920702882473043
6125,6126,5,1,6575,316,13955.36,40.559998,96.630745,1204,0.0,False,False,False,0.00021956735137242087
6126,6127,5,1,6575,320,13955.426,5.25,96.630745,782,0.0,False,False,False,0.00021974923952593596
6127,6128,5,1,6575,320,13955.429,0.0,96.630745,0,0.0,False,False,False,0.0002199465207038276
6128,6129,5,1,6575,320,13955.429,0.0,96.630745,0,0.0,False,False,False,0.0002199465207038276
6129,6130,5,1,6575,320,13955.429,0.0,96.195961,0,0.0,False,False,False,0.0002199465207038276
6130,6131,5,1,6575,320,13955.434,16.01,95.652481,2166,17.0,False,False,False,0.0002202814845110148
6131,6132,5,1,6575,320,13955.503,26.299999,95.326393,1436,5.8,False,False,False,0.00022091286047801515
6132,6133,5,1,6575,320,13955.588,32.939999,95.217697,1456,0.0,False,False,False,0.00022156539979542277
6133,6134,5,1,6575,320,13955.658,15.049999,95.217697,794,0.0,False,False,False,0.00022176877874344991
6134,6135,5,1,6575,320,13955.735,36.939999,95.217697,1606,12.0,False,False,False,0.00022299097890731608
6135,6136,5,1,6575,320,13955.82,13.25,95.217697,768,0.0,False,False,False,0.000223296137658865
6136,6137,5,1,6575,320,13955.831,0.0,95.217697,0,0.0,False,False,False,0.0002234717178992853
6137,6138,5,1,6575,320,13955.831,0.0,95.217697,0,0.0,False,False,False,0.0002234717178992853
6138,6139,5,1,6575,320,13955.831,0.0,95.217697,0,0.0,False,False,False,0.0002234717178992853
6139,6140,5,1,6575,320,13955.837,16.32,95.217697,2184,16.800001,False,False,False,0.00022381733053126578
6140,6141,5,1,6575,320,13955.898,22.41,95.217697,1120,0.0,False,False,False,0.00022431990260299962
6141,6142,5,1,6575,320,13955.97,30.15,95.217697,1640,9.2,False,False,False,0.0002250300029304355
6142,6143,5,1,6575,320,13956.042,20.27,95.217697,1216,10.400001,False,False,False,0.0002253157223428861
6143,6144,5,1,6575,320,13956.1,14.66,95.217697,852,0.0,False,False,False,0.00022569473601249541
6144,6145,5,1,6575,320,13956.131,1.85,95.217697,778,0.0,False,False,False,0.00022610993620393762
6145,6146,5,1,6575,320,13956.132,0.0,95.217697,0,0.0,False,False,False,0.00022619066725169612
6146,6147,5,1,6575,320,13956.132,0.0,95.217697,0,0.0,False,False,False,0.00022619066725169612
6147,6148,5,1,6575,320,13956.132,0.0,95.217697,0,0.0,False,False,False,0.00022619066725169612
6148,6149,5,1,6575,320,13956.132,0.0,99.565536,0,0.0,False,False,False,0.00022619066725169612
6149,6150,5,1,6575,320,13956.141,5.47,99.565536,778,0.0,False,False,False,0.00022648105367711053
6150,6151,5,1,6575,320,13956.179,33.130001,99.565536,2314,33.299999,False,False,False,0.00022752312627071704
6151,6152,5,1,6575,320,13956.287,31.01,99.565536,988,0.0,False,False,False,0.00022831313850607212
6152,6153,5,1,6575,320,13956.356,24.939999,99.565536,1176,0.0,False,False,False,0.0002288764433607626
6153,6154,5,1,6575,320,13956.376,0.0,99.565536,0,0.0,False,False,False,0.0002290411894040828
6154,6155,6,1,6575,316,13951.857,0.0,93.043777,770,0.0,False,False,False,0.00018840456832604248
6155,6156,6,1,6575,316,13951.857,0.0,93.043777,786,0.0,False,False,False,0.0001885821663620576
6156,6157,6,1,6575,316,13951.865,16.529999,93.043777,2288,24.0,False,False,False,0.00018906977169205036
6157,6158,6,1,6575,316,13951.919,5.91,93.043777,794,0.0,False,False,False,0.0001896353730713982
6158,6159,6,1,6575,316,13951.982,23.41,93.043777,1116,0.0,False,False,False,0.00019056277718985088
6159,6160,6,1,6575,316,13952.046,29.91,93.043777,1356,0.0,False,False,False,0.00019138810264081402
6160,6161,6,1,6575,316,13952.111,15.7,93.043777,772,0.0,False,False,False,0.00019158279469001573
6161,6162,6,1,6575,316,13952.17,22.73,93.043777,1108,0.0,False,False,False,0.0001921895167908081
6162,6163,6,1,6575,316,13952.186,0.0,93.043777,0,0.0,False,False,False,0.0001923274727363342
6163,6164,6,1,6575,316,13952.186,0.0,93.043777,0,0.0,False,False,False,0.0001923274727363342
6164,6165,6,1,6575,316,13952.186,0.0,93.043777,0,0.0,False,False,False,0.0001923274727363342
6165,6166,6,1,6575,316,13952.222,22.529999,93.043777,1440,9.5,False,False,False,0.0001929684054335264
6166,6167,6,1,6575,316,13952.299,32.579998,93.043777,1598,0.0,False,False,False,0.00019359636742536656
6167,6168,6,1,6575,316,13952.367,26.23,93.043777,1274,0.0,False,False,False,0.00019416539391531808
6168,6169,6,1,6575,316,13952.419,19.48,93.043777,1398,12.5,False,False,False,0.00019478100671957175
6169,6170,6,1,6575,316,13952.496,32.07,93.043777,1132,0.0,False,False,False,0.00019647499092700495
6170,6171,6,1,6575,316,13952.549,9.32,93.043777,1320,3.2,False,False,False,0.00019711565853246365
6171,6172,6,1,6575,316,13952.563,0.0,93.043777,622,0.0,False,False,False,0.00019739538926365975
6172,6173,6,1,6575,316,13952.563,0.0,93.043777,0,0.0,False,False,False,0.00019739538926365975
6173,6174,6,1,6575,316,13952.563,0.0,93.043777,0,0.0,False,False,False,0.00019739538926365975
6174,6175,6,1,6575,316,13952.563,0.0,93.043777,0,0.0,False,False,False,0.00019739538926365975
6175,6176,6,1,6575,316,13952.563,0.0,93.043777,0,0.0,False,False,False,0.00019739538926365975
6176,6177,6,1,6575,316,13952.563,0.0,93.043777,0,0.0,False,False,False,0.00019739538926365975
6177,6178,6,1,6575,316,13952.568,5.02,93.043777,832,0.0,False,False,False,0.0001976371921504235
6178,6179,6,1,6575,316,13952.575,16.32,93.043777,2084,12.7,False,False,False,0.00019809052518798945
6179,6180,6,1,6575,316,13952.595,12.53,93.043777,2030,25.800001,False,False,False,0.00019850439976221181
6180,6181,6,1,6575,316,13952.649,5.07,93.043777,784,0.0,False,False,False,0.00019931904550558784
6181,6182,6,1,6575,316,13952.65,0.0,93.043777,908,11.900001,False,False,False,0.00019955581514514124
6182,6183,6,1,6575,316,13952.712,35.450001,93.043777,1900,15.400001,False,False,False,0.00020125533621447828
6183,6184,6,1,6575,316,13952.827,42.099998,93.043777,1846,16.300001,False,False,False,0.00020239329325209496
6184,6185,6,1,6575,316,13952.948,45.5,93.043777,1272,0.0,False,False,False,0.00020270535621889948
6185,6186,6,1,6575,316,13953.077,47.579998,93.043777,1868,9.5,False,False,False,0.00020305305754010102
6186,6187,6,1,6575,316,13953.133,0.0,93.043777,0,0.0,False,False,False,0.00020327289413107932
6187,6188,6,1,6575,316,13953.133,0.0,93.043777,0,0.0,False,False,False,0.00020327289413107932
6188,6189,6,1,6575,316,13953.133,0.0,93.043777,0,0.0,False,False,False,0.00020327289413107932
6189,6190,6,1,6575,316,13953.133,0.0,93.043777,0,0.0,False,False,False,0.00020327289413107932
6190,6191,6,1,6575,316,13953.138,15.059999,93.043777,2166,23.5,False,False,False,0.0002035415587834949
6191,6192,6,1,6575,316,13953.234,44.379997,93.043777,1882,14.6,False,False,False,0.00020503597689418136
6192,6193,6,1,6575,316,13953.365,48.889999,93.043777,1752,4.7,False,False,False,0.00020580047891824527
6193,6194,6,1,6575,316,13953.494,45.700001,93.043777,1806,8.0,False,False,False,0.00020614290994714677
6194,6195,6,1,6575,316,13953.623,47.98,93.043777,1994,19.4,False,False,False,0.0002066322393661226
6195,6196,6,1,6575,316,13953.693,0.0,93.043777,766,0.0,False,False,False,0.0002069216427763764
6196,6197,6,1,6575,316,13953.693,0.0,93.043777,0,0.0,False,False,False,0.00020695217014089814
6197,6198,6,1,6575,316,13953.693,0.0,93.043777,0,0.0,False,False,False,0.00020695217014089814
6198,6199,6,1,6575,316,13953.693,0.0,93.043777,0,0.0,False,False,False,0.00020695217014089814
6199,6200,6,1,6575,316,13953.705,24.689999,93.043777,3156,28.0,False,False,False,0.00020758969824156084
6200,6201,6,1,6575,316,13953.812,41.799999,93.043777,1228,0.0,False,False,False,0.00020873674256593355
6201,6202,6,1,6575,316,13953.932,44.849998,93.043777,1326,0.0,False,False,False,0.00020899858200670559
6202,6203,6,1,6575,316,13954.047,40.369999,93.043777,1552,0.0,False,False,False,0.00020924085744748836
6203,6204,6,1,6575,316,13954.163,43.849998,93.043777,1610,9.0,False,False,False,0.00020970503891642108
6204,6205,6,1,6575,316,13954.253,4.3,97.500313,772,0.0,False,False,False,0.00021001747514000642
6205,6206,6,1,6575,316,13954.253,0.0,97.500313,0,0.0,False,False,False,0.00021008927605970312
6206,6207,6,1,6575,316,13954.253,0.0,97.391617,0,0.0,False,False,False,0.00021008927605970312
6207,6208,6,1,6575,316,13954.253,0.0,97.391617,0,0.0,False,False,False,0.00021008927605970312
6208,6209,6,1,6575,316,13954.258,13.98,97.391617,1968,17.9,False,False,False,0.00021034172209499817
6209,6210,6,1,6575,316,13954.333,31.33,97.391617,1718,8.3,False,False,False,0.00021114874148828983
6210,6211,6,1,6575,316,13954.432,40.239998,97.391617,1642,7.9,False,False,False,0.00021195166154655762
6211,6212,6,1,6575,316,13954.518,25.269999,97.391617,808,0.0,False,False,False,0.00021217635920071188
6212,6213,6,1,6575,316,13954.575,23.73,97.391617,1274,0.0,False,False,False,0.00021280627992755583
6213,6214,6,1,6575,316,13954.639,18.139999,97.174225,922,0.0,False,False,False,0.00021332323084596844
6214,6215,6,1,6575,316,13954.655,0.0,97.174225,0,0.0,False,False,False,0.00021348442620572092
6215,6216,6,1,6575,316,13954.655,0.0,97.174225,0,0.0,False,False,False,0.00021348442620572092
6216,6217,6,1,6575,316,13954.655,0.0,97.174225,0,0.0,False,False,False,0.00021348442620572092
6217,6218,6,1,6575,316,13954.655,0.0,96.956833,1202,8.8,False,False,False,0.0002135095056448443
6218,6219,6,1,6575,316,13954.72,31.719999,96.848137,1446,0.0,False,False,False,0.0002147015703955081
6219,6220,6,1,6575,316,13954.774,24.67,96.848137,1982,19.200001,False,False,False,0.00021530457572614746
6220,6221,6,1,6575,316,13954.858,32.98,96.848137,1398,0.0,False,False,False,0.00021588740728087087
6221,6222,6,1,6575,316,13954.928,35.450001,96.848137,1824,0.0,False,False,False,0.00021664256221442244
6222,6223,6,1,6575,316,13955.025,19.33,96.848137,780,0.0,False,False,False,0.0002168975048410991
6223,6224,6,1,6575,316,13955.04,0.0,96.848137,0,0.0,False,False,False,0.0002170658725541056
6224,6225,6,1,6575,316,13955.04,0.0,96.848137,0,0.0,False,False,False,0.0002170658725541056
6225,6226,6,1,6575,316,13955.04,0.0,96.848137,0,0.0,False,False,False,0.0002170658725541056
6226,6227,6,1,6575,316,13955.04,0.0,96.848137,1384,13.8,False,False,False,0.00021708923161584516
6227,6228,6,1,6575,316,13955.08,11.79,96.848137,1146,8.400001,False,False,False,0.00021771213693243374
6228,6229,6,1,6575,316,13955.141,33.049999,96.739441,1616,11.0,False,False,False,0.00021859051151747462
6229,6230,6,1,6575,316,13955.245,41.389999,96.630745,1504,8.1,False,False,False,0.00021920702882473043
6230,6231,6,1,6575,316,13955.36,40.559998,96.630745,1204,0.0,False,False,False,0.00021956735137242087
6231,6232,6,1,6575,320,13955.426,5.25,96.630745,782,0.0,False,False,False,0.00021974923952593596
6232,6233,6,1,6575,320,13955.429,0.0,96.630745,0,0.0,False,False,False,0.0002199465207038276
6233,6234,6,1,6575,320,13955.429,0.0,96.630745,0,0.0,False,False,False,0.0002199465207038276
6234,6235,6,1,6575,320,13955.429,0.0,96.195961,0,0.0,False,False,False,0.0002199465207038276
6235,6236,6,1,6575,320,13955.434,16.01,95.652481,2166,17.0,False,False,False,0.0002202814845110148
6236,6237,6,1,6575,320,13955.503,26.299999,95.326393,1436,5.8,False,False,False,0.00022091286047801515
6237,6238,6,1,6575,320,13955.588,32.939999,95.217697,1456,0.0,False,False,False,0.00022156539979542277
6238,6239,6,1,6575,320,13955.658,15.049999,95.217697,794,0.0,False,False,False,0.00022176877874344991
6239,6240,6,1,6575,320,13955.735,36.939999,95.217697,1606,12.0,False,False,False,0.00022299097890731608
6240,6241,6,1,6575,320,13955.82,13.25,95.217697,768,0.0,False,False,False,0.000223296137658865
6241,6242,6,1,6575,320,13955.831,0.0,95.217697,0,0.0,False,False,False,0.0002234717178992853
6242,6243,6,1,6575,320,13955.831,0.0,95.217697,0,0.0,False,False,False,0.0002234717178992853
6243,6244,6,1,6575,320,13955.831,0.0,95.217697,0,0.0,False,False,False,0.0002234717178992853
6244,6245,6,1,6575,320,13955.837,16.32,95.217697,2184,16.800001,False,False,False,0.00022381733053126578
6245,6246,6,1,6575,320,13955.898,22.41,95.217697,1120,0.0,False,False,False,0.00022431990260299962
6246,6247,6,1,6575,320,13955.97,30.15,95.217697,1640,9.2,False,False,False,0.0002250300029304355
6247,6248,6,1,6575,320,13956.042,20.27,95.217697,1216,10.400001,False,False,False,0.0002253157223428861
6248,6249,6,1,6575,320,13956.1,14.66,95.217697,852,0.0,False,False,False,0.00022569473601249541
6249,6250,6,1,6575,320,13956.131,1.85,95.217697,778,0.0,False,False,False,0.00022610993620393762
6250,6251,6,1,6575,320,13956.132,0.0,95.217697,0,0.0,False,False,False,0.00022619066725169612
6251,6252,6,1,6575,320,13956.132,0.0,95.217697,0,0.0,False,False,False,0.00022619066725169612
6252,6253,6,1,6575,320,13956.132,0.0,95.217697,0,0.0,False,False,False,0.00022619066725169612
6253,6254,6,1,6575,320,13956.132,0.0,99.565536,0,0.0,False,False,False,0.00022619066725169612
6254,6255,6,1,6575,320,13956.141,5.47,99.565536,778,0.0,False,False,False,0.00022648105367711053
6255,6256,6,1,6575,320,13956.179,33.130001,99.565536,2314,33.299999,False,False,False,0.00022752312627071704
6256,6257,6,1,6575,320,13956.287,31.01,99.565536,988,0.0,False,False,False,0.00022831313850607212
6257,6258,6,1,6575,320,13956.356,24.939999,99.565536,1176,0.0,False,False,False,0.0002288764433607626
6258,6259,6,1,6575,320,13956.376,0.0,99.565536,0,0.0,False,False,False,0.0002290411894040828
6259,6260,4,1,6576,316,14056.367,0.0,93.043777,770,0.0,False,False,False,0.00018700386779401862
6260,6261,4,1,6576,316,14056.367,0.0,93.043777,786,0.0,False,False,False,0.00018718014547105443
6261,6262,4,1,6576,316,14056.375,16.529999,93.043777,2288,24.0,False,False,False,0.0001876641264816511
6262,6263,4,1,6576,316,14056.429,5.91,93.043777,794,0.0,False,False,False,0.00018822552829539458
6263,6264,4,1,6576,316,14056.492,23.41,93.043777,1116,0.0,False,False,False,0.00018914604397427364
6264,6265,4,1,6576,316,14056.556,29.91,93.043777,1356,0.0,False,False,False,0.00018996524004599374
6265,6266,4,1,6576,316,14056.621,15.7,93.043777,772,0.0,False,False,False,0.00019015849125538384
6266,6267,4,1,6576,316,14056.68,22.73,93.043777,1108,0.0,False,False,False,0.0001907607087371458
6267,6268,4,1,6576,316,14056.696,0.0,93.043777,0,0.0,False,False,False,0.00019089764069446375
6268,6269,4,1,6576,316,14056.696,0.0,93.043777,0,0.0,False,False,False,0.00019089764069446375
6269,6270,4,1,6576,316,14056.696,0.0,93.043777,0,0.0,False,False,False,0.00019089764069446375
6270,6271,4,1,6576,316,14056.732,22.529999,93.043777,1440,9.5,False,False,False,0.00019153381213982455
6271,6272,4,1,6576,316,14056.809,32.579998,93.043777,1598,0.0,False,False,False,0.0001921571135302806
6272,6273,4,1,6576,316,14056.877,26.23,93.043777,1274,0.0,False,False,False,0.0001927219166877047
6273,6274,4,1,6576,316,14056.929,19.48,93.043777,1398,12.5,False,False,False,0.00019333295821881018
6274,6275,4,1,6576,316,14057.006,32.07,93.043777,1132,0.0,False,False,False,0.00019501435694365188
6275,6276,4,1,6576,316,14057.059,9.32,93.043777,1320,3.2,False,False,False,0.00019565026722394605
6276,6277,4,1,6576,316,14057.073,0.0,93.043777,622,0.0,False,False,False,0.00019592791985075054
6277,6278,4,1,6576,316,14057.073,0.0,93.043777,0,0.0,False,False,False,0.00019592791985075054
6278,6279,4,1,6576,316,14057.073,0.0,93.043777,0,0.0,False,False,False,0.00019592791985075054
6279,6280,4,1,6576,316,14057.073,0.0,93.043777,0,0.0,False,False,False,0.00019592791985075054
6280,6281,4,1,6576,316,14057.073,0.0,93.043777,0,0.0,False,False,False,0.00019592791985075054
6281,6282,4,1,6576,316,14057.073,0.0,93.043777,0,0.0,False,False,False,0.00019592791985075054
6282,6283,4,1,6576,316,14057.078,5.02,93.043777,832,0.0,False,False,False,0.0001961679256581163
6283,6284,4,1,6576,316,14057.085,16.32,93.043777,2084,12.7,False,False,False,0.00019661788927866064
6284,6285,4,1,6576,316,14057.105,12.53,93.043777,2030,25.800001,False,False,False,0.00019702868914409162
6285,6286,4,1,6576,316,14057.159,5.07,93.043777,784,0.0,False,False,False,0.0001978372843841075
6286,6287,4,1,6576,316,14057.16,0.0,93.043777,908,11.900001,False,False,False,0.00019807229395596578
6287,6288,4,1,6576,316,14057.222,35.450001,93.043777,1900,15.400001,False,False,False,0.00019975918718597558
6288,6289,4,1,6576,316,14057.337,42.099998,93.043777,1846,16.300001,False,False,False,0.00020088869686364755
6289,6290,4,1,6576,316,14057.458,45.5,93.043777,1272,0.0,False,False,False,0.000201198452917098
6290,6291,4,1,6576,316,14057.587,47.579998,93.043777,1868,9.5,False,False,False,0.0002015435832918344
6291,6292,4,1,6576,316,14057.643,0.0,93.043777,0,0.0,False,False,False,0.000201761791660831
6292,6293,4,1,6576,316,14057.643,0.0,93.043777,0,0.0,False,False,False,0.000201761791660831
6293,6294,4,1,6576,316,14057.643,0.0,93.043777,0,0.0,False,False,False,0.000201761791660831
6294,6295,4,1,6576,316,14057.643,0.0,93.043777,0,0.0,False,False,False,0.000201761791660831
6295,6296,4,1,6576,316,14057.648,15.059999,93.043777,2166,23.5,False,False,False,0.00020202845963566342
6296,6297,4,1,6576,316,14057.744,44.379997,93.043777,1882,14.6,False,False,False,0.00020351177886161097
6297,6298,4,1,6576,316,14057.875,48.889999,93.043777,1752,4.7,False,False,False,0.00020427061197997705
6298,6299,4,1,6576,316,14058.004,45.700001,93.043777,1806,8.0,False,False,False,0.0002046105115269901
6299,6300,4,1,6576,316,14058.133,47.98,93.043777,1994,19.4,False,False,False,0.0002050962175263581
6300,6301,4,1,6576,316,14058.203,0.0,93.043777,766,0.0,False,False,False,0.00020538347728530558
6301,6302,4,1,6576,316,14058.203,0.0,93.043777,0,0.0,False,False,False,0.00020541377772267746
6302,6303,4,1,6576,316,14058.203,0.0,93.043777,0,0.0,False,False,False,0.00020541377772267746
6303,6304,4,1,6576,316,14058.203,0.0,93.043777,0,0.0,False,False,False,0.00020541377772267746
6304,6305,4,1,6576,316,14058.215,24.689999,93.043777,3156,28.0,False,False,False,0.00020604656803384827
6305,6306,4,1,6576,316,14058.322,41.799999,93.043777,1228,0.0,False,False,False,0.00020718509754595564
6306,6307,4,1,6576,316,14058.442,44.849998,93.043777,1326,0.0,False,False,False,0.0002074450038628845
6307,6308,4,1,6576,316,14058.557,40.369999,93.043777,1552,0.0,False,False,False,0.00020768549108624119
6308,6309,4,1,6576,316,14058.673,43.849998,93.043777,1610,9.0,False,False,False,0.00020814623498000272
6309,6310,4,1,6576,316,14058.763,4.3,97.500313,772,0.0,False,False,False,0.00020845635875939018
6310,6311,4,1,6576,316,14058.763,0.0,97.500313,0,0.0,False,False,False,0.00020852762596353864
6311,6312,4,1,6576,316,14058.763,0.0,97.391617,0,0.0,False,False,False,0.00020852762596353864
6312,6313,4,1,6576,316,14058.763,0.0,97.391617,0,0.0,False,False,False,0.00020852762596353864
6313,6314,4,1,6576,316,14058.768,13.98,97.391617,1968,17.9,False,False,False,0.00020877819605558213
6314,6315,4,1,6576,316,14058.843,31.33,97.391617,1718,8.3,False,False,False,0.00020957922503117565
6315,6316,4,1,6576,316,14058.942,40.239998,97.391617,1642,7.9,False,False,False,0.00021037618789608093
6316,6317,4,1,6576,316,14059.028,25.269999,97.391617,808,0.0,False,False,False,0.00021059922498020632
6317,6318,4,1,6576,316,14059.085,23.73,97.391617,1274,0.0,False,False,False,0.0002112244698378424
6318,6319,4,1,6576,316,14059.149,18.139999,97.174225,922,0.0,False,False,False,0.00021173758542672628
6319,6320,4,1,6576,316,14059.165,0.0,97.174225,0,0.0,False,False,False,0.0002118975844166836
6320,6321,4,1,6576,316,14059.165,0.0,97.174225,0,0.0,False,False,False,0.0002118975844166836
6321,6322,4,1,6576,316,14059.165,0.0,97.174225,0,0.0,False,False,False,0.0002118975844166836
6322,6323,4,1,6576,316,14059.165,0.0,96.956833,1202,8.8,False,False,False,0.0002119224774389205
6323,6324,4,1,6576,316,14059.23,31.719999,96.848137,1446,0.0,False,False,False,0.00021310568888275656
6324,6325,4,1,6576,316,14059.284,24.67,96.848137,1982,19.200001,False,False,False,0.00021370421820782567
6325,6326,4,1,6576,316,14059.368,32.98,96.848137,1398,0.0,False,False,False,0.00021428272716617376
6326,6327,4,1,6576,316,14059.438,35.450001,96.848137,1824,0.0,False,False,False,0.0002150322770883809
6327,6328,4,1,6576,316,14059.535,19.33,96.848137,780,0.0,False,False,False,0.00021528533587093237
6328,6329,4,1,6576,316,14059.55,0.0,96.848137,0,0.0,False,False,False,0.00021545245385137853
6329,6330,4,1,6576,316,14059.55,0.0,96.848137,0,0.0,False,False,False,0.00021545245385137853
6330,6331,4,1,6576,316,14059.55,0.0,96.848137,0,0.0,False,False,False,0.00021545245385137853
6331,6332,4,1,6576,316,14059.55,0.0,96.848137,1384,13.8,False,False,False,0.00021547563928864803
6332,6333,4,1,6576,316,14059.59,11.79,96.848137,1146,8.400001,False,False,False,0.00021609391924520949
6333,6334,4,1,6576,316,14059.651,33.049999,96.739441,1616,11.0,False,False,False,0.00021696577206844832
6334,6335,4,1,6576,316,14059.755,41.389999,96.630745,1504,8.1,False,False,False,0.0002175777189773949
6335,6336,4,1,6576,316,14059.87,40.559998,96.630745,1204,0.0,False,False,False,0.00021793537668721776
6336,6337,4,1,6576,320,14059.936,5.25,96.630745,782,0.0,False,False,False,0.00021811592059020824
6337,6338,4,1,6576,320,14059.939,0.0,96.630745,0,0.0,False,False,False,0.00021831173579516986
6338,6339,4,1,6576,320,14059.939,0.0,96.630745,0,0.0,False,False,False,0.00021831173579516986
6339,6340,4,1,6576,320,14059.939,0.0,96.195961,0,0.0,False,False,False,0.00021831173579516986
6340,6341,4,1,6576,320,14059.944,16.01,95.652481,2166,17.0,False,False,False,0.00021864421051673346
6341,6342,4,1,6576,320,14060.013,26.299999,95.326393,1436,5.8,False,False,False,0.00021927090174797504
6342,6343,4,1,6576,320,14060.098,32.939999,95.217697,1456,0.0,False,False,False,0.0002199186009513624
6343,6344,4,1,6576,320,14060.168,15.049999,95.217697,794,0.0,False,False,False,0.0002201204764781987
6344,6345,4,1,6576,320,14060.245,36.939999,95.217697,1606,12.0,False,False,False,0.000221333601683208
6345,6346,4,1,6576,320,14060.33,13.25,95.217697,768,0.0,False,False,False,0.00022163650237922016
6346,6347,4,1,6576,320,14060.341,0.0,95.217697,0,0.0,False,False,False,0.0002218107789292643
6347,6348,4,1,6576,320,14060.341,0.0,95.217697,0,0.0,False,False,False,0.0002218107789292643
6348,6349,4,1,6576,320,14060.341,0.0,95.217697,0,0.0,False,False,False,0.0002218107789292643
6349,6350,4,1,6576,320,14060.347,16.32,95.217697,2184,16.800001,False,False,False,0.0002221538235277175
6350,6351,4,1,6576,320,14060.408,22.41,95.217697,1120,0.0,False,False,False,0.00022265266749958468
6351,6352,4,1,6576,320,14060.48,30.15,95.217697,1640,9.2,False,False,False,0.00022335749864167928
6352,6353,4,1,6576,320,14060.552,20.27,95.217697,1216,10.400001,False,False,False,0.0002236411030588942
6353,6354,4,1,6576,320,14060.61,14.66,95.217697,852,0.0,False,False,False,0.0002240173066953215
6354,6355,4,1,6576,320,14060.641,1.85,95.217697,778,0.0,False,False,False,0.00022442942470228048
6355,6356,4,1,6576,320,14060.642,0.0,95.217697,0,0.0,False,False,False,0.0002245095558541456
6356,6357,4,1,6576,320,14060.642,0.0,95.217697,0,0.0,False,False,False,0.0002245095558541456
6357,6358,4,1,6576,320,14060.642,0.0,95.217697,0,0.0,False,False,False,0.0002245095558541456
6358,6359,4,1,6576,320,14060.642,0.0,99.565536,0,0.0,False,False,False,0.0002245095558541456
6359,6360,4,1,6576,320,14060.651,5.47,99.565536,778,0.0,False,False,False,0.00022479778512494728
6360,6361,4,1,6576,320,14060.689,33.130001,99.565536,2314,33.299999,False,False,False,0.0002258321173224639
6361,6362,4,1,6576,320,14060.797,31.01,99.565536,988,0.0,False,False,False,0.00022661627102140642
6362,6363,4,1,6576,320,14060.866,24.939999,99.565536,1176,0.0,False,False,False,0.00022717539763214927
6363,6364,4,1,6576,320,14060.886,0.0,99.565536,0,0.0,False,False,False,0.0002273389216780736
6364,6365,5,1,6576,316,13956.376,0.0,93.043777,770,0.0,False,False,False,0.00018834356830395627
6365,6366,5,1,6576,316,13956.376,0.0,93.043777,786,0.0,False,False,False,0.00018852110883879606
6366,6367,5,1,6576,316,13956.384,16.529999,93.043777,2288,24.0,False,False,False,0.00018900855633118642
6367,6368,5,1,6576,316,13956.438,5.91,93.043777,794,0.0,False,False,False,0.00018957397482259998
6368,6369,5,1,6576,316,13956.501,23.41,93.043777,1116,0.0,False,False,False,0.0001905010789538901
6369,6370,5,1,6576,316,13956.565,29.91,93.043777,1356,0.0,False,False,False,0.00019132613747455232
6370,6371,5,1,6576,316,13956.63,15.7,93.043777,772,0.0,False,False,False,0.00019152076677774095
6371,6372,5,1,6576,316,13956.689,22.73,93.043777,1108,0.0,False,False,False,0.00019212729270583402
6372,6373,5,1,6576,316,13956.705,0.0,93.043777,0,0.0,False,False,False,0.00019226520405754387
6373,6374,5,1,6576,316,13956.705,0.0,93.043777,0,0.0,False,False,False,0.00019226520405754387
6374,6375,5,1,6576,316,13956.705,0.0,93.043777,0,0.0,False,False,False,0.00019226520405754387
6375,6376,5,1,6576,316,13956.741,22.529999,93.043777,1440,9.5,False,False,False,0.000192905929405052
6376,6377,5,1,6576,316,13956.818,32.579998,93.043777,1598,0.0,False,False,False,0.0001935336884318165
6377,6378,5,1,6576,316,13956.886,26.23,93.043777,1274,0.0,False,False,False,0.00019410253099932183
6378,6379,5,1,6576,316,13956.938,19.48,93.043777,1398,12.5,False,False,False,0.00019471794472793904
6379,6380,5,1,6576,316,13957.015,32.07,93.043777,1132,0.0,False,False,False,0.00019641138084462582
6380,6381,5,1,6576,316,13957.068,9.32,93.043777,1320,3.2,False,False,False,0.00019705184127201557
6381,6382,5,1,6576,316,13957.082,0.0,93.043777,622,0.0,False,False,False,0.0001973314815029744
6382,6383,5,1,6576,316,13957.082,0.0,93.043777,0,0.0,False,False,False,0.0001973314815029744
6383,6384,5,1,6576,316,13957.082,0.0,93.043777,0,0.0,False,False,False,0.0001973314815029744
6384,6385,5,1,6576,316,13957.082,0.0,93.043777,0,0.0,False,False,False,0.0001973314815029744
6385,6386,5,1,6576,316,13957.082,0.0,93.043777,0,0.0,False,False,False,0.0001973314815029744
6386,6387,5,1,6576,316,13957.082,0.0,93.043777,0,0.0,False,False,False,0.0001973314815029744
6387,6388,5,1,6576,316,13957.087,5.02,93.043777,832,0.0,False,False,False,0.00019757320612774518
6388,6389,5,1,6576,316,13957.094,16.32,93.043777,2084,12.7,False,False,False,0.0001980263924286511
6389,6390,5,1,6576,316,13957.114,12.53,93.043777,2030,25.800001,False,False,False,0.00019844013310107655
6390,6391,5,1,6576,316,13957.168,5.07,93.043777,784,0.0,False,False,False,0.00019925451534900568
6391,6392,5,1,6576,316,13957.169,0.0,93.043777,908,11.900001,False,False,False,0.00019949120833828563
6392,6393,5,1,6576,316,13957.231,35.450001,93.043777,1900,15.400001,False,False,False,0.00020119017947188293
6393,6394,5,1,6576,316,13957.346,42.099998,93.043777,1846,16.300001,False,False,False,0.0002023277686339055
6394,6395,5,1,6576,316,13957.467,45.5,93.043777,1272,0.0,False,False,False,0.00020263973113952984
6395,6396,5,1,6576,316,13957.596,47.579998,93.043777,1868,9.5,False,False,False,0.00020298732050128826
6396,6397,5,1,6576,316,13957.652,0.0,93.043777,0,0.0,False,False,False,0.00020320708618568612
6397,6398,5,1,6576,316,13957.652,0.0,93.043777,0,0.0,False,False,False,0.00020320708618568612
6398,6399,5,1,6576,316,13957.652,0.0,93.043777,0,0.0,False,False,False,0.00020320708618568612
6399,6400,5,1,6576,316,13957.652,0.0,93.043777,0,0.0,False,False,False,0.00020320708618568612
6400,6401,5,1,6576,316,13957.657,15.059999,93.043777,2166,23.5,False,False,False,0.00020347566388371032
6401,6402,5,1,6576,316,13957.753,44.379997,93.043777,1882,14.6,False,False,False,0.00020496959864538041
6402,6403,5,1,6576,316,13957.884,48.889999,93.043777,1752,4.7,False,False,False,0.00020573385379518878
6403,6404,5,1,6576,316,13958.013,45.700001,93.043777,1806,8.0,False,False,False,0.00020607617458340356
6404,6405,5,1,6576,316,13958.142,47.98,93.043777,1994,19.4,False,False,False,0.00020656534620824116
6405,6406,5,1,6576,316,13958.212,0.0,93.043777,766,0.0,False,False,False,0.00020685465626569754
6406,6407,5,1,6576,316,13958.212,0.0,93.043777,0,0.0,False,False,False,0.00020688517374762989
6407,6408,5,1,6576,316,13958.212,0.0,93.043777,0,0.0,False,False,False,0.00020688517374762989
6408,6409,5,1,6576,316,13958.212,0.0,93.043777,0,0.0,False,False,False,0.00020688517374762989
6409,6410,5,1,6576,316,13958.224,24.689999,93.043777,3156,28.0,False,False,False,0.00020752249551980826
6410,6411,5,1,6576,316,13958.331,41.799999,93.043777,1228,0.0,False,False,False,0.0002086691690310947
6411,6412,5,1,6576,316,13958.451,44.849998,93.043777,1326,0.0,False,False,False,0.00020893092428921455
6412,6413,5,1,6576,316,13958.566,40.369999,93.043777,1552,0.0,False,False,False,0.00020917312185779986
6413,6414,5,1,6576,316,13958.682,43.849998,93.043777,1610,9.0,False,False,False,0.00020963715362570578
6414,6415,5,1,6576,316,13958.772,4.3,97.500313,772,0.0,False,False,False,0.00020994948914638433
6415,6416,5,1,6576,316,13958.772,0.0,97.500313,0,0.0,False,False,False,0.0002100212668229825
6416,6417,5,1,6576,316,13958.772,0.0,97.391617,0,0.0,False,False,False,0.0002100212668229825
6417,6418,5,1,6576,316,13958.772,0.0,97.391617,0,0.0,False,False,False,0.0002100212668229825
6418,6419,5,1,6576,316,13958.777,13.98,97.391617,1968,17.9,False,False,False,0.00021027363116187312
6419,6420,5,1,6576,316,13958.852,31.33,97.391617,1718,8.3,False,False,False,0.00021108038967748369
6420,6421,5,1,6576,316,13958.951,40.239998,97.391617,1642,7.9,False,False,False,0.0002118830503058356
6421,6422,5,1,6576,316,13959.037,25.269999,97.391617,808,0.0,False,False,False,0.00021210767564584535
6422,6423,5,1,6576,316,13959.094,23.73,97.391617,1274,0.0,False,False,False,0.00021273739274248443
6423,6424,5,1,6576,316,13959.158,18.139999,97.174225,922,0.0,False,False,False,0.00021325417663610973
6424,6425,5,1,6576,316,13959.174,0.0,97.174225,0,0.0,False,False,False,0.0002134153198950099
6425,6426,5,1,6576,316,13959.174,0.0,97.174225,0,0.0,False,False,False,0.0002134153198950099
6426,6427,5,1,6576,316,13959.174,0.0,97.174225,0,0.0,False,False,False,0.0002134153198950099
6427,6428,5,1,6576,316,13959.174,0.0,96.956833,1202,8.8,False,False,False,0.00021344039121575417
6428,6429,5,1,6576,316,13959.239,31.719999,96.848137,1446,0.0,False,False,False,0.00021463207041082894
6429,6430,5,1,6576,316,13959.293,24.67,96.848137,1982,19.200001,False,False,False,0.00021523488081518058
6430,6431,5,1,6576,316,13959.377,32.98,96.848137,1398,0.0,False,False,False,0.00021581752412560206
6431,6432,5,1,6576,316,13959.447,35.450001,96.848137,1824,0.0,False,False,False,0.00021657243496572853
6432,6433,5,1,6576,316,13959.544,19.33,96.848137,780,0.0,False,False,False,0.00021682729555524483
6433,6434,5,1,6576,316,13959.559,0.0,96.848137,0,0.0,False,False,False,0.0002169956088434568
6434,6435,5,1,6576,316,13959.559,0.0,96.848137,0,0.0,False,False,False,0.0002169956088434568
6435,6436,5,1,6576,316,13959.559,0.0,96.848137,0,0.0,False,False,False,0.0002169956088434568
6436,6437,5,1,6576,316,13959.559,0.0,96.848137,1384,13.8,False,False,False,0.0002170189603439232
6437,6438,5,1,6576,316,13959.599,11.79,96.848137,1146,8.400001,False,False,False,0.00021764166422945033
6438,6439,5,1,6576,316,13959.66,33.049999,96.739441,1616,11.0,False,False,False,0.00021851975479669297
6439,6440,5,1,6576,316,13959.764,41.389999,96.630745,1504,8.1,False,False,False,0.0002191360730687805
6440,6441,5,1,6576,316,13959.879,40.559998,96.630745,1204,0.0,False,False,False,0.00021949627956807015
6441,6442,5,1,6576,320,13959.945,5.25,96.630745,782,0.0,False,False,False,0.00021967810918243716
6442,6443,5,1,6576,320,13959.948,0.0,96.630745,0,0.0,False,False,False,0.00021987532651794134
6443,6444,5,1,6576,320,13959.948,0.0,96.630745,0,0.0,False,False,False,0.00021987532651794134
6444,6445,5,1,6576,320,13959.948,0.0,96.195961,0,0.0,False,False,False,0.00021987532651794134
6445,6446,5,1,6576,320,13959.953,16.01,95.652481,2166,17.0,False,False,False,0.00022021018192669225
6446,6447,5,1,6576,320,13960.022,26.299999,95.326393,1436,5.8,False,False,False,0.00022084135387796108
6447,6448,5,1,6576,320,13960.107,32.939999,95.217697,1456,0.0,False,False,False,0.00022149368241357938
6448,6449,5,1,6576,320,13960.177,15.049999,95.217697,794,0.0,False,False,False,0.00022169699589081923
6449,6450,5,1,6576,320,13960.254,36.939999,95.217697,1606,12.0,False,False,False,0.00022291880084697262
6450,6451,5,1,6576,320,13960.339,13.25,95.217697,768,0.0,False,False,False,0.00022322386126430997
6451,6452,5,1,6576,320,13960.35,0.0,95.217697,0,0.0,False,False,False,0.0002233993847299867
6452,6453,5,1,6576,320,13960.35,0.0,95.217697,0,0.0,False,False,False,0.0002233993847299867
6453,6454,5,1,6576,320,13960.35,0.0,95.217697,0,0.0,False,False,False,0.0002233993847299867
6454,6455,5,1,6576,320,13960.356,16.32,95.217697,2184,16.800001,False,False,False,0.00022374488552544608
6455,6456,5,1,6576,320,13960.417,22.41,95.217697,1120,0.0,False,False,False,0.00022424729524230956
6456,6457,5,1,6576,320,13960.489,30.15,95.217697,1640,9.2,False,False,False,0.0002249571661016959
6457,6458,5,1,6576,320,13960.561,20.27,95.217697,1216,10.400001,False,False,False,0.0002252427934097054
6458,6459,5,1,6576,320,13960.619,14.66,95.217697,852,0.0,False,False,False,0.0002256216847057637
6459,6460,5,1,6576,320,13960.65,1.85,95.217697,778,0.0,False,False,False,0.00022603675067058693
6460,6461,5,1,6576,320,13960.651,0.0,95.217697,0,0.0,False,False,False,0.00022611745559318163
6461,6462,5,1,6576,320,13960.651,0.0,95.217697,0,0.0,False,False,False,0.00022611745559318163
6462,6463,5,1,6576,320,13960.651,0.0,95.217697,0,0.0,False,False,False,0.00022611745559318163
6463,6464,5,1,6576,320,13960.651,0.0,99.565536,0,0.0,False,False,False,0.00022611745559318163
6464,6465,5,1,6576,320,13960.66,5.47,99.565536,778,0.0,False,False,False,0.00022640774807580188
6465,6466,5,1,6576,320,13960.698,33.130001,99.565536,2314,33.299999,False,False,False,0.00022744948358000583
6466,6467,5,1,6576,320,13960.806,31.01,99.565536,988,0.0,False,False,False,0.00022823924068275978
6467,6468,5,1,6576,320,13960.875,24.939999,99.565536,1176,0.0,False,False,False,0.00022880236357939032
6468,6469,5,1,6576,320,13960.895,0.0,99.565536,0,0.0,False,False,False,0.0002289670564060251
6469,6470,6,1,6576,316,13956.376,0.0,93.043777,770,0.0,False,False,False,0.00018834356830395627
6470,6471,6,1,6576,316,13956.376,0.0,93.043777,786,0.0,False,False,False,0.00018852110883879606
6471,6472,6,1,6576,316,13956.384,16.529999,93.043777,2288,24.0,False,False,False,0.00018900855633118642
6472,6473,6,1,6576,316,13956.438,5.91,93.043777,794,0.0,False,False,False,0.00018957397482259998
6473,6474,6,1,6576,316,13956.501,23.41,93.043777,1116,0.0,False,False,False,0.0001905010789538901
6474,6475,6,1,6576,316,13956.565,29.91,93.043777,1356,0.0,False,False,False,0.00019132613747455232
6475,6476,6,1,6576,316,13956.63,15.7,93.043777,772,0.0,False,False,False,0.00019152076677774095
6476,6477,6,1,6576,316,13956.689,22.73,93.043777,1108,0.0,False,False,False,0.00019212729270583402
6477,6478,6,1,6576,316,13956.705,0.0,93.043777,0,0.0,False,False,False,0.00019226520405754387
6478,6479,6,1,6576,316,13956.705,0.0,93.043777,0,0.0,False,False,False,0.00019226520405754387
6479,6480,6,1,6576,316,13956.705,0.0,93.043777,0,0.0,False,False,False,0.00019226520405754387
6480,6481,6,1,6576,316,13956.741,22.529999,93.043777,1440,9.5,False,False,False,0.000192905929405052
6481,6482,6,1,6576,316,13956.818,32.579998,93.043777,1598,0.0,False,False,False,0.0001935336884318165
6482,6483,6,1,6576,316,13956.886,26.23,93.043777,1274,0.0,False,False,False,0.00019410253099932183
6483,6484,6,1,6576,316,13956.938,19.48,93.043777,1398,12.5,False,False,False,0.00019471794472793904
6484,6485,6,1,6576,316,13957.015,32.07,93.043777,1132,0.0,False,False,False,0.00019641138084462582
6485,6486,6,1,6576,316,13957.068,9.32,93.043777,1320,3.2,False,False,False,0.00019705184127201557
6486,6487,6,1,6576,316,13957.082,0.0,93.043777,622,0.0,False,False,False,0.0001973314815029744
6487,6488,6,1,6576,316,13957.082,0.0,93.043777,0,0.0,False,False,False,0.0001973314815029744
6488,6489,6,1,6576,316,13957.082,0.0,93.043777,0,0.0,False,False,False,0.0001973314815029744
6489,6490,6,1,6576,316,13957.082,0.0,93.043777,0,0.0,False,False,False,0.0001973314815029744
6490,6491,6,1,6576,316,13957.082,0.0,93.043777,0,0.0,False,False,False,0.0001973314815029744
6491,6492,6,1,6576,316,13957.082,0.0,93.043777,0,0.0,False,False,False,0.0001973314815029744
6492,6493,6,1,6576,316,13957.087,5.02,93.043777,832,0.0,False,False,False,0.00019757320612774518
6493,6494,6,1,6576,316,13957.094,16.32,93.043777,2084,12.7,False,False,False,0.0001980263924286511
6494,6495,6,1,6576,316,13957.114,12.53,93.043777,2030,25.800001,False,False,False,0.00019844013310107655
6495,6496,6,1,6576,316,13957.168,5.07,93.043777,784,0.0,False,False,False,0.00019925451534900568
6496,6497,6,1,6576,316,13957.169,0.0,93.043777,908,11.900001,False,False,False,0.00019949120833828563
6497,6498,6,1,6576,316,13957.231,35.450001,93.043777,1900,15.400001,False,False,False,0.00020119017947188293
6498,6499,6,1,6576,316,13957.346,42.099998,93.043777,1846,16.300001,False,False,False,0.0002023277686339055
6499,6500,6,1,6576,316,13957.467,45.5,93.043777,1272,0.0,False,False,False,0.00020263973113952984
6500,6501,6,1,6576,316,13957.596,47.579998,93.043777,1868,9.5,False,False,False,0.00020298732050128826
6501,6502,6,1,6576,316,13957.652,0.0,93.043777,0,0.0,False,False,False,0.00020320708618568612
6502,6503,6,1,6576,316,13957.652,0.0,93.043777,0,0.0,False,False,False,0.00020320708618568612
6503,6504,6,1,6576,316,13957.652,0.0,93.043777,0,0.0,False,False,False,0.00020320708618568612
6504,6505,6,1,6576,316,13957.652,0.0,93.043777,0,0.0,False,False,False,0.00020320708618568612
6505,6506,6,1,6576,316,13957.657,15.059999,93.043777,2166,23.5,False,False,False,0.00020347566388371032
6506,6507,6,1,6576,316,13957.753,44.379997,93.043777,1882,14.6,False,False,False,0.00020496959864538041
6507,6508,6,1,6576,316,13957.884,48.889999,93.043777,1752,4.7,False,False,False,0.00020573385379518878
6508,6509,6,1,6576,316,13958.013,45.700001,93.043777,1806,8.0,False,False,False,0.00020607617458340356
6509,6510,6,1,6576,316,13958.142,47.98,93.043777,1994,19.4,False,False,False,0.00020656534620824116
6510,6511,6,1,6576,316,13958.212,0.0,93.043777,766,0.0,False,False,False,0.00020685465626569754
6511,6512,6,1,6576,316,13958.212,0.0,93.043777,0,0.0,False,False,False,0.00020688517374762989
6512,6513,6,1,6576,316,13958.212,0.0,93.043777,0,0.0,False,False,False,0.00020688517374762989
6513,6514,6,1,6576,316,13958.212,0.0,93.043777,0,0.0,False,False,False,0.00020688517374762989
6514,6515,6,1,6576,316,13958.224,24.689999,93.043777,3156,28.0,False,False,False,0.00020752249551980826
6515,6516,6,1,6576,316,13958.331,41.799999,93.043777,1228,0.0,False,False,False,0.0002086691690310947
6516,6517,6,1,6576,316,13958.451,44.849998,93.043777,1326,0.0,False,False,False,0.00020893092428921455
6517,6518,6,1,6576,316,13958.566,40.369999,93.043777,1552,0.0,False,False,False,0.00020917312185779986
6518,6519,6,1,6576,316,13958.682,43.849998,93.043777,1610,9.0,False,False,False,0.00020963715362570578
6519,6520,6,1,6576,316,13958.772,4.3,97.500313,772,0.0,False,False,False,0.00020994948914638433
6520,6521,6,1,6576,316,13958.772,0.0,97.500313,0,0.0,False,False,False,0.0002100212668229825
6521,6522,6,1,6576,316,13958.772,0.0,97.391617,0,0.0,False,False,False,0.0002100212668229825
6522,6523,6,1,6576,316,13958.772,0.0,97.391617,0,0.0,False,False,False,0.0002100212668229825
6523,6524,6,1,6576,316,13958.777,13.98,97.391617,1968,17.9,False,False,False,0.00021027363116187312
6524,6525,6,1,6576,316,13958.852,31.33,97.391617,1718,8.3,False,False,False,0.00021108038967748369
6525,6526,6,1,6576,316,13958.951,40.239998,97.391617,1642,7.9,False,False,False,0.0002118830503058356
6526,6527,6,1,6576,316,13959.037,25.269999,97.391617,808,0.0,False,False,False,0.00021210767564584535
6527,6528,6,1,6576,316,13959.094,23.73,97.391617,1274,0.0,False,False,False,0.00021273739274248443
6528,6529,6,1,6576,316,13959.158,18.139999,97.174225,922,0.0,False,False,False,0.00021325417663610973
6529,6530,6,1,6576,316,13959.174,0.0,97.174225,0,0.0,False,False,False,0.0002134153198950099
6530,6531,6,1,6576,316,13959.174,0.0,97.174225,0,0.0,False,False,False,0.0002134153198950099
6531,6532,6,1,6576,316,13959.174,0.0,97.174225,0,0.0,False,False,False,0.0002134153198950099
6532,6533,6,1,6576,316,13959.174,0.0,96.956833,1202,8.8,False,False,False,0.00021344039121575417
6533,6534,6,1,6576,316,13959.239,31.719999,96.848137,1446,0.0,False,False,False,0.00021463207041082894
6534,6535,6,1,6576,316,13959.293,24.67,96.848137,1982,19.200001,False,False,False,0.00021523488081518058
6535,6536,6,1,6576,316,13959.377,32.98,96.848137,1398,0.0,False,False,False,0.00021581752412560206
6536,6537,6,1,6576,316,13959.447,35.450001,96.848137,1824,0.0,False,False,False,0.00021657243496572853
6537,6538,6,1,6576,316,13959.544,19.33,96.848137,780,0.0,False,False,False,0.00021682729555524483
6538,6539,6,1,6576,316,13959.559,0.0,96.848137,0,0.0,False,False,False,0.0002169956088434568
6539,6540,6,1,6576,316,13959.559,0.0,96.848137,0,0.0,False,False,False,0.0002169956088434568
6540,6541,6,1,6576,316,13959.559,0.0,96.848137,0,0.0,False,False,False,0.0002169956088434568
6541,6542,6,1,6576,316,13959.559,0.0,96.848137,1384,13.8,False,False,False,0.0002170189603439232
6542,6543,6,1,6576,316,13959.599,11.79,96.848137,1146,8.400001,False,False,False,0.00021764166422945033
6543,6544,6,1,6576,316,13959.66,33.049999,96.739441,1616,11.0,False,False,False,0.00021851975479669297
6544,6545,6,1,6576,316,13959.764,41.389999,96.630745,1504,8.1,False,False,False,0.0002191360730687805
6545,6546,6,1,6576,316,13959.879,40.559998,96.630745,1204,0.0,False,False,False,0.00021949627956807015
6546,6547,6,1,6576,320,13959.945,5.25,96.630745,782,0.0,False,False,False,0.00021967810918243716
6547,6548,6,1,6576,320,13959.948,0.0,96.630745,0,0.0,False,False,False,0.00021987532651794134
6548,6549,6,1,6576,320,13959.948,0.0,96.630745,0,0.0,False,False,False,0.00021987532651794134
6549,6550,6,1,6576,320,13959.948,0.0,96.195961,0,0.0,False,False,False,0.00021987532651794134
6550,6551,6,1,6576,320,13959.953,16.01,95.652481,2166,17.0,False,False,False,0.00022021018192669225
6551,6552,6,1,6576,320,13960.022,26.299999,95.326393,1436,5.8,False,False,False,0.00022084135387796108
6552,6553,6,1,6576,320,13960.107,32.939999,95.217697,1456,0.0,False,False,False,0.00022149368241357938
6553,6554,6,1,6576,320,13960.177,15.049999,95.217697,794,0.0,False,False,False,0.00022169699589081923
6554,6555,6,1,6576,320,13960.254,36.939999,95.217697,1606,12.0,False,False,False,0.00022291880084697262
6555,6556,6,1,6576,320,13960.339,13.25,95.217697,768,0.0,False,False,False,0.00022322386126430997
6556,6557,6,1,6576,320,13960.35,0.0,95.217697,0,0.0,False,False,False,0.0002233993847299867
6557,6558,6,1,6576,320,13960.35,0.0,95.217697,0,0.0,False,False,False,0.0002233993847299867
6558,6559,6,1,6576,320,13960.35,0.0,95.217697,0,0.0,False,False,False,0.0002233993847299867
6559,6560,6,1,6576,320,13960.356,16.32,95.217697,2184,16.800001,False,False,False,0.00022374488552544608
6560,6561,6,1,6576,320,13960.417,22.41,95.217697,1120,0.0,False,False,False,0.00022424729524230956
6561,6562,6,1,6576,320,13960.489,30.15,95.217697,1640,9.2,False,False,False,0.0002249571661016959
6562,6563,6,1,6576,320,13960.561,20.27,95.217697,1216,10.400001,False,False,False,0.0002252427934097054
6563,6564,6,1,6576,320,13960.619,14.66,95.217697,852,0.0,False,False,False,0.0002256216847057637
6564,6565,6,1,6576,320,13960.65,1.85,95.217697,778,0.0,False,False,False,0.00022603675067058693
6565,6566,6,1,6576,320,13960.651,0.0,95.217697,0,0.0,False,False,False,0.00022611745559318163
6566,6567,6,1,6576,320,13960.651,0.0,95.217697,0,0.0,False,False,False,0.00022611745559318163
6567,6568,6,1,6576,320,13960.651,0.0,95.217697,0,0.0,False,False,False,0.00022611745559318163
6568,6569,6,1,6576,320,13960.651,0.0,99.565536,0,0.0,False,False,False,0.00022611745559318163
6569,6570,6,1,6576,320,13960.66,5.47,99.565536,778,0.0,False,False,False,0.00022640774807580188
6570,6571,6,1,6576,320,13960.698,33.130001,99.565536,2314,33.299999,False,False,False,0.00022744948358000583
6571,6572,6,1,6576,320,13960.806,31.01,99.565536,988,0.0,False,False,False,0.00022823924068275978
6572,6573,6,1,6576,320,13960.875,24.939999,99.565536,1176,0.0,False,False,False,0.00022880236357939032
6573,6574,6,1,6576,320,13960.895,0.0,99.565536,0,0.0,False,False,False,0.0002289670564060251
6574,6575,4,1,6577,316,14060.886,0.0,93.043777,770,0.0,False,False,False,0.00018694377126937312
6575,6576,4,1,6577,316,14060.886,0.0,93.043777,786,0.0,False,False,False,0.0001871199922969081
6576,6577,4,1,6577,316,14060.894,16.529999,93.043777,2288,24.0,False,False,False,0.00018760381780718872
6577,6578,4,1,6577,316,14060.948,5.91,93.043777,794,0.0,False,False,False,0.0001881650394383481
6578,6579,4,1,6577,316,14061.011,23.41,93.043777,1116,0.0,False,False,False,0.00018908525956920386
6579,6580,4,1,6577,316,14061.075,29.91,93.043777,1356,0.0,False,False,False,0.0001899041926600448
6580,6581,4,1,6577,316,14061.14,15.7,93.043777,772,0.0,False,False,False,0.00019009738204853603
6581,6582,4,1,6577,316,14061.199,22.73,93.043777,1108,0.0,False,False,False,0.0001906994062592913
6582,6583,4,1,6577,316,14061.215,0.0,93.043777,0,0.0,False,False,False,0.0001908362942822308
6583,6584,4,1,6577,316,14061.215,0.0,93.043777,0,0.0,False,False,False,0.0001908362942822308
6584,6585,4,1,6577,316,14061.215,0.0,93.043777,0,0.0,False,False,False,0.0001908362942822308
6585,6586,4,1,6577,316,14061.251,22.529999,93.043777,1440,9.5,False,False,False,0.00019147226144662044
6586,6587,4,1,6577,316,14061.328,32.579998,93.043777,1598,0.0,False,False,False,0.00019209536287306058
6587,6588,4,1,6577,316,14061.396,26.23,93.043777,1274,0.0,False,False,False,0.00019265998482762112
6588,6589,4,1,6577,316,14061.448,19.48,93.043777,1398,12.5,False,False,False,0.00019327083022813667
6589,6590,4,1,6577,316,14061.525,32.07,93.043777,1132,0.0,False,False,False,0.00019495168897477516
6590,6591,4,1,6577,316,14061.578,9.32,93.043777,1320,3.2,False,False,False,0.00019558739514191495
6591,6592,4,1,6577,316,14061.592,0.0,93.043777,622,0.0,False,False,False,0.00019586495860791524
6592,6593,4,1,6577,316,14061.592,0.0,93.043777,0,0.0,False,False,False,0.00019586495860791524
6593,6594,4,1,6577,316,14061.592,0.0,93.043777,0,0.0,False,False,False,0.00019586495860791524
6594,6595,4,1,6577,316,14061.592,0.0,93.043777,0,0.0,False,False,False,0.00019586495860791524
6595,6596,4,1,6577,316,14061.592,0.0,93.043777,0,0.0,False,False,False,0.00019586495860791524
6596,6597,4,1,6577,316,14061.592,0.0,93.043777,0,0.0,False,False,False,0.00019586495860791524
6597,6598,4,1,6577,316,14061.597,5.02,93.043777,832,0.0,False,False,False,0.0001961048873120662
6598,6599,4,1,6577,316,14061.604,16.32,93.043777,2084,12.7,False,False,False,0.00019655470636874934
6599,6600,4,1,6577,316,14061.624,12.53,93.043777,2030,25.800001,False,False,False,0.0001969653743142105
6600,6601,4,1,6577,316,14061.678,5.07,93.043777,784,0.0,False,False,False,0.0001977737099576624
6601,6602,4,1,6577,316,14061.679,0.0,93.043777,908,11.900001,False,False,False,0.00019800864401441575
6602,6603,4,1,6577,316,14061.741,35.450001,93.043777,1900,15.400001,False,False,False,0.00019969499544932243
6603,6604,4,1,6577,316,14061.856,42.099998,93.043777,1846,16.300001,False,False,False,0.00020082414269192547
6604,6605,4,1,6577,316,14061.977,45.5,93.043777,1272,0.0,False,False,False,0.0002011337997637342
6605,6606,4,1,6577,316,14062.106,47.579998,93.043777,1868,9.5,False,False,False,0.00020147881982827975
6606,6607,4,1,6577,316,14062.162,0.0,93.043777,0,0.0,False,False,False,0.00020169695833696576
6607,6608,4,1,6577,316,14062.162,0.0,93.043777,0,0.0,False,False,False,0.00020169695833696576
6608,6609,4,1,6577,316,14062.162,0.0,93.043777,0,0.0,False,False,False,0.00020169695833696576
6609,6610,4,1,6577,316,14062.162,0.0,93.043777,0,0.0,False,False,False,0.00020169695833696576
6610,6611,4,1,6577,316,14062.167,15.059999,93.043777,2166,23.5,False,False,False,0.00020196354064486331
6611,6612,4,1,6577,316,14062.263,44.379997,93.043777,1882,14.6,False,False,False,0.00020344638367354717
6612,6613,4,1,6577,316,14062.394,48.889999,93.043777,1752,4.7,False,False,False,0.00020420497356470277
6613,6614,4,1,6577,316,14062.523,45.700001,93.043777,1806,8.0,False,False,False,0.00020454476449464334
6614,6615,4,1,6577,316,14062.652,47.98,93.043777,1994,19.4,False,False,False,0.00020503031502770402
6615,6616,4,1,6577,316,14062.722,0.0,93.043777,766,0.0,False,False,False,0.0002053174828114492
6616,6617,4,1,6577,316,14062.722,0.0,93.043777,0,0.0,False,False,False,0.00020534777351258792
6617,6618,4,1,6577,316,14062.722,0.0,93.043777,0,0.0,False,False,False,0.00020534777351258792
6618,6619,4,1,6577,316,14062.722,0.0,93.043777,0,0.0,False,False,False,0.00020534777351258792
6619,6620,4,1,6577,316,14062.734,24.689999,93.043777,3156,28.0,False,False,False,0.00020598036055005021
6620,6621,4,1,6577,316,14062.841,41.799999,93.043777,1228,0.0,False,False,False,0.00020711852473303703
6621,6622,4,1,6577,316,14062.961,44.849998,93.043777,1326,0.0,False,False,False,0.00020737834810548753
6622,6623,4,1,6577,316,14063.076,40.369999,93.043777,1552,0.0,False,False,False,0.00020761875860170269
6623,6624,4,1,6577,316,14063.192,43.849998,93.043777,1610,9.0,False,False,False,0.00020807935500311714
6624,6625,4,1,6577,316,14063.282,4.3,97.500313,772,0.0,False,False,False,0.00020838937956448825
6625,6626,4,1,6577,316,14063.282,0.0,97.500313,0,0.0,False,False,False,0.00020846062386974324
6626,6627,4,1,6577,316,14063.282,0.0,97.391617,0,0.0,False,False,False,0.00020846062386974324
6627,6628,4,1,6577,316,14063.282,0.0,97.391617,0,0.0,False,False,False,0.00020846062386974324
6628,6629,4,1,6577,316,14063.287,13.98,97.391617,1968,17.9,False,False,False,0.0002087111134748601
6629,6630,4,1,6577,316,14063.362,31.33,97.391617,1718,8.3,False,False,False,0.0002095118854307078
6630,6631,4,1,6577,316,14063.461,40.239998,97.391617,1642,7.9,False,False,False,0.00021030859270042415
6631,6632,4,1,6577,316,14063.547,25.269999,97.391617,808,0.0,False,False,False,0.00021053155853508826
6632,6633,4,1,6577,316,14063.604,23.73,97.391617,1274,0.0,False,False,False,0.00021115660277388543
6633,6634,4,1,6577,316,14063.668,18.139999,97.174225,922,0.0,False,False,False,0.00021166955380674468
6634,6635,4,1,6577,316,14063.684,0.0,97.174225,0,0.0,False,False,False,0.00021182950146622563
6635,6636,4,1,6577,316,14063.684,0.0,97.174225,0,0.0,False,False,False,0.00021182950146622563
6636,6637,4,1,6577,316,14063.684,0.0,97.174225,0,0.0,False,False,False,0.00021182950146622563
6637,6638,4,1,6577,316,14063.684,0.0,96.956833,1202,8.8,False,False,False,0.00021185438649030437
6638,6639,4,1,6577,316,14063.749,31.719999,96.848137,1446,0.0,False,False,False,0.00021303721808330886
6639,6640,4,1,6577,316,14063.803,24.67,96.848137,1982,19.200001,False,False,False,0.00021363555536469298
6640,6641,4,1,6577,316,14063.887,32.98,96.848137,1398,0.0,False,False,False,0.00021421387886017142
6641,6642,4,1,6577,316,14063.957,35.450001,96.848137,1824,0.0,False,False,False,0.00021496318829840718
6642,6643,4,1,6577,316,14064.054,19.33,96.848137,780,0.0,False,False,False,0.00021521616625147687
6643,6644,4,1,6577,316,14064.069,0.0,96.848137,0,0.0,False,False,False,0.0002153832306119508
6644,6645,4,1,6577,316,14064.069,0.0,96.848137,0,0.0,False,False,False,0.0002153832306119508
6645,6646,4,1,6577,316,14064.069,0.0,96.848137,0,0.0,False,False,False,0.0002153832306119508
6646,6647,4,1,6577,316,14064.069,0.0,96.848137,1384,13.8,False,False,False,0.00021540640859991515
6647,6648,4,1,6577,316,14064.109,11.79,96.848137,1146,8.400001,False,False,False,0.00021602449010526685
6648,6649,4,1,6577,316,14064.17,33.049999,96.739441,1616,11.0,False,False,False,0.00021689606311192826
6649,6650,4,1,6577,316,14064.274,41.389999,96.630745,1504,8.1,False,False,False,0.0002175078139252744
6650,6651,4,1,6577,316,14064.389,40.559998,96.630745,1204,0.0,False,False,False,0.00021786535729655256
6651,6652,4,1,6577,320,14064.455,5.25,96.630745,782,0.0,False,False,False,0.0002180458435223034
6652,6653,4,1,6577,320,14064.458,0.0,96.630745,0,0.0,False,False,False,0.00021824159583001137
6653,6654,4,1,6577,320,14064.458,0.0,96.630745,0,0.0,False,False,False,0.00021824159583001137
6654,6655,4,1,6577,320,14064.458,0.0,96.195961,0,0.0,False,False,False,0.00021824159583001137
6655,6656,4,1,6577,320,14064.463,16.01,95.652481,2166,17.0,False,False,False,0.00021857396375789408
6656,6657,4,1,6577,320,14064.532,26.299999,95.326393,1436,5.8,False,False,False,0.000219200453989227
6657,6658,4,1,6577,320,14064.617,32.939999,95.217697,1456,0.0,False,False,False,0.0002198479455256033
6658,6659,4,1,6577,320,14064.687,15.049999,95.217697,794,0.0,False,False,False,0.00022004975654584094
6659,6660,4,1,6577,320,14064.764,36.939999,95.217697,1606,12.0,False,False,False,0.00022126249238932206
6660,6661,4,1,6577,320,14064.849,13.25,95.217697,768,0.0,False,False,False,0.00022156529620074835
6661,6662,4,1,6577,320,14064.86,0.0,95.217697,0,0.0,False,False,False,0.00022173951681589324
6662,6663,4,1,6577,320,14064.86,0.0,95.217697,0,0.0,False,False,False,0.00022173951681589324
6663,6664,4,1,6577,320,14064.86,0.0,95.217697,0,0.0,False,False,False,0.00022173951681589324
6664,6665,4,1,6577,320,14064.866,16.32,95.217697,2184,16.800001,False,False,False,0.00022208245123336165
6665,6666,4,1,6577,320,14064.927,22.41,95.217697,1120,0.0,False,False,False,0.00022258113524974217
6666,6667,4,1,6577,320,14064.999,30.15,95.217697,1640,9.2,False,False,False,0.0002232857403160629
6667,6668,4,1,6577,320,14065.071,20.27,95.217697,1216,10.400001,False,False,False,0.00022356925398712974
6668,6669,4,1,6577,320,14065.129,14.66,95.217697,852,0.0,False,False,False,0.0002239453370575515
6669,6670,4,1,6577,320,14065.16,1.85,95.217697,778,0.0,False,False,False,0.00022435732282300214
6670,6671,4,1,6577,320,14065.161,0.0,95.217697,0,0.0,False,False,False,0.00022443742823646053
6671,6672,4,1,6577,320,14065.161,0.0,95.217697,0,0.0,False,False,False,0.00022443742823646053
6672,6673,4,1,6577,320,14065.161,0.0,95.217697,0,0.0,False,False,False,0.00022443742823646053
6673,6674,4,1,6577,320,14065.161,0.0,99.565536,0,0.0,False,False,False,0.00022443742823646053
6674,6675,4,1,6577,320,14065.17,5.47,99.565536,778,0.0,False,False,False,0.00022472556495478158
6675,6676,4,1,6577,320,14065.208,33.130001,99.565536,2314,33.299999,False,False,False,0.00022575956505122062
6676,6677,4,1,6577,320,14065.316,31.01,99.565536,988,0.0,False,False,False,0.00022654346738691208
6677,6678,4,1,6577,320,14065.385,24.939999,99.565536,1176,0.0,False,False,False,0.0002271024147284466
6678,6679,4,1,6577,320,14065.405,0.0,99.565536,0,0.0,False,False,False,0.0002272658863440943
6679,6680,5,1,6577,316,13960.895,0.0,93.043777,770,0.0,False,False,False,0.0001882826077692176
6680,6681,5,1,6577,316,13960.895,0.0,93.043777,786,0.0,False,False,False,0.00018846009084010445
6681,6682,5,1,6577,316,13960.903,16.529999,93.043777,2288,24.0,False,False,False,0.00018894738059704327
6682,6683,5,1,6577,316,13960.957,5.91,93.043777,794,0.0,False,False,False,0.00018951261631875818
6683,6684,5,1,6577,316,13961.02,23.41,93.043777,1116,0.0,False,False,False,0.00019043942065689634
6684,6685,5,1,6577,316,13961.084,29.91,93.043777,1356,0.0,False,False,False,0.00019126421241986508
6685,6686,5,1,6577,316,13961.149,15.7,93.043777,772,0.0,False,False,False,0.00019145877901747077
6686,6687,5,1,6577,316,13961.208,22.73,93.043777,1108,0.0,False,False,False,0.00019206510889968118
6687,6688,5,1,6577,316,13961.224,0.0,93.043777,0,0.0,False,False,False,0.00019220297568639497
6688,6689,5,1,6577,316,13961.224,0.0,93.043777,0,0.0,False,False,False,0.00019220297568639497
6689,6690,5,1,6577,316,13961.224,0.0,93.043777,0,0.0,False,False,False,0.00019220297568639497
6690,6691,5,1,6577,316,13961.26,22.529999,93.043777,1440,9.5,False,False,False,0.000192843493818336
6691,6692,5,1,6577,316,13961.337,32.579998,93.043777,1598,0.0,False,False,False,0.00019347105001118366
6692,6693,5,1,6577,316,13961.405,26.23,93.043777,1274,0.0,False,False,False,0.0001940397087751
6693,6694,5,1,6577,316,13961.457,19.48,93.043777,1398,12.5,False,False,False,0.00019465492355679235
6694,6695,5,1,6577,316,13961.534,32.07,93.043777,1132,0.0,False,False,False,0.00019634781193728873
6695,6696,5,1,6577,316,13961.587,9.32,93.043777,1320,3.2,False,False,False,0.00019698806532055985
6696,6697,5,1,6577,316,13961.601,0.0,93.043777,622,0.0,False,False,False,0.00019726761510982087
6697,6698,5,1,6577,316,13961.601,0.0,93.043777,0,0.0,False,False,False,0.00019726761510982087
6698,6699,5,1,6577,316,13961.601,0.0,93.043777,0,0.0,False,False,False,0.00019726761510982087
6699,6700,5,1,6577,316,13961.601,0.0,93.043777,0,0.0,False,False,False,0.00019726761510982087
6700,6701,5,1,6577,316,13961.601,0.0,93.043777,0,0.0,False,False,False,0.00019726761510982087
6701,6702,5,1,6577,316,13961.601,0.0,93.043777,0,0.0,False,False,False,0.00019726761510982087
6702,6703,5,1,6577,316,13961.606,5.02,93.043777,832,0.0,False,False,False,0.00019750926152324288
6703,6704,5,1,6577,316,13961.613,16.32,93.043777,2084,12.7,False,False,False,0.0001979623011824506
6704,6705,5,1,6577,316,13961.633,12.53,93.043777,2030,25.800001,False,False,False,0.00019837590803969423
6705,6706,5,1,6577,316,13961.687,5.07,93.043777,784,0.0,False,False,False,0.00019919002696257534
6706,6707,5,1,6577,316,13961.688,0.0,93.043777,908,11.900001,False,False,False,0.00019942664335119426
6707,6708,5,1,6577,316,13961.75,35.450001,93.043777,1900,15.400001,False,False,False,0.00020112506490483609
6708,6709,5,1,6577,316,13961.865,42.099998,93.043777,1846,16.300001,False,False,False,0.00020226228642903875
6709,6710,5,1,6577,316,13961.986,45.5,93.043777,1272,0.0,False,False,False,0.00020257414853814217
6710,6711,5,1,6577,316,13962.115,47.579998,93.043777,1868,9.5,False,False,False,0.00020292162601253373
6711,6712,5,1,6577,316,13962.171,0.0,93.043777,0,0.0,False,False,False,0.00020314132083607656
6712,6713,5,1,6577,316,13962.171,0.0,93.043777,0,0.0,False,False,False,0.00020314132083607656
6713,6714,5,1,6577,316,13962.171,0.0,93.043777,0,0.0,False,False,False,0.00020314132083607656
6714,6715,5,1,6577,316,13962.171,0.0,93.043777,0,0.0,False,False,False,0.00020314132083607656
6715,6716,5,1,6577,316,13962.176,15.059999,93.043777,2166,23.5,False,False,False,0.00020340981163597738
6716,6717,5,1,6577,316,13962.272,44.379997,93.043777,1882,14.6,False,False,False,0.00020490326336119498
6717,6718,5,1,6577,316,13962.403,48.889999,93.043777,1752,4.7,False,False,False,0.00020566727179613736
6718,6719,5,1,6577,316,13962.532,45.700001,93.043777,1806,8.0,False,False,False,0.0002060094824146212
6719,6720,5,1,6577,316,13962.661,47.98,93.043777,1994,19.4,False,False,False,0.00020649849634705395
6720,6721,5,1,6577,316,13962.731,0.0,93.043777,766,0.0,False,False,False,0.0002067877131119183
6721,6722,5,1,6577,316,13962.731,0.0,93.043777,0,0.0,False,False,False,0.00020681822071765777
6722,6723,5,1,6577,316,13962.731,0.0,93.043777,0,0.0,False,False,False,0.00020681822071765777
6723,6724,5,1,6577,316,13962.731,0.0,93.043777,0,0.0,False,False,False,0.00020681822071765777
6724,6725,5,1,6577,316,13962.743,24.689999,93.043777,3156,28.0,False,False,False,0.0002074553362948602
6725,6726,5,1,6577,316,13962.85,41.799999,93.043777,1228,0.0,False,False,False,0.0002086016392327331
6726,6727,5,1,6577,316,13962.97,44.849998,93.043777,1326,0.0,False,False,False,0.00020886331036231102
6727,6728,5,1,6577,316,13963.085,40.369999,93.043777,1552,0.0,False,False,False,0.00020910543010873968
6728,6729,5,1,6577,316,13963.201,43.849998,93.043777,1610,9.0,False,False,False,0.00020956931227214504
6729,6730,5,1,6577,316,13963.291,4.3,97.500313,772,0.0,False,False,False,0.0002098815471548108
6730,6731,5,1,6577,316,13963.291,0.0,97.500313,0,0.0,False,False,False,0.0002099533016033539
6731,6732,5,1,6577,316,13963.291,0.0,97.391617,0,0.0,False,False,False,0.0002099533016033539
6732,6733,5,1,6577,316,13963.291,0.0,97.391617,0,0.0,False,False,False,0.0002099533016033539
6733,6734,5,1,6577,316,13963.296,13.98,97.391617,1968,17.9,False,False,False,0.00021020558429870004
6734,6735,5,1,6577,316,13963.371,31.33,97.391617,1718,8.3,False,False,False,0.0002110120821052377
6735,6736,5,1,6577,316,13963.47,40.239998,97.391617,1642,7.9,False,False,False,0.0002118144834712667
6736,6737,5,1,6577,316,13963.556,25.269999,97.391617,808,0.0,False,False,False,0.00021203903654366097
6737,6738,5,1,6577,316,13963.613,23.73,97.391617,1274,0.0,False,False,False,0.00021266855014170463
6738,6739,5,1,6577,316,13963.677,18.139999,97.174225,922,0.0,False,False,False,0.00021318516711843748
6739,6740,5,1,6577,316,13963.693,0.0,97.174225,0,0.0,False,False,False,0.00021334625831015406
6740,6741,5,1,6577,316,13963.693,0.0,97.174225,0,0.0,False,False,False,0.00021334625831015406
6741,6742,5,1,6577,316,13963.693,0.0,97.174225,0,0.0,False,False,False,0.00021334625831015406
6742,6743,5,1,6577,316,13963.693,0.0,96.956833,1202,8.8,False,False,False,0.00021337132151777344
6743,6744,5,1,6577,316,13963.758,31.719999,96.848137,1446,0.0,False,False,False,0.00021456261540658277
6744,6745,5,1,6577,316,13963.812,24.67,96.848137,1982,19.200001,False,False,False,0.0002151652310106287
6745,6746,5,1,6577,316,13963.896,32.98,96.848137,1398,0.0,False,False,False,0.00021574768619830753
6746,6747,5,1,6577,316,13963.966,35.450001,96.848137,1824,0.0,False,False,False,0.0002165023531027573
6747,6748,5,1,6577,316,13964.063,19.33,96.848137,780,0.0,False,False,False,0.00021675713170789132
6748,6749,5,1,6577,316,13964.078,0.0,96.848137,0,0.0,False,False,False,0.00021692539060648284
6749,6750,5,1,6577,316,13964.078,0.0,96.848137,0,0.0,False,False,False,0.00021692539060648284
6750,6751,5,1,6577,316,13964.078,0.0,96.848137,0,0.0,False,False,False,0.00021692539060648284
6751,6752,5,1,6577,316,13964.078,0.0,96.848137,1384,13.8,False,False,False,0.00021694873455056966
6752,6753,5,1,6577,316,13964.118,11.79,96.848137,1146,8.400001,False,False,False,0.00021757123713526803
6753,6754,5,1,6577,316,13964.179,33.049999,96.739441,1616,11.0,False,False,False,0.00021844904386832418
6754,6755,5,1,6577,316,13964.283,41.389999,96.630745,1504,8.1,False,False,False,0.0002190651632337132
6755,6756,5,1,6577,316,13964.398,40.559998,96.630745,1204,0.0,False,False,False,0.00021942525375932717
6756,6757,5,1,6577,320,13964.464,5.25,96.630745,782,0.0,False,False,False,0.00021960702487221334
6757,6758,5,1,6577,320,13964.467,0.0,96.630745,0,0.0,False,False,False,0.0002198041784066369
6758,6759,5,1,6577,320,13964.467,0.0,96.630745,0,0.0,False,False,False,0.0002198041784066369
6759,6760,5,1,6577,320,13964.467,0.0,96.195961,0,0.0,False,False,False,0.0002198041784066369
6760,6761,5,1,6577,320,13964.472,16.01,95.652481,2166,17.0,False,False,False,0.00022013892548708702
6761,6762,5,1,6577,320,13964.541,26.299999,95.326393,1436,5.8,False,False,False,0.00022076989355442801
6762,6763,5,1,6577,320,13964.626,32.939999,95.217697,1456,0.0,False,False,False,0.00022142201144438495
6763,6764,5,1,6577,320,13964.696,15.049999,95.217697,794,0.0,False,False,False,0.00022162525949297478
6764,6765,5,1,6577,320,13964.773,36.939999,95.217697,1606,12.0,False,False,False,0.0002228466694969194
6765,6766,5,1,6577,320,13964.858,13.25,95.217697,768,0.0,False,False,False,0.00022315163164339776
6766,6767,5,1,6577,320,13964.869,0.0,95.217697,0,0.0,False,False,False,0.00022332709837103584
6767,6768,5,1,6577,320,13964.869,0.0,95.217697,0,0.0,False,False,False,0.00022332709837103584
6768,6769,5,1,6577,320,13964.869,0.0,95.217697,0,0.0,False,False,False,0.00022332709837103584
6769,6770,5,1,6577,320,13964.875,16.32,95.217697,2184,16.800001,False,False,False,0.00022367248740232887
6770,6771,5,1,6577,320,13964.936,22.41,95.217697,1120,0.0,False,False,False,0.00022417473486918457
6771,6772,5,1,6577,320,13965.008,30.15,95.217697,1640,9.2,False,False,False,0.00022488437640877767
6772,6773,5,1,6577,320,13965.08,20.27,95.217697,1216,10.400001,False,False,False,0.00022516991167170744
6773,6774,5,1,6577,320,13965.138,14.66,95.217697,852,0.0,False,False,False,0.00022554868067321113
6774,6775,5,1,6577,320,13965.169,1.85,95.217697,778,0.0,False,False,False,0.00022596361249817325
6775,6776,5,1,6577,320,13965.17,0.0,95.217697,0,0.0,False,False,False,0.00022604429131250727
6776,6777,5,1,6577,320,13965.17,0.0,95.217697,0,0.0,False,False,False,0.00022604429131250727
6777,6778,5,1,6577,320,13965.17,0.0,95.217697,0,0.0,False,False,False,0.00022604429131250727
6778,6779,5,1,6577,320,13965.17,0.0,99.565536,0,0.0,False,False,False,0.00022604429131250727
6779,6780,5,1,6577,320,13965.179,5.47,99.565536,778,0.0,False,False,False,0.0002263344899130965
6780,6781,5,1,6577,320,13965.217,33.130001,99.565536,2314,33.299999,False,False,False,0.00022737588854591047
6781,6782,5,1,6577,320,13965.325,31.01,99.565536,988,0.0,False,False,False,0.00022816539068079827
6782,6783,5,1,6577,320,13965.394,24.939999,99.565536,1176,0.0,False,False,False,0.00022872833173688211
6783,6784,5,1,6577,320,13965.414,0.0,99.565536,0,0.0,False,False,False,0.00022889297138120062
6784,6785,6,1,6577,316,13960.895,0.0,93.043777,770,0.0,False,False,False,0.0001882826077692176
6785,6786,6,1,6577,316,13960.895,0.0,93.043777,786,0.0,False,False,False,0.00018846009084010445
6786,6787,6,1,6577,316,13960.903,16.529999,93.043777,2288,24.0,False,False,False,0.00018894738059704327
6787,6788,6,1,6577,316,13960.957,5.91,93.043777,794,0.0,False,False,False,0.00018951261631875818
6788,6789,6,1,6577,316,13961.02,23.41,93.043777,1116,0.0,False,False,False,0.00019043942065689634
6789,6790,6,1,6577,316,13961.084,29.91,93.043777,1356,0.0,False,False,False,0.00019126421241986508
6790,6791,6,1,6577,316,13961.149,15.7,93.043777,772,0.0,False,False,False,0.00019145877901747077
6791,6792,6,1,6577,316,13961.208,22.73,93.043777,1108,0.0,False,False,False,0.00019206510889968118
6792,6793,6,1,6577,316,13961.224,0.0,93.043777,0,0.0,False,False,False,0.00019220297568639497
6793,6794,6,1,6577,316,13961.224,0.0,93.043777,0,0.0,False,False,False,0.00019220297568639497
6794,6795,6,1,6577,316,13961.224,0.0,93.043777,0,0.0,False,False,False,0.00019220297568639497
6795,6796,6,1,6577,316,13961.26,22.529999,93.043777,1440,9.5,False,False,False,0.000192843493818336
6796,6797,6,1,6577,316,13961.337,32.579998,93.043777,1598,0.0,False,False,False,0.00019347105001118366
6797,6798,6,1,6577,316,13961.405,26.23,93.043777,1274,0.0,False,False,False,0.0001940397087751
6798,6799,6,1,6577,316,13961.457,19.48,93.043777,1398,12.5,False,False,False,0.00019465492355679235
6799,6800,6,1,6577,316,13961.534,32.07,93.043777,1132,0.0,False,False,False,0.00019634781193728873
6800,6801,6,1,6577,316,13961.587,9.32,93.043777,1320,3.2,False,False,False,0.00019698806532055985
6801,6802,6,1,6577,316,13961.601,0.0,93.043777,622,0.0,False,False,False,0.00019726761510982087
6802,6803,6,1,6577,316,13961.601,0.0,93.043777,0,0.0,False,False,False,0.00019726761510982087
6803,6804,6,1,6577,316,13961.601,0.0,93.043777,0,0.0,False,False,False,0.00019726761510982087
6804,6805,6,1,6577,316,13961.601,0.0,93.043777,0,0.0,False,False,False,0.00019726761510982087
6805,6806,6,1,6577,316,13961.601,0.0,93.043777,0,0.0,False,False,False,0.00019726761510982087
6806,6807,6,1,6577,316,13961.601,0.0,93.043777,0,0.0,False,False,False,0.00019726761510982087
6807,6808,6,1,6577,316,13961.606,5.02,93.043777,832,0.0,False,False,False,0.00019750926152324288
6808,6809,6,1,6577,316,13961.613,16.32,93.043777,2084,12.7,False,False,False,0.0001979623011824506
6809,6810,6,1,6577,316,13961.633,12.53,93.043777,2030,25.800001,False,False,False,0.00019837590803969423
6810,6811,6,1,6577,316,13961.687,5.07,93.043777,784,0.0,False,False,False,0.00019919002696257534
6811,6812,6,1,6577,316,13961.688,0.0,93.043777,908,11.900001,False,False,False,0.00019942664335119426
6812,6813,6,1,6577,316,13961.75,35.450001,93.043777,1900,15.400001,False,False,False,0.00020112506490483609
6813,6814,6,1,6577,316,13961.865,42.099998,93.043777,1846,16.300001,False,False,False,0.00020226228642903875
6814,6815,6,1,6577,316,13961.986,45.5,93.043777,1272,0.0,False,False,False,0.00020257414853814217
6815,6816,6,1,6577,316,13962.115,47.579998,93.043777,1868,9.5,False,False,False,0.00020292162601253373
6816,6817,6,1,6577,316,13962.171,0.0,93.043777,0,0.0,False,False,False,0.00020314132083607656
6817,6818,6,1,6577,316,13962.171,0.0,93.043777,0,0.0,False,False,False,0.00020314132083607656
6818,6819,6,1,6577,316,13962.171,0.0,93.043777,0,0.0,False,False,False,0.00020314132083607656
6819,6820,6,1,6577,316,13962.171,0.0,93.043777,0,0.0,False,False,False,0.00020314132083607656
6820,6821,6,1,6577,316,13962.176,15.059999,93.043777,2166,23.5,False,False,False,0.00020340981163597738
6821,6822,6,1,6577,316,13962.272,44.379997,93.043777,1882,14.6,False,False,False,0.00020490326336119498
6822,6823,6,1,6577,316,13962.403,48.889999,93.043777,1752,4.7,False,False,False,0.00020566727179613736
6823,6824,6,1,6577,316,13962.532,45.700001,93.043777,1806,8.0,False,False,False,0.0002060094824146212
6824,6825,6,1,6577,316,13962.661,47.98,93.043777,1994,19.4,False,False,False,0.00020649849634705395
6825,6826,6,1,6577,316,13962.731,0.0,93.043777,766,0.0,False,False,False,0.0002067877131119183
6826,6827,6,1,6577,316,13962.731,0.0,93.043777,0,0.0,False,False,False,0.00020681822071765777
6827,6828,6,1,6577,316,13962.731,0.0,93.043777,0,0.0,False,False,False,0.00020681822071765777
6828,6829,6,1,6577,316,13962.731,0.0,93.043777,0,0.0,False,False,False,0.00020681822071765777
6829,6830,6,1,6577,316,13962.743,24.689999,93.043777,3156,28.0,False,False,False,0.0002074553362948602
6830,6831,6,1,6577,316,13962.85,41.799999,93.043777,1228,0.0,False,False,False,0.0002086016392327331
6831,6832,6,1,6577,316,13962.97,44.849998,93.043777,1326,0.0,False,False,False,0.00020886331036231102
6832,6833,6,1,6577,316,13963.085,40.369999,93.043777,1552,0.0,False,False,False,0.00020910543010873968
6833,6834,6,1,6577,316,13963.201,43.849998,93.043777,1610,9.0,False,False,False,0.00020956931227214504
6834,6835,6,1,6577,316,13963.291,4.3,97.500313,772,0.0,False,False,False,0.0002098815471548108
6835,6836,6,1,6577,316,13963.291,0.0,97.500313,0,0.0,False,False,False,0.0002099533016033539
6836,6837,6,1,6577,316,13963.291,0.0,97.391617,0,0.0,False,False,False,0.0002099533016033539
6837,6838,6,1,6577,316,13963.291,0.0,97.391617,0,0.0,False,False,False,0.0002099533016033539
6838,6839,6,1,6577,316,13963.296,13.98,97.391617,1968,17.9,False,False,False,0.00021020558429870004
6839,6840,6,1,6577,316,13963.371,31.33,97.391617,1718,8.3,False,False,False,0.0002110120821052377
6840,6841,6,1,6577,316,13963.47,40.239998,97.391617,1642,7.9,False,False,False,0.0002118144834712667
6841,6842,6,1,6577,316,13963.556,25.269999,97.391617,808,0.0,False,False,False,0.00021203903654366097
6842,6843,6,1,6577,316,13963.613,23.73,97.391617,1274,0.0,False,False,False,0.00021266855014170463
6843,6844,6,1,6577,316,13963.677,18.139999,97.174225,922,0.0,False,False,False,0.00021318516711843748
6844,6845,6,1,6577,316,13963.693,0.0,97.174225,0,0.0,False,False,False,0.00021334625831015406
6845,6846,6,1,6577,316,13963.693,0.0,97.174225,0,0.0,False,False,False,0.00021334625831015406
6846,6847,6,1,6577,316,13963.693,0.0,97.174225,0,0.0,False,False,False,0.00021334625831015406
6847,6848,6,1,6577,316,13963.693,0.0,96.956833,1202,8.8,False,False,False,0.00021337132151777344
6848,6849,6,1,6577,316,13963.758,31.719999,96.848137,1446,0.0,False,False,False,0.00021456261540658277
6849,6850,6,1,6577,316,13963.812,24.67,96.848137,1982,19.200001,False,False,False,0.0002151652310106287
6850,6851,6,1,6577,316,13963.896,32.98,96.848137,1398,0.0,False,False,False,0.00021574768619830753
6851,6852,6,1,6577,316,13963.966,35.450001,96.848137,1824,0.0,False,False,False,0.0002165023531027573
6852,6853,6,1,6577,316,13964.063,19.33,96.848137,780,0.0,False,False,False,0.00021675713170789132
6853,6854,6,1,6577,316,13964.078,0.0,96.848137,0,0.0,False,False,False,0.00021692539060648284
6854,6855,6,1,6577,316,13964.078,0.0,96.848137,0,0.0,False,False,False,0.00021692539060648284
6855,6856,6,1,6577,316,13964.078,0.0,96.848137,0,0.0,False,False,False,0.00021692539060648284
6856,6857,6,1,6577,316,13964.078,0.0,96.848137,1384,13.8,False,False,False,0.00021694873455056966
6857,6858,6,1,6577,316,13964.118,11.79,96.848137,1146,8.400001,False,False,False,0.00021757123713526803
6858,6859,6,1,6577,316,13964.179,33.049999,96.739441,1616,11.0,False,False,False,0.00021844904386832418
6859,6860,6,1,6577,316,13964.283,41.389999,96.630745,1504,8.1,False,False,False,0.0002190651632337132
6860,6861,6,1,6577,316,13964.398,40.559998,96.630745,1204,0.0,False,False,False,0.00021942525375932717
6861,6862,6,1,6577,320,13964.464,5.25,96.630745,782,0.0,False,False,False,0.00021960702487221334
6862,6863,6,1,6577,320,13964.467,0.0,96.630745,0,0.0,False,False,False,0.0002198041784066369
6863,6864,6,1,6577,320,13964.467,0.0,96.630745,0,0.0,False,False,False,0.0002198041784066369
6864,6865,6,1,6577,320,13964.467,0.0,96.195961,0,0.0,False,False,False,0.0002198041784066369
6865,6866,6,1,6577,320,13964.472,16.01,95.652481,2166,17.0,False,False,False,0.00022013892548708702
6866,6867,6,1,6577,320,13964.541,26.299999,95.326393,1436,5.8,False,False,False,0.00022076989355442801
6867,6868,6,1,6577,320,13964.626,32.939999,95.217697,1456,0.0,False,False,False,0.00022142201144438495
6868,6869,6,1,6577,320,13964.696,15.049999,95.217697,794,0.0,False,False,False,0.00022162525949297478
6869,6870,6,1,6577,320,13964.773,36.939999,95.217697,1606,12.0,False,False,False,0.0002228466694969194
6870,6871,6,1,6577,320,13964.858,13.25,95.217697,768,0.0,False,False,False,0.00022315163164339776
6871,6872,6,1,6577,320,13964.869,0.0,95.217697,0,0.0,False,False,False,0.00022332709837103584
6872,6873,6,1,6577,320,13964.869,0.0,95.217697,0,0.0,False,False,False,0.00022332709837103584
6873,6874,6,1,6577,320,13964.869,0.0,95.217697,0,0.0,False,False,False,0.00022332709837103584
6874,6875,6,1,6577,320,13964.875,16.32,95.217697,2184,16.800001,False,False,False,0.00022367248740232887
6875,6876,6,1,6577,320,13964.936,22.41,95.217697,1120,0.0,False,False,False,0.00022417473486918457
6876,6877,6,1,6577,320,13965.008,30.15,95.217697,1640,9.2,False,False,False,0.00022488437640877767
6877,6878,6,1,6577,320,13965.08,20.27,95.217697,1216,10.400001,False,False,False,0.00022516991167170744
6878,6879,6,1,6577,320,13965.138,14.66,95.217697,852,0.0,False,False,False,0.00022554868067321113
6879,6880,6,1,6577,320,13965.169,1.85,95.217697,778,0.0,False,False,False,0.00022596361249817325
6880,6881,6,1,6577,320,13965.17,0.0,95.217697,0,0.0,False,False,False,0.00022604429131250727
6881,6882,6,1,6577,320,13965.17,0.0,95.217697,0,0.0,False,False,False,0.00022604429131250727
6882,6883,6,1,6577,320,13965.17,0.0,95.217697,0,0.0,False,False,False,0.00022604429131250727
6883,6884,6,1,6577,320,13965.17,0.0,99.565536,0,0.0,False,False,False,0.00022604429131250727
6884,6885,6,1,6577,320,13965.179,5.47,99.565536,778,0.0,False,False,False,0.0002263344899130965
6885,6886,6,1,6577,320,13965.217,33.130001,99.565536,2314,33.299999,False,False,False,0.00022737588854591047
6886,6887,6,1,6577,320,13965.325,31.01,99.565536,988,0.0,False,False,False,0.00022816539068079827
6887,6888,6,1,6577,320,13965.394,24.939999,99.565536,1176,0.0,False,False,False,0.00022872833173688211
6888,6889,6,1,6577,320,13965.414,0.0,99.565536,0,0.0,False,False,False,0.00022889297138120062
