vin,make,year,Model,auto_id,owner_id,DriveTrain,EngineType,transmission,ExteriorColor,InteriorColor,created_at,updated_at
FHL3O1SA4IEHB4WU1,Contoso Motors,2007,Sedan,1,1,FWD,6 Cylinder,Manual,Black,Black,2026-05-22 14:06:35.718300,2026-05-22 14:06:35.719893
PUB3U17PS911EB369,Contoso Motors,2005,Sedan,2,86,FWD,6 Cylinder,Manual,Thunder Gray,Gray,2026-05-22 14:06:35.718300,2026-05-22 14:06:35.719893
OA1FTZ9HJBS0LH0HP,Contoso Motors,2005,Wagon,3,138,FWD,6 Cylinder,Automatic,Deep Blue,Brown,2026-05-22 14:06:35.718300,2026-05-22 14:06:35.719893
JTHMYHQTEPP4WBMRN,Contoso Motors,2007,Minivan,4,4,FWD,6 Cylinder,Automatic,Volcanic Orange,White,2026-05-22 14:06:35.718300,2026-05-22 14:06:35.719893
9230C202Z60XX84AU,Contoso Motors,2004,SUV,5,24,AWD,6 Cylinder,Automatic,Blazing Gray,Black,2026-05-22 14:06:35.718300,2026-05-22 14:06:35.719893
TEE8OFO7KCFO1PQH6,Contoso Motors,2011,SUV,6,72,FWD,4 Cylinder,Automatic,Blazing Gray,Black,2026-05-22 14:06:35.718300,2026-05-22 14:06:35.719893
3581A1IM5GCDDNX6S,Contoso Motors,2012,Commercial,7,439,AWD,8 Cylinder,Automatic,Gray,Dark Gray,2026-05-22 14:06:35.718300,2026-05-22 14:06:35.719893
5KKR2VB4WHQH97PF8,Contoso Motors,2016,Convertible 2DR,8,8,FWD,8 Cylinder,Automatic,Deep Blue,Brown,2026-05-22 14:06:35.718300,2026-05-22 14:06:35.719893
C7DB1JTWYWWVOCU3K,Contoso Motors,2005,Coupe,9,257,FWD,4 Cylinder,Manual,Racing Green,Beige,2026-05-22 14:06:35.718300,2026-05-22 14:06:35.719893
26WJSGHX4MA5ROHNL,Contoso Motors,2013,Hybrid,10,10,FWD,Hybrid,Semi-Automatic,White Silver,Smoke White,2026-05-22 14:06:35.718300,2026-05-22 14:06:35.719893
8Y5QKG27QET1RBK7I,Contoso Motors,2009,Truck,11,18,AWD,10 Cylinder,Automatic,Blue,Black,2026-05-22 14:06:35.718300,2026-05-22 14:06:35.719893
TS61YCX093VPDBN4C,Contoso Motors,2007,Wagon,12,522,FWD,6 Cylinder,Automatic,Deep Blue,White,2026-05-22 14:06:35.718300,2026-05-22 14:06:35.719893
HE0Y7YC1BJJBQ7K98,Contoso Motors,2010,Sedan,13,146,FWD,6 Cylinder,Manual,Volcanic Orange,White,2026-05-22 14:06:35.718300,2026-05-22 14:06:35.719893
3HUG8Y362XD2AWKDY,Contoso Motors,2015,Sedan,14,206,AWD,6 Cylinder,Manual,Blue,Old Lace,2026-05-22 14:06:35.718300,2026-05-22 14:06:35.719893
LVYE74QDF2F9CRP70,Contoso Motors,2004,Sedan,15,445,FWD,6 Cylinder,Manual,Midnight Black,Silverstone,2026-05-22 14:06:35.718300,2026-05-22 14:06:35.719893
F19LDAGBRRYUMX2UX,Contoso Motors,2005,Wagon,16,146,AWD,6 Cylinder,Automatic,Deep Blue,White,2026-05-22 14:06:35.718300,2026-05-22 14:06:35.719893
FEP3U8HGTMIW5CPBU,Contoso Motors,2007,Truck,17,258,AWD,10 Cylinder,Automatic,Black,Black,2026-05-22 14:06:35.718300,2026-05-22 14:06:35.719893
O8NSRUCP8NC0XG4YQ,Contoso Motors,2005,Truck,18,402,FWD,10 Cylinder,Automatic,Black,Black,2026-05-22 14:06:35.718300,2026-05-22 14:06:35.719893
BWQ77DOTN9R6J8DR6,Contoso Motors,2007,Coupe,19,265,AWD,4 Cylinder,Manual,Midnight Black,Silverstone,2026-05-22 14:06:35.718300,2026-05-22 14:06:35.719893
Z2EOZWZBXAEW3E60T,Contoso Motors,2013,Hybrid,20,20,FWD,Hybrid,Semi-Automatic,Deep Blue,Brown,2026-05-22 14:06:35.718300,2026-05-22 14:06:35.719893
3ADD7VN2KKRYOT2XS,Contoso Motors,2013,SUV,21,142,FWD,Electric,Automatic,Blazing Gray,Black,2026-05-22 14:06:35.718300,2026-05-22 14:06:35.719893
RD8HGV484NLOVRUHP,Contoso Motors,2012,Commercial,22,487,AWD,8 Cylinder,Automatic,Gray,Dark Gray,2026-05-22 14:06:35.718300,2026-05-22 14:06:35.719893
R0JAUHT1L1R3BIKI0,Contoso Motors,2011,Convertible 2DR,23,23,AWD,Electric,Automatic,Racing Green,Beige,2026-05-22 14:06:35.718300,2026-05-22 14:06:35.719893
ZV03D9VP79L5BZ98V,Contoso Motors,2013,SUV,24,704,FWD,6 Cylinder,Automatic,Blazing Gray,Black,2026-05-22 14:06:35.718300,2026-05-22 14:06:35.719893
OZPT7F80EYFGFFEFA,Contoso Motors,2004,SUV,25,752,RWD,8 Cylinder,Automatic,Blazing Gray,Black,2026-05-22 14:06:35.718300,2026-05-22 14:06:35.719893
4WPYRUZII5YV7YA42,Contoso Motors,2007,Minivan,26,26,FWD,6 Cylinder,Automatic,Thunder Gray,Gray,2026-05-22 14:06:35.718300,2026-05-22 14:06:35.719893
I8K5MU1DHDBVGGFFQ,Contoso Motors,2009,SUV,27,822,FWD,4 Cylinder,Automatic,Blazing Gray,Black,2026-05-22 14:06:35.718300,2026-05-22 14:06:35.719893
XUF99EW9OIQOMV7Q7,Contoso Motors,2011,Minivan,28,28,FWD,6 Cylinder,Automatic,Volcanic Orange,White,2026-05-22 14:06:35.718300,2026-05-22 14:06:35.719893
T2OG788FMQZNQGVS2,Contoso Motors,2016,SUV,29,870,FWD,4 Cylinder,Automatic,Blazing Gray,Black,2026-05-22 14:06:35.718300,2026-05-22 14:06:35.719893
UXO8LUK75DYL9WZLK,Contoso Motors,2015,Minivan,30,30,FWD,6 Cylinder,Automatic,Blue,Old Lace,2026-05-22 14:06:35.718300,2026-05-22 14:06:35.719893
XYDBXU9MA5XXPPQR0,Contoso Motors,2016,Minivan,31,31,FWD,6 Cylinder,Automatic,Silver,Ivory,2026-05-22 14:06:35.718300,2026-05-22 14:06:35.719893
JF1GH6B60BG81026,Contoso Motors,2017,Convertible 2DR,32,81,RWD,8 Cylinder,Manual,Black,Midnight Black,2026-05-22 14:06:35.718300,2026-05-22 14:06:35.719893
AVHD2GCOA2NN5ES9J,Contoso Motors,2016,Convertible 2DR,33,85,RWD,6 Cylinder,Automatic,Blazing Gray,Black,2026-05-22 14:06:35.718300,2026-05-22 14:06:35.719893
ZVTOCRLBYKEB1Y5L9,Contoso Motors,2015,Minivan,34,34,FWD,6 Cylinder,Automatic,White Silver,Smoke White,2026-05-22 14:06:35.718300,2026-05-22 14:06:35.719893
RXB14GHQFO3PUYKNS,Contoso Motors,2005,Sedan,35,565,AWD,6 Cylinder,Manual,Racing Green,Beige,2026-05-22 14:06:35.718300,2026-05-22 14:06:35.719893
0125DITL7HX8TYA6T,Contoso Motors,2016,Wagon,36,386,FWD,6 Cylinder,Automatic,Deep Blue,White,2026-05-22 14:06:35.718300,2026-05-22 14:06:35.719893
5199WY00VHB6G0WDW,Contoso Motors,2016,Sedan,37,770,FWD,6 Cylinder,Manual,Blue,Old Lace,2026-05-22 14:06:35.718300,2026-05-22 14:06:35.719893
HOVSW338LVHWN2KVR,Contoso Motors,2007,Sedan,38,830,FWD,6 Cylinder,Manual,Blue,Old Lace,2026-05-22 14:06:35.718300,2026-05-22 14:06:35.719893
BPMFLFF6LNYIOMAVX,Contoso Motors,2005,SUV,39,22,FWD,Electric,Automatic,Blazing Gray,Black,2026-05-22 14:06:35.718300,2026-05-22 14:06:35.719893
LTZFCUSVPFQ4W7Z4J,Contoso Motors,2007,Truck,40,642,FWD,10 Cylinder,Automatic,Black,Black,2026-05-22 14:06:35.718300,2026-05-22 14:06:35.719893
6R0Q5GZP90RLBIZSF,Contoso Motors,2004,Truck,41,761,AWD,10 Cylinder,Automatic,Black,Black,2026-05-22 14:06:35.718300,2026-05-22 14:06:35.719893
8UW5Z294E0NJMJPLJ,Contoso Motors,2015,Wagon,42,530,FWD,6 Cylinder,Automatic,Deep Blue,White,2026-05-22 14:06:35.718300,2026-05-22 14:06:35.719893
2MVDG47OQ3G5I49FK,Contoso Motors,2013,Wagon,43,770,FWD,6 Cylinder,Automatic,Deep Blue,White,2026-05-22 14:06:35.718300,2026-05-22 14:06:35.719893
60G4SUPG5KNFU3ZYS,Contoso Motors,2016,Minivan,44,44,FWD,6 Cylinder,Automatic,Deep Blue,Brown,2026-05-22 14:06:35.718300,2026-05-22 14:06:35.719893
0IBN9W4FLJTNDM6G4,Contoso Motors,2011,Minivan,45,45,FWD,6 Cylinder,Automatic,Midnight Black,Silverstone,2026-05-22 14:06:35.718300,2026-05-22 14:06:35.719893
Q0OIIVH166MJM9SRH,Contoso Motors,2004,SUV,46,280,AWD,6 Cylinder,Automatic,Blazing Gray,Black,2026-05-22 14:06:35.718300,2026-05-22 14:06:35.719893
1YMDHCCKY6126ZU1K,Contoso Motors,2009,Wagon,47,394,FWD,6 Cylinder,Automatic,Deep Blue,White,2026-05-22 14:06:35.718300,2026-05-22 14:06:35.719893
9RPS1HJG9D1LBEQQH,Contoso Motors,2011,Truck,48,881,FWD,10 Cylinder,Automatic,Black,Black,2026-05-22 14:06:35.718300,2026-05-22 14:06:35.719893
0PLKJAYEVRA6NRU0J,Contoso Motors,2011,SUV,49,328,AWD,4 Cylinder,Automatic,Blazing Gray,Black,2026-05-22 14:06:35.718300,2026-05-22 14:06:35.719893
5PDU8WYEFFGO40HHC,Contoso Motors,2007,Sedan,50,950,FWD,6 Cylinder,Manual,White Silver,Smoke White,2026-05-22 14:06:35.718300,2026-05-22 14:06:35.719893
962GBB2WZOZXU7OMG,Contoso Motors,2012,Hatchback,51,139,FWD,6 Cylinder,Automatic,Deep Blue,White,2026-05-22 14:06:35.718300,2026-05-22 14:06:35.719893
YNU5C8YZYT7DOYXQ8,Contoso Motors,2016,Minivan,52,52,FWD,6 Cylinder,Automatic,Volcanic Orange,White,2026-05-22 14:06:35.718300,2026-05-22 14:06:35.719893
BTV19HPRPU7RWICET,Contoso Motors,2016,SUV,53,398,FWD,Electric,Automatic,Blazing Gray,Black,2026-05-22 14:06:35.718300,2026-05-22 14:06:35.719893
MHTP9N792PHK08WJM,Contoso Motors,2005,SUV,54,6,AWD,Hybrid,Automatic,Blue,Black,2026-05-22 14:06:35.718300,2026-05-22 14:06:35.719893
J9RO51ZXXUSHUT13B,Contoso Motors,2012,Commercial,55,502,AWD,8 Cylinder,Automatic,Gray,Dark Gray,2026-05-22 14:06:35.718300,2026-05-22 14:06:35.719893
UE6D2HW9H7KUFMFFO,Contoso Motors,2015,Convertible 2DR,56,56,AWD,6 Cylinder,Automatic,Deep Blue,Brown,2026-05-22 14:06:35.718300,2026-05-22 14:06:35.719893
HKTHWDDMML03RMZPR,Contoso Motors,2013,Coupe,57,267,RWD,4 Cylinder,Manual,Midnight Black,Silverstone,2026-05-22 14:06:35.718300,2026-05-22 14:06:35.719893
W7ZXWIK8O86SZGH9G,Contoso Motors,2013,Hybrid,58,58,FWD,Hybrid,Semi-Automatic,White Silver,Smoke White,2026-05-22 14:06:35.718300,2026-05-22 14:06:35.719893
9T9VSN0FI93R6HTIT,Contoso Motors,2014,Truck,59,1,AWD,10 Cylinder,Automatic,Black,Black,2026-05-22 14:06:35.718300,2026-05-22 14:06:35.719893
HHP8M4ES04246X7B6,Contoso Motors,2007,Hatchback,60,147,AWD,6 Cylinder,Automatic,Deep Blue,White,2026-05-22 14:06:35.718300,2026-05-22 14:06:35.719893
H0BRZNH49CP43HKN1,Contoso Motors,2005,Sedan,61,10,FWD,6 Cylinder,Manual,White Silver,Smoke White,2026-05-22 14:06:35.718300,2026-05-22 14:06:35.719893
UHK4NJMODN4CJ8N1Q,Contoso Motors,2013,Sedan,62,154,FWD,6 Cylinder,Manual,Thunder Gray,Gray,2026-05-22 14:06:35.718300,2026-05-22 14:06:35.719893
GTL07WURKAEBZO7KO,Contoso Motors,2007,Sedan,63,214,AWD,6 Cylinder,Manual,Thunder Gray,Gray,2026-05-22 14:06:35.718300,2026-05-22 14:06:35.719893
92S177DVXRBE1PK45,Contoso Motors,2016,Hatchback,64,523,AWD,6 Cylinder,Automatic,Deep Blue,White,2026-05-22 14:06:35.718300,2026-05-22 14:06:35.719893
OIERM0565QG99HAN9,Contoso Motors,2015,Truck,65,266,AWD,10 Cylinder,Automatic,Black,Black,2026-05-22 14:06:35.718300,2026-05-22 14:06:35.719893
7O2VKAE0FELJG5ELK,Contoso Motors,2016,Truck,66,650,AWD,10 Cylinder,Automatic,Black,Black,2026-05-22 14:06:35.718300,2026-05-22 14:06:35.719893
UXXQX95MAJ1FHJRFA,Contoso Motors,2011,Coupe,67,651,AWD,4 Cylinder,Manual,Chili Red,Black,2026-05-22 14:06:35.718300,2026-05-22 14:06:35.719893
A3FQXISX6GIN2G6M2,Contoso Motors,2013,Hybrid,68,68,FWD,Hybrid,Semi-Automatic,Deep Blue,Brown,2026-05-22 14:06:35.718300,2026-05-22 14:06:35.719893
3BY5XUUAB7MS5BOUQ,Contoso Motors,2013,SUV,69,54,AWD,4 Cylinder,Automatic,Blue,Black,2026-05-22 14:06:35.718300,2026-05-22 14:06:35.719893
926ORRXDY9J83POLE,Contoso Motors,2012,Commercial,70,535,AWD,8 Cylinder,Automatic,Gray,Dark Gray,2026-05-22 14:06:35.718300,2026-05-22 14:06:35.719893
V5UOQH37Z6ZUQEVOA,Contoso Motors,2013,Convertible 2DR,71,71,FWD,3 Cylinder,Automatic,Racing Green,Beige,2026-05-22 14:06:35.718300,2026-05-22 14:06:35.719893
EMUKPWIQTTZ8XDAKV,Contoso Motors,2007,SUV,72,534,AWD,6 Cylinder,Automatic,Blue,Black,2026-05-22 14:06:35.718300,2026-05-22 14:06:35.719893
A1LCTSY2WHBDL4RXY,Contoso Motors,2005,SUV,73,582,FWD,10 Cylinder,Automatic,Blue,Black,2026-05-22 14:06:35.718300,2026-05-22 14:06:35.719893
ZPGYKO3SW7RC58YUZ,Contoso Motors,2015,Minivan,74,74,FWD,6 Cylinder,Automatic,Thunder Gray,Gray,2026-05-22 14:06:35.718300,2026-05-22 14:06:35.719893
K0GMEOI4V7EHGGAR6,Contoso Motors,2009,SUV,75,734,FWD,4 Cylinder,Automatic,Blue,Black,2026-05-22 14:06:35.718300,2026-05-22 14:06:35.719893
UOUFX6BWC4G2NU4OA,Contoso Motors,2013,Minivan,76,76,FWD,6 Cylinder,Automatic,Volcanic Orange,White,2026-05-22 14:06:35.718300,2026-05-22 14:06:35.719893
XF1QTSNCM8M3SKNRX,Contoso Motors,2016,SUV,77,782,FWD,Hybrid,Automatic,Blue,Black,2026-05-22 14:06:35.718300,2026-05-22 14:06:35.719893
HOE5ERNKHQA06CAL9,Contoso Motors,2015,Minivan,78,78,FWD,6 Cylinder,Automatic,Blue,Old Lace,2026-05-22 14:06:35.718300,2026-05-22 14:06:35.719893
ST95EH8B8NNG34EE3,Contoso Motors,2013,Minivan,79,79,FWD,6 Cylinder,Automatic,Silver,Ivory,2026-05-22 14:06:35.718300,2026-05-22 14:06:35.719893
TEE607XTPSEPGIOW0,Contoso Motors,2004,Minivan,80,80,FWD,6 Cylinder,Automatic,Deep Blue,Brown,2026-05-22 14:06:35.718300,2026-05-22 14:06:35.719893
SNCE1JI16ORA8TZJ6,Contoso Motors,2015,Minivan,81,81,FWD,6 Cylinder,Automatic,Midnight Black,Silverstone,2026-05-22 14:06:35.718300,2026-05-22 14:06:35.719893
JCGOM1OM7DNYJW6Y9,Contoso Motors,2007,Minivan,82,82,FWD,6 Cylinder,Automatic,White Silver,Smoke White,2026-05-22 14:06:35.718300,2026-05-22 14:06:35.719893
HW67MDOKG6X824CLF,Contoso Motors,2010,Sedan,83,334,FWD,6 Cylinder,Manual,Blue,Old Lace,2026-05-22 14:06:35.718300,2026-05-22 14:06:35.719893
HYP1FSUQ6NQUMLBE5,Contoso Motors,2006,Hatchback,84,575,FWD,6 Cylinder,Automatic,Deep Blue,White,2026-05-22 14:06:35.718300,2026-05-22 14:06:35.719893
6QSTEN3L3M3CZWPKO,Contoso Motors,2015,Sedan,85,394,AWD,6 Cylinder,Manual,Blue,Old Lace,2026-05-22 14:06:35.718300,2026-05-22 14:06:35.719893
W0RXEHZ32SJB3VDX4,Contoso Motors,2014,Sedan,86,573,AWD,6 Cylinder,Manual,Midnight Black,Silverstone,2026-05-22 14:06:35.718300,2026-05-22 14:06:35.719893
RY3FMAG69XTBL0KTX,Contoso Motors,2015,SUV,87,992,RWD,4 Cylinder,Automatic,Blue,Black,2026-05-22 14:06:35.718300,2026-05-22 14:06:35.719893
9QATZSVHST426DAG1,Contoso Motors,2004,Truck,88,889,FWD,10 Cylinder,Automatic,Black,Black,2026-05-22 14:06:35.718300,2026-05-22 14:06:35.719893
CP6TW23WUH9ZHH8GT,Contoso Motors,2015,Convertible 2DR,89,820,RWD,8 Cylinder,Manual,Chili Red,Red,2026-05-22 14:06:35.718300,2026-05-22 14:06:35.719893
VXE1D06K67MWOWEJ3,Contoso Motors,2016,Convertible 2DR,90,822,RWD,8 Cylinder,Automatic,Racing Green,Black,2026-05-22 14:06:35.718300,2026-05-22 14:06:35.719893
GHRJAC7PDRUQ960AF,Contoso Motors,2014,Convertible 2DR,91,848,RWD,8 Cylinder,Manual,White Silver,Gray,2026-05-22 14:06:35.718300,2026-05-22 14:06:35.719893
449PLM0RCNHZ6YHO5,Contoso Motors,2015,Convertible 2DR,92,888,RWD,8 Cylinder,Automatic,Black,Black,2026-05-22 14:06:35.718300,2026-05-22 14:06:35.719893
Q7HBIZ6T7172QJP0U,Contoso Motors,2016,Convertible 2DR,93,800,RWD,8 Cylinder,Manual,Blue,Dark Gray,2026-05-22 14:06:35.718300,2026-05-22 14:06:35.719893
90LR6IH70DMQNV245,Contoso Motors,2016,Convertible 2DR,94,801,RWD,8 Cylinder,Automatic,Volcanic Orange,Black,2026-05-22 14:06:35.718300,2026-05-22 14:06:35.719893
G45XN4SW529YCKBST,Contoso Motors,2013,Hatchback,95,959,AWD,6 Cylinder,Automatic,Deep Blue,White,2026-05-22 14:06:35.718300,2026-05-22 14:06:35.719893
Z94AOEKMF6Q9K32LQ,Contoso Motors,2011,Truck,96,129,FWD,10 Cylinder,Automatic,Black,Black,2026-05-22 14:06:35.718300,2026-05-22 14:06:35.719893
4ZV9MBVJL7K1540ZL,Contoso Motors,2011,SUV,97,41,AWD,Hybrid,Automatic,Blue,Black,2026-05-22 14:06:35.718300,2026-05-22 14:06:35.719893
JB5IZCJJCS4DSPQQM,Contoso Motors,2007,Sedan,98,693,FWD,6 Cylinder,Manual,Racing Green,Beige,2026-05-22 14:06:35.718300,2026-05-22 14:06:35.719893
6XXVJMY80S4CHSUKW,Contoso Motors,2015,Wagon,99,2,FWD,6 Cylinder,Automatic,Deep Blue,White,2026-05-22 14:06:35.718300,2026-05-22 14:06:35.719893
6QLISR018O06X8K44,Contoso Motors,2015,Minivan,100,100,FWD,6 Cylinder,Automatic,Blue,Old Lace,2026-05-22 14:06:35.718300,2026-05-22 14:06:35.719893
L6JHAWNP1IXGNF0SP,Contoso Motors,2004,Crossover,101,43,AWD,Hybrid,Automatic,Blue,Black,2026-05-22 14:06:35.718300,2026-05-22 14:06:35.719893
YQIIQJAOQW46KX2KS,Contoso Motors,2007,Crossover,102,45,AWD,Hybrid,Automatic,Blue,Black,2026-05-22 14:06:35.718300,2026-05-22 14:06:35.719893
MYVBR1ANM44W9A8ZN,Contoso Motors,2012,Commercial,103,598,AWD,8 Cylinder,Automatic,Gray,Dark Gray,2026-05-22 14:06:35.718300,2026-05-22 14:06:35.719893
OXPVYJT8F5CV0QETY,Contoso Motors,2016,Convertible 2DR,104,104,FWD,Hybrid,Automatic,White Silver,Smoke White,2026-05-22 14:06:35.718300,2026-05-22 14:06:35.719893
FO6IFCLO0J6QWI428,Contoso Motors,2016,Coupe,105,275,FWD,4 Cylinder,Manual,Silver,Ivory,2026-05-22 14:06:35.718300,2026-05-22 14:06:35.719893
HQ966AF5RI70ST3Y6,Contoso Motors,2013,Hybrid,106,106,FWD,Hybrid,Semi-Automatic,Blazing Gray,Nutmeg,2026-05-22 14:06:35.718300,2026-05-22 14:06:35.719893
X41MAQ673N3V5XWEG,Contoso Motors,2015,Truck,107,274,FWD,10 Cylinder,Automatic,Black,Black,2026-05-22 14:06:35.718300,2026-05-22 14:06:35.719893
OBY5PK2DEXG66GXJG,Contoso Motors,2007,Hatchback,108,11,FWD,6 Cylinder,Automatic,Deep Blue,White,2026-05-22 14:06:35.718300,2026-05-22 14:06:35.719893
VHA71CU9U064O5HEE,Contoso Motors,2016,Sedan,109,958,FWD,6 Cylinder,Manual,Blue,Old Lace,2026-05-22 14:06:35.718300,2026-05-22 14:06:35.719893
84CFOIJACQGPF9ZDL,Contoso Motors,2007,Sedan,110,18,FWD,6 Cylinder,Manual,Deep Blue,Brown,2026-05-22 14:06:35.718300,2026-05-22 14:06:35.719893
CLARVXUPYK83L0UMN,Contoso Motors,2013,Sedan,111,78,AWD,6 Cylinder,Manual,White Silver,Smoke White,2026-05-22 14:06:35.718300,2026-05-22 14:06:35.719893
VJ5B73VXKJGZWDG0B,Contoso Motors,2006,Hatchback,112,147,FWD,6 Cylinder,Automatic,Deep Blue,White,2026-05-22 14:06:35.718300,2026-05-22 14:06:35.719893
N2S4F51PGIFY8KK2Z,Contoso Motors,2007,Truck,113,395,FWD,12 Cylinder,Automatic,Black,Black,2026-05-22 14:06:35.718300,2026-05-22 14:06:35.719893
XZQSSPJVU0SM7MLWL,Contoso Motors,2004,Truck,114,635,AWD,12 Cylinder,Automatic,Black,Black,2026-05-22 14:06:35.718300,2026-05-22 14:06:35.719893
XMMHB1HUHLP2FEM3Z,Contoso Motors,2006,Coupe,115,883,FWD,4 Cylinder,Manual,Electric Blue,Red,2026-05-22 14:06:35.718300,2026-05-22 14:06:35.719893
CBBAZP0M5MBYTXLF3,Contoso Motors,2013,Hybrid,116,116,FWD,Hybrid,Semi-Automatic,White Silver,Smoke White,2026-05-22 14:06:35.718300,2026-05-22 14:06:35.719893
5L2GJRKV27YOM6Z3R,Contoso Motors,2016,SUV,117,55,FWD,6 Cylinder,Automatic,Blue,Black,2026-05-22 14:06:35.718300,2026-05-22 14:06:35.719893
JVITFBM1K8F6P8O0H,Contoso Motors,2012,Commercial,118,631,AWD,8 Cylinder,Automatic,Gray,Dark Gray,2026-05-22 14:06:35.718300,2026-05-22 14:06:35.719893
0LYX3XH2KQYH4N1HH,Contoso Motors,2016,Convertible 2DR,119,119,FWD,6 Cylinder,Automatic,Electric Blue,Red,2026-05-22 14:06:35.718300,2026-05-22 14:06:35.719893
AD91ZJFRBAZDLZEHD,Contoso Motors,2007,SUV,120,62,FWD,3 Cylinder,Automatic,Blue,Black,2026-05-22 14:06:35.718300,2026-05-22 14:06:35.719893
KCF1B6NPOS4RDK0HR,Contoso Motors,2004,SUV,121,65,FWD,Electric,Automatic,Blue,Black,2026-05-22 14:06:35.718300,2026-05-22 14:06:35.719893
VVR5QYAX0BY9F80GL,Contoso Motors,2015,Minivan,122,122,FWD,6 Cylinder,Automatic,Volcanic Orange,White,2026-05-22 14:06:35.718300,2026-05-22 14:06:35.719893
84WCQ14XBWR8VNEY6,Contoso Motors,2011,Crossover,123,69,FWD,10 Cylinder,Automatic,Blue,Black,2026-05-22 14:06:35.718300,2026-05-22 14:06:35.719893
SV94DVYSPT74V7ROW,Contoso Motors,2004,Minivan,124,124,FWD,6 Cylinder,Automatic,Blue,Old Lace,2026-05-22 14:06:35.718300,2026-05-22 14:06:35.719893
CM6WVRC0NHBFWEITJ,Contoso Motors,2005,SUV,125,70,FWD,12 Cylinder,Automatic,Blue,Black,2026-05-22 14:06:35.718300,2026-05-22 14:06:35.719893
141PHXSEFBVZ60Z6U,Contoso Motors,2007,Minivan,126,126,FWD,6 Cylinder,Automatic,Deep Blue,Brown,2026-05-22 14:06:35.718300,2026-05-22 14:06:35.719893
PRUQC9HEW3JMSEYZL,Contoso Motors,2016,Minivan,127,127,FWD,6 Cylinder,Automatic,Midnight Black,Silverstone,2026-05-22 14:06:35.718300,2026-05-22 14:06:35.719893
VVL9DCWP2BR82PVZT,Contoso Motors,2011,Minivan,128,128,FWD,6 Cylinder,Automatic,White Silver,Smoke White,2026-05-22 14:06:35.718300,2026-05-22 14:06:35.719893
12H3A1VTFIBICG08V,Contoso Motors,2004,Minivan,129,129,FWD,6 Cylinder,Automatic,Racing Green,Beige,2026-05-22 14:06:35.718300,2026-05-22 14:06:35.719893
LW0D9X0CSULXMVFW8,Contoso Motors,2005,Minivan,130,130,FWD,6 Cylinder,Automatic,Blazing Gray,Nutmeg,2026-05-22 14:06:35.718300,2026-05-22 14:06:35.719893
9PZJ20GGBXZNHUWEJ,Contoso Motors,2013,Sedan,131,342,FWD,6 Cylinder,Manual,Thunder Gray,Gray,2026-05-22 14:06:35.718300,2026-05-22 14:06:35.719893
DU8GQ0ORH2QR7MYL6,Contoso Motors,2014,Hatchback,132,155,FWD,6 Cylinder,Automatic,Deep Blue,White,2026-05-22 14:06:35.718300,2026-05-22 14:06:35.719893
0D94JQQVVLFJHGWG3,Contoso Motors,2007,Sedan,133,402,AWD,10 Cylinder,Manual,Volcanic Orange,White,2026-05-22 14:06:35.718300,2026-05-22 14:06:35.719893
P7178468GYLAA3O81,Contoso Motors,2005,Sedan,134,462,RWD,10 Cylinder,Manual,Blue,Old Lace,2026-05-22 14:06:35.718300,2026-05-22 14:06:35.719893
HYY0HVD6WBPS62RQL,Contoso Motors,2011,SUV,135,85,FWD,8 Cylinder,Automatic,Blue,Black,2026-05-22 14:06:35.718300,2026-05-22 14:06:35.719893
YIACHKQLKD47DJ7GZ,Contoso Motors,2016,Truck,136,779,AWD,12 Cylinder,Automatic,Black,Black,2026-05-22 14:06:35.718300,2026-05-22 14:06:35.719893
T5E2KFO1FDN6M7WCH,Contoso Motors,2005,Truck,137,882,FWD,12 Cylinder,Automatic,Black,Black,2026-05-22 14:06:35.718300,2026-05-22 14:06:35.719893
P6GN82OKKZUINQJMH,Contoso Motors,2011,Hatchback,138,387,FWD,6 Cylinder,Automatic,Deep Blue,White,2026-05-22 14:06:35.718300,2026-05-22 14:06:35.719893
IHJIZ2RW4KTMKJNJP,Contoso Motors,2016,Hatchback,139,395,AWD,6 Cylinder,Automatic,Deep Blue,White,2026-05-22 14:06:35.718300,2026-05-22 14:06:35.719893
TV6LN1B3KPQJEH1TZ,Contoso Motors,2016,Minivan,140,140,FWD,6 Cylinder,Automatic,White Silver,Smoke White,2026-05-22 14:06:35.718300,2026-05-22 14:06:35.719893
Z20AU24O1TLEW8IJ7,Contoso Motors,2011,Minivan,141,141,FWD,6 Cylinder,Automatic,Racing Green,Beige,2026-05-22 14:06:35.718300,2026-05-22 14:06:35.719893
RUVB2F10GV9F5KEGZ,Contoso Motors,2005,SUV,142,88,FWD,Electric,Automatic,Blue,Black,2026-05-22 14:06:35.718300,2026-05-22 14:06:35.719893
01MWFV89QBUM2NDIH,Contoso Motors,2013,Hatchback,143,531,FWD,6 Cylinder,Automatic,Deep Blue,White,2026-05-22 14:06:35.718300,2026-05-22 14:06:35.719893
CC9O3GNGXD4IYVHZL,Contoso Motors,2012,Truck,144,19,FWD,12 Cylinder,Automatic,Black,Black,2026-05-22 14:06:35.718300,2026-05-22 14:06:35.719893
RQWE40TVB2JF104UO,Contoso Motors,2007,SUV,145,89,FWD,Hybrid,Automatic,Blue,Black,2026-05-22 14:06:35.718300,2026-05-22 14:06:35.719893
DB2JXBWBLCL09FJFU,Contoso Motors,2016,Sedan,146,207,AWD,12 Cylinder,Manual,Silver,Ivory,2026-05-22 14:06:35.718300,2026-05-22 14:06:35.719893
HUSDFMYIX8AUMMBSZ,Contoso Motors,2007,Hatchback,147,583,FWD,6 Cylinder,Automatic,Deep Blue,White,2026-05-22 14:06:35.718300,2026-05-22 14:06:35.719893
A850GFNHN2T5ZBWLU,Contoso Motors,2016,Minivan,148,148,FWD,6 Cylinder,Automatic,Blue,Old Lace,2026-05-22 14:06:35.718300,2026-05-22 14:06:35.719893
X87GMLMPI3N3452EH,Contoso Motors,2011,Crossover,149,91,FWD,Electric,Automatic,Blue,Black,2026-05-22 14:06:35.718300,2026-05-22 14:06:35.719893
KJTMQ3YDP3J4E0AUM,Contoso Motors,2005,Crossover,150,93,FWD,6 Cylinder,Automatic,Blue,Black,2026-05-22 14:06:35.718300,2026-05-22 14:06:35.719893
FXM5KQA4V1RLWO50C,Contoso Motors,2012,Commercial,151,679,AWD,8 Cylinder,Automatic,Gray,Dark Gray,2026-05-22 14:06:35.718300,2026-05-22 14:06:35.719893
LI496C6SXJN1DYY8R,Contoso Motors,2013,Convertible 2DR,152,152,FWD,Hybrid,Automatic,White Silver,Smoke White,2026-05-22 14:06:35.718300,2026-05-22 14:06:35.719893
3KU61YXFMS3SB9VYH,Contoso Motors,2007,Coupe,153,891,FWD,4 Cylinder,Manual,Racing Green,Beige,2026-05-22 14:06:35.718300,2026-05-22 14:06:35.719893
HO0BS98YQQ93PNGOM,Contoso Motors,2013,Hybrid,154,154,FWD,Hybrid,Semi-Automatic,Blazing Gray,Nutmeg,2026-05-22 14:06:35.718300,2026-05-22 14:06:35.719893
MCSX0IY7P1G69F443,Contoso Motors,2007,Truck,155,643,RWD,12 Cylinder,Automatic,Black,Black,2026-05-22 14:06:35.718300,2026-05-22 14:06:35.719893
X7MUMNEC7K6AVZTA8,Contoso Motors,2014,Hatchback,156,771,FWD,6 Cylinder,Automatic,Deep Blue,White,2026-05-22 14:06:35.718300,2026-05-22 14:06:35.719893
0NJ3E4WL55FTM9EJ6,Contoso Motors,2015,Sedan,157,386,AWD,12 Cylinder,Manual,White Silver,Smoke White,2026-05-22 14:06:35.718300,2026-05-22 14:06:35.719893
G8VIZT4JT1BG4XGEZ,Contoso Motors,2005,Sedan,158,446,FWD,12 Cylinder,Manual,White Silver,Smoke White,2026-05-22 14:06:35.718300,2026-05-22 14:06:35.719893
9SYGOXZYVTWS1RXQR,Contoso Motors,2016,Sedan,159,515,FWD,10 Cylinder,Manual,Midnight Black,Silverstone,2026-05-22 14:06:35.718300,2026-05-22 14:06:35.719893
AIMYX6V6VUQQ6NJBO,Contoso Motors,2016,Hatchback,160,967,AWD,6 Cylinder,Automatic,Deep Blue,White,2026-05-22 14:06:35.718300,2026-05-22 14:06:35.719893
16K43B9EXZJ2XJTPJ,Contoso Motors,2005,Truck,161,890,FWD,12 Cylinder,Automatic,Black,Black,2026-05-22 14:06:35.718300,2026-05-22 14:06:35.719893
HS8OGPYC88OR70ELE,Contoso Motors,2006,Truck,162,27,AWD,12 Cylinder,Automatic,Black,Black,2026-05-22 14:06:35.718300,2026-05-22 14:06:35.719893
74J2KIPUKN126DB68,Contoso Motors,2004,Coupe,163,131,FWD,4 Cylinder,Manual,Pepper White,Dark Gray,2026-05-22 14:06:35.718300,2026-05-22 14:06:35.719893
3MLZGU0B95D1V3MZS,Contoso Motors,2013,Hybrid,164,164,FWD,Hybrid,Semi-Automatic,White Silver,Smoke White,2026-05-22 14:06:35.718300,2026-05-22 14:06:35.719893
N81KF5CPUBAPCNID8,Contoso Motors,2013,SUV,165,103,FWD,Hybrid,Automatic,Blue,Black,2026-05-22 14:06:35.718300,2026-05-22 14:06:35.719893
5YHTI7I7HUGG0QAU7,Contoso Motors,2012,Commercial,166,694,AWD,8 Cylinder,Automatic,Gray,Dark Gray,2026-05-22 14:06:35.718300,2026-05-22 14:06:35.719893
FBQ93S6GERDWDGI3B,Contoso Motors,2013,Convertible 2DR,167,167,AWD,Hybrid,Automatic,Electric Blue,Red,2026-05-22 14:06:35.718300,2026-05-22 14:06:35.719893
JLUW83P79X3MWNGQ3,Contoso Motors,2005,SUV,168,110,FWD,4 Cylinder,Automatic,Blue,Black,2026-05-22 14:06:35.718300,2026-05-22 14:06:35.719893
QJ30CU7JAYM60OIG4,Contoso Motors,2011,SUV,169,113,RWD,4 Cylinder,Automatic,Blue,Black,2026-05-22 14:06:35.718300,2026-05-22 14:06:35.719893
BTQDYNLSULF1I6XSY,Contoso Motors,2011,Minivan,170,170,FWD,6 Cylinder,Automatic,Volcanic Orange,White,2026-05-22 14:06:35.718300,2026-05-22 14:06:35.719893
5DD9KEOGLLIQ68U1V,Contoso Motors,2004,Crossover,171,117,AWD,6 Cylinder,Automatic,Blue,Black,2026-05-22 14:06:35.718300,2026-05-22 14:06:35.719893
VXPIIX3G3WFJQQGJP,Contoso Motors,2011,Minivan,172,172,FWD,6 Cylinder,Automatic,Blue,Old Lace,2026-05-22 14:06:35.718300,2026-05-22 14:06:35.719893
FJ80LSTGDWVA9R23E,Contoso Motors,2005,SUV,173,158,FWD,Hybrid,Automatic,Blue,Black,2026-05-22 14:06:35.718300,2026-05-22 14:06:35.719893
2OFBAAU8GA3IORDDJ,Contoso Motors,2005,Minivan,174,174,FWD,6 Cylinder,Automatic,Deep Blue,Brown,2026-05-22 14:06:35.718300,2026-05-22 14:06:35.719893
9J2KVIVC0M0MX0C7J,Contoso Motors,2007,Minivan,175,175,FWD,6 Cylinder,Automatic,Midnight Black,Silverstone,2026-05-22 14:06:35.718300,2026-05-22 14:06:35.719893
DW8HNGPJFSUCSJQ45,Contoso Motors,2016,Minivan,176,176,FWD,6 Cylinder,Automatic,White Silver,Smoke White,2026-05-22 14:06:35.718300,2026-05-22 14:06:35.719893
HM2PUCY2VW99H5LJP,Contoso Motors,2011,Minivan,177,177,FWD,6 Cylinder,Automatic,Racing Green,Beige,2026-05-22 14:06:35.718300,2026-05-22 14:06:35.719893
ZV6LW5PM03ILMLXQ8,Contoso Motors,2005,Minivan,178,178,FWD,6 Cylinder,Automatic,Blazing Gray,Nutmeg,2026-05-22 14:06:35.718300,2026-05-22 14:06:35.719893
O49ITMGKTW81HWWV1,Contoso Motors,2007,Sedan,179,566,AWD,10 Cylinder,Manual,Thunder Gray,Gray,2026-05-22 14:06:35.718300,2026-05-22 14:06:35.719893
M7SFAP1ED7VNVNWXF,Contoso Motors,2015,Wagon,180,10,AWD,6 Cylinder,Automatic,Deep Blue,Nutmeg,2026-05-22 14:06:35.718300,2026-05-22 14:06:35.719893
KYCXVEM3JY5QN6JCU,Contoso Motors,2013,Sedan,181,626,FWD,10 Cylinder,Manual,Thunder Gray,Gray,2026-05-22 14:06:35.718300,2026-05-22 14:06:35.719893
6M8D18I4CCYRZH4LO,Contoso Motors,2016,Sedan,182,831,FWD,10 Cylinder,Manual,Silver,Ivory,2026-05-22 14:06:35.718300,2026-05-22 14:06:35.719893
36NUFUIMP760EPS2D,Contoso Motors,2009,SUV,183,262,AWD,Hybrid,Automatic,Blue,Black,2026-05-22 14:06:35.718300,2026-05-22 14:06:35.719893
XUE4MP2SHKKTSPQBB,Contoso Motors,2009,Truck,184,130,FWD,12 Cylinder,Automatic,Black,Black,2026-05-22 14:06:35.718300,2026-05-22 14:06:35.719893
GHLUB6ONKMOSI7E77,Contoso Motors,2014,Truck,185,11,FWD,6 Cylinder,Automatic,Black,Black,2026-05-22 14:06:35.718300,2026-05-22 14:06:35.719893
JEVBYNRKCFY0AXG4M,Contoso Motors,2016,Hatchback,186,19,FWD,6 Cylinder,Automatic,Deep Blue,Silverstone,2026-05-22 14:06:35.718300,2026-05-22 14:06:35.719893
DXWRKFLC7Z7DIB5B9,Contoso Motors,2004,Hatchback,187,395,FWD,6 Cylinder,Automatic,Deep Blue,Silverstone,2026-05-22 14:06:35.718300,2026-05-22 14:06:35.719893
1SZ0YBL52GH4DU6R4,Contoso Motors,2015,Minivan,188,188,FWD,6 Cylinder,Automatic,White Silver,Smoke White,2026-05-22 14:06:35.718300,2026-05-22 14:06:35.719893
6PQGV44MP0RW7K19T,Contoso Motors,2004,Minivan,189,189,FWD,6 Cylinder,Automatic,Racing Green,Beige,2026-05-22 14:06:35.718300,2026-05-22 14:06:35.719893
G6X4F0WSMSM8R3RN0,Contoso Motors,2016,SUV,190,310,FWD,4 Cylinder,Automatic,Blue,Black,2026-05-22 14:06:35.718300,2026-05-22 14:06:35.719893
DSMFG6SQSPZG5TK43,Contoso Motors,2013,Hatchback,191,403,AWD,6 Cylinder,Automatic,Deep Blue,Black,2026-05-22 14:06:35.718300,2026-05-22 14:06:35.719893
2UM8372QJ1AUJ4V9H,Contoso Motors,2016,Truck,192,251,FWD,6 Cylinder,Automatic,Black,Black,2026-05-22 14:06:35.718300,2026-05-22 14:06:35.719893
W9FTHG27LZN1YWO0Y,Contoso Motors,2004,Crossover,193,5,FWD,Electric,Automatic,Chili Red,Black,2026-05-22 14:06:35.718300,2026-05-22 14:06:35.719893
C3TJEP9O4OHLFOYEK,Contoso Motors,2004,Sedan,194,899,FWD,10 Cylinder,Manual,Chili Red,Black,2026-05-22 14:06:35.718300,2026-05-22 14:06:35.719893
YDBOVMH3U2UZT76UA,Contoso Motors,2007,Hatchback,195,191,FWD,6 Cylinder,Automatic,Pepper White,Black,2026-05-22 14:06:35.718300,2026-05-22 14:06:35.719893
TSH5CTQ742NK69LT0,Contoso Motors,2005,Minivan,196,196,FWD,6 Cylinder,Automatic,Deep Blue,Brown,2026-05-22 14:06:35.718300,2026-05-22 14:06:35.719893
8OMCL3LGI7XNCC21U,Contoso Motors,2014,Crossover,197,29,FWD,Hybrid,Automatic,Chili Red,Black,2026-05-22 14:06:35.718300,2026-05-22 14:06:35.719893
U30I1WB31T9XBKCMY,Contoso Motors,2011,Crossover,198,53,FWD,4 Cylinder,Automatic,Chili Red,Black,2026-05-22 14:06:35.718300,2026-05-22 14:06:35.719893
550JLST7HPQGU70AN,Contoso Motors,2012,Commercial,199,742,AWD,8 Cylinder,Automatic,Gray,Dark Gray,2026-05-22 14:06:35.718300,2026-05-22 14:06:35.719893
1SJG95N3TFJLZL4CY,Contoso Motors,2004,Convertible 2DR,200,200,AWD,6 Cylinder,Automatic,Blazing Gray,Nutmeg,2026-05-22 14:06:35.718300,2026-05-22 14:06:35.719893
M3T7ZNZQJDDLJ7XQ9,Contoso Motors,2005,Coupe,201,345,AWD,4 Cylinder,Manual,Pepper White,Dark Gray,2026-05-22 14:06:35.718300,2026-05-22 14:06:35.719893
MGQP7XL2GZFICD0QY,Contoso Motors,2013,Hybrid,202,202,FWD,Hybrid,Semi-Automatic,Thunder Gray,Gray,2026-05-22 14:06:35.718300,2026-05-22 14:06:35.719893
K3HRWTZJT22XAPRBY,Contoso Motors,2010,Truck,203,498,FWD,6 Cylinder,Automatic,Black,Black,2026-05-22 14:06:35.718300,2026-05-22 14:06:35.719893
XI9TFYQUDKQWA44IS,Contoso Motors,2013,Hatchback,204,387,AWD,6 Cylinder,Automatic,Racing Green,Black,2026-05-22 14:06:35.718300,2026-05-22 14:06:35.719893
JVBSIRUIUUIRT2Z3A,Contoso Motors,2013,Sedan,205,215,AWD,10 Cylinder,Manual,Pepper White,Dark Gray,2026-05-22 14:06:35.718300,2026-05-22 14:06:35.719893
U3Q20OC4V7OVZQD64,Contoso Motors,2013,Sedan,206,523,RWD,12 Cylinder,Automatic,Silver,Ivory,2026-05-22 14:06:35.718300,2026-05-22 14:06:35.719893
3RULDLY2XJX5W03EH,Contoso Motors,2015,Sedan,207,574,AWD,6 Cylinder,Automatic,White Silver,Smoke White,2026-05-22 14:06:35.718300,2026-05-22 14:06:35.719893
ANNL32RN5YYDC1616,Contoso Motors,2005,Wagon,208,618,FWD,6 Cylinder,Automatic,Blue,Black,2026-05-22 14:06:35.718300,2026-05-22 14:06:35.719893
8KQI9U6PZ45G0G46X,Contoso Motors,2013,Truck,209,259,FWD,6 Cylinder,Automatic,Black,Black,2026-05-22 14:06:35.718300,2026-05-22 14:06:35.719893
IEYRW40VBV7K32V6L,Contoso Motors,2015,Truck,210,746,FWD,6 Cylinder,Automatic,Black,Black,2026-05-22 14:06:35.718300,2026-05-22 14:06:35.719893
AAJQER5038Q78UOTV,Contoso Motors,2004,Coupe,211,489,AWD,4 Cylinder,Manual,Silver,Ivory,2026-05-22 14:06:35.718300,2026-05-22 14:06:35.719893
SZVVERBWRBYG17PTU,Contoso Motors,2013,Hybrid,212,212,FWD,Hybrid,Semi-Automatic,Blazing Gray,Nutmeg,2026-05-22 14:06:35.718300,2026-05-22 14:06:35.719893
PGCWPNBZ6LQ21PF9T,Contoso Motors,2014,Crossover,213,77,FWD,8 Cylinder,Automatic,Chili Red,Black,2026-05-22 14:06:35.718300,2026-05-22 14:06:35.719893
2F542XPU60LRXCNNQ,Contoso Motors,2012,Commercial,214,790,AWD,8 Cylinder,Automatic,Gray,Dark Gray,2026-05-22 14:06:35.718300,2026-05-22 14:06:35.719893
LP9A6PXHGPDYCT154,Contoso Motors,2016,Convertible 2DR,215,215,FWD,Hybrid,Automatic,Pepper White,Dark Gray,2026-05-22 14:06:35.718300,2026-05-22 14:06:35.719893
9IHEP7L28HBMWVEY7,Contoso Motors,2013,Crossover,216,123,FWD,4 Cylinder,Automatic,Chili Red,Black,2026-05-22 14:06:35.718300,2026-05-22 14:06:35.719893
RQ32V8PDJTE5UQSHQ,Contoso Motors,2006,SUV,217,135,AWD,Hybrid,Automatic,Chili Red,Black,2026-05-22 14:06:35.718300,2026-05-22 14:06:35.719893
KFMFVCNXDSN30IXN0,Contoso Motors,2005,Minivan,218,218,FWD,6 Cylinder,Automatic,Blue,Old Lace,2026-05-22 14:06:35.718300,2026-05-22 14:06:35.719893
351ZSO5XWXYCUVQQ6,Contoso Motors,2010,Crossover,219,171,AWD,4 Cylinder,Automatic,Chili Red,Black,2026-05-22 14:06:35.718300,2026-05-22 14:06:35.719893
KULCBKCPR7KCYNL57,Contoso Motors,2016,Minivan,220,220,FWD,6 Cylinder,Automatic,Deep Blue,Brown,2026-05-22 14:06:35.718300,2026-05-22 14:06:35.719893
H89VPI708KGT4QQJR,Contoso Motors,2011,SUV,221,557,FWD,4 Cylinder,Automatic,Chili Red,Black,2026-05-22 14:06:35.718300,2026-05-22 14:06:35.719893
ZV42JTYUZYXLS0H7C,Contoso Motors,2005,Minivan,222,222,FWD,6 Cylinder,Automatic,White Silver,Smoke White,2026-05-22 14:06:35.718300,2026-05-22 14:06:35.719893
SH0L79SV2VCIO9ZTF,Contoso Motors,2006,Minivan,223,223,FWD,6 Cylinder,Automatic,Racing Green,Beige,2026-05-22 14:06:35.718300,2026-05-22 14:06:35.719893
Z3YMNSOQZ4UBN5APB,Contoso Motors,2007,Minivan,224,224,FWD,6 Cylinder,Automatic,Blazing Gray,Nutmeg,2026-05-22 14:06:35.718300,2026-05-22 14:06:35.719893
DRT0Q802HU1LZCI3T,Contoso Motors,2004,Minivan,225,225,FWD,6 Cylinder,Automatic,Electric Blue,Red,2026-05-22 14:06:35.718300,2026-05-22 14:06:35.719893
PJC90C6A84L8CREMC,Contoso Motors,2005,Minivan,226,226,FWD,6 Cylinder,Automatic,Thunder Gray,Gray,2026-05-22 14:06:35.718300,2026-05-22 14:06:35.719893
QXZKFBIB1W26O5FAE,Contoso Motors,2005,Sedan,227,634,FWD,6 Cylinder,Automatic,Blazing Gray,Nutmeg,2026-05-22 14:06:35.718300,2026-05-22 14:06:35.719893
8FVWUY730VQZF3XOV,Contoso Motors,2014,Hatchback,228,627,FWD,6 Cylinder,Automatic,Pepper White,Black,2026-05-22 14:06:35.718300,2026-05-22 14:06:35.719893
G6RY4WQF149EB309W,Contoso Motors,2016,Sedan,229,694,FWD,6 Cylinder,Automatic,Thunder Gray,Gray,2026-05-22 14:06:35.718300,2026-05-22 14:06:35.719893
ZZJUOWYKRXM8J0HOL,Contoso Motors,2006,Sedan,230,763,FWD,6 Cylinder,Automatic,Racing Green,Beige,2026-05-22 14:06:35.718300,2026-05-22 14:06:35.719893
217YAFI9N5U8ERPL0,Contoso Motors,2005,Crossover,231,709,FWD,8 Cylinder,Automatic,Chili Red,Black,2026-05-22 14:06:35.718300,2026-05-22 14:06:35.719893
2559R3T5JMAMOQCYW,Contoso Motors,2011,Truck,232,267,FWD,6 Cylinder,Automatic,Black,Black,2026-05-22 14:06:35.718300,2026-05-22 14:06:35.719893
39GWXOGV27KIR9CZF,Contoso Motors,2007,Truck,233,48,FWD,6 Cylinder,Automatic,Black,Black,2026-05-22 14:06:35.718300,2026-05-22 14:06:35.719893
N7E1ZLIBFDRZUY1F9,Contoso Motors,2007,Hatchback,234,763,FWD,6 Cylinder,Automatic,Racing Green,Black,2026-05-22 14:06:35.718300,2026-05-22 14:06:35.719893
7Z63SN96WUO9078UC,Contoso Motors,2013,Hatchback,235,3,FWD,6 Cylinder,Automatic,Pepper White,Black,2026-05-22 14:06:35.718300,2026-05-22 14:06:35.719893
CR8AEJHPJPX0RFDJT,Contoso Motors,2016,Minivan,236,236,FWD,6 Cylinder,Automatic,Blazing Gray,Nutmeg,2026-05-22 14:06:35.718300,2026-05-22 14:06:35.719893
6KG3RFCNVM8D5XAU6,Contoso Motors,2011,Minivan,237,237,FWD,6 Cylinder,Automatic,Electric Blue,Red,2026-05-22 14:06:35.718300,2026-05-22 14:06:35.719893
RMMFWD5RYX9QPR2O1,Contoso Motors,2011,Crossover,238,733,FWD,4 Cylinder,Automatic,Chili Red,Black,2026-05-22 14:06:35.718300,2026-05-22 14:06:35.719893
EOFJ9EE8WHS5576FJ,Contoso Motors,2014,Hatchback,239,199,FWD,6 Cylinder,Automatic,Racing Green,Black,2026-05-22 14:06:35.718300,2026-05-22 14:06:35.719893
O3FNJ4LMVTQ460NE3,Contoso Motors,2005,Truck,240,113,FWD,6 Cylinder,Automatic,Black,Black,2026-05-22 14:06:35.718300,2026-05-22 14:06:35.719893
OEEU3LFOJYUECCAY2,Contoso Motors,2004,Crossover,241,757,AWD,6 Cylinder,Automatic,Chili Red,Black,2026-05-22 14:06:35.718300,2026-05-22 14:06:35.719893
NIBPFRW6PF3AJYC78,Contoso Motors,2007,Sedan,242,907,FWD,6 Cylinder,Automatic,Pepper White,Dark Gray,2026-05-22 14:06:35.718300,2026-05-22 14:06:35.719893
7B4PZSBEHHGQ9TL4G,Contoso Motors,2005,Wagon,243,626,FWD,6 Cylinder,Automatic,Volcanic Orange,Black,2026-05-22 14:06:35.718300,2026-05-22 14:06:35.719893
36A60Q4A10EZSSUAF,Contoso Motors,2004,Minivan,244,244,FWD,6 Cylinder,Automatic,Deep Blue,Brown,2026-05-22 14:06:35.718300,2026-05-22 14:06:35.719893
JQ6T0KZ77C142FJS2,Contoso Motors,2007,Crossover,245,781,FWD,Electric,Automatic,Chili Red,Black,2026-05-22 14:06:35.718300,2026-05-22 14:06:35.719893
YBCR5S7UHQTERSRBP,Contoso Motors,2007,Crossover,246,803,FWD,6 Cylinder,Automatic,Chili Red,Black,2026-05-22 14:06:35.718300,2026-05-22 14:06:35.719893
ID4NDGXOUECEEMCSP,Contoso Motors,2012,Commercial,247,838,AWD,8 Cylinder,Automatic,Gray,Dark Gray,2026-05-22 14:06:35.718300,2026-05-22 14:06:35.719893
GGMI6EAOC7T5DPOBB,Contoso Motors,2011,Convertible 2DR,248,248,FWD,8 Cylinder,Automatic,Blazing Gray,Nutmeg,2026-05-22 14:06:35.718300,2026-05-22 14:06:35.719893
W480F2A76XNQYE8ZR,Contoso Motors,2007,Coupe,249,499,FWD,4 Cylinder,Manual,Chili Red,Black,2026-05-22 14:06:35.718300,2026-05-22 14:06:35.719893
DZ42BCLDOEMFZ6MIG,Contoso Motors,2013,Hybrid,250,250,FWD,Hybrid,Semi-Automatic,Thunder Gray,Gray,2026-05-22 14:06:35.718300,2026-05-22 14:06:35.719893
7NNQ0XE3WYY1STK76,Contoso Motors,2007,Truck,251,114,AWD,6 Cylinder,Automatic,Black,Black,2026-05-22 14:06:35.718300,2026-05-22 14:06:35.719893
U4AS6E41OZTT9F8PQ,Contoso Motors,2012,Hatchback,252,635,FWD,6 Cylinder,Automatic,Electric Blue,Black,2026-05-22 14:06:35.718300,2026-05-22 14:06:35.719893
D284BARJKP9IH5RPO,Contoso Motors,2014,Sedan,253,79,AWD,6 Cylinder,Automatic,Racing Green,Beige,2026-05-22 14:06:35.718300,2026-05-22 14:06:35.719893
MDVGCN46K837U7BJX,Contoso Motors,2013,Sedan,254,147,FWD,6 Cylinder,Automatic,Silver,Ivory,2026-05-22 14:06:35.718300,2026-05-22 14:06:35.719893
ROEKFVU4RPFJUEWL5,Contoso Motors,2007,Sedan,255,463,FWD,6 Cylinder,Automatic,Silver,Ivory,2026-05-22 14:06:35.718300,2026-05-22 14:06:35.719893
5OEH6YE41ZVOQXUX4,Contoso Motors,2016,Hatchback,256,11,AWD,6 Cylinder,Automatic,Electric Blue,Black,2026-05-22 14:06:35.718300,2026-05-22 14:06:35.719893
8PX8ZFK0BBI26OW1K,Contoso Motors,2016,Truck,257,192,FWD,6 Cylinder,Automatic,Black,Black,2026-05-22 14:06:35.718300,2026-05-22 14:06:35.719893
SOQ4O5DGEH8RY9ILH,Contoso Motors,2015,Truck,258,232,FWD,6 Cylinder,Automatic,Black,Black,2026-05-22 14:06:35.718300,2026-05-22 14:06:35.719893
4OGNOAI6V5FROIVFK,Contoso Motors,2004,Coupe,259,547,AWD,4 Cylinder,Manual,Chili Red,Black,2026-05-22 14:06:35.718300,2026-05-22 14:06:35.719893
0AWR3XIDJ1U1BMKQA,Contoso Motors,2013,Hybrid,260,260,FWD,Hybrid,Semi-Automatic,Blazing Gray,Nutmeg,2026-05-22 14:06:35.718300,2026-05-22 14:06:35.719893
RVRUL4C54YEE6RME2,Contoso Motors,2014,SUV,261,815,FWD,Hybrid,Automatic,Chili Red,Black,2026-05-22 14:06:35.718300,2026-05-22 14:06:35.719893
DQA4I40H1JH2L643H,Contoso Motors,2012,Commercial,262,967,AWD,8 Cylinder,Automatic,Gray,Dark Gray,2026-05-22 14:06:35.718300,2026-05-22 14:06:35.719893
29B894VC3B79UHWBP,Contoso Motors,2007,Convertible 2DR,263,263,FWD,Electric,Automatic,Pepper White,Dark Gray,2026-05-22 14:06:35.718300,2026-05-22 14:06:35.719893
PE6UI0UM05MWMIACN,Contoso Motors,2006,Crossover,264,851,FWD,4 Cylinder,Automatic,Chili Red,Black,2026-05-22 14:06:35.718300,2026-05-22 14:06:35.719893
AV9M6DEWSQUX2VB4L,Contoso Motors,2007,SUV,265,863,AWD,Hybrid,Automatic,Chili Red,Black,2026-05-22 14:06:35.718300,2026-05-22 14:06:35.719893
9Q7NP86FNK8UMZC74,Contoso Motors,2005,Minivan,266,266,FWD,6 Cylinder,Automatic,Blue,Old Lace,2026-05-22 14:06:35.718300,2026-05-22 14:06:35.719893
DZVFKZ3ZCSSWDFAFU,Contoso Motors,2004,SUV,267,897,AWD,8 Cylinder,Automatic,Chili Red,Black,2026-05-22 14:06:35.718300,2026-05-22 14:06:35.719893
1Q2FOUKE63J7OK3LI,Contoso Motors,2007,Minivan,268,268,FWD,6 Cylinder,Automatic,Deep Blue,Brown,2026-05-22 14:06:35.718300,2026-05-22 14:06:35.719893
6P471QFZWFQHWFMKI,Contoso Motors,2014,SUV,269,921,FWD,Hybrid,Automatic,Chili Red,Black,2026-05-22 14:06:35.718300,2026-05-22 14:06:35.719893
C27GX6BM2GYV9HX9Y,Contoso Motors,2005,Minivan,270,270,FWD,6 Cylinder,Automatic,White Silver,Smoke White,2026-05-22 14:06:35.718300,2026-05-22 14:06:35.719893
4DU5NJMFVRKIM3P1O,Contoso Motors,2012,Minivan,271,271,FWD,6 Cylinder,Automatic,Racing Green,Beige,2026-05-22 14:06:35.718300,2026-05-22 14:06:35.719893
6BTD6NHP7DS1W7SJX,Contoso Motors,2016,Minivan,272,272,FWD,6 Cylinder,Automatic,Blazing Gray,Nutmeg,2026-05-22 14:06:35.718300,2026-05-22 14:06:35.719893
7012NSYW542KZM7WE,Contoso Motors,2011,Minivan,273,273,FWD,6 Cylinder,Automatic,Electric Blue,Red,2026-05-22 14:06:35.718300,2026-05-22 14:06:35.719893
GYTKQ1BS38TKLCCBM,Contoso Motors,2013,Minivan,274,274,FWD,6 Cylinder,Automatic,Thunder Gray,Gray,2026-05-22 14:06:35.718300,2026-05-22 14:06:35.719893
TL2YQRP3GMW2FC2KX,Contoso Motors,2009,Sedan,275,62,AWD,4 Cylinder,Automatic,Thunder Gray,Gray,2026-05-22 14:06:35.718300,2026-05-22 14:06:35.719893
E8DCZDDLIWCKVCVHU,Contoso Motors,2013,Hatchback,276,447,FWD,6 Cylinder,Automatic,Pepper White,Black,2026-05-22 14:06:35.718300,2026-05-22 14:06:35.719893
722BH1XOFDHU03YB9,Contoso Motors,2007,Sedan,277,131,AWD,4 Cylinder,Automatic,Electric Blue,Red,2026-05-22 14:06:35.718300,2026-05-22 14:06:35.719893
CQLGZP7J9WH1B4ZRE,Contoso Motors,2005,Sedan,278,182,FWD,4 Cylinder,Automatic,Volcanic Orange,White,2026-05-22 14:06:35.718300,2026-05-22 14:06:35.719893
DBM9C43ALR2DRYF8S,Contoso Motors,2011,SUV,279,945,FWD,Electric,Automatic,Chili Red,Black,2026-05-22 14:06:35.718300,2026-05-22 14:06:35.719893
Q9Y2DLKX0V567FIJN,Contoso Motors,2004,Truck,280,233,FWD,6 Cylinder,Automatic,Black,Black,2026-05-22 14:06:35.718300,2026-05-22 14:06:35.719893
870I604O4BXFLA721,Contoso Motors,2004,Truck,281,288,FWD,6 Cylinder,Automatic,Black,Black,2026-05-22 14:06:35.718300,2026-05-22 14:06:35.719893
WORG68Z2PLTNZDBI7,Contoso Motors,2006,Hatchback,282,3,AWD,4 Cylinder,Automatic,Pepper White,Black,2026-05-22 14:06:35.718300,2026-05-22 14:06:35.719893
9C2RHVRVLMEJDBXLP,Contoso Motors,2015,Wagon,283,12,FWD,4 Cylinder,Automatic,Blazing Gray,Black,2026-05-22 14:06:35.718300,2026-05-22 14:06:35.719893
E45JME5KYJF6ICLUD,Contoso Motors,2005,Minivan,284,284,FWD,6 Cylinder,Automatic,Thunder Gray,Gray,2026-05-22 14:06:35.718300,2026-05-22 14:06:35.719893
7M05O1PNOJUW5VR9D,Contoso Motors,2007,Minivan,285,285,FWD,6 Cylinder,Automatic,Pepper White,Dark Gray,2026-05-22 14:06:35.718300,2026-05-22 14:06:35.719893
3QN85DCQ8IBUUBA0Y,Contoso Motors,2014,SUV,286,969,AWD,Hybrid,Automatic,Chili Red,Black,2026-05-22 14:06:35.718300,2026-05-22 14:06:35.719893
5FY0WL5EQPVD9LKYW,Contoso Motors,2012,Hatchback,287,51,FWD,4 Cylinder,Automatic,Pepper White,Black,2026-05-22 14:06:35.718300,2026-05-22 14:06:35.719893
B2UC9Q15DWAPBP2VR,Contoso Motors,2016,Truck,288,347,AWD,6 Cylinder,Automatic,Silver,Black,2026-05-22 14:06:35.718300,2026-05-22 14:06:35.719893
Y8TWTEKBBH8CNEKI8,Contoso Motors,2007,SUV,289,133,AWD,6 Cylinder,Automatic,Chili Red,Black,2026-05-22 14:06:35.718300,2026-05-22 14:06:35.719893
O9UGQ1PR18CQAEKVE,Contoso Motors,2016,Sedan,290,242,AWD,4 Cylinder,Automatic,Blue,Old Lace,2026-05-22 14:06:35.718300,2026-05-22 14:06:35.719893
TPQGWQYW26AHH9TLI,Contoso Motors,2005,Wagon,291,108,FWD,4 Cylinder,Automatic,Thunder Gray,Black,2026-05-22 14:06:35.718300,2026-05-22 14:06:35.719893
38AWD03G73Q6DUA3L,Contoso Motors,2011,Minivan,292,292,FWD,6 Cylinder,Automatic,White Silver,Smoke White,2026-05-22 14:06:35.718300,2026-05-22 14:06:35.719893
VI4IS9NCX3XERQF73,Contoso Motors,2011,Crossover,293,261,AWD,Electric,Automatic,Chili Red,Black,2026-05-22 14:06:35.718300,2026-05-22 14:06:35.719893
FEUSSIGY4UQGO5TVJ,Contoso Motors,2004,Crossover,294,285,FWD,Hybrid,Automatic,Chili Red,Black,2026-05-22 14:06:35.718300,2026-05-22 14:06:35.719893
ZMP7T83Y1SR5544F7,Contoso Motors,2012,Commercial,295,63,AWD,8 Cylinder,Automatic,Gray,Dark Gray,2026-05-22 14:06:35.718300,2026-05-22 14:06:35.719893
B0RTKSTPYD2DGODTV,Contoso Motors,2013,Convertible 2DR,296,296,RWD,6 Cylinder,Automatic,Thunder Gray,Gray,2026-05-22 14:06:35.718300,2026-05-22 14:06:35.719893
LR3DODLS7329DDTWM,Contoso Motors,2016,Coupe,297,691,FWD,4 Cylinder,Manual,Midnight Black,Silverstone,2026-05-22 14:06:35.718300,2026-05-22 14:06:35.719893
978NUG9ZG3DVJL1MX,Contoso Motors,2013,Hybrid,298,298,FWD,Hybrid,Semi-Automatic,Volcanic Orange,White,2026-05-22 14:06:35.718300,2026-05-22 14:06:35.719893
X77PUP820K6B2MP99,Contoso Motors,2011,Truck,299,424,AWD,6 Cylinder,Automatic,Silver,Black,2026-05-22 14:06:35.718300,2026-05-22 14:06:35.719893
QEC5VLEBW5ENSEQAW,Contoso Motors,2004,Wagon,300,112,RWD,4 Cylinder,Automatic,Blue,Old Lace,2026-05-22 14:06:35.718300,2026-05-22 14:06:35.719893
LHLMIBC5OPP2UZBL5,Contoso Motors,2012,Sedan,301,447,FWD,4 Cylinder,Automatic,Racing Green,Beige,2026-05-22 14:06:35.718300,2026-05-22 14:06:35.719893
HIF5LODXQC4QD20O5,Contoso Motors,2016,Sedan,302,139,AWD,4 Cylinder,Automatic,Racing Green,Beige,2026-05-22 14:06:35.718300,2026-05-22 14:06:35.719893
5J0AP38IFFE3H3P34,Contoso Motors,2005,Sedan,303,190,FWD,4 Cylinder,Automatic,Thunder Gray,Gray,2026-05-22 14:06:35.718300,2026-05-22 14:06:35.719893
LBWKGBW5WE5MMRF2J,Contoso Motors,2016,Hatchback,304,132,AWD,4 Cylinder,Automatic,Blue,Gray,2026-05-22 14:06:35.718300,2026-05-22 14:06:35.719893
LF8RQP1N78DQK0G6J,Contoso Motors,2014,Truck,305,425,FWD,6 Cylinder,Automatic,Silver,Black,2026-05-22 14:06:35.718300,2026-05-22 14:06:35.719893
847HUI23QD4NM1S9J,Contoso Motors,2011,Truck,306,545,RWD,6 Cylinder,Automatic,Silver,Black,2026-05-22 14:06:35.718300,2026-05-22 14:06:35.719893
0RBCSW4NPPEEKF3BQ,Contoso Motors,2004,Coupe,307,921,RWD,4 Cylinder,Manual,Pepper White,Dark Gray,2026-05-22 14:06:35.718300,2026-05-22 14:06:35.719893
ZRIPVQ77OZUKB0Y61,Contoso Motors,2013,Hybrid,308,308,FWD,Hybrid,Semi-Automatic,Thunder Gray,Gray,2026-05-22 14:06:35.718300,2026-05-22 14:06:35.719893
4ERRFYCP6UQ81FG7S,Contoso Motors,2007,Crossover,309,309,FWD,4 Cylinder,Automatic,Chili Red,Black,2026-05-22 14:06:35.718300,2026-05-22 14:06:35.719893
7G8GJ9SAFYHU76KXQ,Contoso Motors,2012,Commercial,310,126,AWD,8 Cylinder,Automatic,Gray,Dark Gray,2026-05-22 14:06:35.718300,2026-05-22 14:06:35.719893
E4Q4L1AFCQHJU7OGW,Contoso Motors,2006,Convertible 2DR,311,311,AWD,Hybrid,Automatic,Chili Red,Black,2026-05-22 14:06:35.718300,2026-05-22 14:06:35.719893
OPYOX6FJD1XUM3USR,Contoso Motors,2011,Crossover,312,333,AWD,8 Cylinder,Automatic,Chili Red,Black,2026-05-22 14:06:35.718300,2026-05-22 14:06:35.719893
JRXDPJOKH96PFXSW2,Contoso Motors,2006,Crossover,313,379,FWD,4 Cylinder,Automatic,Chili Red,Black,2026-05-22 14:06:35.718300,2026-05-22 14:06:35.719893
GBZ42PSLANFVHXRWM,Contoso Motors,2005,Minivan,314,314,FWD,6 Cylinder,Automatic,Deep Blue,Brown,2026-05-22 14:06:35.718300,2026-05-22 14:06:35.719893
N3VP3KGLV7AZ7UDLF,Contoso Motors,2007,SUV,315,391,FWD,Hybrid,Automatic,Chili Red,Black,2026-05-22 14:06:35.718300,2026-05-22 14:06:35.719893
Q8GLGAECVVBV4YDL5,Contoso Motors,2016,Minivan,316,316,FWD,6 Cylinder,Automatic,White Silver,Smoke White,2026-05-22 14:06:35.718300,2026-05-22 14:06:35.719893
ZP45GAHWWX484JIDS,Contoso Motors,2012,Crossover,317,427,FWD,4 Cylinder,Automatic,Chili Red,Black,2026-05-22 14:06:35.718300,2026-05-22 14:06:35.719893
6AHIENBQ3IE0BX63L,Contoso Motors,2013,Minivan,318,318,FWD,6 Cylinder,Automatic,Blazing Gray,Nutmeg,2026-05-22 14:06:35.718300,2026-05-22 14:06:35.719893
8JVCS7OF5R71ZG1VJ,Contoso Motors,2014,Minivan,319,319,FWD,6 Cylinder,Automatic,Electric Blue,Red,2026-05-22 14:06:35.718300,2026-05-22 14:06:35.719893
TP2EHAA57KII7LIGJ,Contoso Motors,2015,Minivan,320,320,FWD,6 Cylinder,Automatic,Thunder Gray,Gray,2026-05-22 14:06:35.718300,2026-05-22 14:06:35.719893
RIBJLHHKCFVPCYPIP,Contoso Motors,2004,Minivan,321,321,FWD,6 Cylinder,Automatic,Pepper White,Dark Gray,2026-05-22 14:06:35.718300,2026-05-22 14:06:35.719893
9ZJ8ZAOW2ZDCFJHRS,Contoso Motors,2010,Minivan,322,322,FWD,6 Cylinder,Automatic,Volcanic Orange,White,2026-05-22 14:06:35.718300,2026-05-22 14:06:35.719893
FRVQ1FXYHRC6J04RK,Contoso Motors,2009,Sedan,323,250,AWD,4 Cylinder,Automatic,Volcanic Orange,White,2026-05-22 14:06:35.718300,2026-05-22 14:06:35.719893
UANMTDWRW00TJ28QV,Contoso Motors,2016,Hatchback,324,228,FWD,4 Cylinder,Automatic,Blue,White,2026-05-22 14:06:35.718300,2026-05-22 14:06:35.719893
CPGA4ETZIMOP82T9E,Contoso Motors,2015,Sedan,325,310,FWD,4 Cylinder,Automatic,Volcanic Orange,White,2026-05-22 14:06:35.718300,2026-05-22 14:06:35.719893
72KW331LQW1QR9NIX,Contoso Motors,2007,Sedan,326,379,RWD,4 Cylinder,Automatic,Pepper White,Dark Gray,2026-05-22 14:06:35.718300,2026-05-22 14:06:35.719893
2JXM1P3WJ0HZQBR6S,Contoso Motors,2004,SUV,327,439,AWD,4 Cylinder,Automatic,Chili Red,Black,2026-05-22 14:06:35.718300,2026-05-22 14:06:35.719893
R2VX77FUK9B51P90E,Contoso Motors,2009,Truck,328,546,FWD,6 Cylinder,Automatic,Silver,Black,2026-05-22 14:06:35.718300,2026-05-22 14:06:35.719893
KYCY6I07C0KJ459Q1,Contoso Motors,2011,Truck,329,568,AWD,6 Cylinder,Automatic,Silver,Black,2026-05-22 14:06:35.718300,2026-05-22 14:06:35.719893
UPUGBZ8I8MD3OQJ5N,Contoso Motors,2010,Wagon,330,234,AWD,4 Cylinder,Automatic,Blue,Smoke White,2026-05-22 14:06:35.718300,2026-05-22 14:06:35.719893
F3512YWMZF1WA2GKR,Contoso Motors,2011,Hatchback,331,243,AWD,4 Cylinder,Automatic,Blue,Ivory,2026-05-22 14:06:35.718300,2026-05-22 14:06:35.719893
XKK5DSG4YQ3UUHJLL,Contoso Motors,2004,Minivan,332,332,FWD,6 Cylinder,Automatic,Thunder Gray,Gray,2026-05-22 14:06:35.718300,2026-05-22 14:06:35.719893
DZ9OJAMDUDQIFWG45,Contoso Motors,2005,Minivan,333,333,FWD,6 Cylinder,Automatic,Pepper White,Dark Gray,2026-05-22 14:06:35.718300,2026-05-22 14:06:35.719893
9BZ7D8XML1OREBU6Z,Contoso Motors,2014,SUV,334,449,FWD,6 Cylinder,Automatic,Chili Red,Black,2026-05-22 14:06:35.718300,2026-05-22 14:06:35.719893
EIS8TO7IBPGSUGAFC,Contoso Motors,2013,Wagon,335,252,FWD,4 Cylinder,Automatic,Blue,White,2026-05-22 14:06:35.718300,2026-05-22 14:06:35.719893
GEPLA8Z81Y788GDV5,Contoso Motors,2007,Truck,336,664,FWD,6 Cylinder,Automatic,Silver,Black,2026-05-22 14:06:35.718300,2026-05-22 14:06:35.719893
F4XK9KWUPSQEKCQ44,Contoso Motors,2011,SUV,337,473,AWD,Electric,Automatic,Chili Red,Black,2026-05-22 14:06:35.718300,2026-05-22 14:06:35.719893
JIA2JAPA34C2AMK5C,Contoso Motors,2011,Sedan,338,695,FWD,4 Cylinder,Automatic,Pepper White,Dark Gray,2026-05-22 14:06:35.718300,2026-05-22 14:06:35.719893
2J34P6DUJ5TLGLK7J,Contoso Motors,2013,Hatchback,339,291,FWD,4 Cylinder,Automatic,Blue,Silverstone,2026-05-22 14:06:35.718300,2026-05-22 14:06:35.719893
9Y1PTAE0DAXZCB4K6,Contoso Motors,2013,Minivan,340,340,FWD,6 Cylinder,Automatic,White Silver,Smoke White,2026-05-22 14:06:35.718300,2026-05-22 14:06:35.719893
VKJOFELAS7M9H0IOW,Contoso Motors,2014,SUV,341,497,AWD,6 Cylinder,Automatic,Chili Red,Black,2026-05-22 14:06:35.718300,2026-05-22 14:06:35.719893
AT814MUK5J0G3JPOD,Contoso Motors,2010,SUV,342,102,FWD,Hybrid,Automatic,Deep Blue,Black,2026-05-22 14:06:35.718300,2026-05-22 14:06:35.719893
8YQEXY61638YKBL4O,Contoso Motors,2012,Commercial,343,159,AWD,8 Cylinder,Automatic,Gray,Dark Gray,2026-05-22 14:06:35.718300,2026-05-22 14:06:35.719893
QKGNSLFNKYGWJ4QR8,Contoso Motors,2004,Convertible 2DR,344,344,RWD,4 Cylinder,Automatic,Thunder Gray,Gray,2026-05-22 14:06:35.718300,2026-05-22 14:06:35.719893
ZWEDMO23SMRZUPPK3,Contoso Motors,2011,Coupe,345,65,AWD,4 Cylinder,Manual,Silver,Ivory,2026-05-22 14:06:35.718300,2026-05-22 14:06:35.719893
2B102NSZTIA304BJR,Contoso Motors,2013,Hybrid,346,346,FWD,Hybrid,Semi-Automatic,Volcanic Orange,White,2026-05-22 14:06:35.718300,2026-05-22 14:06:35.719893
JLCVKVD9F3032F6JR,Contoso Motors,2004,Truck,347,665,FWD,6 Cylinder,Automatic,Silver,Black,2026-05-22 14:06:35.718300,2026-05-22 14:06:35.719893
SRWH1B23OM3AOSB28,Contoso Motors,2013,Hatchback,348,379,AWD,4 Cylinder,Automatic,Blue,Dark Gray,2026-05-22 14:06:35.718300,2026-05-22 14:06:35.719893
649PZ6LT55M9ELLL4,Contoso Motors,2015,Sedan,349,318,FWD,4 Cylinder,Automatic,Thunder Gray,Gray,2026-05-22 14:06:35.718300,2026-05-22 14:06:35.719893
BIWYSE0RLUJFVWVVV,Contoso Motors,2014,Sedan,350,387,FWD,4 Cylinder,Automatic,Electric Blue,Red,2026-05-22 14:06:35.718300,2026-05-22 14:06:35.719893
RWIM837UQOPQNJBJ1,Contoso Motors,2009,Sedan,351,438,AWD,4 Cylinder,Automatic,Volcanic Orange,White,2026-05-22 14:06:35.718300,2026-05-22 14:06:35.719893
AOEKR0D869SYL4DTA,Contoso Motors,2015,Wagon,352,426,FWD,4 Cylinder,Automatic,Blue,Gray,2026-05-22 14:06:35.718300,2026-05-22 14:06:35.719893
67E710RBKX9C4LKLX,Contoso Motors,2014,Truck,353,689,AWD,6 Cylinder,Automatic,Silver,Black,2026-05-22 14:06:35.718300,2026-05-22 14:06:35.719893
F8MB6Z8E20PB290YW,Contoso Motors,2015,Truck,354,690,RWD,6 Cylinder,Automatic,Silver,Black,2026-05-22 14:06:35.718300,2026-05-22 14:06:35.719893
1RTJG39L0ZJDM0YRF,Contoso Motors,2011,Coupe,355,123,RWD,4 Cylinder,Manual,Chili Red,Black,2026-05-22 14:06:35.718300,2026-05-22 14:06:35.719893
APZK8MLD6NRH8AE1B,Contoso Motors,2013,Hybrid,356,356,FWD,Hybrid,Semi-Automatic,Thunder Gray,Gray,2026-05-22 14:06:35.718300,2026-05-22 14:06:35.719893
I3KWWJGS9QF2YVZEI,Contoso Motors,2009,SUV,357,150,AWD,6 Cylinder,Automatic,Deep Blue,Black,2026-05-22 14:06:35.718300,2026-05-22 14:06:35.719893
JFY53LLTFONNTTZFC,Contoso Motors,2012,Commercial,358,207,AWD,8 Cylinder,Automatic,Gray,Dark Gray,2026-05-22 14:06:35.718300,2026-05-22 14:06:35.719893
LQS47SYHDPU7PY659,Contoso Motors,2012,Convertible 2DR,359,359,FWD,Hybrid,Automatic,Chili Red,Black,2026-05-22 14:06:35.718300,2026-05-22 14:06:35.719893
N3PI8UMX2FKPBSLKJ,Contoso Motors,2016,SUV,360,512,FWD,8 Cylinder,Automatic,Deep Blue,Black,2026-05-22 14:06:35.718300,2026-05-22 14:06:35.719893
ZBA97K3ZHMJWKM8VL,Contoso Motors,2005,SUV,361,560,FWD,6 Cylinder,Automatic,Deep Blue,Black,2026-05-22 14:06:35.718300,2026-05-22 14:06:35.719893
U727IUNSWAWN20S83,Contoso Motors,2013,Minivan,362,362,FWD,6 Cylinder,Automatic,Deep Blue,Brown,2026-05-22 14:06:35.718300,2026-05-22 14:06:35.719893
AYJWKOVO1YUNA76I7,Contoso Motors,2005,SUV,363,630,AWD,Hybrid,Automatic,Deep Blue,Black,2026-05-22 14:06:35.718300,2026-05-22 14:06:35.719893
S2X3N4BACU2TN96FJ,Contoso Motors,2015,Minivan,364,364,FWD,6 Cylinder,Automatic,White Silver,Smoke White,2026-05-22 14:06:35.718300,2026-05-22 14:06:35.719893
BRF8PXVFCCYM2DWCW,Contoso Motors,2005,SUV,365,678,AWD,4 Cylinder,Automatic,Deep Blue,Black,2026-05-22 14:06:35.718300,2026-05-22 14:06:35.719893
YACKN696MBIRX8J9C,Contoso Motors,2010,Minivan,366,366,FWD,6 Cylinder,Automatic,Blazing Gray,Nutmeg,2026-05-22 14:06:35.718300,2026-05-22 14:06:35.719893
GN363ZCEXYXJDESOH,Contoso Motors,2007,Minivan,367,367,FWD,6 Cylinder,Automatic,Electric Blue,Red,2026-05-22 14:06:35.718300,2026-05-22 14:06:35.719893
J5FIRE115YCDREGO2,Contoso Motors,2016,Minivan,368,368,FWD,6 Cylinder,Automatic,Thunder Gray,Gray,2026-05-22 14:06:35.718300,2026-05-22 14:06:35.719893
NO2JM5T62TH82JE0G,Contoso Motors,2011,Minivan,369,369,FWD,6 Cylinder,Automatic,Pepper White,Dark Gray,2026-05-22 14:06:35.718300,2026-05-22 14:06:35.719893
0FQC86QTFJ7YKFLP1,Contoso Motors,2009,Minivan,370,370,FWD,6 Cylinder,Automatic,Volcanic Orange,White,2026-05-22 14:06:35.718300,2026-05-22 14:06:35.719893
VWPV36QH0X8VTLUVG,Contoso Motors,2015,Sedan,371,498,RWD,4 Cylinder,Automatic,Blue,Old Lace,2026-05-22 14:06:35.718300,2026-05-22 14:06:35.719893
96E454V8GFVILTWSS,Contoso Motors,2016,Hatchback,372,427,FWD,4 Cylinder,Automatic,Blue,Dark Gray,2026-05-22 14:06:35.718300,2026-05-22 14:06:35.719893
8J0U8XCPRGW4Z3NQE,Contoso Motors,2005,Sedan,373,2,FWD,4 Cylinder,Automatic,Thunder Gray,Gray,2026-05-22 14:06:35.718300,2026-05-22 14:06:35.719893
6I1PU5IJTTW5JW0VL,Contoso Motors,2005,Sedan,374,50,FWD,4 Cylinder,Automatic,Thunder Gray,Gray,2026-05-22 14:06:35.718300,2026-05-22 14:06:35.719893
6EAE4IIMXY3RHH6LZ,Contoso Motors,2007,SUV,375,830,AWD,6 Cylinder,Automatic,Deep Blue,Black,2026-05-22 14:06:35.718300,2026-05-22 14:06:35.719893
60JXAVE61HUYRYXZX,Contoso Motors,2016,Truck,376,720,FWD,6 Cylinder,Automatic,Silver,Black,2026-05-22 14:06:35.718300,2026-05-22 14:06:35.719893
64CIW3DOG0CETY0M5,Contoso Motors,2011,Truck,377,864,FWD,6 Cylinder,Automatic,Silver,Black,2026-05-22 14:06:35.718300,2026-05-22 14:06:35.719893
UZQXXBVKVAIC9ZF4G,Contoso Motors,2016,Wagon,378,448,FWD,4 Cylinder,Automatic,Blue,Nutmeg,2026-05-22 14:06:35.718300,2026-05-22 14:06:35.719893
NS0NCNF06CW7PLQXN,Contoso Motors,2016,Wagon,379,544,AWD,4 Cylinder,Automatic,Blue,Gray,2026-05-22 14:06:35.718300,2026-05-22 14:06:35.719893
4H61HJFAK7VWXX1OV,Contoso Motors,2011,Minivan,380,380,FWD,6 Cylinder,Automatic,Volcanic Orange,White,2026-05-22 14:06:35.718300,2026-05-22 14:06:35.719893
LQY0148LQ37YJ19NH,Contoso Motors,2014,Minivan,381,381,FWD,6 Cylinder,Automatic,Chili Red,Black,2026-05-22 14:06:35.718300,2026-05-22 14:06:35.719893
1C8026X1LS42E7916,Contoso Motors,2015,SUV,382,878,FWD,6 Cylinder,Automatic,Deep Blue,Black,2026-05-22 14:06:35.718300,2026-05-22 14:06:35.719893
V7D26DTTXLSIS56M1,Contoso Motors,2006,Hatchback,383,619,AWD,4 Cylinder,Automatic,Blue,Gray,2026-05-22 14:06:35.718300,2026-05-22 14:06:35.719893
MTP34WQYET4MBXKP3,Contoso Motors,2016,Truck,384,875,FWD,6 Cylinder,Automatic,Silver,Black,2026-05-22 14:06:35.718300,2026-05-22 14:06:35.719893
UV25HI2L1W28HEVYF,Contoso Motors,2004,SUV,385,136,AWD,6 Cylinder,Automatic,Deep Blue,Black,2026-05-22 14:06:35.718300,2026-05-22 14:06:35.719893
9GAK9WB9PERDMBYWH,Contoso Motors,2004,Sedan,386,63,AWD,4 Cylinder,Automatic,Pepper White,Dark Gray,2026-05-22 14:06:35.718300,2026-05-22 14:06:35.719893
JYIPJNLSPYCKWKKNJ,Contoso Motors,2005,Wagon,387,666,FWD,4 Cylinder,Automatic,Blue,Gray,2026-05-22 14:06:35.718300,2026-05-22 14:06:35.719893
2FU0GEB32SFRRA6LQ,Contoso Motors,2004,Minivan,388,388,FWD,6 Cylinder,Automatic,Blazing Gray,Nutmeg,2026-05-22 14:06:35.718300,2026-05-22 14:06:35.719893
SJPIEUI7S9WPHTAAI,Contoso Motors,2005,SUV,389,206,RWD,6 Cylinder,Automatic,Deep Blue,Black,2026-05-22 14:06:35.718300,2026-05-22 14:06:35.719893
GPI5N9BGT5NRZN00V,Contoso Motors,2013,SUV,390,254,FWD,6 Cylinder,Automatic,Deep Blue,Black,2026-05-22 14:06:35.718300,2026-05-22 14:06:35.719893
GJGVZ5KGGIVU5HVJE,Contoso Motors,2012,Commercial,391,318,AWD,8 Cylinder,Automatic,Gray,Dark Gray,2026-05-22 14:06:35.718300,2026-05-22 14:06:35.719893
0URNPBEKUUELE97HG,Contoso Motors,2011,Convertible 2DR,392,392,FWD,6 Cylinder,Automatic,Volcanic Orange,White,2026-05-22 14:06:35.718300,2026-05-22 14:06:35.719893
6XLREKMP7K6FNL6H2,Contoso Motors,2011,Coupe,393,497,FWD,4 Cylinder,Manual,Pepper White,Dark Gray,2026-05-22 14:06:35.718300,2026-05-22 14:06:35.719893
XF93A5HNUMQF3W7XN,Contoso Motors,2013,Hybrid,394,394,FWD,Hybrid,Semi-Automatic,Blue,Old Lace,2026-05-22 14:06:35.718300,2026-05-22 14:06:35.719893
QROSBQF5GCDX6MFYR,Contoso Motors,2007,Truck,395,923,AWD,6 Cylinder,Automatic,Silver,Black,2026-05-22 14:06:35.718300,2026-05-22 14:06:35.719893
XXW0169ZOVK5YJ41O,Contoso Motors,2012,Hatchback,396,667,FWD,4 Cylinder,Automatic,Blue,Gray,2026-05-22 14:06:35.718300,2026-05-22 14:06:35.719893
FIL37ODI7DPZJ17XN,Contoso Motors,2007,Sedan,397,109,FWD,4 Cylinder,Automatic,Pepper White,Dark Gray,2026-05-22 14:06:35.718300,2026-05-22 14:06:35.719893
M3NYC3L36K7N6NG3X,Contoso Motors,2016,Sedan,398,110,FWD,4 Cylinder,Automatic,Volcanic Orange,White,2026-05-22 14:06:35.718300,2026-05-22 14:06:35.719893
TXRICS2GT5CTQB3NT,Contoso Motors,2011,Sedan,399,111,AWD,4 Cylinder,Automatic,Chili Red,Black,2026-05-22 14:06:35.718300,2026-05-22 14:06:35.719893
WNAYDQB61LZ83DQF0,Contoso Motors,2011,Wagon,400,688,FWD,4 Cylinder,Automatic,Blue,Gray,2026-05-22 14:06:35.718300,2026-05-22 14:06:35.719893
QYRRYY3SJW7W4VL91,Contoso Motors,2014,Truck,401,67,AWD,6 Cylinder,Automatic,Silver,Black,2026-05-22 14:06:35.718300,2026-05-22 14:06:35.719893
OWWOA16T9B8Q7YCCV,Contoso Motors,2011,Truck,402,96,FWD,6 Cylinder,Automatic,Silver,Black,2026-05-22 14:06:35.718300,2026-05-22 14:06:35.719893
GZKUG00S0EQ5F54TG,Contoso Motors,2014,Coupe,403,507,AWD,4 Cylinder,Manual,Pepper White,Dark Gray,2026-05-22 14:06:35.718300,2026-05-22 14:06:35.719893
OKVQCDJV4UYZVJ07T,Contoso Motors,2013,Hybrid,404,404,FWD,Hybrid,Semi-Automatic,Volcanic Orange,White,2026-05-22 14:06:35.718300,2026-05-22 14:06:35.719893
O8KOMQOQK5OSEX8N4,Contoso Motors,2007,SUV,405,358,FWD,Hybrid,Automatic,Deep Blue,Black,2026-05-22 14:06:35.718300,2026-05-22 14:06:35.719893
VUOI9X4MG7DP0ZQV8,Contoso Motors,2012,Commercial,406,366,AWD,8 Cylinder,Automatic,Gray,Dark Gray,2026-05-22 14:06:35.718300,2026-05-22 14:06:35.719893
1ZKLUE7IJPHCITBXG,Contoso Motors,2014,Convertible 2DR,407,407,FWD,Electric,Automatic,Silver,Ivory,2026-05-22 14:06:35.718300,2026-05-22 14:06:35.719893
PBSIU00P08RA1SIBE,Contoso Motors,2015,SUV,408,406,AWD,6 Cylinder,Automatic,Deep Blue,Black,2026-05-22 14:06:35.718300,2026-05-22 14:06:35.719893
T8DNDN5UDCWL7M72H,Contoso Motors,2005,SUV,409,25,AWD,8 Cylinder,Automatic,Electric Blue,Black,2026-05-22 14:06:35.718300,2026-05-22 14:06:35.719893
ZJOCAJ6AF9ER5GPW8,Contoso Motors,2010,Minivan,410,410,FWD,6 Cylinder,Automatic,White Silver,Smoke White,2026-05-22 14:06:35.718300,2026-05-22 14:06:35.719893
U2FX7NDGMSL43QUGM,Contoso Motors,2004,SUV,411,49,FWD,4 Cylinder,Automatic,Electric Blue,Black,2026-05-22 14:06:35.718300,2026-05-22 14:06:35.719893
WQS4ADJ267BIDYYII,Contoso Motors,2016,Minivan,412,412,FWD,6 Cylinder,Automatic,Blazing Gray,Nutmeg,2026-05-22 14:06:35.718300,2026-05-22 14:06:35.719893
R6L3VILU35RHJDAZV,Contoso Motors,2014,SUV,413,73,FWD,6 Cylinder,Automatic,Electric Blue,Black,2026-05-22 14:06:35.718300,2026-05-22 14:06:35.719893
ZNMOPH5SW3ZEBV3NO,Contoso Motors,2009,Minivan,414,414,FWD,6 Cylinder,Automatic,Thunder Gray,Gray,2026-05-22 14:06:35.718300,2026-05-22 14:06:35.719893
TMN5DLU9NY4XX0JUY,Contoso Motors,2004,Minivan,415,415,FWD,6 Cylinder,Automatic,Pepper White,Dark Gray,2026-05-22 14:06:35.718300,2026-05-22 14:06:35.719893
8H8W7LAM2WHOK1UON,Contoso Motors,2005,Minivan,416,416,FWD,6 Cylinder,Automatic,Volcanic Orange,White,2026-05-22 14:06:35.718300,2026-05-22 14:06:35.719893
U1G77DG0TQDQU1KPO,Contoso Motors,2007,Minivan,417,417,FWD,6 Cylinder,Automatic,Chili Red,Black,2026-05-22 14:06:35.718300,2026-05-22 14:06:35.719893
V5V483U7H0713ZAQ0,Contoso Motors,2016,Minivan,418,418,FWD,6 Cylinder,Automatic,Blue,Old Lace,2026-05-22 14:06:35.718300,2026-05-22 14:06:35.719893
Z19X6P9CCCLQRPSN8,Contoso Motors,2011,Sedan,419,229,FWD,4 Cylinder,Automatic,Chili Red,Black,2026-05-22 14:06:35.718300,2026-05-22 14:06:35.719893
XQURYT88D8BCHF4PD,Contoso Motors,2007,Hatchback,420,719,FWD,4 Cylinder,Automatic,Blue,Gray,2026-05-22 14:06:35.718300,2026-05-22 14:06:35.719893
ASFVLRMRYZQDVOAIY,Contoso Motors,2013,Sedan,421,230,FWD,4 Cylinder,Automatic,Blue,Old Lace,2026-05-22 14:06:35.718300,2026-05-22 14:06:35.719893
6C3RWG9NFGWS93TC1,Contoso Motors,2007,Sedan,422,290,FWD,4 Cylinder,Automatic,Deep Blue,Brown,2026-05-22 14:06:35.718300,2026-05-22 14:06:35.719893
VV280A4H1LRBV1S1M,Contoso Motors,2007,Crossover,423,517,FWD,6 Cylinder,Automatic,Electric Blue,Black,2026-05-22 14:06:35.718300,2026-05-22 14:06:35.719893
YSTK76U2MMH44OISI,Contoso Motors,2004,Truck,424,97,FWD,6 Cylinder,Automatic,Silver,Black,2026-05-22 14:06:35.718300,2026-05-22 14:06:35.719893
18NL8LMI9B1VD0IXV,Contoso Motors,2007,Truck,425,121,FWD,6 Cylinder,Automatic,Silver,Black,2026-05-22 14:06:35.718300,2026-05-22 14:06:35.719893
HYT7N0YGG7IE1206T,Contoso Motors,2004,Hatchback,426,723,FWD,4 Cylinder,Automatic,Blue,Gray,2026-05-22 14:06:35.718300,2026-05-22 14:06:35.719893
IQD3NDVE7QZC45HNC,Contoso Motors,2015,Hatchback,427,804,FWD,4 Cylinder,Automatic,Blue,Gray,2026-05-22 14:06:35.718300,2026-05-22 14:06:35.719893
1OQI8PS9UBQDMBEQY,Contoso Motors,2013,Minivan,428,428,FWD,6 Cylinder,Automatic,Volcanic Orange,White,2026-05-22 14:06:35.718300,2026-05-22 14:06:35.719893
JNZIYNLRASQ08GN5T,Contoso Motors,2014,Minivan,429,429,FWD,6 Cylinder,Automatic,Chili Red,Black,2026-05-22 14:06:35.718300,2026-05-22 14:06:35.719893
FOHABFXIQK0NZECAC,Contoso Motors,2011,Crossover,430,541,AWD,Electric,Automatic,Electric Blue,Black,2026-05-22 14:06:35.718300,2026-05-22 14:06:35.719893
PN7J7WIR695T90QDK,Contoso Motors,2011,Hatchback,431,815,AWD,4 Cylinder,Automatic,Blue,Gray,2026-05-22 14:06:35.718300,2026-05-22 14:06:35.719893
MA3H9KZGMS7RSBK0P,Contoso Motors,2016,Truck,432,122,AWD,6 Cylinder,Automatic,Silver,Black,2026-05-22 14:06:35.718300,2026-05-22 14:06:35.719893
8H55KPJ421ANV9B8Y,Contoso Motors,2005,Crossover,433,565,FWD,6 Cylinder,Automatic,Electric Blue,Black,2026-05-22 14:06:35.718300,2026-05-22 14:06:35.719893
SW39ZMDNA1K1DYFF0,Contoso Motors,2004,Sedan,434,371,FWD,4 Cylinder,Automatic,Chili Red,Black,2026-05-22 14:06:35.718300,2026-05-22 14:06:35.719893
LXK7IDPDB86PDY8N5,Contoso Motors,2013,Hatchback,435,863,FWD,4 Cylinder,Automatic,Blue,Gray,2026-05-22 14:06:35.718300,2026-05-22 14:06:35.719893
9K3NPUOHFCGGMDO9G,Contoso Motors,2011,Minivan,436,436,FWD,6 Cylinder,Automatic,Blazing Gray,Nutmeg,2026-05-22 14:06:35.718300,2026-05-22 14:06:35.719893
XUEKQC1GE5U0KUJ60,Contoso Motors,2004,Crossover,437,589,FWD,8 Cylinder,Automatic,Electric Blue,Black,2026-05-22 14:06:35.718300,2026-05-22 14:06:35.719893
YXIN7YPOJVAHR93FB,Contoso Motors,2013,Crossover,438,611,AWD,Hybrid,Automatic,Electric Blue,Black,2026-05-22 14:06:35.718300,2026-05-22 14:06:35.719893
3GTFQ3O1QAXMY2J7M,Contoso Motors,2012,Commercial,439,414,AWD,8 Cylinder,Automatic,Gray,Dark Gray,2026-05-22 14:06:35.718300,2026-05-22 14:06:35.719893
23WOY61CJWXBDK1BQ,Contoso Motors,2016,Convertible 2DR,440,440,RWD,6 Cylinder,Automatic,Volcanic Orange,White,2026-05-22 14:06:35.718300,2026-05-22 14:06:35.719893
OOVX3DY97VI41SG9E,Contoso Motors,2007,Coupe,441,555,AWD,4 Cylinder,Manual,Pepper White,Dark Gray,2026-05-22 14:06:35.718300,2026-05-22 14:06:35.719893
8W7J9SXHW68O3IGUW,Contoso Motors,2013,Hybrid,442,442,FWD,Hybrid,Semi-Automatic,Blue,Old Lace,2026-05-22 14:06:35.718300,2026-05-22 14:06:35.719893
W3SLZ4MTMD96G0SQ7,Contoso Motors,2015,Truck,443,200,FWD,6 Cylinder,Automatic,Silver,Black,2026-05-22 14:06:35.718300,2026-05-22 14:06:35.719893
C2V41OH6X7OCGXN08,Contoso Motors,2016,Wagon,444,924,AWD,4 Cylinder,Automatic,Blue,Gray,2026-05-22 14:06:35.718300,2026-05-22 14:06:35.719893
CQWTAYYFRZLDNYUJ4,Contoso Motors,2009,Sedan,445,722,FWD,4 Cylinder,Automatic,Volcanic Orange,White,2026-05-22 14:06:35.718300,2026-05-22 14:06:35.719893
XO2GTH3AZ5VG2TXDQ,Contoso Motors,2012,Sedan,446,755,FWD,4 Cylinder,Automatic,Pepper White,Dark Gray,2026-05-22 14:06:35.718300,2026-05-22 14:06:35.719893
QIWX094Y0KAXSBWBP,Contoso Motors,2014,Sedan,447,803,FWD,4 Cylinder,Automatic,Pepper White,Dark Gray,2026-05-22 14:06:35.718300,2026-05-22 14:06:35.719893
KHMNBOIEHC5LSPC9N,Contoso Motors,2013,Hatchback,448,44,FWD,4 Cylinder,Automatic,Blue,Gray,2026-05-22 14:06:35.718300,2026-05-22 14:06:35.719893
WG51TI6CFREWX91BW,Contoso Motors,2016,Truck,449,240,FWD,6 Cylinder,Automatic,Silver,Black,2026-05-22 14:06:35.718300,2026-05-22 14:06:35.719893
2VKCGDT7EGS41DOKL,Contoso Motors,2011,Truck,450,241,FWD,6 Cylinder,Automatic,Silver,Black,2026-05-22 14:06:35.718300,2026-05-22 14:06:35.719893
M7INY34JC08YNB5R5,Contoso Motors,2007,Coupe,451,737,RWD,4 Cylinder,Manual,Midnight Black,Silverstone,2026-05-22 14:06:35.718300,2026-05-22 14:06:35.719893
P2K7SAYWZFRNSEVGC,Contoso Motors,2013,Hybrid,452,452,FWD,Hybrid,Semi-Automatic,Volcanic Orange,White,2026-05-22 14:06:35.718300,2026-05-22 14:06:35.719893
HHCZ4NDHXQF0C8X3A,Contoso Motors,2016,SUV,453,623,FWD,6 Cylinder,Automatic,Electric Blue,Black,2026-05-22 14:06:35.718300,2026-05-22 14:06:35.719893
K1EBN5O0N6F6X93Q1,Contoso Motors,2012,Commercial,454,495,AWD,8 Cylinder,Automatic,Gray,Dark Gray,2026-05-22 14:06:35.718300,2026-05-22 14:06:35.719893
3BBBO4Y80NPEWY9ZE,Contoso Motors,2007,Convertible 2DR,455,455,AWD,12 Cylinder,Automatic,Silver,Ivory,2026-05-22 14:06:35.718300,2026-05-22 14:06:35.719893
BYH6NGWZQZV4EMA6N,Contoso Motors,2016,Crossover,456,659,FWD,Hybrid,Automatic,Electric Blue,Black,2026-05-22 14:06:35.718300,2026-05-22 14:06:35.719893
6NV8M1G8FNB334F2N,Contoso Motors,2007,SUV,457,671,FWD,Hybrid,Automatic,Electric Blue,Black,2026-05-22 14:06:35.718300,2026-05-22 14:06:35.719893
91D8RNONGLP2GMORS,Contoso Motors,2009,Minivan,458,458,FWD,6 Cylinder,Automatic,White Silver,Smoke White,2026-05-22 14:06:35.718300,2026-05-22 14:06:35.719893
H64NOSDV403YUTFTF,Contoso Motors,2014,SUV,459,705,FWD,6 Cylinder,Automatic,Electric Blue,Black,2026-05-22 14:06:35.718300,2026-05-22 14:06:35.719893
EZNMZ02SI3ZRI4Z3U,Contoso Motors,2005,Minivan,460,460,FWD,6 Cylinder,Automatic,Blazing Gray,Nutmeg,2026-05-22 14:06:35.718300,2026-05-22 14:06:35.719893
7TS2U7GG9S192BNPL,Contoso Motors,2004,SUV,461,729,FWD,Hybrid,Automatic,Electric Blue,Black,2026-05-22 14:06:35.718300,2026-05-22 14:06:35.719893
N5G3UB9T6IVX0186H,Contoso Motors,2016,Minivan,462,462,FWD,6 Cylinder,Automatic,Thunder Gray,Gray,2026-05-22 14:06:35.718300,2026-05-22 14:06:35.719893
M9NHXYTMG36VNP2KD,Contoso Motors,2011,Minivan,463,463,FWD,6 Cylinder,Automatic,Pepper White,Dark Gray,2026-05-22 14:06:35.718300,2026-05-22 14:06:35.719893
AF8LSC5SG2T7W6FGU,Contoso Motors,2004,Minivan,464,464,FWD,6 Cylinder,Automatic,Volcanic Orange,White,2026-05-22 14:06:35.718300,2026-05-22 14:06:35.719893
M1RWVAKFAIODBX0SS,Contoso Motors,2005,Minivan,465,465,FWD,6 Cylinder,Automatic,Chili Red,Black,2026-05-22 14:06:35.718300,2026-05-22 14:06:35.719893
9S702A2K3QHHQWW5R,Contoso Motors,2007,Minivan,466,466,FWD,6 Cylinder,Automatic,Blue,Old Lace,2026-05-22 14:06:35.718300,2026-05-22 14:06:35.719893
L2F7UX5520AGR0A3A,Contoso Motors,2004,Sedan,467,805,FWD,4 Cylinder,Automatic,Chili Red,Black,2026-05-22 14:06:35.718300,2026-05-22 14:06:35.719893
C356PIURZ6T95DCP0,Contoso Motors,2015,Wagon,468,68,AWD,4 Cylinder,Automatic,Blue,Gray,2026-05-22 14:06:35.718300,2026-05-22 14:06:35.719893
KE4EG963LBEM0WD7J,Contoso Motors,2010,Sedan,469,806,FWD,4 Cylinder,Automatic,Blue,Old Lace,2026-05-22 14:06:35.718300,2026-05-22 14:06:35.719893
KPLLMLEK90FRNPJNB,Contoso Motors,2015,Sedan,470,866,FWD,4 Cylinder,Automatic,Deep Blue,Brown,2026-05-22 14:06:35.718300,2026-05-22 14:06:35.719893
NYOZT93T7AJDL9HHI,Contoso Motors,2005,SUV,471,753,AWD,10 Cylinder,Automatic,Electric Blue,Black,2026-05-22 14:06:35.718300,2026-05-22 14:06:35.719893
F2R5FUDSMJARGSR4A,Contoso Motors,2005,Truck,472,296,FWD,6 Cylinder,Automatic,Silver,Black,2026-05-22 14:06:35.718300,2026-05-22 14:06:35.719893
YQ1RUJV3ULTUWBIFU,Contoso Motors,2004,Truck,473,361,AWD,6 Cylinder,Automatic,Silver,Black,2026-05-22 14:06:35.718300,2026-05-22 14:06:35.719893
0WAAYJ0Z6GFCDBJAC,Contoso Motors,2005,Wagon,474,98,FWD,4 Cylinder,Automatic,Blue,White,2026-05-22 14:06:35.718300,2026-05-22 14:06:35.719893
DWHPNUPRWOL040GB4,Contoso Motors,2007,Hatchback,475,99,FWD,4 Cylinder,Automatic,Blue,Black,2026-05-22 14:06:35.718300,2026-05-22 14:06:35.719893
HPFR22VNYIBN6073Y,Contoso Motors,2004,Minivan,476,476,FWD,6 Cylinder,Automatic,Blue,Old Lace,2026-05-22 14:06:35.718300,2026-05-22 14:06:35.719893
DMO1ECP3407RCA3MY,Contoso Motors,2005,Minivan,477,477,FWD,6 Cylinder,Automatic,Silver,Ivory,2026-05-22 14:06:35.718300,2026-05-22 14:06:35.719893
OILZ12EH6RP1G6D6H,Contoso Motors,2011,SUV,478,777,FWD,6 Cylinder,Automatic,Electric Blue,Black,2026-05-22 14:06:35.718300,2026-05-22 14:06:35.719893
8IZNXN9WPJ9JFHLOJ,Contoso Motors,2005,Wagon,479,120,FWD,4 Cylinder,Automatic,Blue,Gray,2026-05-22 14:06:35.718300,2026-05-22 14:06:35.719893
XVXAPOFOK684H9HJ9,Contoso Motors,2005,Truck,480,362,AWD,6 Cylinder,Automatic,Silver,Black,2026-05-22 14:06:35.718300,2026-05-22 14:06:35.719893
IFBFIBPS4D235VEKS,Contoso Motors,2011,SUV,481,893,FWD,6 Cylinder,Automatic,Electric Blue,Black,2026-05-22 14:06:35.718300,2026-05-22 14:06:35.719893
1FNKHMOYCBGZFFL8R,Contoso Motors,2011,Sedan,482,925,AWD,4 Cylinder,Automatic,Silver,Ivory,2026-05-22 14:06:35.718300,2026-05-22 14:06:35.719893
I7CWJZ6R3ST4W523R,Contoso Motors,2011,Hatchback,483,140,AWD,4 Cylinder,Automatic,Blue,Nutmeg,2026-05-22 14:06:35.718300,2026-05-22 14:06:35.719893
2H2KRFWQT3W4A8RL2,Contoso Motors,2016,Minivan,484,484,FWD,6 Cylinder,Automatic,Thunder Gray,Gray,2026-05-22 14:06:35.718300,2026-05-22 14:06:35.719893
6T4Y45W8ZDY8T97GX,Contoso Motors,2004,SUV,485,941,FWD,6 Cylinder,Automatic,Electric Blue,Black,2026-05-22 14:06:35.718300,2026-05-22 14:06:35.719893
S6XW97S479J2R4QVS,Contoso Motors,2014,Crossover,486,141,FWD,6 Cylinder,Automatic,Electric Blue,Black,2026-05-22 14:06:35.718300,2026-05-22 14:06:35.719893
BLIPK8NMTMTYX1ZIY,Contoso Motors,2012,Commercial,487,543,AWD,8 Cylinder,Automatic,Gray,Dark Gray,2026-05-22 14:06:35.718300,2026-05-22 14:06:35.719893
ZN1TUV6WAHXLO3U33,Contoso Motors,2007,Convertible 2DR,488,488,RWD,4 Cylinder,Automatic,Blue,Old Lace,2026-05-22 14:06:35.718300,2026-05-22 14:06:35.719893
3EJA3KMY2WXA0FKFJ,Contoso Motors,2016,Coupe,489,747,FWD,4 Cylinder,Semi-Automatic,Silver,Ivory,2026-05-22 14:06:35.718300,2026-05-22 14:06:35.719893
4HCWC5S5IJXMOG5TH,Contoso Motors,2013,Hybrid,490,490,FWD,Hybrid,Semi-Automatic,Deep Blue,Brown,2026-05-22 14:06:35.718300,2026-05-22 14:06:35.719893
XQ3MOFK9LO7XY8C59,Contoso Motors,2013,Truck,491,440,FWD,6 Cylinder,Automatic,Silver,Black,2026-05-22 14:06:35.718300,2026-05-22 14:06:35.719893
S53V9GQM15XVDDJF1,Contoso Motors,2007,Hatchback,492,236,FWD,4 Cylinder,Automatic,Blue,Gray,2026-05-22 14:06:35.718300,2026-05-22 14:06:35.719893
N4O3YGCZCPG7EQ18J,Contoso Motors,2005,Sedan,493,926,AWD,4 Cylinder,Automatic,Deep Blue,Brown,2026-05-22 14:06:35.718300,2026-05-22 14:06:35.719893
6OEDX46M4TTLQ7OHR,Contoso Motors,2013,Sedan,494,995,AWD,4 Cylinder,Automatic,Silver,Ivory,2026-05-22 14:06:35.718300,2026-05-22 14:06:35.719893
AZAI19YW9US5M6VTM,Contoso Motors,2016,Sedan,495,43,FWD,4 Cylinder,Automatic,Midnight Black,Silverstone,2026-05-22 14:06:35.718300,2026-05-22 14:06:35.719893
WGZ3BHPFQQBAPE9V4,Contoso Motors,2013,Wagon,496,242,FWD,4 Cylinder,Automatic,Blue,Brown,2026-05-22 14:06:35.718300,2026-05-22 14:06:35.719893
VI45NWQ2GTHYL4DZB,Contoso Motors,2006,Truck,497,499,RWD,6 Cylinder,Automatic,Silver,Black,2026-05-22 14:06:35.718300,2026-05-22 14:06:35.719893
O5R1PH70RV82A3E4N,Contoso Motors,2004,Truck,498,553,FWD,6 Cylinder,Automatic,Silver,Black,2026-05-22 14:06:35.718300,2026-05-22 14:06:35.719893
ORZSALKL8GVZ0D7BS,Contoso Motors,2013,Coupe,499,795,AWD,4 Cylinder,Semi-Automatic,Midnight Black,Silverstone,2026-05-22 14:06:35.718300,2026-05-22 14:06:35.719893
GTEK9BAEZRDOEYOZ2,Contoso Motors,2013,Hybrid,500,500,FWD,Hybrid,Semi-Automatic,Blue,Old Lace,2026-05-22 14:06:35.718300,2026-05-22 14:06:35.719893
J65M7JNC4QDZHWQ1K,Contoso Motors,2016,Crossover,501,187,AWD,Hybrid,Automatic,Electric Blue,Black,2026-05-22 14:06:35.718300,2026-05-22 14:06:35.719893
8RHCYCA9UBHU3FHSQ,Contoso Motors,2012,Commercial,502,558,AWD,8 Cylinder,Automatic,Gray,Dark Gray,2026-05-22 14:06:35.718300,2026-05-22 14:06:35.719893
KGPM36VK26AELEZ41,Contoso Motors,2004,Convertible 2DR,503,503,FWD,6 Cylinder,Automatic,Midnight Black,Silverstone,2026-05-22 14:06:35.718300,2026-05-22 14:06:35.719893
JXGEO31C6UNAC0KIH,Contoso Motors,2007,SUV,504,199,FWD,6 Cylinder,Automatic,Electric Blue,Black,2026-05-22 14:06:35.718300,2026-05-22 14:06:35.719893
BPNVBNVOYNLAQFNXX,Contoso Motors,2013,Crossover,505,235,FWD,Hybrid,Automatic,Electric Blue,Black,2026-05-22 14:06:35.718300,2026-05-22 14:06:35.719893
MP80QE3HPJPGAI4IG,Contoso Motors,2016,Minivan,506,506,FWD,6 Cylinder,Automatic,Blazing Gray,Nutmeg,2026-05-22 14:06:35.718300,2026-05-22 14:06:35.719893
CD9FXB2ILCO170YPG,Contoso Motors,2006,SUV,507,247,FWD,4 Cylinder,Automatic,Electric Blue,Black,2026-05-22 14:06:35.718300,2026-05-22 14:06:35.719893
DYC9JXQ7Y35T8YVS2,Contoso Motors,2004,Minivan,508,508,FWD,6 Cylinder,Automatic,Thunder Gray,Gray,2026-05-22 14:06:35.718300,2026-05-22 14:06:35.719893
TSTZUK9J4D46YRCCI,Contoso Motors,2005,SUV,509,281,RWD,8 Cylinder,Automatic,Electric Blue,Black,2026-05-22 14:06:35.718300,2026-05-22 14:06:35.719893
WQ44S93J3N27SVIRX,Contoso Motors,2007,Minivan,510,510,FWD,6 Cylinder,Automatic,Volcanic Orange,White,2026-05-22 14:06:35.718300,2026-05-22 14:06:35.719893
ZTR0Z9X2250HA1PI0,Contoso Motors,2013,Minivan,511,511,FWD,6 Cylinder,Automatic,Chili Red,Black,2026-05-22 14:06:35.718300,2026-05-22 14:06:35.719893
DK2YL7NWWJDMJ9RYK,Contoso Motors,2011,Minivan,512,512,FWD,6 Cylinder,Automatic,Blue,Old Lace,2026-05-22 14:06:35.718300,2026-05-22 14:06:35.719893
G3O2BOTP2IVSZ2W48,Contoso Motors,2014,Minivan,513,513,FWD,6 Cylinder,Automatic,Silver,Ivory,2026-05-22 14:06:35.718300,2026-05-22 14:06:35.719893
RR55YZ6DG2EZ72KKY,Contoso Motors,2015,Minivan,514,514,FWD,6 Cylinder,Automatic,Deep Blue,Brown,2026-05-22 14:06:35.718300,2026-05-22 14:06:35.719893
FJJSIW0EIIGUERE2M,Contoso Motors,2014,Sedan,515,45,FWD,4 Cylinder,Automatic,Racing Green,Beige,2026-05-22 14:06:35.718300,2026-05-22 14:06:35.719893
LIO7YTOE8DQT6K7O9,Contoso Motors,2004,Hatchback,516,251,AWD,4 Cylinder,Automatic,Blue,Black,2026-05-22 14:06:35.718300,2026-05-22 14:06:35.719893
S9JTJUFCLUX043CJG,Contoso Motors,2015,Sedan,517,46,FWD,4 Cylinder,Automatic,Blazing Gray,Nutmeg,2026-05-22 14:06:35.718300,2026-05-22 14:06:35.719893
EI6CW0CKYK741OUHO,Contoso Motors,2004,Sedan,518,69,AWD,4 Cylinder,Automatic,Racing Green,Beige,2026-05-22 14:06:35.718300,2026-05-22 14:06:35.719893
8BZS7FORHI8Y4FIYH,Contoso Motors,2011,SUV,519,305,FWD,4 Cylinder,Automatic,Electric Blue,Black,2026-05-22 14:06:35.718300,2026-05-22 14:06:35.719893
1C2RW5NTEBI2U8EY7,Contoso Motors,2010,Truck,520,554,FWD,6 Cylinder,Automatic,Silver,Black,2026-05-22 14:06:35.718300,2026-05-22 14:06:35.719893
ULA46Z5XFF5T0JP3C,Contoso Motors,2004,Truck,521,576,AWD,6 Cylinder,Automatic,Silver,Black,2026-05-22 14:06:35.718300,2026-05-22 14:06:35.719893
0WNSOLYN5IIV8LBKT,Contoso Motors,2011,Wagon,522,260,FWD,4 Cylinder,Automatic,Thunder Gray,Gray,2026-05-22 14:06:35.718300,2026-05-22 14:06:35.719893
ZHP04SZYFDUZ1JXJI,Contoso Motors,2011,Hatchback,523,299,FWD,4 Cylinder,Automatic,Chili Red,Black,2026-05-22 14:06:35.718300,2026-05-22 14:06:35.719893
XZXQPPCGWGPN8958F,Contoso Motors,2011,Minivan,524,524,FWD,6 Cylinder,Automatic,Blue,Old Lace,2026-05-22 14:06:35.718300,2026-05-22 14:06:35.719893
CMJT8KNLDLWSSYAY8,Contoso Motors,2004,Minivan,525,525,FWD,6 Cylinder,Automatic,Silver,Ivory,2026-05-22 14:06:35.718300,2026-05-22 14:06:35.719893
TRFD6LW1SWWCNNFF5,Contoso Motors,2004,SUV,526,329,RWD,6 Cylinder,Automatic,Electric Blue,Black,2026-05-22 14:06:35.718300,2026-05-22 14:06:35.719893
RDM6J5EKM0XAOFECS,Contoso Motors,2004,Wagon,527,356,AWD,4 Cylinder,Automatic,Volcanic Orange,White,2026-05-22 14:06:35.718300,2026-05-22 14:06:35.719893
PX06U5IK5P7JBZWMI,Contoso Motors,2016,Truck,528,672,FWD,6 Cylinder,Automatic,Silver,Black,2026-05-22 14:06:35.718300,2026-05-22 14:06:35.719893
LGFZNOVA6891NIQ04,Contoso Motors,2004,SUV,529,469,FWD,6 Cylinder,Automatic,Electric Blue,Red,2026-05-22 14:06:35.718300,2026-05-22 14:06:35.719893
SY6BM4551V77GBW56,Contoso Motors,2010,Sedan,530,70,AWD,4 Cylinder,Automatic,Blazing Gray,Nutmeg,2026-05-22 14:06:35.718300,2026-05-22 14:06:35.719893
OH5PU71JGFC98YNPZ,Contoso Motors,2011,Wagon,531,360,AWD,4 Cylinder,Automatic,Deep Blue,Brown,2026-05-22 14:06:35.718300,2026-05-22 14:06:35.719893
OW88VTE8YMYDMZDIC,Contoso Motors,2007,Minivan,532,532,FWD,6 Cylinder,Automatic,Thunder Gray,Gray,2026-05-22 14:06:35.718300,2026-05-22 14:06:35.719893
M4TV6IEALD5QDS3IR,Contoso Motors,2007,SUV,533,21,AWD,6 Cylinder,Automatic,Midnight Black,Black,2026-05-22 14:06:35.718300,2026-05-22 14:06:35.719893
DC4UBCJ3K37YKLMLM,Contoso Motors,2005,SUV,534,69,FWD,10 Cylinder,Automatic,Midnight Black,Black,2026-05-22 14:06:35.718300,2026-05-22 14:06:35.719893
CXQMZ796VHXZCIZDY,Contoso Motors,2012,Commercial,535,591,AWD,8 Cylinder,Automatic,Gray,Dark Gray,2026-05-22 14:06:35.718300,2026-05-22 14:06:35.719893
G1IJPTPCGG4VVM0O3,Contoso Motors,2016,Convertible 2DR,536,536,FWD,Electric,Automatic,Blue,Old Lace,2026-05-22 14:06:35.718300,2026-05-22 14:06:35.719893
0HMF39RGO8WJ1OS8R,Contoso Motors,2005,Coupe,537,929,FWD,4 Cylinder,Semi-Automatic,Electric Blue,Red,2026-05-22 14:06:35.718300,2026-05-22 14:06:35.719893
XV1W2KOSDNKHQKHVL,Contoso Motors,2013,Hybrid,538,538,FWD,Hybrid,Semi-Automatic,Deep Blue,Brown,2026-05-22 14:06:35.718300,2026-05-22 14:06:35.719893
HAFETMKFJVQ4FBOLE,Contoso Motors,2011,Truck,539,673,FWD,6 Cylinder,Automatic,Silver,Black,2026-05-22 14:06:35.718300,2026-05-22 14:06:35.719893
IY587XB4HJX6N04PA,Contoso Motors,2016,Hatchback,540,380,FWD,4 Cylinder,Automatic,Volcanic Orange,White,2026-05-22 14:06:35.718300,2026-05-22 14:06:35.719893
CI3IA2MUNCLR5GJM0,Contoso Motors,2005,Sedan,541,93,FWD,4 Cylinder,Automatic,Racing Green,Beige,2026-05-22 14:06:35.718300,2026-05-22 14:06:35.719893
HW3SMAH36QFY1MYXR,Contoso Motors,2007,Sedan,542,94,FWD,4 Cylinder,Automatic,Blazing Gray,Nutmeg,2026-05-22 14:06:35.718300,2026-05-22 14:06:35.719893
V4UM6VQFRG2USOV1R,Contoso Motors,2011,Sedan,543,117,FWD,4 Cylinder,Automatic,Racing Green,Beige,2026-05-22 14:06:35.718300,2026-05-22 14:06:35.719893
561JUQ622CUR0E8JZ,Contoso Motors,2013,Hatchback,544,443,FWD,4 Cylinder,Automatic,Midnight Black,Silverstone,2026-05-22 14:06:35.718300,2026-05-22 14:06:35.719893
G1STEWZKBIT5OYWUK,Contoso Motors,2014,Truck,545,793,AWD,6 Cylinder,Automatic,Silver,Black,2026-05-22 14:06:35.718300,2026-05-22 14:06:35.719893
LMH9EM8N6AA7VQO3A,Contoso Motors,2015,Truck,546,794,AWD,6 Cylinder,Automatic,Silver,Black,2026-05-22 14:06:35.718300,2026-05-22 14:06:35.719893
I0ZE8JP32J8ZWSBLM,Contoso Motors,2004,Coupe,547,169,AWD,4 Cylinder,Semi-Automatic,Silver,Ivory,2026-05-22 14:06:35.718300,2026-05-22 14:06:35.719893
SC8RB10F5JF4LX5CV,Contoso Motors,2013,Hybrid,548,548,FWD,Hybrid,Semi-Automatic,Blue,Old Lace,2026-05-22 14:06:35.718300,2026-05-22 14:06:35.719893
JBOIN5XKK8K8X9HMA,Contoso Motors,2011,SUV,549,513,FWD,10 Cylinder,Automatic,Midnight Black,Black,2026-05-22 14:06:35.718300,2026-05-22 14:06:35.719893
4K11P2TCO0ZJ0B0H6,Contoso Motors,2012,Commercial,550,654,AWD,8 Cylinder,Automatic,Gray,Dark Gray,2026-05-22 14:06:35.718300,2026-05-22 14:06:35.719893
195W304UL8HAP9Q4G,Contoso Motors,2011,Convertible 2DR,551,551,FWD,6 Cylinder,Automatic,Midnight Black,Silverstone,2026-05-22 14:06:35.718300,2026-05-22 14:06:35.719893
GAQ3SA5S84P25JPM3,Contoso Motors,2004,SUV,552,537,AWD,6 Cylinder,Automatic,Midnight Black,Black,2026-05-22 14:06:35.718300,2026-05-22 14:06:35.719893
HGDCO2CD1H90AHYZH,Contoso Motors,2007,SUV,553,561,FWD,6 Cylinder,Automatic,Midnight Black,Black,2026-05-22 14:06:35.718300,2026-05-22 14:06:35.719893
9ZMA2FR6LFGXAB4YJ,Contoso Motors,2007,Minivan,554,554,FWD,6 Cylinder,Automatic,Blazing Gray,Nutmeg,2026-05-22 14:06:35.718300,2026-05-22 14:06:35.719893
6BGDZUVC05OGK0U2N,Contoso Motors,2011,SUV,555,585,FWD,6 Cylinder,Automatic,Midnight Black,Black,2026-05-22 14:06:35.718300,2026-05-22 14:06:35.719893
7RJT1IM5441CS5P55,Contoso Motors,2011,Minivan,556,556,FWD,6 Cylinder,Automatic,Thunder Gray,Gray,2026-05-22 14:06:35.718300,2026-05-22 14:06:35.719893
NG1UDZWISW1I2HJXM,Contoso Motors,2014,SUV,557,701,FWD,8 Cylinder,Automatic,Midnight Black,Black,2026-05-22 14:06:35.718300,2026-05-22 14:06:35.719893
DB7GXQUVTGDWLEWJD,Contoso Motors,2015,Minivan,558,558,FWD,6 Cylinder,Automatic,Volcanic Orange,White,2026-05-22 14:06:35.718300,2026-05-22 14:06:35.719893
RPA91HDWA2F03K906,Contoso Motors,2016,Minivan,559,559,FWD,6 Cylinder,Automatic,Chili Red,Black,2026-05-22 14:06:35.718300,2026-05-22 14:06:35.719893
NBUL247OFXI8HQ578,Contoso Motors,2013,Minivan,560,560,FWD,6 Cylinder,Automatic,Blue,Old Lace,2026-05-22 14:06:35.718300,2026-05-22 14:06:35.719893
TOHAZOWEUU9PY3EI8,Contoso Motors,2014,Minivan,561,561,FWD,6 Cylinder,Automatic,Silver,Ivory,2026-05-22 14:06:35.718300,2026-05-22 14:06:35.719893
LOCNQO28JR378RMGF,Contoso Motors,2015,Minivan,562,562,FWD,6 Cylinder,Automatic,Deep Blue,Brown,2026-05-22 14:06:35.718300,2026-05-22 14:06:35.719893
CPTIEAH6GPLGIO4G3,Contoso Motors,2009,Sedan,563,118,FWD,4 Cylinder,Automatic,Blazing Gray,Nutmeg,2026-05-22 14:06:35.718300,2026-05-22 14:06:35.719893
76DLNGP1LW3ZH64OT,Contoso Motors,2015,Wagon,564,552,FWD,4 Cylinder,Automatic,Blazing Gray,Nutmeg,2026-05-22 14:06:35.718300,2026-05-22 14:06:35.719893
XE7I7TUY2WSJ8ZXJE,Contoso Motors,2004,Sedan,565,119,FWD,4 Cylinder,Automatic,Electric Blue,Red,2026-05-22 14:06:35.718300,2026-05-22 14:06:35.719893
JFX3YQSEC0IJ1F5CY,Contoso Motors,2004,Sedan,566,237,FWD,4 Cylinder,Automatic,Pepper White,Dark Gray,2026-05-22 14:06:35.718300,2026-05-22 14:06:35.719893
2LN5YNG2XJ1ERFKX3,Contoso Motors,2014,SUV,567,749,FWD,Electric,Automatic,Midnight Black,Black,2026-05-22 14:06:35.718300,2026-05-22 14:06:35.719893
CCGL4SM7UU0P4ZBRV,Contoso Motors,2015,Truck,568,816,FWD,6 Cylinder,Automatic,Silver,Black,2026-05-22 14:06:35.718300,2026-05-22 14:06:35.719893
OTLM4XY3T2PI9WVBF,Contoso Motors,2004,Truck,569,817,FWD,6 Cylinder,Automatic,Silver,Black,2026-05-22 14:06:35.718300,2026-05-22 14:06:35.719893
NECJ2TQWLBVFCH5DB,Contoso Motors,2007,Hatchback,570,627,AWD,4 Cylinder,Automatic,Chili Red,Black,2026-05-22 14:06:35.718300,2026-05-22 14:06:35.719893
NF981XF6W88HYKE9Y,Contoso Motors,2005,Wagon,571,674,FWD,4 Cylinder,Automatic,Volcanic Orange,White,2026-05-22 14:06:35.718300,2026-05-22 14:06:35.719893
HFHGW4VCB0VIR1XS1,Contoso Motors,2016,Minivan,572,572,FWD,6 Cylinder,Automatic,Deep Blue,Brown,2026-05-22 14:06:35.718300,2026-05-22 14:06:35.719893
WB2GUS8R6BGDC2G7D,Contoso Motors,2011,Minivan,573,573,FWD,6 Cylinder,Automatic,Midnight Black,Silverstone,2026-05-22 14:06:35.718300,2026-05-22 14:06:35.719893
6ZAH06X3W9HUWYLHS,Contoso Motors,2011,Crossover,574,901,AWD,6 Cylinder,Automatic,Midnight Black,Black,2026-05-22 14:06:35.718300,2026-05-22 14:06:35.719893
GIMP343NPI0HICJ9X,Contoso Motors,2006,Hatchback,575,675,FWD,4 Cylinder,Automatic,Chili Red,Black,2026-05-22 14:06:35.718300,2026-05-22 14:06:35.719893
TXPBHK1G57K059R07,Contoso Motors,2004,Truck,576,872,FWD,6 Cylinder,Automatic,Silver,Black,2026-05-22 14:06:35.718300,2026-05-22 14:06:35.719893
MD2QMDXNINBM2GC4M,Contoso Motors,2014,Crossover,577,925,FWD,Hybrid,Automatic,Midnight Black,Black,2026-05-22 14:06:35.718300,2026-05-22 14:06:35.719893
VPP5L9XRIZ99D9VPY,Contoso Motors,2005,Sedan,578,238,FWD,4 Cylinder,Automatic,Volcanic Orange,White,2026-05-22 14:06:35.718300,2026-05-22 14:06:35.719893
D4QKU00WCL3EMBJ69,Contoso Motors,2004,Wagon,579,696,FWD,4 Cylinder,Automatic,Volcanic Orange,White,2026-05-22 14:06:35.718300,2026-05-22 14:06:35.719893
VIJNKM20V255IWKUO,Contoso Motors,2016,Minivan,580,580,FWD,6 Cylinder,Automatic,Volcanic Orange,White,2026-05-22 14:06:35.718300,2026-05-22 14:06:35.719893
VTVIIMP7VVMBKS54N,Contoso Motors,2004,Crossover,581,949,FWD,10 Cylinder,Automatic,Midnight Black,Black,2026-05-22 14:06:35.718300,2026-05-22 14:06:35.719893
6ZCFVVRY55MTNQDK9,Contoso Motors,2005,Crossover,582,973,AWD,6 Cylinder,Automatic,Midnight Black,Black,2026-05-22 14:06:35.718300,2026-05-22 14:06:35.719893
D7ECN6CN0GDMX3DXW,Contoso Motors,2012,Commercial,583,687,AWD,8 Cylinder,Automatic,Gray,Dark Gray,2026-05-22 14:06:35.718300,2026-05-22 14:06:35.719893
IZ744LDZ0LJQ06ERN,Contoso Motors,2015,Convertible 2DR,584,584,RWD,Electric,Automatic,Deep Blue,Brown,2026-05-22 14:06:35.718300,2026-05-22 14:06:35.719893
KFJUVG6XG3K6JE4A1,Contoso Motors,2013,Coupe,585,227,AWD,4 Cylinder,Semi-Automatic,Chili Red,Black,2026-05-22 14:06:35.718300,2026-05-22 14:06:35.719893
X07T6E30I713UCFRP,Contoso Motors,2013,Hybrid,586,586,FWD,Hybrid,Semi-Automatic,White Silver,Smoke White,2026-05-22 14:06:35.718300,2026-05-22 14:06:35.719893
HLH85IDCRB0O5J6K6,Contoso Motors,2013,Truck,587,883,AWD,6 Cylinder,Automatic,Silver,Black,2026-05-22 14:06:35.718300,2026-05-22 14:06:35.719893
1IU4JMQ0BXEZNOMFN,Contoso Motors,2013,Wagon,588,792,AWD,4 Cylinder,Automatic,Blue,Old Lace,2026-05-22 14:06:35.718300,2026-05-22 14:06:35.719893
ARTXP87VTDTC6MS18,Contoso Motors,2016,Sedan,589,298,FWD,4 Cylinder,Automatic,Volcanic Orange,White,2026-05-22 14:06:35.718300,2026-05-22 14:06:35.719893
Y7RDS9FZMKIVZE3MJ,Contoso Motors,2013,Sedan,590,311,FWD,4 Cylinder,Automatic,Chili Red,Black,2026-05-22 14:06:35.718300,2026-05-22 14:06:35.719893
CJ7IV4AJ4BC6PUKQQ,Contoso Motors,2005,Sedan,591,357,AWD,4 Cylinder,Automatic,Chili Red,Black,2026-05-22 14:06:35.718300,2026-05-22 14:06:35.719893
E6BS9CXTX2KQ5STIM,Contoso Motors,2010,Wagon,592,818,FWD,4 Cylinder,Automatic,Deep Blue,Brown,2026-05-22 14:06:35.718300,2026-05-22 14:06:35.719893
X61ZJ042L9QHMX91E,Contoso Motors,2016,Truck,593,931,AWD,6 Cylinder,Automatic,Silver,Black,2026-05-22 14:06:35.718300,2026-05-22 14:06:35.719893
GTRRNCG4JCICBP5D8,Contoso Motors,2016,Truck,594,112,AWD,6 Cylinder,Automatic,Silver,Black,2026-05-22 14:06:35.718300,2026-05-22 14:06:35.719893
W9NSZ423XZHAONYXB,Contoso Motors,2011,Coupe,595,9,FWD,6 Cylinder,Semi-Automatic,Midnight Black,Silverstone,2026-05-22 14:06:35.718300,2026-05-22 14:06:35.719893
RYMLI5IZQWJH7OF0A,Contoso Motors,2013,Hybrid,596,596,FWD,Hybrid,Semi-Automatic,Deep Blue,Brown,2026-05-22 14:06:35.718300,2026-05-22 14:06:35.719893
CRM00QGMSNBX7EC9U,Contoso Motors,2007,Crossover,597,995,FWD,6 Cylinder,Automatic,Midnight Black,Black,2026-05-22 14:06:35.718300,2026-05-22 14:06:35.719893
5BL4VFIIQZ59JLFL2,Contoso Motors,2012,Commercial,598,735,AWD,8 Cylinder,Automatic,Gray,Dark Gray,2026-05-22 14:06:35.718300,2026-05-22 14:06:35.719893
A6EWRI0QEJMUY6LFQ,Contoso Motors,2013,Convertible 2DR,599,599,AWD,Hybrid,Automatic,Racing Green,Beige,2026-05-22 14:06:35.718300,2026-05-22 14:06:35.719893
O0SP48ZJC7C9D37GX,Contoso Motors,2013,SUV,600,7,AWD,6 Cylinder,Automatic,Midnight Black,Black,2026-05-22 14:06:35.718300,2026-05-22 14:06:35.719893
LLIL1MVZTJ8E92EKG,Contoso Motors,2005,SUV,601,137,RWD,8 Cylinder,Automatic,Midnight Black,Black,2026-05-22 14:06:35.718300,2026-05-22 14:06:35.719893
HVETJI1MVFEJPLUEJ,Contoso Motors,2015,Minivan,602,602,FWD,6 Cylinder,Automatic,Thunder Gray,Gray,2026-05-22 14:06:35.718300,2026-05-22 14:06:35.719893
YSXL57ME3XP7WPVM6,Contoso Motors,2004,SUV,603,161,FWD,Hybrid,Automatic,Midnight Black,Black,2026-05-22 14:06:35.718300,2026-05-22 14:06:35.719893
Z37090N06MS0J0H8X,Contoso Motors,2013,Minivan,604,604,FWD,6 Cylinder,Automatic,Volcanic Orange,White,2026-05-22 14:06:35.718300,2026-05-22 14:06:35.719893
1RWB65DQZQ0ZST2C0,Contoso Motors,2014,SUV,605,277,AWD,6 Cylinder,Automatic,Midnight Black,Black,2026-05-22 14:06:35.718300,2026-05-22 14:06:35.719893
SA23YNMGPBVLL59BB,Contoso Motors,2015,Minivan,606,606,FWD,6 Cylinder,Automatic,Blue,Old Lace,2026-05-22 14:06:35.718300,2026-05-22 14:06:35.719893
PB2GAMT1UBQC0N2BW,Contoso Motors,2013,Minivan,607,607,FWD,6 Cylinder,Automatic,Silver,Ivory,2026-05-22 14:06:35.718300,2026-05-22 14:06:35.719893
Z42D49ZK8SZE9JA9Z,Contoso Motors,2004,Minivan,608,608,FWD,6 Cylinder,Automatic,Deep Blue,Brown,2026-05-22 14:06:35.718300,2026-05-22 14:06:35.719893
0I2L5C2P0RY3P97FR,Contoso Motors,2005,Minivan,609,609,FWD,6 Cylinder,Automatic,Midnight Black,Silverstone,2026-05-22 14:06:35.718300,2026-05-22 14:06:35.719893
SNEXT2XFUNCI9H0F9,Contoso Motors,2007,Minivan,610,610,FWD,6 Cylinder,Automatic,White Silver,Smoke White,2026-05-22 14:06:35.718300,2026-05-22 14:06:35.719893
JA4C5LB3SVH9VGMPZ,Contoso Motors,2007,Sedan,611,358,AWD,4 Cylinder,Automatic,Blue,Old Lace,2026-05-22 14:06:35.718300,2026-05-22 14:06:35.719893
PA3JJB7JEPN2HG0HX,Contoso Motors,2007,Hatchback,612,819,FWD,4 Cylinder,Automatic,Midnight Black,Silverstone,2026-05-22 14:06:35.718300,2026-05-22 14:06:35.719893
2Y2CFDMXBAQNKC02X,Contoso Motors,2016,Sedan,613,359,AWD,4 Cylinder,Automatic,Silver,Ivory,2026-05-22 14:06:35.718300,2026-05-22 14:06:35.719893
VC7CU97RZ8Y7VGYQX,Contoso Motors,2015,Sedan,614,442,FWD,4 Cylinder,Automatic,Deep Blue,Brown,2026-05-22 14:06:35.718300,2026-05-22 14:06:35.719893
N01QK9B7DLNKTHSAV,Contoso Motors,2005,SUV,615,325,FWD,10 Cylinder,Automatic,Midnight Black,Black,2026-05-22 14:06:35.718300,2026-05-22 14:06:35.719893
GGNBNTBOU7FBFNYSC,Contoso Motors,2014,Truck,616,123,FWD,6 Cylinder,Automatic,Silver,Black,2026-05-22 14:06:35.718300,2026-05-22 14:06:35.719893
ZM15LTFB6YBQULUT1,Contoso Motors,2007,Truck,617,171,FWD,6 Cylinder,Automatic,Silver,Black,2026-05-22 14:06:35.718300,2026-05-22 14:06:35.719893
A8XUKOW7TXJ8K37WH,Contoso Motors,2011,Hatchback,618,871,FWD,4 Cylinder,Automatic,Electric Blue,Red,2026-05-22 14:06:35.718300,2026-05-22 14:06:35.719893
XXT5LBJOC2Z7EHTJ8,Contoso Motors,2013,Hatchback,619,875,FWD,4 Cylinder,Automatic,Chili Red,Black,2026-05-22 14:06:35.718300,2026-05-22 14:06:35.719893
HTSTI9TYT7AVCZAMD,Contoso Motors,2007,Minivan,620,620,FWD,6 Cylinder,Automatic,Deep Blue,Brown,2026-05-22 14:06:35.718300,2026-05-22 14:06:35.719893
N9V6H5GEVWXEJIEFD,Contoso Motors,2004,Minivan,621,621,FWD,6 Cylinder,Automatic,Midnight Black,Silverstone,2026-05-22 14:06:35.718300,2026-05-22 14:06:35.719893
6F8VEEXVK56DXHTEC,Contoso Motors,2014,Crossover,622,453,FWD,8 Cylinder,Automatic,Midnight Black,Black,2026-05-22 14:06:35.718300,2026-05-22 14:06:35.719893
A3V048GGYTTKGD4JD,Contoso Motors,2011,Wagon,623,932,RWD,4 Cylinder,Automatic,Volcanic Orange,White,2026-05-22 14:06:35.718300,2026-05-22 14:06:35.719893
9QTETX1DP7VDYSXWG,Contoso Motors,2005,Truck,624,225,AWD,6 Cylinder,Automatic,Silver,Black,2026-05-22 14:06:35.718300,2026-05-22 14:06:35.719893
KT3REQOBYWUUX488A,Contoso Motors,2004,Crossover,625,477,AWD,Hybrid,Automatic,Midnight Black,Silverstone,2026-05-22 14:06:35.718300,2026-05-22 14:06:35.719893
C5RO30W6BRFFOFZI7,Contoso Motors,2011,Sedan,626,475,FWD,4 Cylinder,Automatic,Chili Red,Black,2026-05-22 14:06:35.718300,2026-05-22 14:06:35.719893
26BP3DNBT2Z6AYHNI,Contoso Motors,2011,Hatchback,627,52,FWD,4 Cylinder,Automatic,Blue,Old Lace,2026-05-22 14:06:35.718300,2026-05-22 14:06:35.719893
PZQAYREQWH527DV50,Contoso Motors,2015,Minivan,628,628,FWD,6 Cylinder,Automatic,Volcanic Orange,White,2026-05-22 14:06:35.718300,2026-05-22 14:06:35.719893
D1ZVY26UV2BFGHZNO,Contoso Motors,2013,Crossover,629,27,AWD,12 Cylinder,Manual,Pepper White,Black,2026-05-22 14:06:35.718300,2026-05-22 14:06:35.719893
40AUQE77I2BZ07K5O,Contoso Motors,2016,SUV,630,39,AWD,6 Cylinder,Automatic,Pepper White,Black,2026-05-22 14:06:35.718300,2026-05-22 14:06:35.719893
YVFO13CBNKZXJHE5S,Contoso Motors,2012,Commercial,631,798,AWD,8 Cylinder,Automatic,Gray,Dark Gray,2026-05-22 14:06:35.718300,2026-05-22 14:06:35.719893
NNLRTNV7UVZF1YJ5U,Contoso Motors,2016,Convertible 2DR,632,632,RWD,6 Cylinder,Automatic,Deep Blue,Brown,2026-05-22 14:06:35.718300,2026-05-22 14:06:35.719893
DF6OX2WSRA6511BVG,Contoso Motors,2004,Coupe,633,19,RWD,6 Cylinder,Semi-Automatic,Silver,Ivory,2026-05-22 14:06:35.718300,2026-05-22 14:06:35.719893
MU72U93BZ8CCAWBUE,Contoso Motors,2013,Hybrid,634,634,FWD,Hybrid,Semi-Automatic,White Silver,Smoke White,2026-05-22 14:06:35.718300,2026-05-22 14:06:35.719893
5N97WWETF2TXG2B0D,Contoso Motors,2007,Truck,635,226,AWD,6 Cylinder,Automatic,Silver,Black,2026-05-22 14:06:35.718300,2026-05-22 14:06:35.719893
UN22JLHW8NGF3LIFS,Contoso Motors,2016,Hatchback,636,63,AWD,4 Cylinder,Automatic,Chili Red,Black,2026-05-22 14:06:35.718300,2026-05-22 14:06:35.719893
PMF9MF4NEMNYDMOV3,Contoso Motors,2007,Sedan,637,874,FWD,4 Cylinder,Automatic,Volcanic Orange,White,2026-05-22 14:06:35.718300,2026-05-22 14:06:35.719893
MSZOZWSKLED9OW4OB,Contoso Motors,2004,Sedan,638,933,AWD,4 Cylinder,Automatic,Chili Red,Black,2026-05-22 14:06:35.718300,2026-05-22 14:06:35.719893
J5G7QC2YSFEF4S6SR,Contoso Motors,2005,Sedan,639,934,AWD,4 Cylinder,Automatic,Blue,Old Lace,2026-05-22 14:06:35.718300,2026-05-22 14:06:35.719893
KIT8NT6ZT6RY0P84I,Contoso Motors,2007,Hatchback,640,111,FWD,4 Cylinder,Automatic,Silver,Ivory,2026-05-22 14:06:35.718300,2026-05-22 14:06:35.719893
XL2Y5G1TIV5KTVGXJ,Contoso Motors,2007,Truck,641,248,FWD,6 Cylinder,Automatic,Silver,Black,2026-05-22 14:06:35.718300,2026-05-22 14:06:35.719893
HCHAJQOQ1ZN19VN7W,Contoso Motors,2004,Truck,642,249,FWD,6 Cylinder,Automatic,Silver,Black,2026-05-22 14:06:35.718300,2026-05-22 14:06:35.719893
6UOCMQWHFIWZTN0XV,Contoso Motors,2004,Coupe,643,57,AWD,6 Cylinder,Semi-Automatic,Midnight Black,Silverstone,2026-05-22 14:06:35.718300,2026-05-22 14:06:35.719893
FZE5OSHN5M9XAXL2N,Contoso Motors,2013,Hybrid,644,644,FWD,Hybrid,Semi-Automatic,Deep Blue,Brown,2026-05-22 14:06:35.718300,2026-05-22 14:06:35.719893
WOQY2N691M7VUPN0F,Contoso Motors,2016,Crossover,645,75,AWD,Hybrid,Automatic,Pepper White,Black,2026-05-22 14:06:35.718300,2026-05-22 14:06:35.719893
IOKBCVTFITW7KV8NV,Contoso Motors,2012,Commercial,646,942,AWD,8 Cylinder,Automatic,Gray,Dark Gray,2026-05-22 14:06:35.718300,2026-05-22 14:06:35.719893
9WSAILJZ8SW8CF6H3,Contoso Motors,2016,Convertible 2DR,647,647,FWD,Electric,Automatic,Racing Green,Beige,2026-05-22 14:06:35.718300,2026-05-22 14:06:35.719893
4GOJ345ZOYDA33TCB,Contoso Motors,2007,SUV,648,87,FWD,12 Cylinder,Automatic,Pepper White,Black,2026-05-22 14:06:35.718300,2026-05-22 14:06:35.719893
C1OVHZ8ILU8TGGPD8,Contoso Motors,2011,SUV,649,97,AWD,Electric,Automatic,Pepper White,Black,2026-05-22 14:06:35.718300,2026-05-22 14:06:35.719893
KGX6WIWZK9LANQ1LR,Contoso Motors,2015,Minivan,650,650,FWD,6 Cylinder,Automatic,Thunder Gray,Gray,2026-05-22 14:06:35.718300,2026-05-22 14:06:35.719893
BR6LMIBHCBI8ABFVD,Contoso Motors,2014,SUV,651,121,FWD,6 Cylinder,Automatic,Pepper White,Black,2026-05-22 14:06:35.718300,2026-05-22 14:06:35.719893
J5751V8CYCTP8OP4B,Contoso Motors,2004,Minivan,652,652,FWD,6 Cylinder,Automatic,Volcanic Orange,White,2026-05-22 14:06:35.718300,2026-05-22 14:06:35.719893
3BP7P0NENUH9RI3M6,Contoso Motors,2004,SUV,653,145,FWD,8 Cylinder,Automatic,Pepper White,Black,2026-05-22 14:06:35.718300,2026-05-22 14:06:35.719893
64QRQEWGY5ZQINQAZ,Contoso Motors,2007,Minivan,654,654,FWD,6 Cylinder,Automatic,Blue,Old Lace,2026-05-22 14:06:35.718300,2026-05-22 14:06:35.719893
9C9MXU2K85SKH52B8,Contoso Motors,2016,Minivan,655,655,FWD,6 Cylinder,Automatic,Silver,Ivory,2026-05-22 14:06:35.718300,2026-05-22 14:06:35.719893
G5J8FO00MKO0YHNNH,Contoso Motors,2011,Minivan,656,656,FWD,6 Cylinder,Automatic,Deep Blue,Brown,2026-05-22 14:06:35.718300,2026-05-22 14:06:35.719893
MWNDEI881FUSUE07W,Contoso Motors,2004,Minivan,657,657,FWD,6 Cylinder,Automatic,Midnight Black,Silverstone,2026-05-22 14:06:35.718300,2026-05-22 14:06:35.719893
N8VU34JIFIOLL5QTV,Contoso Motors,2005,Minivan,658,658,FWD,6 Cylinder,Automatic,White Silver,Smoke White,2026-05-22 14:06:35.718300,2026-05-22 14:06:35.719893
EMY7WDRZPPS5PDTYV,Contoso Motors,2011,Sedan,659,3,AWD,4 Cylinder,Automatic,Chili Red,Black,2026-05-22 14:06:35.718300,2026-05-22 14:06:35.719893
YQB21B238TXKCMKAD,Contoso Motors,2016,Wagon,660,172,AWD,4 Cylinder,Automatic,White Silver,Smoke White,2026-05-22 14:06:35.718300,2026-05-22 14:06:35.719893
W8XLBATF96LUDDCE4,Contoso Motors,2013,Sedan,661,51,FWD,4 Cylinder,Automatic,Chili Red,Black,2026-05-22 14:06:35.718300,2026-05-22 14:06:35.719893
454ILQUYBQPTZ267L,Contoso Motors,2014,Sedan,662,53,FWD,4 Cylinder,Automatic,Silver,Ivory,2026-05-22 14:06:35.718300,2026-05-22 14:06:35.719893
5HTLJ84O2J32MFFYS,Contoso Motors,2015,SUV,663,169,AWD,4 Cylinder,Automatic,Pepper White,Black,2026-05-22 14:06:35.718300,2026-05-22 14:06:35.719893
BUHA9ZOJCJRVS3EK6,Contoso Motors,2016,Truck,664,304,FWD,6 Cylinder,Automatic,Silver,Black,2026-05-22 14:06:35.718300,2026-05-22 14:06:35.719893
UILM8LD1FDSPINLBZ,Contoso Motors,2005,Truck,665,369,AWD,6 Cylinder,Automatic,Silver,Black,2026-05-22 14:06:35.718300,2026-05-22 14:06:35.719893
23YK520GRELCLJVX3,Contoso Motors,2011,Hatchback,666,196,FWD,4 Cylinder,Automatic,White Silver,Smoke White,2026-05-22 14:06:35.718300,2026-05-22 14:06:35.719893
SKFXJJNBII3AF3T78,Contoso Motors,2004,Wagon,667,224,AWD,4 Cylinder,Automatic,Thunder Gray,Gray,2026-05-22 14:06:35.718300,2026-05-22 14:06:35.719893
CXGSM7RX2NWJ6ZTKG,Contoso Motors,2016,Minivan,668,668,FWD,6 Cylinder,Automatic,White Silver,Smoke White,2026-05-22 14:06:35.718300,2026-05-22 14:06:35.719893
4GGHJBM0ZFJ7IGZQH,Contoso Motors,2011,Minivan,669,669,FWD,6 Cylinder,Automatic,Racing Green,Beige,2026-05-22 14:06:35.718300,2026-05-22 14:06:35.719893
C4SOMWYENYMFLWAWH,Contoso Motors,2014,Crossover,670,613,AWD,4 Cylinder,Automatic,Pepper White,Black,2026-05-22 14:06:35.718300,2026-05-22 14:06:35.719893
15G5IEC3I0K52JC11,Contoso Motors,2005,Wagon,671,250,FWD,4 Cylinder,Automatic,Volcanic Orange,White,2026-05-22 14:06:35.718300,2026-05-22 14:06:35.719893
26QDC3UYGMBBBP2RZ,Contoso Motors,2007,Truck,672,370,AWD,6 Cylinder,Automatic,Silver,Black,2026-05-22 14:06:35.718300,2026-05-22 14:06:35.719893
SRRECKRR4UUB0VZWV,Contoso Motors,2011,Crossover,673,637,FWD,6 Cylinder,Automatic,Pepper White,Black,2026-05-22 14:06:35.718300,2026-05-22 14:06:35.719893
SRPVCRT3UXBZSNTY5,Contoso Motors,2015,Sedan,674,54,FWD,4 Cylinder,Automatic,Deep Blue,Brown,2026-05-22 14:06:35.718300,2026-05-22 14:06:35.719893
4I8OM07H8BEPD8VY8,Contoso Motors,2012,Hatchback,675,251,FWD,4 Cylinder,Automatic,Chili Red,Black,2026-05-22 14:06:35.718300,2026-05-22 14:06:35.719893
ORSUL9LZY92OIIR6L,Contoso Motors,2016,Minivan,676,676,FWD,6 Cylinder,Automatic,Blue,Old Lace,2026-05-22 14:06:35.718300,2026-05-22 14:06:35.719893
F6JFHBLMR0NX8I87T,Contoso Motors,2014,Crossover,677,661,FWD,Electric,Automatic,Pepper White,Black,2026-05-22 14:06:35.718300,2026-05-22 14:06:35.719893
T15T0WOSO20RRZH1B,Contoso Motors,2004,Crossover,678,685,AWD,6 Cylinder,Automatic,Pepper White,Black,2026-05-22 14:06:35.718300,2026-05-22 14:06:35.719893
IOE6XD5VDQCY6VTBH,Contoso Motors,2012,Commercial,679,23,AWD,8 Cylinder,Automatic,Gray,Dark Gray,2026-05-22 14:06:35.718300,2026-05-22 14:06:35.719893
PWKDX1KUF46KM4J5X,Contoso Motors,2005,Convertible 2DR,680,680,FWD,Electric,Automatic,White Silver,Smoke White,2026-05-22 14:06:35.718300,2026-05-22 14:06:35.719893
LDXV3HYEO1DKUIFKX,Contoso Motors,2011,Coupe,681,67,FWD,6 Cylinder,Semi-Automatic,Silver,Ivory,2026-05-22 14:06:35.718300,2026-05-22 14:06:35.719893
165K804CU71Z1ERBS,Contoso Motors,2013,Hybrid,682,682,FWD,Hybrid,Semi-Automatic,Blazing Gray,Nutmeg,2026-05-22 14:06:35.718300,2026-05-22 14:06:35.719893
GGISA6OZA4D2QNIZ9,Contoso Motors,2011,Truck,683,448,FWD,6 Cylinder,Automatic,Silver,Black,2026-05-22 14:06:35.718300,2026-05-22 14:06:35.719893
MR3ZDP1C9ODHT8M76,Contoso Motors,2007,Hatchback,684,259,AWD,4 Cylinder,Automatic,Pepper White,Dark Gray,2026-05-22 14:06:35.718300,2026-05-22 14:06:35.719893
DWT22RBR4EY569RRX,Contoso Motors,2005,Sedan,685,114,AWD,4 Cylinder,Automatic,White Silver,Smoke White,2026-05-22 14:06:35.718300,2026-05-22 14:06:35.719893
12K032PRJPCSBHOLV,Contoso Motors,2011,Sedan,686,173,RWD,4 Cylinder,Automatic,Racing Green,Beige,2026-05-22 14:06:35.718300,2026-05-22 14:06:35.719893
RBS0Y6TWVF8EQFVTU,Contoso Motors,2009,Sedan,687,174,FWD,4 Cylinder,Automatic,Blazing Gray,Nutmeg,2026-05-22 14:06:35.718300,2026-05-22 14:06:35.719893
RFO2ETT02NZYR12RM,Contoso Motors,2004,Wagon,688,268,FWD,4 Cylinder,Automatic,Blazing Gray,Dark Gray,2026-05-22 14:06:35.718300,2026-05-22 14:06:35.719893
BA8QX6RD89EZ3TQEJ,Contoso Motors,2004,Truck,689,488,FWD,6 Cylinder,Manual,Silver,Black,2026-05-22 14:06:35.718300,2026-05-22 14:06:35.719893
8M98GRB4GIWNVWKF4,Contoso Motors,2005,Truck,690,489,FWD,6 Cylinder,Manual,Silver,Black,2026-05-22 14:06:35.718300,2026-05-22 14:06:35.719893
LXHN99S7W9CA1QNI1,Contoso Motors,2013,Coupe,691,115,RWD,6 Cylinder,Semi-Automatic,Midnight Black,Silverstone,2026-05-22 14:06:35.718300,2026-05-22 14:06:35.719893
DJ5NC85UCWYPOZRWE,Contoso Motors,2013,Hybrid,692,692,FWD,Hybrid,Semi-Automatic,White Silver,Smoke White,2026-05-22 14:06:35.718300,2026-05-22 14:06:35.719893
EC5AH3OWV2DLLIOMH,Contoso Motors,2013,Crossover,693,707,FWD,Electric,Automatic,Pepper White,Black,2026-05-22 14:06:35.718300,2026-05-22 14:06:35.719893
ZWS5XCAHJ7L40MF32,Contoso Motors,2012,Commercial,694,86,AWD,8 Cylinder,Automatic,Gray,Dark Gray,2026-05-22 14:06:35.718300,2026-05-22 14:06:35.719893
SL0PKLM3YD24Y2VQL,Contoso Motors,2013,Convertible 2DR,695,695,FWD,6 Cylinder,Automatic,Electric Blue,Red,2026-05-22 14:06:35.718300,2026-05-22 14:06:35.719893
04G2AAZES95JFZ9KS,Contoso Motors,2006,SUV,696,719,AWD,Hybrid,Automatic,Pepper White,Black,2026-05-22 14:06:35.718300,2026-05-22 14:06:35.719893
Y79QZPA090W8TFNU4,Contoso Motors,2016,Crossover,697,755,AWD,3 Cylinder,Automatic,Pepper White,Black,2026-05-22 14:06:35.718300,2026-05-22 14:06:35.719893
SYZNGBRKG9Y3JBTTD,Contoso Motors,2007,Minivan,698,698,FWD,6 Cylinder,Automatic,Volcanic Orange,White,2026-05-22 14:06:35.718300,2026-05-22 14:06:35.719893
TL2CUWMHOQMS2US03,Contoso Motors,2012,SUV,699,767,FWD,Electric,Automatic,Pepper White,Black,2026-05-22 14:06:35.718300,2026-05-22 14:06:35.719893
SGHRPNB79FAXMCZWQ,Contoso Motors,2011,Minivan,700,700,FWD,6 Cylinder,Automatic,Blue,Old Lace,2026-05-22 14:06:35.718300,2026-05-22 14:06:35.719893
NHB1NL2QVAZED0713,Contoso Motors,2004,SUV,701,801,FWD,6 Cylinder,Automatic,Pepper White,Black,2026-05-22 14:06:35.718300,2026-05-22 14:06:35.719893
2TT5DNNIHDBXIOWBO,Contoso Motors,2005,Minivan,702,702,FWD,6 Cylinder,Automatic,Deep Blue,Brown,2026-05-22 14:06:35.718300,2026-05-22 14:06:35.719893
C53XVQMRLTY8PN51L,Contoso Motors,2007,Minivan,703,703,FWD,6 Cylinder,Automatic,Midnight Black,Silverstone,2026-05-22 14:06:35.718300,2026-05-22 14:06:35.719893
P06EU01ICF0P3MD0E,Contoso Motors,2016,Minivan,704,704,FWD,6 Cylinder,Automatic,White Silver,Smoke White,2026-05-22 14:06:35.718300,2026-05-22 14:06:35.719893
XFWVHJNOANIVJSTOR,Contoso Motors,2011,Minivan,705,705,FWD,6 Cylinder,Automatic,Racing Green,Beige,2026-05-22 14:06:35.718300,2026-05-22 14:06:35.719893
1DHKINM70L0IMDNDX,Contoso Motors,2005,Minivan,706,706,FWD,6 Cylinder,Automatic,Blazing Gray,Nutmeg,2026-05-22 14:06:35.718300,2026-05-22 14:06:35.719893
TEIQ3S8J4IS3A37ZH,Contoso Motors,2016,Sedan,707,195,FWD,4 Cylinder,Automatic,Midnight Black,Silverstone,2026-05-22 14:06:35.718300,2026-05-22 14:06:35.719893
SGY9UAYFZYAZE86LX,Contoso Motors,2004,Hatchback,708,307,FWD,4 Cylinder,Automatic,Pepper White,Dark Gray,2026-05-22 14:06:35.718300,2026-05-22 14:06:35.719893
6LW2ZHZWZXPR9AO7Q,Contoso Motors,2004,Sedan,709,197,FWD,4 Cylinder,Automatic,Racing Green,Beige,2026-05-22 14:06:35.718300,2026-05-22 14:06:35.719893
ESRMWA9TJLDSGQHLO,Contoso Motors,2005,Sedan,710,198,FWD,4 Cylinder,Automatic,Blazing Gray,Nutmeg,2026-05-22 14:06:35.718300,2026-05-22 14:06:35.719893
U9291EX7TM550KABK,Contoso Motors,2007,SUV,711,825,AWD,6 Cylinder,Automatic,Pepper White,Black,2026-05-22 14:06:35.718300,2026-05-22 14:06:35.719893
9SQ22M5CIJSXOAYEB,Contoso Motors,2007,Truck,712,59,AWD,6 Cylinder,Automatic,Silver,Black,2026-05-22 14:06:35.718300,2026-05-22 14:06:35.719893
70LKXM5BCGNUG45QI,Contoso Motors,2016,Truck,713,96,AWD,6 Cylinder,Automatic,Silver,Black,2026-05-22 14:06:35.718300,2026-05-22 14:06:35.719893
DDHBE53XPJEP6Y7OI,Contoso Motors,2013,Wagon,714,364,AWD,4 Cylinder,Automatic,Thunder Gray,Dark Gray,2026-05-22 14:06:35.718300,2026-05-22 14:06:35.719893
DOVXHGDQSGKOTTS7D,Contoso Motors,2004,Wagon,715,368,AWD,4 Cylinder,Automatic,Blue,Dark Gray,2026-05-22 14:06:35.718300,2026-05-22 14:06:35.719893
QPDTG35AB6HRKHYP1,Contoso Motors,2015,Minivan,716,716,FWD,6 Cylinder,Automatic,White Silver,Smoke White,2026-05-22 14:06:35.718300,2026-05-22 14:06:35.719893
FJN5UWII43ECSW9D8,Contoso Motors,2004,Minivan,717,717,FWD,6 Cylinder,Automatic,Racing Green,Beige,2026-05-22 14:06:35.718300,2026-05-22 14:06:35.719893
A98ZQTKVDBA3LXFNG,Contoso Motors,2011,SUV,718,849,FWD,4 Cylinder,Automatic,Pepper White,Black,2026-05-22 14:06:35.718300,2026-05-22 14:06:35.719893
HCFBT8LPDIWF223FE,Contoso Motors,2015,Hatchback,719,388,AWD,4 Cylinder,Automatic,Thunder Gray,Dark Gray,2026-05-22 14:06:35.718300,2026-05-22 14:06:35.719893
A75GQE0AKRWCYIMQV,Contoso Motors,2007,Truck,720,136,FWD,6 Cylinder,Automatic,Silver,Black,2026-05-22 14:06:35.718300,2026-05-22 14:06:35.719893
L2M27IC4G3Z1OPNGA,Contoso Motors,2005,SUV,721,873,FWD,4 Cylinder,Automatic,Pepper White,Black,2026-05-22 14:06:35.718300,2026-05-22 14:06:35.719893
MY9OKHRUXSR7SKV4K,Contoso Motors,2007,Sedan,722,221,RWD,4 Cylinder,Automatic,Racing Green,Beige,2026-05-22 14:06:35.718300,2026-05-22 14:06:35.719893
CICHILT7JTT0G3TZ7,Contoso Motors,2005,Hatchback,723,484,FWD,4 Cylinder,Automatic,Volcanic Orange,Dark Gray,2026-05-22 14:06:35.718300,2026-05-22 14:06:35.719893
SZ1PLFQYJNUDHYD3W,Contoso Motors,2005,Minivan,724,724,FWD,6 Cylinder,Automatic,Blue,Old Lace,2026-05-22 14:06:35.718300,2026-05-22 14:06:35.719893
5H80TLM5QNF4QC4NZ,Contoso Motors,2011,SUV,725,989,RWD,4 Cylinder,Automatic,Pepper White,Black,2026-05-22 14:06:35.718300,2026-05-22 14:06:35.719893
IL53ZX06LEM2VDU43,Contoso Motors,2004,SUV,726,37,FWD,Electric,Automatic,Pepper White,Black,2026-05-22 14:06:35.718300,2026-05-22 14:06:35.719893
F3IIMGLT5DZYUOK0R,Contoso Motors,2012,Commercial,727,119,AWD,8 Cylinder,Automatic,Gray,Dark Gray,2026-05-22 14:06:35.718300,2026-05-22 14:06:35.719893
3EJUIMFWGRQZG81ET,Contoso Motors,2004,Convertible 2DR,728,728,AWD,6 Cylinder,Automatic,White Silver,Smoke White,2026-05-22 14:06:35.718300,2026-05-22 14:06:35.719893
BRHC5R4SNHS73D7QE,Contoso Motors,2014,Coupe,729,153,FWD,6 Cylinder,Semi-Automatic,Racing Green,Beige,2026-05-22 14:06:35.718300,2026-05-22 14:06:35.719893
7HHGDTH9FK3U8O75R,Contoso Motors,2013,Hybrid,730,730,FWD,Hybrid,Semi-Automatic,Blazing Gray,Nutmeg,2026-05-22 14:06:35.718300,2026-05-22 14:06:35.719893
6WBGQ85RXT2YDTPVP,Contoso Motors,2015,Truck,731,144,FWD,6 Cylinder,Automatic,Silver,Black,2026-05-22 14:06:35.718300,2026-05-22 14:06:35.719893
LYI0FRMLLNNWU774U,Contoso Motors,2007,Wagon,732,490,FWD,4 Cylinder,Automatic,White Silver,Dark Gray,2026-05-22 14:06:35.718300,2026-05-22 14:06:35.719893
RW2Z6CATSMFIN889Q,Contoso Motors,2016,Sedan,733,222,AWD,4 Cylinder,Automatic,Blazing Gray,Nutmeg,2026-05-22 14:06:35.718300,2026-05-22 14:06:35.719893
1IDOX778KN0B9JVQ8,Contoso Motors,2011,Sedan,734,223,AWD,4 Cylinder,Automatic,Electric Blue,Red,2026-05-22 14:06:35.718300,2026-05-22 14:06:35.719893
HZUVNXFEFR972CF7P,Contoso Motors,2011,Sedan,735,245,RWD,4 Cylinder,Automatic,Racing Green,Beige,2026-05-22 14:06:35.718300,2026-05-22 14:06:35.719893
7UYFAKDB3GTWRUARI,Contoso Motors,2013,Hatchback,736,499,FWD,4 Cylinder,Automatic,Silver,Dark Gray,2026-05-22 14:06:35.718300,2026-05-22 14:06:35.719893
CR0SPKNCJ0TDA6S37,Contoso Motors,2016,Truck,737,184,RWD,6 Cylinder,Automatic,Silver,Black,2026-05-22 14:06:35.718300,2026-05-22 14:06:35.719893
NVCEX4LASZIL7H7O3,Contoso Motors,2015,Truck,738,210,FWD,6 Cylinder,Automatic,Silver,Black,2026-05-22 14:06:35.718300,2026-05-22 14:06:35.719893
AKYYQ91FZHZPZPW0T,Contoso Motors,2005,Coupe,739,201,AWD,6 Cylinder,Semi-Automatic,Electric Blue,Red,2026-05-22 14:06:35.718300,2026-05-22 14:06:35.719893
40TD7R10U4Y5LGV0S,Contoso Motors,2013,Hybrid,740,740,FWD,Hybrid,Semi-Automatic,White Silver,Smoke White,2026-05-22 14:06:35.718300,2026-05-22 14:06:35.719893
W955YIY7FXRM689F8,Contoso Motors,2011,Crossover,741,165,FWD,Hybrid,Automatic,Pepper White,Black,2026-05-22 14:06:35.718300,2026-05-22 14:06:35.719893
VHRA1Y2TGTA84F00H,Contoso Motors,2013,Commercial,742,22,AWD,8 Cylinder,Automatic,Gray,Dark Gray,2026-05-22 14:06:35.718300,2026-05-22 14:06:35.719893
W4VHIZMS7VNN66O0L,Contoso Motors,2016,Convertible 2DR,743,743,AWD,4 Cylinder,Automatic,Electric Blue,Red,2026-05-22 14:06:35.718300,2026-05-22 14:06:35.719893
4G08RIMH2EDJPMAAO,Contoso Motors,2014,Crossover,744,189,AWD,Hybrid,Automatic,Pepper White,Black,2026-05-22 14:06:35.718300,2026-05-22 14:06:35.719893
8X5GIWV3BRRMSQNPM,Contoso Motors,2004,Crossover,745,213,FWD,Electric,Automatic,Pepper White,Black,2026-05-22 14:06:35.718300,2026-05-22 14:06:35.719893
1W3N5OPBM26B2FGTI,Contoso Motors,2005,Minivan,746,746,FWD,6 Cylinder,Automatic,Volcanic Orange,White,2026-05-22 14:06:35.718300,2026-05-22 14:06:35.719893
FPV30MHDDWMVNKM7P,Contoso Motors,2005,Crossover,747,237,FWD,Electric,Automatic,Pepper White,Black,2026-05-22 14:06:35.718300,2026-05-22 14:06:35.719893
T9KOS71E4AIP1Q8EL,Contoso Motors,2016,Minivan,748,748,FWD,6 Cylinder,Automatic,Blue,Old Lace,2026-05-22 14:06:35.718300,2026-05-22 14:06:35.719893
6JQXXHW66LO0UGIHG,Contoso Motors,2016,Crossover,749,283,FWD,12 Cylinder,Automatic,Pepper White,Black,2026-05-22 14:06:35.718300,2026-05-22 14:06:35.719893
R3L4HK7T3NX7QVKEN,Contoso Motors,2005,Minivan,750,750,FWD,6 Cylinder,Automatic,Deep Blue,Brown,2026-05-22 14:06:35.718300,2026-05-22 14:06:35.719893
G2X9W0T6L2JS6WFP9,Contoso Motors,2006,Minivan,751,751,FWD,6 Cylinder,Automatic,Midnight Black,Silverstone,2026-05-22 14:06:35.718300,2026-05-22 14:06:35.719893
5FQ1WG7XU1R21H076,Contoso Motors,2007,Minivan,752,752,FWD,6 Cylinder,Automatic,White Silver,Smoke White,2026-05-22 14:06:35.718300,2026-05-22 14:06:35.719893
TRMKI7HQS5W2AXXZJ,Contoso Motors,2004,Minivan,753,753,FWD,6 Cylinder,Automatic,Racing Green,Beige,2026-05-22 14:06:35.718300,2026-05-22 14:06:35.719893
KMNVN2AH9A5ROOM8U,Contoso Motors,2005,Minivan,754,754,FWD,6 Cylinder,Automatic,Thunder Gray,Gray,2026-05-22 14:06:35.718300,2026-05-22 14:06:35.719893
T1FWKED19XQUSKUIP,Contoso Motors,2005,Sedan,755,246,FWD,4 Cylinder,Automatic,Blazing Gray,Nutmeg,2026-05-22 14:06:35.718300,2026-05-22 14:06:35.719893
4R30FOR7NUOBL05GJ,Contoso Motors,2016,Wagon,756,16,FWD,6 Cylinder,Automatic,Volcanic Orange,Dark Gray,2026-05-22 14:06:35.718300,2026-05-22 14:06:35.719893
O4SP2LLBB22B178AN,Contoso Motors,2009,Sedan,757,306,FWD,4 Cylinder,Automatic,Thunder Gray,Gray,2026-05-22 14:06:35.718300,2026-05-22 14:06:35.719893
ECTILBZ7Q9CXDT1PI,Contoso Motors,2016,Sedan,758,319,FWD,4 Cylinder,Automatic,Pepper White,Dark Gray,2026-05-22 14:06:35.718300,2026-05-22 14:06:35.719893
HDZ6EZ3BJ3R0E8O7D,Contoso Motors,2012,SUV,759,295,AWD,6 Cylinder,Automatic,Pepper White,Black,2026-05-22 14:06:35.718300,2026-05-22 14:06:35.719893
MMPDFE10GSJVDFLPU,Contoso Motors,2005,Truck,760,240,AWD,6 Cylinder,Automatic,Silver,Black,2026-05-22 14:06:35.718300,2026-05-22 14:06:35.719893
NQXHWVC3T5K8HQ8VH,Contoso Motors,2013,Truck,761,299,FWD,6 Cylinder,Automatic,Silver,Black,2026-05-22 14:06:35.718300,2026-05-22 14:06:35.719893
VGBMKIXICFYAJSHER,Contoso Motors,2004,Hatchback,762,36,FWD,6 Cylinder,Automatic,Blazing Gray,Dark Gray,2026-05-22 14:06:35.718300,2026-05-22 14:06:35.719893
6JSA9PR2FFEZ9B2LF,Contoso Motors,2016,Wagon,763,60,AWD,6 Cylinder,Automatic,Blazing Gray,Dark Gray,2026-05-22 14:06:35.718300,2026-05-22 14:06:35.719893
81G2A4SL9PO4568FR,Contoso Motors,2016,Minivan,764,764,FWD,6 Cylinder,Automatic,Blazing Gray,Nutmeg,2026-05-22 14:06:35.718300,2026-05-22 14:06:35.719893
MS1X7K1TATLZN91VO,Contoso Motors,2011,Minivan,765,765,FWD,6 Cylinder,Automatic,Electric Blue,Red,2026-05-22 14:06:35.718300,2026-05-22 14:06:35.719893
TVQUH7OPXUML589BF,Contoso Motors,2007,Crossover,766,331,AWD,Hybrid,Automatic,Pepper White,Black,2026-05-22 14:06:35.718300,2026-05-22 14:06:35.719893
K4S59LCD768E439BP,Contoso Motors,2005,Wagon,767,64,FWD,6 Cylinder,Automatic,Volcanic Orange,Dark Gray,2026-05-22 14:06:35.718300,2026-05-22 14:06:35.719893
TNZWN4KCBEAFU2PY4,Contoso Motors,2007,Truck,768,329,RWD,6 Cylinder,Automatic,Silver,Black,2026-05-22 14:06:35.718300,2026-05-22 14:06:35.719893
BCBH8NN5VYDYJKHLN,Contoso Motors,2014,SUV,769,343,FWD,12 Cylinder,Automatic,Pepper White,Black,2026-05-22 14:06:35.718300,2026-05-22 14:06:35.719893
QZ2UC2O6OC2RKAIN2,Contoso Motors,2014,Sedan,770,365,RWD,4 Cylinder,Automatic,Pepper White,Dark Gray,2026-05-22 14:06:35.718300,2026-05-22 14:06:35.719893
1KGYSUOELB2RW72TO,Contoso Motors,2011,Hatchback,771,84,FWD,6 Cylinder,Automatic,Blazing Gray,Dark Gray,2026-05-22 14:06:35.718300,2026-05-22 14:06:35.719893
K9HXYEIKIALDNOZVI,Contoso Motors,2004,Minivan,772,772,FWD,6 Cylinder,Automatic,Deep Blue,Brown,2026-05-22 14:06:35.718300,2026-05-22 14:06:35.719893
ZCZW1LLECMJCR28ZW,Contoso Motors,2007,SUV,773,353,RWD,Electric,Automatic,Pepper White,Black,2026-05-22 14:06:35.718300,2026-05-22 14:06:35.719893
I068HDP99WD7KEY1N,Contoso Motors,2011,SUV,774,377,FWD,6 Cylinder,Automatic,Pepper White,Black,2026-05-22 14:06:35.718300,2026-05-22 14:06:35.719893
JJRWXPF3C451H02VK,Contoso Motors,2013,Commercial,775,247,AWD,8 Cylinder,Automatic,Gray,Dark Gray,2026-05-22 14:06:35.718300,2026-05-22 14:06:35.719893
4OMDL2KTP014J5CLU,Contoso Motors,2011,Convertible 2DR,776,776,AWD,6 Cylinder,Automatic,Blazing Gray,Nutmeg,2026-05-22 14:06:35.718300,2026-05-22 14:06:35.719893
90YJI5CIBBUPG91RQ,Contoso Motors,2014,Coupe,777,249,FWD,6 Cylinder,Semi-Automatic,Electric Blue,Red,2026-05-22 14:06:35.718300,2026-05-22 14:06:35.719893
9YCXB7UMTKU8ECRV7,Contoso Motors,2015,Hybrid,778,778,FWD,Hybrid,Semi-Automatic,Thunder Gray,Gray,2026-05-22 14:06:35.718300,2026-05-22 14:06:35.719893
W6V391Z9F53WKNQC6,Contoso Motors,2011,Truck,779,353,FWD,6 Cylinder,Automatic,Silver,Black,2026-05-22 14:06:35.718300,2026-05-22 14:06:35.719893
MP7995L7DJRK9RYFV,Contoso Motors,2005,Wagon,780,90,AWD,6 Cylinder,Automatic,Blue,Dark Gray,2026-05-22 14:06:35.718300,2026-05-22 14:06:35.719893
OYM8VOGTOYNEDHEDU,Contoso Motors,2015,Sedan,781,366,AWD,4 Cylinder,Automatic,Volcanic Orange,White,2026-05-22 14:06:35.718300,2026-05-22 14:06:35.719893
X5LI0HRNEZTB1LHJV,Contoso Motors,2013,Sedan,782,367,AWD,4 Cylinder,Automatic,Chili Red,Black,2026-05-22 14:06:35.718300,2026-05-22 14:06:35.719893
5E8ZLLMNOKC97Y39F,Contoso Motors,2007,Sedan,783,485,FWD,4 Cylinder,Automatic,Chili Red,Black,2026-05-22 14:06:35.718300,2026-05-22 14:06:35.719893
J7QSXBTTYAVCARPCM,Contoso Motors,2014,Hatchback,784,99,AWD,6 Cylinder,Automatic,Chili Red,Dark Gray,2026-05-22 14:06:35.718300,2026-05-22 14:06:35.719893
C6U9GGBA5AW3XTUU1,Contoso Motors,2005,Truck,785,354,FWD,6 Cylinder,Automatic,Silver,Black,2026-05-22 14:06:35.718300,2026-05-22 14:06:35.719893
T8NJCUFGG2QGQFDWL,Contoso Motors,2004,Truck,786,376,FWD,6 Cylinder,Automatic,Silver,Black,2026-05-22 14:06:35.718300,2026-05-22 14:06:35.719893
YN25BAMRKJLP1K3K6,Contoso Motors,2016,Coupe,787,259,RWD,6 Cylinder,Semi-Automatic,Racing Green,Beige,2026-05-22 14:06:35.718300,2026-05-22 14:06:35.719893
J0AA6GOZ9DDA3SMI2,Contoso Motors,2015,Hybrid,788,788,FWD,Hybrid,Semi-Automatic,Blazing Gray,Nutmeg,2026-05-22 14:06:35.718300,2026-05-22 14:06:35.719893
0QO6KQFIMUFQYUVK7,Contoso Motors,2005,SUV,789,401,RWD,8 Cylinder,Automatic,Pepper White,Black,2026-05-22 14:06:35.718300,2026-05-22 14:06:35.719893
H0L0TKDKWFMEBAFK2,Contoso Motors,2013,Commercial,790,343,AWD,8 Cylinder,Automatic,Gray,Dark Gray,2026-05-22 14:06:35.718300,2026-05-22 14:06:35.719893
N7JV75WZ0OCOQEDGZ,Contoso Motors,2007,Convertible 2DR,791,791,FWD,6 Cylinder,Automatic,Pepper White,Dark Gray,2026-05-22 14:06:35.718300,2026-05-22 14:06:35.719893
VVLP43HE78ERBU8BK,Contoso Motors,2004,SUV,792,425,RWD,4 Cylinder,Automatic,Pepper White,Black,2026-05-22 14:06:35.718300,2026-05-22 14:06:35.719893
9GV7PZNT6AWE05604,Contoso Motors,2014,SUV,793,117,FWD,6 Cylinder,Automatic,Red,Black,2026-05-22 14:06:35.718300,2026-05-22 14:06:35.719893
54GLGFGG366EBV9J2,Contoso Motors,2005,Minivan,794,794,FWD,6 Cylinder,Automatic,Blue,Old Lace,2026-05-22 14:06:35.718300,2026-05-22 14:06:35.719893
0A4SMSAGR5CA4LAY6,Contoso Motors,2014,SUV,795,165,AWD,Hybrid,Automatic,Red,Black,2026-05-22 14:06:35.718300,2026-05-22 14:06:35.719893
OB8R8LR5DUG79YSRA,Contoso Motors,2007,Minivan,796,796,FWD,6 Cylinder,Automatic,Deep Blue,Brown,2026-05-22 14:06:35.718300,2026-05-22 14:06:35.719893
97PMUAYJHGRMB0KPM,Contoso Motors,2004,Crossover,797,515,FWD,3 Cylinder,Automatic,Red,Black,2026-05-22 14:06:35.718300,2026-05-22 14:06:35.719893
IJS4NQHF1H5RDJVWA,Contoso Motors,2005,Minivan,798,798,FWD,6 Cylinder,Automatic,White Silver,Smoke White,2026-05-22 14:06:35.718300,2026-05-22 14:06:35.719893
9DIEKCNPQDFXINGR7,Contoso Motors,2012,Minivan,799,799,FWD,6 Cylinder,Automatic,Racing Green,Beige,2026-05-22 14:06:35.718300,2026-05-22 14:06:35.719893
P172QGLD4TJDHP5KW,Contoso Motors,2016,Minivan,800,800,FWD,6 Cylinder,Automatic,Blazing Gray,Nutmeg,2026-05-22 14:06:35.718300,2026-05-22 14:06:35.719893
YWRP6OT9GHZRYF19H,Contoso Motors,2011,Minivan,801,801,FWD,6 Cylinder,Automatic,Electric Blue,Red,2026-05-22 14:06:35.718300,2026-05-22 14:06:35.719893
4ZLVO4S8I3N1C658C,Contoso Motors,2013,Minivan,802,802,FWD,6 Cylinder,Automatic,Thunder Gray,Gray,2026-05-22 14:06:35.718300,2026-05-22 14:06:35.719893
8HJPW8YBGK2QX45YM,Contoso Motors,2016,Sedan,803,486,FWD,4 Cylinder,Automatic,Blue,Old Lace,2026-05-22 14:06:35.718300,2026-05-22 14:06:35.719893
QK1HIM0WKKNM7TCT5,Contoso Motors,2010,Wagon,804,156,FWD,6 Cylinder,Automatic,Thunder Gray,Dark Gray,2026-05-22 14:06:35.718300,2026-05-22 14:06:35.719893
BRNHVMZOUJ6EOCP32,Contoso Motors,2004,Sedan,805,13,FWD,6 Cylinder,Automatic,Electric Blue,Red,2026-05-22 14:06:35.718300,2026-05-22 14:06:35.719893
5OZEYSZSL53OJI90B,Contoso Motors,2011,Sedan,806,61,AWD,6 Cylinder,Automatic,Electric Blue,Red,2026-05-22 14:06:35.718300,2026-05-22 14:06:35.719893
Y6P4Z7FX84XCC210V,Contoso Motors,2016,SUV,807,527,FWD,Electric,Automatic,Red,Black,2026-05-22 14:06:35.718300,2026-05-22 14:06:35.719893
K0Z9D5WQV51K1D9DD,Contoso Motors,2005,Truck,808,377,FWD,6 Cylinder,Automatic,Silver,Black,2026-05-22 14:06:35.718300,2026-05-22 14:06:35.719893
5KIJ2LBT9NBXRYNJ1,Contoso Motors,2004,Truck,809,432,FWD,6 Cylinder,Automatic,Silver,Black,2026-05-22 14:06:35.718300,2026-05-22 14:06:35.719893
9D7YC1K6H889N676Y,Contoso Motors,2007,Hatchback,810,180,FWD,6 Cylinder,Automatic,Thunder Gray,Gray,2026-05-22 14:06:35.718300,2026-05-22 14:06:35.719893
7NR0A40LLPWQBIVEQ,Contoso Motors,2014,Hatchback,811,187,RWD,6 Cylinder,Automatic,Midnight Black,Silverstone,2026-05-22 14:06:35.718300,2026-05-22 14:06:35.719893
DRZQCEQTOITFGYE1F,Contoso Motors,2005,Minivan,812,812,FWD,6 Cylinder,Automatic,Blazing Gray,Nutmeg,2026-05-22 14:06:35.718300,2026-05-22 14:06:35.719893
ZTOXRYHCBTPVA346D,Contoso Motors,2007,Minivan,813,813,FWD,6 Cylinder,Automatic,Electric Blue,Red,2026-05-22 14:06:35.718300,2026-05-22 14:06:35.719893
230L1LHPMTHZMQH5D,Contoso Motors,2011,Crossover,814,563,FWD,6 Cylinder,Automatic,Red,Black,2026-05-22 14:06:35.718300,2026-05-22 14:06:35.719893
WU6TUN4OUQJ62959R,Contoso Motors,2011,Wagon,815,204,AWD,6 Cylinder,Automatic,Volcanic Orange,White,2026-05-22 14:06:35.718300,2026-05-22 14:06:35.719893
QYR2YHRCPM7KRXIFH,Contoso Motors,2006,Truck,816,443,FWD,6 Cylinder,Automatic,Silver,Black,2026-05-22 14:06:35.718300,2026-05-22 14:06:35.719893
0AHXFLV9JHV1C3FLF,Contoso Motors,2013,SUV,817,575,AWD,3 Cylinder,Automatic,Red,Black,2026-05-22 14:06:35.718300,2026-05-22 14:06:35.719893
VW2J1NWNDZMIX5S9L,Contoso Motors,2011,Sedan,818,133,AWD,6 Cylinder,Automatic,Pepper White,Dark Gray,2026-05-22 14:06:35.718300,2026-05-22 14:06:35.719893
QFQVXAZ7QT2Y9HY5P,Contoso Motors,2007,Hatchback,819,235,RWD,6 Cylinder,Automatic,Racing Green,Beige,2026-05-22 14:06:35.718300,2026-05-22 14:06:35.719893
PKEPO5FRA6XJVOIJL,Contoso Motors,2011,Minivan,820,820,FWD,6 Cylinder,Automatic,Deep Blue,Brown,2026-05-22 14:06:35.718300,2026-05-22 14:06:35.719893
FR2BMACDU78E81XTM,Contoso Motors,2005,SUV,821,609,AWD,Hybrid,Automatic,Red,Black,2026-05-22 14:06:35.718300,2026-05-22 14:06:35.719893
NAYMOPAFWZZJ3P5ST,Contoso Motors,2004,SUV,822,633,FWD,10 Cylinder,Automatic,Red,Black,2026-05-22 14:06:35.718300,2026-05-22 14:06:35.719893
4QY2YX7ZBBYX3R90G,Contoso Motors,2013,Commercial,823,406,AWD,8 Cylinder,Automatic,Gray,Dark Gray,2026-05-22 14:06:35.718300,2026-05-22 14:06:35.719893
HICE0LWREABPLGNZ4,Contoso Motors,2013,Convertible 2DR,824,824,FWD,4 Cylinder,Automatic,Blazing Gray,Nutmeg,2026-05-22 14:06:35.718300,2026-05-22 14:06:35.719893
VE48CAR1OTQWPEGGZ,Contoso Motors,2014,Coupe,825,297,FWD,6 Cylinder,Semi-Automatic,Pepper White,Dark Gray,2026-05-22 14:06:35.718300,2026-05-22 14:06:35.719893
HYK915IEFUDRMB5VK,Contoso Motors,2015,Hybrid,826,826,FWD,Hybrid,Semi-Automatic,Thunder Gray,Gray,2026-05-22 14:06:35.718300,2026-05-22 14:06:35.719893
5COLRNFEJUAE4AWRB,Contoso Motors,2011,Truck,827,449,FWD,6 Cylinder,Automatic,Silver,Black,2026-05-22 14:06:35.718300,2026-05-22 14:06:35.719893
3NXGTA28RQCJWC2GG,Contoso Motors,2004,Hatchback,828,239,AWD,6 Cylinder,Automatic,Pepper White,Dark Gray,2026-05-22 14:06:35.718300,2026-05-22 14:06:35.719893
80YJYHAP7PBI71W1E,Contoso Motors,2013,Sedan,829,159,FWD,6 Cylinder,Automatic,Chili Red,Black,2026-05-22 14:06:35.718300,2026-05-22 14:06:35.719893
RZFQM7V90QR7IISH6,Contoso Motors,2006,Sedan,830,179,FWD,6 Cylinder,Automatic,Electric Blue,Red,2026-05-22 14:06:35.718300,2026-05-22 14:06:35.719893
95SL8ZZOYDZD11JJ2,Contoso Motors,2004,Sedan,831,181,FWD,6 Cylinder,Automatic,Pepper White,Dark Gray,2026-05-22 14:06:35.718300,2026-05-22 14:06:35.719893
5DJE9WG9965PK8D38,Contoso Motors,2004,Wagon,832,256,RWD,6 Cylinder,Automatic,Deep Blue,Brown,2026-05-22 14:06:35.718300,2026-05-22 14:06:35.719893
TAKBJJ63U55C1MMUJ,Contoso Motors,2013,Truck,833,472,AWD,6 Cylinder,Automatic,Silver,Black,2026-05-22 14:06:35.718300,2026-05-22 14:06:35.719893
2IOYK1O5K2TVF1NFP,Contoso Motors,2012,Truck,834,491,AWD,6 Cylinder,Automatic,Silver,Black,2026-05-22 14:06:35.718300,2026-05-22 14:06:35.719893
SZPH4O2AB63H13YQ3,Contoso Motors,2012,Coupe,835,403,AWD,6 Cylinder,Semi-Automatic,Pepper White,Dark Gray,2026-05-22 14:06:35.718300,2026-05-22 14:06:35.719893
X0FOEI94DVDI6VID8,Contoso Motors,2015,Hybrid,836,836,FWD,Hybrid,Semi-Automatic,Blazing Gray,Nutmeg,2026-05-22 14:06:35.718300,2026-05-22 14:06:35.719893
TGHXAB6J65XTQCVD7,Contoso Motors,2014,SUV,837,657,FWD,6 Cylinder,Automatic,Red,Black,2026-05-22 14:06:35.718300,2026-05-22 14:06:35.719893
1RFEOANOYZCBM4TU0,Contoso Motors,2013,Commercial,838,775,AWD,8 Cylinder,Automatic,Gray,Dark Gray,2026-05-22 14:06:35.718300,2026-05-22 14:06:35.719893
7MUZB90VD18D9W1RH,Contoso Motors,2006,Convertible 2DR,839,839,FWD,12 Cylinder,Automatic,Pepper White,Dark Gray,2026-05-22 14:06:35.718300,2026-05-22 14:06:35.719893
M990FT6MMHZJXQUEC,Contoso Motors,2011,SUV,840,681,AWD,6 Cylinder,Automatic,Red,Black,2026-05-22 14:06:35.718300,2026-05-22 14:06:35.719893
R8V7LBUTZU3144KJO,Contoso Motors,2005,SUV,841,797,FWD,4 Cylinder,Automatic,Red,Black,2026-05-22 14:06:35.718300,2026-05-22 14:06:35.719893
4PRGPFPQSAGGP9NX6,Contoso Motors,2005,Minivan,842,842,FWD,6 Cylinder,Automatic,Blue,Old Lace,2026-05-22 14:06:35.718300,2026-05-22 14:06:35.719893
ZXOIFCKDL05F05B3X,Contoso Motors,2004,SUV,843,845,RWD,4 Cylinder,Automatic,Red,Black,2026-05-22 14:06:35.718300,2026-05-22 14:06:35.719893
NMGCY7X5J1PJ2UA94,Contoso Motors,2016,Minivan,844,844,FWD,6 Cylinder,Automatic,Deep Blue,Brown,2026-05-22 14:06:35.718300,2026-05-22 14:06:35.719893
HYKPJHYAHBWE8ISKL,Contoso Motors,2011,Crossover,845,997,FWD,6 Cylinder,Automatic,Red,Black,2026-05-22 14:06:35.718300,2026-05-22 14:06:35.719893
BU90U8QBV69ZU7O2Q,Contoso Motors,2013,Minivan,846,846,FWD,6 Cylinder,Automatic,White Silver,Smoke White,2026-05-22 14:06:35.718300,2026-05-22 14:06:35.719893
8KRJYE1D2LYS2LZ62,Contoso Motors,2014,Minivan,847,847,FWD,6 Cylinder,Automatic,Racing Green,Beige,2026-05-22 14:06:35.718300,2026-05-22 14:06:35.719893
GYT0MJJJJJWMIPCGY,Contoso Motors,2015,Minivan,848,848,FWD,6 Cylinder,Automatic,Thunder Gray,Gray,2026-05-22 14:06:35.718300,2026-05-22 14:06:35.719893
MUP19M2VC7BB0F2XS,Contoso Motors,2004,Minivan,849,849,FWD,6 Cylinder,Automatic,Pepper White,Dark Gray,2026-05-22 14:06:35.718300,2026-05-22 14:06:35.719893
7GF2Y9JGPOH5T99V8,Contoso Motors,2010,Minivan,850,850,FWD,6 Cylinder,Automatic,Volcanic Orange,White,2026-05-22 14:06:35.718300,2026-05-22 14:06:35.719893
SC9G0RES3EUPLX7C2,Contoso Motors,2014,Sedan,851,253,FWD,6 Cylinder,Automatic,Chili Red,Black,2026-05-22 14:06:35.718300,2026-05-22 14:06:35.719893
G8Q4AX4JD5WD72WM2,Contoso Motors,2015,Hatchback,852,276,AWD,6 Cylinder,Automatic,Volcanic Orange,White,2026-05-22 14:06:35.718300,2026-05-22 14:06:35.719893
6LUK9D367V9T1CIN8,Contoso Motors,2005,Sedan,853,301,FWD,6 Cylinder,Automatic,Silver,Ivory,2026-05-22 14:06:35.718300,2026-05-22 14:06:35.719893
HZTDMFDAZPE2PGBNN,Contoso Motors,2016,Sedan,854,303,FWD,6 Cylinder,Automatic,Midnight Black,Silverstone,2026-05-22 14:06:35.718300,2026-05-22 14:06:35.719893
F97CREJY4K36GXYQB,Contoso Motors,2004,Crossover,855,21,FWD,6 Cylinder,Automatic,Red,Black,2026-05-22 14:06:35.718300,2026-05-22 14:06:35.719893
52914EY5HGMGPU7SG,Contoso Motors,2004,Truck,856,497,FWD,6 Cylinder,Automatic,Silver,Black,2026-05-22 14:06:35.718300,2026-05-22 14:06:35.719893
OMM9F2ABI0RY7XP76,Contoso Motors,2004,Truck,857,520,FWD,6 Cylinder,Automatic,Silver,Black,2026-05-22 14:06:35.718300,2026-05-22 14:06:35.719893
CUEHKXE2HHXAKJWY5,Contoso Motors,2004,Wagon,858,300,FWD,6 Cylinder,Automatic,Blue,Old Lace,2026-05-22 14:06:35.718300,2026-05-22 14:06:35.719893
26GSEZPDD802ZCPDI,Contoso Motors,2016,Hatchback,859,324,FWD,6 Cylinder,Automatic,Blue,Old Lace,2026-05-22 14:06:35.718300,2026-05-22 14:06:35.719893
QPK7XEOMZO2OZ7GV8,Contoso Motors,2004,Minivan,860,860,FWD,6 Cylinder,Automatic,Thunder Gray,Gray,2026-05-22 14:06:35.718300,2026-05-22 14:06:35.719893
FZ3HW1YFEWTKM6PNH,Contoso Motors,2005,Minivan,861,861,FWD,6 Cylinder,Automatic,Pepper White,Dark Gray,2026-05-22 14:06:35.718300,2026-05-22 14:06:35.719893
QA0CKZPRYXCIAXWT1,Contoso Motors,2013,Crossover,862,139,FWD,12 Cylinder,Automatic,Red,Black,2026-05-22 14:06:35.718300,2026-05-22 14:06:35.719893
XMABHI97U66MFZWUP,Contoso Motors,2011,Wagon,863,348,AWD,6 Cylinder,Automatic,Blue,Old Lace,2026-05-22 14:06:35.718300,2026-05-22 14:06:35.719893
U01QK1XK2EGWUGXHT,Contoso Motors,2004,Truck,864,569,FWD,6 Cylinder,Automatic,Silver,Black,2026-05-22 14:06:35.718300,2026-05-22 14:06:35.719893
HOA1OHM0MQ4ZJFW9Y,Contoso Motors,2016,SUV,865,151,AWD,Electric,Automatic,Red,Black,2026-05-22 14:06:35.718300,2026-05-22 14:06:35.719893
DK6JW0RNF0G9PO2FJ,Contoso Motors,2007,Sedan,866,323,FWD,6 Cylinder,Automatic,Chili Red,Black,2026-05-22 14:06:35.718300,2026-05-22 14:06:35.719893
HH0UUWH1QB9GG4S4A,Contoso Motors,2016,Wagon,867,352,AWD,6 Cylinder,Automatic,White Silver,Smoke White,2026-05-22 14:06:35.718300,2026-05-22 14:06:35.719893
QZUP2Q4EHOE069K1X,Contoso Motors,2013,Minivan,868,868,FWD,6 Cylinder,Automatic,White Silver,Smoke White,2026-05-22 14:06:35.718300,2026-05-22 14:06:35.719893
6B7VXWUK1PHZCS3OU,Contoso Motors,2014,SUV,869,185,RWD,Hybrid,Automatic,Red,Black,2026-05-22 14:06:35.718300,2026-05-22 14:06:35.719893
434GS5N28DIN5OVLH,Contoso Motors,2011,SUV,870,209,RWD,6 Cylinder,Automatic,Red,Black,2026-05-22 14:06:35.718300,2026-05-22 14:06:35.719893
K9QF880KTD5NDKG0M,Contoso Motors,2013,Commercial,871,871,AWD,8 Cylinder,Automatic,Gray,Dark Gray,2026-05-22 14:06:35.718300,2026-05-22 14:06:35.719893
F52U4Z5UNCE2C1OFT,Contoso Motors,2004,Convertible 2DR,872,872,AWD,6 Cylinder,Automatic,Thunder Gray,Gray,2026-05-22 14:06:35.718300,2026-05-22 14:06:35.719893
MD1QGKELEC5FZ04F8,Contoso Motors,2011,Coupe,873,595,AWD,6 Cylinder,Semi-Automatic,Silver,Ivory,2026-05-22 14:06:35.718300,2026-05-22 14:06:35.719893
ZFA6L9YHV0AX89PKO,Contoso Motors,2015,Hybrid,874,874,FWD,Hybrid,Semi-Automatic,Volcanic Orange,White,2026-05-22 14:06:35.718300,2026-05-22 14:06:35.719893
YECGNLIVTNF3841CP,Contoso Motors,2007,Truck,875,576,FWD,6 Cylinder,Automatic,Silver,Black,2026-05-22 14:06:35.718300,2026-05-22 14:06:35.719893
D1360EL2ADUC6MPDQ,Contoso Motors,2005,Hatchback,876,372,FWD,6 Cylinder,Automatic,Blue,Old Lace,2026-05-22 14:06:35.718300,2026-05-22 14:06:35.719893
N8JSLRBYQKE9IACLA,Contoso Motors,2011,Sedan,877,325,FWD,6 Cylinder,Automatic,Silver,Ivory,2026-05-22 14:06:35.718300,2026-05-22 14:06:35.719893
3S0ES2JI4ACRFV3ET,Contoso Motors,2009,Sedan,878,326,FWD,6 Cylinder,Automatic,Deep Blue,Brown,2026-05-22 14:06:35.718300,2026-05-22 14:06:35.719893
AAYW7K4YP7I4RNOPV,Contoso Motors,2004,Sedan,879,349,AWD,6 Cylinder,Automatic,Silver,Ivory,2026-05-22 14:06:35.718300,2026-05-22 14:06:35.719893
BTJWLTKYWTYE5QNYD,Contoso Motors,2007,Wagon,880,378,FWD,6 Cylinder,Automatic,Thunder Gray,Gray,2026-05-22 14:06:35.718300,2026-05-22 14:06:35.719893
87USY6PCJ78B9KL0I,Contoso Motors,2016,Truck,881,616,AWD,6 Cylinder,Automatic,Silver,Black,2026-05-22 14:06:35.718300,2026-05-22 14:06:35.719893
R00Z3DI0LOLCAYH87,Contoso Motors,2011,Truck,882,617,RWD,6 Cylinder,Automatic,Silver,Black,2026-05-22 14:06:35.718300,2026-05-22 14:06:35.719893
HOCG329DOP8M59A3O,Contoso Motors,2013,Coupe,883,643,FWD,6 Cylinder,Automatic,Silver,Ivory,2026-05-22 14:06:35.718300,2026-05-22 14:06:35.719893
1VJFB9JEFQPGC11G3,Contoso Motors,2015,Hybrid,884,884,FWD,Hybrid,Semi-Automatic,Thunder Gray,Gray,2026-05-22 14:06:35.718300,2026-05-22 14:06:35.719893
E8ZEHV77X4K5BI6VB,Contoso Motors,2014,SUV,885,233,FWD,6 Cylinder,Automatic,Red,Black,2026-05-22 14:06:35.718300,2026-05-22 14:06:35.719893
YQ38IK9VIFZ9L4X0L,Contoso Motors,2013,Commercial,886,934,AWD,8 Cylinder,Automatic,Gray,Dark Gray,2026-05-22 14:06:35.718300,2026-05-22 14:06:35.719893
S51OBQSGMPCRL8ERU,Contoso Motors,2012,Convertible 2DR,887,887,AWD,Hybrid,Automatic,Chili Red,Black,2026-05-22 14:06:35.718300,2026-05-22 14:06:35.719893
TBDPURKUDLZ32H4NQ,Contoso Motors,2004,SUV,888,257,RWD,6 Cylinder,Automatic,Red,Black,2026-05-22 14:06:35.718300,2026-05-22 14:06:35.719893
LSEOQTC2VU7C4T2VQ,Contoso Motors,2004,SUV,889,373,AWD,6 Cylinder,Automatic,Red,Black,2026-05-22 14:06:35.718300,2026-05-22 14:06:35.719893
9RO3097X9OREKUP5G,Contoso Motors,2013,Minivan,890,890,FWD,6 Cylinder,Automatic,Deep Blue,Brown,2026-05-22 14:06:35.718300,2026-05-22 14:06:35.719893
ADWXNCODEU6OYKVCH,Contoso Motors,2011,SUV,891,421,AWD,Hybrid,Automatic,Red,Black,2026-05-22 14:06:35.718300,2026-05-22 14:06:35.719893
RHU8UM5VHY4M5O6CP,Contoso Motors,2015,Minivan,892,892,FWD,6 Cylinder,Automatic,White Silver,Smoke White,2026-05-22 14:06:35.718300,2026-05-22 14:06:35.719893
F0ART9GM914MTWBEB,Contoso Motors,2004,Crossover,893,101,FWD,Hybrid,Automatic,Silver,Black,2026-05-22 14:06:35.718300,2026-05-22 14:06:35.719893
9MGA02Q904RZK30Y0,Contoso Motors,2010,Minivan,894,894,FWD,6 Cylinder,Automatic,Blazing Gray,Nutmeg,2026-05-22 14:06:35.718300,2026-05-22 14:06:35.719893
JZZR7MEBSY5Z3DBSV,Contoso Motors,2007,Minivan,895,895,FWD,6 Cylinder,Automatic,Electric Blue,Red,2026-05-22 14:06:35.718300,2026-05-22 14:06:35.719893
61PM8FCE5Z47LCBM7,Contoso Motors,2016,Minivan,896,896,FWD,6 Cylinder,Automatic,Thunder Gray,Gray,2026-05-22 14:06:35.718300,2026-05-22 14:06:35.719893
QAUJ75K404OKCWAYB,Contoso Motors,2011,Minivan,897,897,FWD,6 Cylinder,Automatic,Pepper White,Dark Gray,2026-05-22 14:06:35.718300,2026-05-22 14:06:35.719893
Y31AP41FPE968VDAQ,Contoso Motors,2009,Minivan,898,898,FWD,6 Cylinder,Automatic,Volcanic Orange,White,2026-05-22 14:06:35.718300,2026-05-22 14:06:35.719893
9K4NASRJYRC5IGE5F,Contoso Motors,2005,Sedan,899,350,AWD,6 Cylinder,Automatic,Deep Blue,Brown,2026-05-22 14:06:35.718300,2026-05-22 14:06:35.719893
6ROKN7HL3QYDKBZU2,Contoso Motors,2016,Hatchback,900,383,AWD,6 Cylinder,Automatic,Silver,Ivory,2026-05-22 14:06:35.718300,2026-05-22 14:06:35.719893
ZG29O4PDUVJB480O7,Contoso Motors,2007,Sedan,901,351,AWD,6 Cylinder,Automatic,Midnight Black,Silverstone,2026-05-22 14:06:35.718300,2026-05-22 14:06:35.719893
89TKX09LO2TMOQ5ZZ,Contoso Motors,2007,Sedan,902,373,FWD,6 Cylinder,Automatic,Silver,Ivory,2026-05-22 14:06:35.718300,2026-05-22 14:06:35.719893
O00E9L82AK190JQLE,Contoso Motors,2005,Crossover,903,125,FWD,Electric,Automatic,Silver,Black,2026-05-22 14:06:35.718300,2026-05-22 14:06:35.719893
DRNRGX58IYSUEULXS,Contoso Motors,2015,Truck,904,672,AWD,6 Cylinder,Automatic,Silver,Black,2026-05-22 14:06:35.718300,2026-05-22 14:06:35.719893
JGWFS0V5AO56BGKRX,Contoso Motors,2005,Truck,905,768,FWD,6 Cylinder,Automatic,Silver,Black,2026-05-22 14:06:35.718300,2026-05-22 14:06:35.719893
YYR59LU296241XM7C,Contoso Motors,2016,Wagon,906,396,FWD,6 Cylinder,Automatic,Deep Blue,Brown,2026-05-22 14:06:35.718300,2026-05-22 14:06:35.719893
MD3MRWCB5BJZLT7KR,Contoso Motors,2007,Wagon,907,400,AWD,6 Cylinder,Automatic,Blazing Gray,Nutmeg,2026-05-22 14:06:35.718300,2026-05-22 14:06:35.719893
48NS2CV6X0R8MWGF8,Contoso Motors,2011,Minivan,908,908,FWD,6 Cylinder,Automatic,Thunder Gray,Gray,2026-05-22 14:06:35.718300,2026-05-22 14:06:35.719893
U70L3UW3I74U0I1D2,Contoso Motors,2014,Minivan,909,909,FWD,6 Cylinder,Automatic,Pepper White,Dark Gray,2026-05-22 14:06:35.718300,2026-05-22 14:06:35.719893
5H7BDXTKTIRIMVGIS,Contoso Motors,2011,Crossover,910,149,FWD,Hybrid,Automatic,Silver,Black,2026-05-22 14:06:35.718300,2026-05-22 14:06:35.719893
8Q2VFOO8CA3Z45B6V,Contoso Motors,2013,Hatchback,911,431,FWD,6 Cylinder,Automatic,Silver,Ivory,2026-05-22 14:06:35.718300,2026-05-22 14:06:35.719893
HW4XJWLPNNDLQAX05,Contoso Motors,2005,Truck,912,785,AWD,6 Cylinder,Automatic,Silver,Black,2026-05-22 14:06:35.718300,2026-05-22 14:06:35.719893
22EG0JMRZL1IWKZZF,Contoso Motors,2004,Crossover,913,173,FWD,4 Cylinder,Automatic,Silver,Black,2026-05-22 14:06:35.718300,2026-05-22 14:06:35.719893
60GJ5JULBBBM13ZUP,Contoso Motors,2016,Sedan,914,374,FWD,6 Cylinder,Automatic,Deep Blue,Brown,2026-05-22 14:06:35.718300,2026-05-22 14:06:35.719893
QI6EFFZ7ZXGQO9SOU,Contoso Motors,2016,Hatchback,915,435,FWD,6 Cylinder,Automatic,Racing Green,Beige,2026-05-22 14:06:35.718300,2026-05-22 14:06:35.719893
MAVMESMCTW2JBG1G5,Contoso Motors,2004,Minivan,916,916,FWD,6 Cylinder,Automatic,White Silver,Smoke White,2026-05-22 14:06:35.718300,2026-05-22 14:06:35.719893
IKNVB3TIXN438BQ89,Contoso Motors,2012,SUV,917,183,AWD,4 Cylinder,Automatic,Silver,Black,2026-05-22 14:06:35.718300,2026-05-22 14:06:35.719893
74G4ZYNQ6ZJOHDAVW,Contoso Motors,2010,SUV,918,190,FWD,12 Cylinder,Automatic,Silver,Black,2026-05-22 14:06:35.718300,2026-05-22 14:06:35.719893
YKHPJ1STWYTEASS7K,Contoso Motors,2013,Commercial,919,303,AWD,8 Cylinder,Automatic,Gray,Dark Gray,2026-05-22 14:06:35.718300,2026-05-22 14:06:35.719893
WLDA9RJA6P4UTS5K0,Contoso Motors,2011,Convertible 2DR,920,920,AWD,4 Cylinder,Automatic,Thunder Gray,Gray,2026-05-22 14:06:35.718300,2026-05-22 14:06:35.719893
8H2GFWRYTVXA2HGA6,Contoso Motors,2005,Coupe,921,729,RWD,6 Cylinder,Automatic,Racing Green,Beige,2026-05-22 14:06:35.718300,2026-05-22 14:06:35.719893
3HAOIE7ES2MHZW9TT,Contoso Motors,2015,Hybrid,922,922,FWD,Hybrid,Semi-Automatic,Volcanic Orange,White,2026-05-22 14:06:35.718300,2026-05-22 14:06:35.719893
UW77H6R708EIE9OLS,Contoso Motors,2016,Truck,923,808,FWD,6 Cylinder,Automatic,Silver,Black,2026-05-22 14:06:35.718300,2026-05-22 14:06:35.719893
8R5D8PMU2LJP25G25,Contoso Motors,2013,Hatchback,924,475,AWD,6 Cylinder,Automatic,Chili Red,Black,2026-05-22 14:06:35.718300,2026-05-22 14:06:35.719893
J165EXXZ9KYOH2TF8,Contoso Motors,2011,Sedan,925,397,FWD,6 Cylinder,Automatic,Midnight Black,Silverstone,2026-05-22 14:06:35.718300,2026-05-22 14:06:35.719893
XZKKHBHIYECG3VTLL,Contoso Motors,2007,Sedan,926,434,FWD,6 Cylinder,Automatic,White Silver,Smoke White,2026-05-22 14:06:35.718300,2026-05-22 14:06:35.719893
8XBCZZPJDEFJV8IHD,Contoso Motors,2014,Sedan,927,469,FWD,6 Cylinder,Automatic,Midnight Black,Silverstone,2026-05-22 14:06:35.718300,2026-05-22 14:06:35.719893
ANAQ2CSXPZV04SSB3,Contoso Motors,2016,Wagon,928,492,AWD,6 Cylinder,Automatic,White Silver,Smoke White,2026-05-22 14:06:35.718300,2026-05-22 14:06:35.719893
Z9GJHDT27HY6MIV2A,Contoso Motors,2011,Truck,929,809,FWD,6 Cylinder,Automatic,Silver,Black,2026-05-22 14:06:35.718300,2026-05-22 14:06:35.719893
ZRELSR86XTMT1KI1Z,Contoso Motors,2004,Truck,930,816,AWD,6 Cylinder,Automatic,Silver,Black,2026-05-22 14:06:35.718300,2026-05-22 14:06:35.719893
V1ME9XPJCFFK51OBG,Contoso Motors,2014,Coupe,931,825,FWD,6 Cylinder,Automatic,Electric Blue,Red,2026-05-22 14:06:35.718300,2026-05-22 14:06:35.719893
B0KQJS58D9W3QUFC7,Contoso Motors,2015,Hybrid,932,932,FWD,Hybrid,Semi-Automatic,Thunder Gray,Gray,2026-05-22 14:06:35.718300,2026-05-22 14:06:35.719893
N4923VAUT73830S31,Contoso Motors,2011,SUV,933,193,FWD,6 Cylinder,Automatic,Silver,Black,2026-05-22 14:06:35.718300,2026-05-22 14:06:35.719893
8KNYKMNPQZ4E359R9,Contoso Motors,2013,Commercial,934,399,AWD,8 Cylinder,Automatic,Gray,Dark Gray,2026-05-22 14:06:35.718300,2026-05-22 14:06:35.719893
SVTA6FJUPTXJS3S66,Contoso Motors,2014,Convertible 2DR,935,935,FWD,4 Cylinder,Automatic,Chili Red,Black,2026-05-22 14:06:35.718300,2026-05-22 14:06:35.719893
5Y7C4X1AW9OD6YJ5H,Contoso Motors,2007,Crossover,936,197,FWD,8 Cylinder,Automatic,Silver,Black,2026-05-22 14:06:35.718300,2026-05-22 14:06:35.719893
9UXISGGMN5UGSNFRU,Contoso Motors,2016,SUV,937,198,AWD,10 Cylinder,Automatic,Silver,Black,2026-05-22 14:06:35.718300,2026-05-22 14:06:35.719893
L5I8UFY8X6GL2D69M,Contoso Motors,2010,Minivan,938,938,FWD,6 Cylinder,Automatic,Deep Blue,Brown,2026-05-22 14:06:35.718300,2026-05-22 14:06:35.719893
QCZNWGSD18592WZN8,Contoso Motors,2005,SUV,939,213,FWD,6 Cylinder,Automatic,Silver,Black,2026-05-22 14:06:35.718300,2026-05-22 14:06:35.719893
YBA3G7IMYLGC0GXJN,Contoso Motors,2016,Minivan,940,940,FWD,6 Cylinder,Automatic,White Silver,Smoke White,2026-05-22 14:06:35.718300,2026-05-22 14:06:35.719893
Z2L5CLWYCUDITKUF4,Contoso Motors,2011,SUV,941,216,FWD,6 Cylinder,Automatic,Silver,White,2026-05-22 14:06:35.718300,2026-05-22 14:06:35.719893
RDR4WN8V9E87L9YG9,Contoso Motors,2009,Minivan,942,942,FWD,6 Cylinder,Automatic,Thunder Gray,Gray,2026-05-22 14:06:35.718300,2026-05-22 14:06:35.719893
SN5X1SZYMFZHUM6JH,Contoso Motors,2004,Minivan,943,943,FWD,6 Cylinder,Automatic,Pepper White,Dark Gray,2026-05-22 14:06:35.718300,2026-05-22 14:06:35.719893
BUH4CXR94R6VAI3ZO,Contoso Motors,2005,Minivan,944,944,FWD,6 Cylinder,Automatic,Volcanic Orange,White,2026-05-22 14:06:35.718300,2026-05-22 14:06:35.719893
8SA2DDGJJ17593MQI,Contoso Motors,2007,Minivan,945,945,FWD,6 Cylinder,Automatic,Chili Red,Black,2026-05-22 14:06:35.718300,2026-05-22 14:06:35.719893
VZGPN3M599V67YJH5,Contoso Motors,2016,Minivan,946,946,FWD,6 Cylinder,Automatic,Blue,Old Lace,2026-05-22 14:06:35.718300,2026-05-22 14:06:35.719893
LRJWGGVPDJZT6W58N,Contoso Motors,2011,Sedan,947,493,AWD,6 Cylinder,Automatic,Racing Green,Beige,2026-05-22 14:06:35.718300,2026-05-22 14:06:35.719893
54T67R4TX2PBD1ANZ,Contoso Motors,2015,Wagon,948,496,AWD,6 Cylinder,Automatic,Thunder Gray,Gray,2026-05-22 14:06:35.718300,2026-05-22 14:06:35.719893
ONT8HNOEUQELWAPTE,Contoso Motors,2013,Sedan,949,494,AWD,6 Cylinder,Automatic,Blazing Gray,Nutmeg,2026-05-22 14:06:35.718300,2026-05-22 14:06:35.719893
3TNMHKIBIRL8VEFVU,Contoso Motors,2014,Sedan,950,495,AWD,6 Cylinder,Automatic,Electric Blue,Red,2026-05-22 14:06:35.718300,2026-05-22 14:06:35.719893
ER4VYHEYMCSJ3ZAIE,Contoso Motors,2004,SUV,951,217,FWD,Electric,Automatic,Silver,Black,2026-05-22 14:06:35.718300,2026-05-22 14:06:35.719893
NPKFUFF093BM7T96C,Contoso Motors,2004,Truck,952,833,AWD,6 Cylinder,Automatic,Silver,Black,2026-05-22 14:06:35.718300,2026-05-22 14:06:35.719893
A78TYXAEP593BZ4IP,Contoso Motors,2005,Truck,953,905,AWD,6 Cylinder,Automatic,Silver,Black,2026-05-22 14:06:35.718300,2026-05-22 14:06:35.719893
G5CQWFZJQ3A5KMGC6,Contoso Motors,2013,Hatchback,954,516,FWD,6 Cylinder,Automatic,White Silver,Smoke White,2026-05-22 14:06:35.718300,2026-05-22 14:06:35.719893
76CDO5YKDLP6DBKCB,Contoso Motors,2005,Wagon,955,592,FWD,6 Cylinder,Automatic,Volcanic Orange,White,2026-05-22 14:06:35.718300,2026-05-22 14:06:35.719893
9SYQ7O5RY42RX52IS,Contoso Motors,2013,Minivan,956,956,FWD,6 Cylinder,Automatic,Volcanic Orange,White,2026-05-22 14:06:35.718300,2026-05-22 14:06:35.719893
P0Q6O7AYK4AVE7KUR,Contoso Motors,2014,Minivan,957,957,FWD,6 Cylinder,Automatic,Chili Red,Black,2026-05-22 14:06:35.718300,2026-05-22 14:06:35.719893
W7R9NH0J222XFJ5QB,Contoso Motors,2007,Crossover,958,219,AWD,6 Cylinder,Automatic,Silver,Ivory,2026-05-22 14:06:35.718300,2026-05-22 14:06:35.719893
27132MOCI2XLY2WV7,Contoso Motors,2011,Hatchback,959,612,FWD,6 Cylinder,Automatic,Blazing Gray,Nutmeg,2026-05-22 14:06:35.718300,2026-05-22 14:06:35.719893
JSMODE77LND1A80LI,Contoso Motors,2004,Truck,960,929,AWD,6 Cylinder,Automatic,Silver,Black,2026-05-22 14:06:35.718300,2026-05-22 14:06:35.719893
BMO12BYEKJUJ1EXEZ,Contoso Motors,2011,Crossover,961,221,FWD,Hybrid,Automatic,Silver,Silverstone,2026-05-22 14:06:35.718300,2026-05-22 14:06:35.719893
I3RPXKI35GTJ57UPB,Contoso Motors,2014,Sedan,962,517,FWD,6 Cylinder,Automatic,Racing Green,Beige,2026-05-22 14:06:35.718300,2026-05-22 14:06:35.719893
13J2AYMGFCWX7XEMK,Contoso Motors,2012,Hatchback,963,623,FWD,6 Cylinder,Automatic,Racing Green,Beige,2026-05-22 14:06:35.718300,2026-05-22 14:06:35.719893
B5SXM9ARB640FVFRN,Contoso Motors,2011,Minivan,964,964,FWD,6 Cylinder,Automatic,Blazing Gray,Nutmeg,2026-05-22 14:06:35.718300,2026-05-22 14:06:35.719893
GH0RCH5YSD9CI6N6T,Contoso Motors,2014,SUV,965,231,FWD,4 Cylinder,Automatic,Silver,Ivory,2026-05-22 14:06:35.718300,2026-05-22 14:06:35.719893
7JVWHYB4XCC0HBQ2B,Contoso Motors,2009,SUV,966,238,AWD,6 Cylinder,Automatic,Silver,Gray,2026-05-22 14:06:35.718300,2026-05-22 14:06:35.719893
GT7RUGNJPQ3LX5OTG,Contoso Motors,2013,Commercial,967,462,AWD,8 Cylinder,Automatic,Gray,Dark Gray,2026-05-22 14:06:35.718300,2026-05-22 14:06:35.719893
QPIQ3B5P296KG8YNE,Contoso Motors,2016,Convertible 2DR,968,968,FWD,6 Cylinder,Automatic,Volcanic Orange,White,2026-05-22 14:06:35.718300,2026-05-22 14:06:35.719893
OBZKQYDVE0TXIZSPK,Contoso Motors,2005,Coupe,969,873,RWD,6 Cylinder,Automatic,Pepper White,Dark Gray,2026-05-22 14:06:35.718300,2026-05-22 14:06:35.719893
CD9AENZSES3TBGU6N,Contoso Motors,2015,Hybrid,970,970,FWD,Hybrid,Semi-Automatic,Blue,Old Lace,2026-05-22 14:06:35.718300,2026-05-22 14:06:35.719893
QNSSJ538O55HX8AXT,Contoso Motors,2005,Truck,971,930,FWD,6 Cylinder,Automatic,Silver,Black,2026-05-22 14:06:35.718300,2026-05-22 14:06:35.719893
83EL4EBUXZXOQRD9R,Contoso Motors,2005,Wagon,972,636,AWD,6 Cylinder,Automatic,Blazing Gray,Nutmeg,2026-05-22 14:06:35.718300,2026-05-22 14:06:35.719893
0ON6GUTCMZHRYY4KQ,Contoso Motors,2013,Sedan,973,563,AWD,6 Cylinder,Automatic,Midnight Black,Silverstone,2026-05-22 14:06:35.718300,2026-05-22 14:06:35.719893
BYPKHEZ3D91QIR985,Contoso Motors,2011,Sedan,974,589,FWD,6 Cylinder,Automatic,Electric Blue,Red,2026-05-22 14:06:35.718300,2026-05-22 14:06:35.719893
KBSM14UZ8CCMU2VE8,Contoso Motors,2016,Sedan,975,611,FWD,6 Cylinder,Automatic,Racing Green,Beige,2026-05-22 14:06:35.718300,2026-05-22 14:06:35.719893
U5NZHUP1TYVEC9K8A,Contoso Motors,2004,Wagon,976,640,AWD,6 Cylinder,Automatic,Volcanic Orange,White,2026-05-22 14:06:35.718300,2026-05-22 14:06:35.719893
4B78AP4AZ8QDAZMSR,Contoso Motors,2011,Truck,977,952,FWD,6 Cylinder,Automatic,Silver,Black,2026-05-22 14:06:35.718300,2026-05-22 14:06:35.719893
2DSVHSN0AVPWBNJJ6,Contoso Motors,2014,Truck,978,953,FWD,6 Cylinder,Automatic,Silver,Black,2026-05-22 14:06:35.718300,2026-05-22 14:06:35.719893
7HQWE72SAZL9944LE,Contoso Motors,2012,Coupe,979,931,FWD,6 Cylinder,Automatic,Electric Blue,Red,2026-05-22 14:06:35.718300,2026-05-22 14:06:35.719893
TBMYQQ5TJDC85HHHD,Contoso Motors,2015,Hybrid,980,980,FWD,Hybrid,Semi-Automatic,Volcanic Orange,White,2026-05-22 14:06:35.718300,2026-05-22 14:06:35.719893
KMXVZZGIYQNL8CW3B,Contoso Motors,2007,SUV,981,241,AWD,6 Cylinder,Automatic,Silver,Black,2026-05-22 14:06:35.718300,2026-05-22 14:06:35.719893
PLJ6GAR4VGCX6DWKO,Contoso Motors,2013,Commercial,982,831,AWD,8 Cylinder,Automatic,Gray,Dark Gray,2026-05-22 14:06:35.718300,2026-05-22 14:06:35.719893
P32QUJV32R5ZOCLIB,Contoso Motors,2007,Convertible 2DR,983,983,FWD,4 Cylinder,Automatic,Silver,Ivory,2026-05-22 14:06:35.718300,2026-05-22 14:06:35.719893
WFSGFJXH1AB67X93T,Contoso Motors,2005,Crossover,984,245,FWD,Electric,Automatic,Silver,Silverstone,2026-05-22 14:06:35.718300,2026-05-22 14:06:35.719893
QHIXFSVPFZHHVYXPQ,Contoso Motors,2007,SUV,985,246,FWD,Hybrid,Automatic,Silver,Smoke White,2026-05-22 14:06:35.718300,2026-05-22 14:06:35.719893
EFFUOG0WWS3E7Q8WW,Contoso Motors,2009,Minivan,986,986,FWD,6 Cylinder,Automatic,White Silver,Smoke White,2026-05-22 14:06:35.718300,2026-05-22 14:06:35.719893
BTHD3UQJMH9C06D6N,Contoso Motors,2004,SUV,987,261,FWD,6 Cylinder,Automatic,Silver,Red,2026-05-22 14:06:35.718300,2026-05-22 14:06:35.719893
W3Q4L78VTR18G817K,Contoso Motors,2005,Minivan,988,988,FWD,6 Cylinder,Automatic,Blazing Gray,Nutmeg,2026-05-22 14:06:35.718300,2026-05-22 14:06:35.719893
3H2YWQ17MULYF5FTA,Contoso Motors,2016,SUV,989,264,FWD,6 Cylinder,Automatic,Silver,White,2026-05-22 14:06:35.718300,2026-05-22 14:06:35.719893
28O0HON8YYKBRF6O2,Contoso Motors,2016,Minivan,990,990,FWD,6 Cylinder,Automatic,Thunder Gray,Gray,2026-05-22 14:06:35.718300,2026-05-22 14:06:35.719893
6JUYB87B3I62HUYX1,Contoso Motors,2011,Minivan,991,991,FWD,6 Cylinder,Automatic,Pepper White,Dark Gray,2026-05-22 14:06:35.718300,2026-05-22 14:06:35.719893
EVLOYPZ7B75Y81XKX,Contoso Motors,2004,Minivan,992,992,FWD,6 Cylinder,Automatic,Volcanic Orange,White,2026-05-22 14:06:35.718300,2026-05-22 14:06:35.719893
6F8CKWLXSL9QOKE0O,Contoso Motors,2005,Minivan,993,993,FWD,6 Cylinder,Automatic,Chili Red,Black,2026-05-22 14:06:35.718300,2026-05-22 14:06:35.719893
KHQBOI9N0HQP30BZB,Contoso Motors,2007,Minivan,994,994,FWD,6 Cylinder,Automatic,Blue,Old Lace,2026-05-22 14:06:35.718300,2026-05-22 14:06:35.719893
AP2B4YCNREOTQFZEY,Contoso Motors,2004,Sedan,995,613,FWD,6 Cylinder,Automatic,Electric Blue,Red,2026-05-22 14:06:35.718300,2026-05-22 14:06:35.719893
4Z6AH2FXJIO5RO8QR,Contoso Motors,2014,Hatchback,996,671,AWD,6 Cylinder,Automatic,Electric Blue,Red,2026-05-22 14:06:35.718300,2026-05-22 14:06:35.719893
QRD1S64DT4QIBM7AT,Contoso Motors,2005,Sedan,997,614,FWD,6 Cylinder,Automatic,Thunder Gray,Gray,2026-05-22 14:06:35.718300,2026-05-22 14:06:35.719893
ZGUM9XEX13YN4L0V6,Contoso Motors,2007,Sedan,998,637,AWD,6 Cylinder,Automatic,Electric Blue,Red,2026-05-22 14:06:35.718300,2026-05-22 14:06:35.719893
8PG1W9FQCTZLSR6K3,Contoso Motors,2011,SUV,999,265,FWD,8 Cylinder,Automatic,Silver,Black,2026-05-22 14:06:35.718300,2026-05-22 14:06:35.719893
Z29DGG4YR4IYE8OO7,Contoso Motors,2006,Truck,1000,971,FWD,6 Cylinder,Automatic,Silver,Black,2026-05-22 14:06:35.718300,2026-05-22 14:06:35.719893
EV2UCHMQ491FCMWY7,Contoso Motors,2011,Truck,1001,8,FWD,6 Cylinder,Automatic,Silver,Black,2026-05-22 14:06:35.718300,2026-05-22 14:06:35.719893
LX0P14QFLTWJLUVZU,Contoso Motors,2007,Hatchback,1002,675,AWD,6 Cylinder,Automatic,Chili Red,Black,2026-05-22 14:06:35.718300,2026-05-22 14:06:35.719893
AFQ0WFEQHBEBEBPX2,Contoso Motors,2007,Hatchback,1003,708,AWD,6 Cylinder,Automatic,Thunder Gray,Gray,2026-05-22 14:06:35.718300,2026-05-22 14:06:35.719893
C8IF4CG8XRI0INDGM,Contoso Motors,2004,Minivan,1004,4,FWD,6 Cylinder,Automatic,Volcanic Orange,White,2026-05-22 14:06:35.718300,2026-05-22 14:06:35.719893
ZL77R53CTYB7RTMTQ,Contoso Motors,2005,Minivan,1005,5,FWD,6 Cylinder,Automatic,Chili Red,Black,2026-05-22 14:06:35.718300,2026-05-22 14:06:35.719893
S8CXAC6OUK9WD5HHX,Contoso Motors,2006,Crossover,1006,267,FWD,12 Cylinder,Automatic,Silver,Ivory,2026-05-22 14:06:35.718300,2026-05-22 14:06:35.719893
6SRO87HSURDVNBUOT,Contoso Motors,2011,Wagon,1007,732,FWD,6 Cylinder,Automatic,Thunder Gray,Gray,2026-05-22 14:06:35.718300,2026-05-22 14:06:35.719893
FJB04U5KE657N8ETJ,Contoso Motors,2004,Truck,1008,25,FWD,6 Cylinder,Automatic,Silver,Black,2026-05-22 14:06:35.718300,2026-05-22 14:06:35.719893
YKO1Q8RX7Z20BVBG0,Contoso Motors,2004,Crossover,1009,269,FWD,Hybrid,Automatic,Silver,Silverstone,2026-05-22 14:06:35.718300,2026-05-22 14:06:35.719893
Q3WAEDXVEW6WW44CP,Contoso Motors,2010,Sedan,1010,674,AWD,6 Cylinder,Automatic,Volcanic Orange,White,2026-05-22 14:06:35.718300,2026-05-22 14:06:35.719893
HVL5A6XYMSSLTJOGX,Contoso Motors,2016,Hatchback,1011,756,FWD,6 Cylinder,Automatic,Volcanic Orange,White,2026-05-22 14:06:35.718300,2026-05-22 14:06:35.719893
T1PNXW0C4AU3ZZBD2,Contoso Motors,2016,Minivan,1012,12,FWD,6 Cylinder,Automatic,Blazing Gray,Nutmeg,2026-05-22 14:06:35.718300,2026-05-22 14:06:35.719893
39W6037WNRPIWR2N6,Contoso Motors,2007,SUV,1013,279,AWD,6 Cylinder,Automatic,Silver,Ivory,2026-05-22 14:06:35.718300,2026-05-22 14:06:35.719893
3F4D4PXZWAA3USWXT,Contoso Motors,2016,SUV,1014,286,FWD,Hybrid,Automatic,Silver,White,2026-05-22 14:06:35.718300,2026-05-22 14:06:35.719893
O895KBHQ8ZBSR5K4J,Contoso Motors,2013,Commercial,1015,927,AWD,8 Cylinder,Automatic,Gray,Dark Gray,2026-05-22 14:06:35.718300,2026-05-22 14:06:35.719893
GWII8E3CTPIVEFP8C,Contoso Motors,2007,Convertible 2DR,1016,16,FWD,6 Cylinder,Automatic,Volcanic Orange,White,2026-05-22 14:06:35.718300,2026-05-22 14:06:35.719893
L281WRH4LDV9BEEGQ,Contoso Motors,2004,Coupe,1017,75,FWD,6 Cylinder,Automatic,Chili Red,Black,2026-05-22 14:06:35.718300,2026-05-22 14:06:35.719893
OB2DUWVQGQ5WYYJRV,Contoso Motors,2015,Hybrid,1018,18,FWD,Hybrid,Semi-Automatic,Blue,Old Lace,2026-05-22 14:06:35.718300,2026-05-22 14:06:35.719893
LMYPQM5731EVRX7IQ,Contoso Motors,2004,Truck,1019,48,FWD,6 Cylinder,Automatic,Silver,Black,2026-05-22 14:06:35.718300,2026-05-22 14:06:35.719893
R4ZBR89H8KRRIFKEK,Contoso Motors,2009,Wagon,1020,810,FWD,6 Cylinder,Automatic,White Silver,Smoke White,2026-05-22 14:06:35.718300,2026-05-22 14:06:35.719893
TU8F5I53UXR8PTPCQ,Contoso Motors,2015,Sedan,1021,782,AWD,6 Cylinder,Automatic,Blue,Old Lace,2026-05-22 14:06:35.718300,2026-05-22 14:06:35.719893
VK9WWDO4FW1UQ3N4I,Contoso Motors,2007,Sedan,1022,851,AWD,6 Cylinder,Automatic,Chili Red,Black,2026-05-22 14:06:35.718300,2026-05-22 14:06:35.719893
D7GARWGXTUUY80PLB,Contoso Motors,2007,Sedan,1023,879,FWD,6 Cylinder,Automatic,Midnight Black,Silverstone,2026-05-22 14:06:35.718300,2026-05-22 14:06:35.719893
F0MHIDSCCW3U5GYLM,Contoso Motors,2004,Hatchback,1024,811,FWD,6 Cylinder,Automatic,Racing Green,Beige,2026-05-22 14:06:35.718300,2026-05-22 14:06:35.719893
FGYE8WOSGG4AENKIM,Contoso Motors,2005,Truck,1025,49,FWD,6 Cylinder,Automatic,Silver,Black,2026-05-22 14:06:35.718300,2026-05-22 14:06:35.719893
QYP6JDA0C3C5ZCSKX,Contoso Motors,2011,Truck,1026,73,AWD,6 Cylinder,Automatic,Silver,Black,2026-05-22 14:06:35.718300,2026-05-22 14:06:35.719893
JAF0NGJRJNHBLEOLT,Contoso Motors,2011,Coupe,1027,161,AWD,6 Cylinder,Automatic,Midnight Black,Silverstone,2026-05-22 14:06:35.718300,2026-05-22 14:06:35.719893
WRARVHX83P8AEWBV7,Contoso Motors,2015,Hybrid,1028,28,FWD,Hybrid,Semi-Automatic,Volcanic Orange,White,2026-05-22 14:06:35.718300,2026-05-22 14:06:35.719893
148FARP3MNS8RRZ2G,Contoso Motors,2005,SUV,1029,289,FWD,4 Cylinder,Automatic,Silver,Ivory,2026-05-22 14:06:35.718300,2026-05-22 14:06:35.719893
HZUJFFMCS9YMUA10L,Contoso Motors,2013,Commercial,1030,990,AWD,8 Cylinder,Automatic,Gray,Dark Gray,2026-05-22 14:06:35.718300,2026-05-22 14:06:35.719893
98U8Z5YFEQI5L4TSQ,Contoso Motors,2004,Convertible 2DR,1031,31,AWD,6 Cylinder,Automatic,Silver,Ivory,2026-05-22 14:06:35.718300,2026-05-22 14:06:35.719893
B325URQ271DPK9FSU,Contoso Motors,2014,Crossover,1032,293,RWD,4 Cylinder,Automatic,Silver,Beige,2026-05-22 14:06:35.718300,2026-05-22 14:06:35.719893
HJ6D18K3ZA7W51558,Contoso Motors,2015,SUV,1033,294,FWD,4 Cylinder,Automatic,Silver,Nutmeg,2026-05-22 14:06:35.718300,2026-05-22 14:06:35.719893
D74C25X8NK5HSSA6C,Contoso Motors,2016,Minivan,1034,34,FWD,6 Cylinder,Automatic,White Silver,Smoke White,2026-05-22 14:06:35.718300,2026-05-22 14:06:35.719893
7O2HN3N6X6DB8AHFV,Contoso Motors,2011,SUV,1035,309,AWD,Hybrid,Automatic,Silver,Dark Gray,2026-05-22 14:06:35.718300,2026-05-22 14:06:35.719893
CVIEIL47FIMGU4O07,Contoso Motors,2004,Minivan,1036,36,FWD,6 Cylinder,Automatic,Thunder Gray,Gray,2026-05-22 14:06:35.718300,2026-05-22 14:06:35.719893
RAFBQG2LUVXKHYVN2,Contoso Motors,2007,SUV,1037,312,AWD,4 Cylinder,Automatic,Silver,Old Lace,2026-05-22 14:06:35.718300,2026-05-22 14:06:35.719893
198JNWUXC1CYJF4I5,Contoso Motors,2007,Minivan,1038,38,FWD,6 Cylinder,Automatic,Volcanic Orange,White,2026-05-22 14:06:35.718300,2026-05-22 14:06:35.719893
DMLKAW3NESZ59ISY9,Contoso Motors,2013,Minivan,1039,39,FWD,6 Cylinder,Automatic,Chili Red,Black,2026-05-22 14:06:35.718300,2026-05-22 14:06:35.719893
OV7FYRY2C77P1PKXU,Contoso Motors,2011,Minivan,1040,40,FWD,6 Cylinder,Automatic,Blue,Old Lace,2026-05-22 14:06:35.718300,2026-05-22 14:06:35.719893
3NCBK2NK65XQURUNH,Contoso Motors,2014,Minivan,1041,41,FWD,6 Cylinder,Automatic,Silver,Ivory,2026-05-22 14:06:35.718300,2026-05-22 14:06:35.719893
B0UY0GZFP627P59IF,Contoso Motors,2015,Minivan,1042,42,FWD,6 Cylinder,Automatic,Deep Blue,Brown,2026-05-22 14:06:35.718300,2026-05-22 14:06:35.719893
VRJXVUQUWLMYNIC8X,Contoso Motors,2016,Sedan,1043,902,FWD,6 Cylinder,Automatic,Deep Blue,Brown,2026-05-22 14:06:35.718300,2026-05-22 14:06:35.719893
FSYFUXI1FPJ9DIFX7,Contoso Motors,2013,Hatchback,1044,819,AWD,6 Cylinder,Automatic,Silver,Ivory,2026-05-22 14:06:35.718300,2026-05-22 14:06:35.719893
SL1XB76VD9HRMA0BI,Contoso Motors,2006,Sedan,1045,927,AWD,6 Cylinder,Automatic,Midnight Black,Silverstone,2026-05-22 14:06:35.718300,2026-05-22 14:06:35.719893
5YCUQMCMTOH8KQSX5,Contoso Motors,2007,Sedan,1046,962,AWD,6 Cylinder,Automatic,White Silver,Smoke White,2026-05-22 14:06:35.718300,2026-05-22 14:06:35.719893
WM649Q068P9KUPN57,Contoso Motors,2004,SUV,1047,313,AWD,4 Cylinder,Automatic,Silver,Ivory,2026-05-22 14:06:35.718300,2026-05-22 14:06:35.719893
QNTENDARF69XO1DA1,Contoso Motors,2009,Truck,1048,74,AWD,6 Cylinder,Automatic,Silver,Black,2026-05-22 14:06:35.718300,2026-05-22 14:06:35.719893
I71DVIJHW12327918,Contoso Motors,2007,Truck,1049,104,AWD,6 Cylinder,Automatic,Silver,Black,2026-05-22 14:06:35.718300,2026-05-22 14:06:35.719893
E6QVD8225ME2R5FVO,Contoso Motors,2004,Wagon,1050,828,FWD,6 Cylinder,Automatic,Volcanic Orange,White,2026-05-22 14:06:35.718300,2026-05-22 14:06:35.719893
48ZG0D16RBN971LUD,Contoso Motors,2011,Wagon,1051,832,FWD,6 Cylinder,Automatic,Deep Blue,Brown,2026-05-22 14:06:35.718300,2026-05-22 14:06:35.719893
OTTLFELA69FMPFE9Q,Contoso Motors,2011,Minivan,1052,52,FWD,6 Cylinder,Automatic,Blue,Old Lace,2026-05-22 14:06:35.718300,2026-05-22 14:06:35.719893
UJ7OFMTZUDJD29Q0A,Contoso Motors,2004,Minivan,1053,53,FWD,6 Cylinder,Automatic,Silver,Ivory,2026-05-22 14:06:35.718300,2026-05-22 14:06:35.719893
90Y89GBSZII8YXUY6,Contoso Motors,2012,Crossover,1054,315,AWD,4 Cylinder,Automatic,Silver,Silverstone,2026-05-22 14:06:35.718300,2026-05-22 14:06:35.719893
MYESKH75FZOPX79MB,Contoso Motors,2016,Hatchback,1055,867,FWD,6 Cylinder,Automatic,Midnight Black,Silverstone,2026-05-22 14:06:35.718300,2026-05-22 14:06:35.719893
2FMQS6LOV6N4LGLUA,Contoso Motors,2016,Truck,1056,144,AWD,6 Cylinder,Automatic,Silver,Black,2026-05-22 14:06:35.718300,2026-05-22 14:06:35.719893
9SWGXWA8EK394CJKQ,Contoso Motors,2011,Crossover,1057,317,FWD,4 Cylinder,Automatic,Silver,Beige,2026-05-22 14:06:35.718300,2026-05-22 14:06:35.719893
FCFYXUIMDSQWG07PJ,Contoso Motors,2013,Sedan,1058,22,FWD,6 Cylinder,Automatic,White Silver,Smoke White,2026-05-22 14:06:35.718300,2026-05-22 14:06:35.719893
HHIBJMFWFTL3SBNOL,Contoso Motors,2011,Wagon,1059,876,FWD,6 Cylinder,Automatic,Blue,Old Lace,2026-05-22 14:06:35.718300,2026-05-22 14:06:35.719893
FBRK56Z0QVZCB3DNU,Contoso Motors,2007,Minivan,1060,60,FWD,6 Cylinder,Automatic,Thunder Gray,Gray,2026-05-22 14:06:35.718300,2026-05-22 14:06:35.719893
QOF12N5J7I5CMCOKN,Contoso Motors,2004,SUV,1061,327,FWD,Electric,Automatic,Silver,Silverstone,2026-05-22 14:06:35.718300,2026-05-22 14:06:35.719893
40Z1XF6W95S5AIE1Q,Contoso Motors,2007,SUV,1062,334,FWD,Hybrid,Automatic,Silver,White,2026-05-22 14:06:35.718300,2026-05-22 14:06:35.719893
Q018K8DFH4QTX5P2B,Contoso Motors,2013,Commercial,1063,359,AWD,8 Cylinder,Automatic,Gray,Dark Gray,2026-05-22 14:06:35.718300,2026-05-22 14:06:35.719893
C76BYOK0OXDFAIE87,Contoso Motors,2016,Convertible 2DR,1064,64,FWD,4 Cylinder,Automatic,Blue,Old Lace,2026-05-22 14:06:35.718300,2026-05-22 14:06:35.719893
9OG2TB8N5TOTHHEL1,Contoso Motors,2007,Coupe,1065,209,AWD,6 Cylinder,Automatic,Midnight Black,Silverstone,2026-05-22 14:06:35.718300,2026-05-22 14:06:35.719893
ABC2BM83BXY03UIEM,Contoso Motors,2015,Hybrid,1066,66,FWD,Hybrid,Semi-Automatic,Deep Blue,Brown,2026-05-22 14:06:35.718300,2026-05-22 14:06:35.719893
ACJHQARKKLUSUUNZ1,Contoso Motors,2016,Truck,1067,152,FWD,6 Cylinder,Automatic,Silver,Black,2026-05-22 14:06:35.718300,2026-05-22 14:06:35.719893
VSFGRY39FYXJTEBTD,Contoso Motors,2016,Hatchback,1068,911,FWD,6 Cylinder,Automatic,Chili Red,Black,2026-05-22 14:06:35.718300,2026-05-22 14:06:35.719893
IQHVM8L85KM9O49QL,Contoso Motors,2007,Sedan,1069,71,AWD,6 Cylinder,Automatic,Electric Blue,Red,2026-05-22 14:06:35.718300,2026-05-22 14:06:35.719893
2N1JUAYU3QCRH6RGQ,Contoso Motors,2005,Sedan,1070,106,AWD,6 Cylinder,Automatic,Blazing Gray,Nutmeg,2026-05-22 14:06:35.718300,2026-05-22 14:06:35.719893
G33XEJKSF9OM7UZVN,Contoso Motors,2004,Sedan,1071,141,AWD,6 Cylinder,Automatic,Electric Blue,Red,2026-05-22 14:06:35.718300,2026-05-22 14:06:35.719893
5HYVYWBICEZSI2AI2,Contoso Motors,2007,Wagon,1072,928,AWD,6 Cylinder,Automatic,White Silver,Smoke White,2026-05-22 14:06:35.718300,2026-05-22 14:06:35.719893
CO8RA8SBH7WBRSHKU,Contoso Motors,2007,Truck,1073,192,FWD,6 Cylinder,Automatic,Silver,Black,2026-05-22 14:06:35.718300,2026-05-22 14:06:35.719893
DMIPLR82W1YOPY4BT,Contoso Motors,2015,Truck,1074,218,AWD,6 Cylinder,Automatic,Silver,Black,2026-05-22 14:06:35.718300,2026-05-22 14:06:35.719893
K3NJFO7AVRUSXN4R5,Contoso Motors,2014,Coupe,1075,305,AWD,6 Cylinder,Automatic,Racing Green,Beige,2026-05-22 14:06:35.718300,2026-05-22 14:06:35.719893
HKZVEBRMVP2HV7NAT,Contoso Motors,2015,Hybrid,1076,76,FWD,Hybrid,Semi-Automatic,Blue,Old Lace,2026-05-22 14:06:35.718300,2026-05-22 14:06:35.719893
TINMPBP7FX3P2VBM6,Contoso Motors,2014,SUV,1077,337,FWD,Hybrid,Automatic,Silver,Ivory,2026-05-22 14:06:35.718300,2026-05-22 14:06:35.719893
1MYG2SP8I35KE3KWK,Contoso Motors,2013,Commercial,1078,455,AWD,8 Cylinder,Automatic,Gray,Dark Gray,2026-05-22 14:06:35.718300,2026-05-22 14:06:35.719893
2TGONTPCDAAIZV5IZ,Contoso Motors,2011,Convertible 2DR,1079,79,FWD,Electric,Automatic,Midnight Black,Silverstone,2026-05-22 14:06:35.718300,2026-05-22 14:06:35.719893
F810N41O2NRBJHKBY,Contoso Motors,2014,Crossover,1080,341,FWD,4 Cylinder,Automatic,Silver,Beige,2026-05-22 14:06:35.718300,2026-05-22 14:06:35.719893
CG7TF9695SQWL3MQD,Contoso Motors,2015,SUV,1081,342,FWD,4 Cylinder,Automatic,Silver,Nutmeg,2026-05-22 14:06:35.718300,2026-05-22 14:06:35.719893
OMTGA1J3TP19R3J72,Contoso Motors,2007,Minivan,1082,82,FWD,6 Cylinder,Automatic,Blazing Gray,Nutmeg,2026-05-22 14:06:35.718300,2026-05-22 14:06:35.719893
9VVBO24LAH7ECEN20,Contoso Motors,2004,SUV,1083,357,FWD,Electric,Automatic,Silver,Dark Gray,2026-05-22 14:06:35.718300,2026-05-22 14:06:35.719893
PPMZZUHU269M8SGTV,Contoso Motors,2011,Minivan,1084,84,FWD,6 Cylinder,Automatic,Thunder Gray,Gray,2026-05-22 14:06:35.718300,2026-05-22 14:06:35.719893
J1JB7GZ4YXVOBG1EA,Contoso Motors,2016,SUV,1085,360,FWD,Hybrid,Automatic,Silver,Old Lace,2026-05-22 14:06:35.718300,2026-05-22 14:06:35.719893
L9L9DDVI0AHOSCCEC,Contoso Motors,2015,Minivan,1086,86,FWD,6 Cylinder,Automatic,Volcanic Orange,White,2026-05-22 14:06:35.718300,2026-05-22 14:06:35.719893
VC5VO4P4XSNE9OEWN,Contoso Motors,2016,Minivan,1087,87,FWD,6 Cylinder,Automatic,Chili Red,Black,2026-05-22 14:06:35.718300,2026-05-22 14:06:35.719893
YU7771OZT6S9XSMYO,Contoso Motors,2013,Minivan,1088,88,FWD,6 Cylinder,Automatic,Blue,Old Lace,2026-05-22 14:06:35.718300,2026-05-22 14:06:35.719893
2CPYH0ER405RCQAYG,Contoso Motors,2014,Minivan,1089,89,FWD,6 Cylinder,Automatic,Silver,Ivory,2026-05-22 14:06:35.718300,2026-05-22 14:06:35.719893
EMMXPYQ0IUMCNZFZV,Contoso Motors,2015,Minivan,1090,90,FWD,6 Cylinder,Automatic,Deep Blue,Brown,2026-05-22 14:06:35.718300,2026-05-22 14:06:35.719893
WSWBI8IGT84RW9LKD,Contoso Motors,2011,Sedan,1091,167,FWD,6 Cylinder,Automatic,Pepper White,Dark Gray,2026-05-22 14:06:35.718300,2026-05-22 14:06:35.719893
COLOE9MMMYL1WJU0J,Contoso Motors,2004,Hatchback,1092,948,FWD,6 Cylinder,Automatic,Deep Blue,Brown,2026-05-22 14:06:35.718300,2026-05-22 14:06:35.719893
O7S1FKA1U3UZ6NLIO,Contoso Motors,2007,Sedan,1093,187,FWD,6 Cylinder,Automatic,Racing Green,Beige,2026-05-22 14:06:35.718300,2026-05-22 14:06:35.719893
C36JJAMQ08MEXWSEK,Contoso Motors,2011,Sedan,1094,189,FWD,6 Cylinder,Automatic,Electric Blue,Red,2026-05-22 14:06:35.718300,2026-05-22 14:06:35.719893
OIJU9UUM1TPF4K4ZU,Contoso Motors,2011,SUV,1095,361,FWD,Hybrid,Automatic,Silver,Ivory,2026-05-22 14:06:35.718300,2026-05-22 14:06:35.719893
ZRIDFO6YXSH409QIZ,Contoso Motors,2016,Truck,1096,248,AWD,6 Cylinder,Automatic,Silver,Black,2026-05-22 14:06:35.718300,2026-05-22 14:06:35.719893
DW4MISZ52U5R2C921,Contoso Motors,2016,Truck,1097,307,FWD,6 Cylinder,Automatic,Silver,Black,2026-05-22 14:06:35.718300,2026-05-22 14:06:35.719893
CPYLYGBYUZSLZVZQZ,Contoso Motors,2011,Hatchback,1098,996,AWD,6 Cylinder,Automatic,Deep Blue,Brown,2026-05-22 14:06:35.718300,2026-05-22 14:06:35.719893
JNP5QPIVUH4LQEWXV,Contoso Motors,2007,Wagon,1099,50,AWD,6 Cylinder,Automatic,Volcanic Orange,White,2026-05-22 14:06:35.718300,2026-05-22 14:06:35.719893
JSDIXWR4J6UKQ0BZ7,Contoso Motors,2016,Minivan,1100,100,FWD,6 Cylinder,Automatic,Blue,Old Lace,2026-05-22 14:06:35.718300,2026-05-22 14:06:35.719893
W9QRD06GOHX1IALUY,Contoso Motors,2011,Minivan,1101,101,FWD,6 Cylinder,Automatic,Silver,Ivory,2026-05-22 14:06:35.718300,2026-05-22 14:06:35.719893
MRRL7VUHBO1I0OXIP,Contoso Motors,2014,Crossover,1102,363,FWD,Hybrid,Automatic,Silver,Silverstone,2026-05-22 14:06:35.718300,2026-05-22 14:06:35.719893
VCGP9QOH9SJXZU7NT,Contoso Motors,2016,Hatchback,1103,51,RWD,6 Cylinder,Automatic,Chili Red,Black,2026-05-22 14:06:35.718300,2026-05-22 14:06:35.719893
J4PSIF7V9LS7CM0JH,Contoso Motors,2004,Truck,1104,344,FWD,6 Cylinder,Automatic,Silver,Black,2026-05-22 14:06:35.718300,2026-05-22 14:06:35.719893
H9B2RLTFU2H2I7ZZA,Contoso Motors,2004,Crossover,1105,365,RWD,4 Cylinder,Automatic,Silver,Beige,2026-05-22 14:06:35.718300,2026-05-22 14:06:35.719893
X40KN3GR0W7WOUBPX,Contoso Motors,2014,Sedan,1106,261,FWD,6 Cylinder,Automatic,Pepper White,Dark Gray,2026-05-22 14:06:35.718300,2026-05-22 14:06:35.719893
DTZSU66GZ5I2ZJ9ON,Contoso Motors,2007,Hatchback,1107,55,FWD,6 Cylinder,Automatic,Midnight Black,Silverstone,2026-05-22 14:06:35.718300,2026-05-22 14:06:35.719893
HAPAPY13LGVYN6IOI,Contoso Motors,2016,Minivan,1108,108,FWD,6 Cylinder,Automatic,Thunder Gray,Gray,2026-05-22 14:06:35.718300,2026-05-22 14:06:35.719893
E0IFFYJHBQ9KGBL26,Contoso Motors,2011,SUV,1109,375,FWD,6 Cylinder,Automatic,Silver,Silverstone,2026-05-22 14:06:35.718300,2026-05-22 14:06:35.719893
3M98H0RS5EO18NICW,Contoso Motors,2015,SUV,1110,382,AWD,Hybrid,Automatic,Silver,Old Lace,2026-05-22 14:06:35.718300,2026-05-22 14:06:35.719893
2JKXDM0Q7W56MBA58,Contoso Motors,2014,Commercial,1111,55,AWD,8 Cylinder,Automatic,Gray,Dark Gray,2026-05-22 14:06:35.718300,2026-05-22 14:06:35.719893
OYYG0JKCW4RW8QIX6,Contoso Motors,2015,Convertible 2DR,1112,112,FWD,Hybrid,Automatic,Blue,Old Lace,2026-05-22 14:06:35.718300,2026-05-22 14:06:35.719893
1QQK7Z53NPZJMEH01,Contoso Motors,2016,Coupe,1113,315,FWD,6 Cylinder,Automatic,Midnight Black,Silverstone,2026-05-22 14:06:35.718300,2026-05-22 14:06:35.719893
29UQM5DGL3FVCLCTN,Contoso Motors,2015,Hybrid,1114,114,FWD,Hybrid,Semi-Automatic,Deep Blue,Brown,2026-05-22 14:06:35.718300,2026-05-22 14:06:35.719893
CGDEZOWRBIU0HYIJG,Contoso Motors,2005,Truck,1115,384,FWD,6 Cylinder,Automatic,Silver,Black,2026-05-22 14:06:35.718300,2026-05-22 14:06:35.719893
WBHEY1DCGL0KYJEEC,Contoso Motors,2016,Wagon,1116,72,AWD,6 Cylinder,Automatic,Thunder Gray,Gray,2026-05-22 14:06:35.718300,2026-05-22 14:06:35.719893
VIHYRVDRYHM61RNGH,Contoso Motors,2014,Sedan,1117,309,FWD,6 Cylinder,Automatic,Pepper White,Dark Gray,2026-05-22 14:06:35.718300,2026-05-22 14:06:35.719893
PYU038HFUCIK6WB6N,Contoso Motors,2011,Sedan,1118,381,FWD,6 Cylinder,Automatic,Chili Red,Black,2026-05-22 14:06:35.718300,2026-05-22 14:06:35.719893
RWCS7RS110HZ89X0Y,Contoso Motors,2007,Sedan,1119,407,FWD,6 Cylinder,Automatic,Silver,Ivory,2026-05-22 14:06:35.718300,2026-05-22 14:06:35.719893
0GBRHQWAUQB1PL0TB,Contoso Motors,2006,Hatchback,1120,103,AWD,6 Cylinder,Automatic,Midnight Black,Silverstone,2026-05-22 14:06:35.718300,2026-05-22 14:06:35.719893
60A9H95T0VSGPZJBV,Contoso Motors,2011,Truck,1121,392,AWD,6 Cylinder,Automatic,Silver,Black,2026-05-22 14:06:35.718300,2026-05-22 14:06:35.719893
5NLUW3AXQLK8OZAPB,Contoso Motors,2007,Truck,1122,451,RWD,6 Cylinder,Automatic,Silver,Black,2026-05-22 14:06:35.718300,2026-05-22 14:06:35.719893
AAS8RO78FE8H8XY1T,Contoso Motors,2007,Coupe,1123,363,FWD,6 Cylinder,Automatic,Racing Green,Beige,2026-05-22 14:06:35.718300,2026-05-22 14:06:35.719893
JFBFPBZ9IO4GGYUD0,Contoso Motors,2014,Hybrid,1124,124,FWD,Hybrid,Semi-Automatic,Blue,Old Lace,2026-05-22 14:06:35.718300,2026-05-22 14:06:35.719893
IKY867K1HQH3NKVJ1,Contoso Motors,2014,SUV,1125,385,AWD,10 Cylinder,Automatic,Silver,Silverstone,2026-05-22 14:06:35.718300,2026-05-22 14:06:35.719893
AMAG0W5B0AU5DDSX8,Contoso Motors,2014,Commercial,1126,583,AWD,8 Cylinder,Automatic,Gray,Dark Gray,2026-05-22 14:06:35.718300,2026-05-22 14:06:35.719893
9BOSV00YBSTO45Q75,Contoso Motors,2013,Convertible 2DR,1127,127,FWD,6 Cylinder,Automatic,Midnight Black,Silverstone,2026-05-22 14:06:35.718300,2026-05-22 14:06:35.719893
89EGUL97CRN0OQ7R2,Contoso Motors,2005,Crossover,1128,389,FWD,6 Cylinder,Automatic,Silver,Red,2026-05-22 14:06:35.718300,2026-05-22 14:06:35.719893
FYTOU2AV5ODJ68U56,Contoso Motors,2007,SUV,1129,390,FWD,Electric,Automatic,Silver,Gray,2026-05-22 14:06:35.718300,2026-05-22 14:06:35.719893
VC4MRSR10TENVX9D2,Contoso Motors,2015,Minivan,1130,130,FWD,6 Cylinder,Automatic,Thunder Gray,Gray,2026-05-22 14:06:35.718300,2026-05-22 14:06:35.719893
L1BME38PEG6TOUKR8,Contoso Motors,2011,SUV,1131,405,FWD,Hybrid,Automatic,Silver,Black,2026-05-22 14:06:35.718300,2026-05-22 14:06:35.719893
OJLU3VSLXRLKVJA7G,Contoso Motors,2013,Minivan,1132,132,FWD,6 Cylinder,Automatic,Volcanic Orange,White,2026-05-22 14:06:35.718300,2026-05-22 14:06:35.719893
23MRDQ3RS24GTHL0Z,Contoso Motors,2015,SUV,1133,408,FWD,Hybrid,Automatic,Silver,Brown,2026-05-22 14:06:35.718300,2026-05-22 14:06:35.719893
ABGMRTW4A8U1KF7IL,Contoso Motors,2015,Minivan,1134,134,FWD,6 Cylinder,Automatic,Blue,Old Lace,2026-05-22 14:06:35.718300,2026-05-22 14:06:35.719893
3V35G3IU9O1FX58DC,Contoso Motors,2013,Minivan,1135,135,FWD,6 Cylinder,Automatic,Silver,Ivory,2026-05-22 14:06:35.718300,2026-05-22 14:06:35.719893
0SFG8RQQ0FUYXMDP3,Contoso Motors,2004,Minivan,1136,136,FWD,6 Cylinder,Automatic,Deep Blue,Brown,2026-05-22 14:06:35.718300,2026-05-22 14:06:35.719893
X5PMD0O0PES0B906V,Contoso Motors,2005,Minivan,1137,137,FWD,6 Cylinder,Automatic,Midnight Black,Silverstone,2026-05-22 14:06:35.718300,2026-05-22 14:06:35.719893
QFKKDE2Q455EL97LA,Contoso Motors,2007,Minivan,1138,138,FWD,6 Cylinder,Automatic,White Silver,Smoke White,2026-05-22 14:06:35.718300,2026-05-22 14:06:35.719893
VPL1QJ2CW6DXESKEI,Contoso Motors,2004,Sedan,1139,427,RWD,6 Cylinder,Automatic,Chili Red,Black,2026-05-22 14:06:35.718300,2026-05-22 14:06:35.719893
97ZDH28ATAZN1XLWY,Contoso Motors,2005,Wagon,1140,164,FWD,6 Cylinder,Automatic,Blazing Gray,Nutmeg,2026-05-22 14:06:35.718300,2026-05-22 14:06:35.719893
2ZUKP41V4QTLXOWLD,Contoso Motors,2007,Sedan,1141,429,AWD,6 Cylinder,Automatic,Silver,Ivory,2026-05-22 14:06:35.718300,2026-05-22 14:06:35.719893
UG25XB71ROX6VWX3F,Contoso Motors,2011,Sedan,1142,453,FWD,6 Cylinder,Automatic,Silver,Ivory,2026-05-22 14:06:35.718300,2026-05-22 14:06:35.719893
YSS5SQTLGD33K8SL1,Contoso Motors,2004,SUV,1143,409,FWD,6 Cylinder,Automatic,Silver,Brown,2026-05-22 14:06:35.718300,2026-05-22 14:06:35.719893
I29S8BXMFZKVS8IRC,Contoso Motors,2004,Truck,1144,457,FWD,6 Cylinder,Automatic,Silver,Black,2026-05-22 14:06:35.718300,2026-05-22 14:06:35.719893
0T19RSQE02TINDAAL,Contoso Motors,2011,Truck,1145,480,FWD,6 Cylinder,Automatic,Silver,Black,2026-05-22 14:06:35.718300,2026-05-22 14:06:35.719893
FWHC82R5PP8ZEXXAD,Contoso Motors,2016,Hatchback,1146,188,FWD,6 Cylinder,Automatic,Blazing Gray,Nutmeg,2026-05-22 14:06:35.718300,2026-05-22 14:06:35.719893
GORVXJBZ0O6JW2J3N,Contoso Motors,2012,Hatchback,1147,195,RWD,6 Cylinder,Automatic,Silver,Ivory,2026-05-22 14:06:35.718300,2026-05-22 14:06:35.719893
SZ0IU82I78EXJI8EO,Contoso Motors,2007,Minivan,1148,148,FWD,6 Cylinder,Automatic,Deep Blue,Brown,2026-05-22 14:06:35.718300,2026-05-22 14:06:35.719893
6NNDPGBHMT2Z5EIUS,Contoso Motors,2004,Minivan,1149,149,FWD,6 Cylinder,Automatic,Midnight Black,Silverstone,2026-05-22 14:06:35.718300,2026-05-22 14:06:35.719893
G2XP09WBQD4AH7E0X,Contoso Motors,2007,Crossover,1150,411,FWD,Hybrid,Automatic,Silver,Brown,2026-05-22 14:06:35.718300,2026-05-22 14:06:35.719893
GYHLH8H7FM5MU90X5,Contoso Motors,2004,Wagon,1151,212,AWD,6 Cylinder,Automatic,Blazing Gray,Nutmeg,2026-05-22 14:06:35.718300,2026-05-22 14:06:35.719893
3JOAP9YH2NS9BNBMQ,Contoso Motors,2014,Truck,1152,481,FWD,6 Cylinder,Automatic,Silver,Black,2026-05-22 14:06:35.718300,2026-05-22 14:06:35.719893
8JE4ZZRGE7A19KLES,Contoso Motors,2011,Crossover,1153,413,FWD,Electric,Automatic,Silver,Brown,2026-05-22 14:06:35.718300,2026-05-22 14:06:35.719893
D1Z9A1BETTMBRI4NW,Contoso Motors,2005,Sedan,1154,454,FWD,6 Cylinder,Automatic,Deep Blue,Brown,2026-05-22 14:06:35.718300,2026-05-22 14:06:35.719893
X78P7EE6VPA1H57Y7,Contoso Motors,2014,Hatchback,1155,243,FWD,6 Cylinder,Automatic,Midnight Black,Silverstone,2026-05-22 14:06:35.718300,2026-05-22 14:06:35.719893
P0I71GC5S21ZIBAUF,Contoso Motors,2015,Minivan,1156,156,FWD,6 Cylinder,Automatic,Volcanic Orange,White,2026-05-22 14:06:35.718300,2026-05-22 14:06:35.719893
T6MGWM3HFCT09DWAN,Contoso Motors,2013,SUV,1157,423,AWD,Hybrid,Automatic,Silver,Brown,2026-05-22 14:06:35.718300,2026-05-22 14:06:35.719893
B4WZ7V4Q2XKB6HVS0,Contoso Motors,2015,SUV,1158,430,FWD,4 Cylinder,Automatic,Silver,Brown,2026-05-22 14:06:35.718300,2026-05-22 14:06:35.719893
DYPS8PMDK9HBLFQD7,Contoso Motors,2014,Commercial,1159,111,AWD,8 Cylinder,Automatic,Gray,Dark Gray,2026-05-22 14:06:35.718300,2026-05-22 14:06:35.719893
ZJUN70Z1VDKIKW6JT,Contoso Motors,2016,Convertible 2DR,1160,160,FWD,Hybrid,Manual,Deep Blue,Brown,2026-05-22 14:06:35.718300,2026-05-22 14:06:35.719893
S7360F4IWKE5TRHZI,Contoso Motors,2005,Coupe,1161,401,FWD,6 Cylinder,Automatic,Electric Blue,Red,2026-05-22 14:06:35.718300,2026-05-22 14:06:35.719893
F6T5VFTMUHT3N0PKK,Contoso Motors,2014,Hybrid,1162,162,FWD,Hybrid,Semi-Automatic,White Silver,Smoke White,2026-05-22 14:06:35.718300,2026-05-22 14:06:35.719893
GA2AJ5X7DH9HBQ55Y,Contoso Motors,2011,Truck,1163,505,AWD,6 Cylinder,Automatic,Silver,Black,2026-05-22 14:06:35.718300,2026-05-22 14:06:35.719893
JWGUIFIV3Q7XXDA9P,Contoso Motors,2007,Hatchback,1164,247,AWD,6 Cylinder,Automatic,Electric Blue,Red,2026-05-22 14:06:35.718300,2026-05-22 14:06:35.719893
CVEW9BUKF8OI77XY7,Contoso Motors,2005,Sedan,1165,477,FWD,6 Cylinder,Automatic,Silver,Ivory,2026-05-22 14:06:35.718300,2026-05-22 14:06:35.719893
90GB5N6DRZ7V781D4,Contoso Motors,2007,Sedan,1166,478,FWD,6 Cylinder,Automatic,Deep Blue,Brown,2026-05-22 14:06:35.718300,2026-05-22 14:06:35.719893
41AWJADS0XG8B48YY,Contoso Motors,2004,Sedan,1167,501,AWD,6 Cylinder,Automatic,Silver,Ivory,2026-05-22 14:06:35.718300,2026-05-22 14:06:35.719893
I0SXGXIBU2K45UM4F,Contoso Motors,2013,Wagon,1168,264,FWD,6 Cylinder,Automatic,Blue,Old Lace,2026-05-22 14:06:35.718300,2026-05-22 14:06:35.719893
PVY0PV7AADAH2DJYC,Contoso Motors,2013,Truck,1169,506,AWD,6 Cylinder,Automatic,Silver,Black,2026-05-22 14:06:35.718300,2026-05-22 14:06:35.719893
1WOFHPROXWGN96QOG,Contoso Motors,2013,Truck,1170,528,FWD,6 Cylinder,Automatic,Silver,Black,2026-05-22 14:06:35.718300,2026-05-22 14:06:35.719893
RGWBMK8KQ4MEP7NNW,Contoso Motors,2004,Coupe,1171,449,FWD,6 Cylinder,Automatic,Pepper White,Dark Gray,2026-05-22 14:06:35.718300,2026-05-22 14:06:35.719893
3NF1S5NWW07XKMSG7,Contoso Motors,2014,Hybrid,1172,172,FWD,Hybrid,Semi-Automatic,Deep Blue,Brown,2026-05-22 14:06:35.718300,2026-05-22 14:06:35.719893
530W2IAE5A9T8SZ0Y,Contoso Motors,2005,SUV,1173,433,FWD,6 Cylinder,Automatic,Silver,Brown,2026-05-22 14:06:35.718300,2026-05-22 14:06:35.719893
2BDXIN8PZK2AQRC17,Contoso Motors,2014,Commercial,1174,639,AWD,8 Cylinder,Automatic,Gray,Dark Gray,2026-05-22 14:06:35.718300,2026-05-22 14:06:35.719893
N85D2K3A60TXOA9LB,Contoso Motors,2016,Convertible 2DR,1175,175,AWD,Hybrid,Manual,Racing Green,Beige,2026-05-22 14:06:35.718300,2026-05-22 14:06:35.719893
TBRA01B6HVUVAA72C,Contoso Motors,2004,Crossover,1176,437,RWD,6 Cylinder,Automatic,Silver,Brown,2026-05-22 14:06:35.718300,2026-05-22 14:06:35.719893
C7JW8JCYBIV9ORFZ5,Contoso Motors,2005,SUV,1177,438,FWD,3 Cylinder,Automatic,Silver,Brown,2026-05-22 14:06:35.718300,2026-05-22 14:06:35.719893
906HDJ8H0W9BL65SV,Contoso Motors,2015,Minivan,1178,178,FWD,6 Cylinder,Automatic,Thunder Gray,Gray,2026-05-22 14:06:35.718300,2026-05-22 14:06:35.719893
XVFP29B0NL0AKUD5P,Contoso Motors,2004,SUV,1179,453,AWD,8 Cylinder,Automatic,Silver,Brown,2026-05-22 14:06:35.718300,2026-05-22 14:06:35.719893
ELUHSYBVDCFNNFPKC,Contoso Motors,2004,Minivan,1180,180,FWD,6 Cylinder,Automatic,Volcanic Orange,White,2026-05-22 14:06:35.718300,2026-05-22 14:06:35.719893
2N6XHWSUOHT8WC08V,Contoso Motors,2016,SUV,1181,456,AWD,6 Cylinder,Automatic,Silver,Brown,2026-05-22 14:06:35.718300,2026-05-22 14:06:35.719893
TMTTU60BTN1545T38,Contoso Motors,2007,Minivan,1182,182,FWD,6 Cylinder,Automatic,Blue,Old Lace,2026-05-22 14:06:35.718300,2026-05-22 14:06:35.719893
1HNKIHZL5Z1M33ZQ5,Contoso Motors,2016,Minivan,1183,183,FWD,6 Cylinder,Automatic,Silver,Ivory,2026-05-22 14:06:35.718300,2026-05-22 14:06:35.719893
L67F49WJBZ8S0RBGM,Contoso Motors,2011,Minivan,1184,184,FWD,6 Cylinder,Automatic,Deep Blue,Brown,2026-05-22 14:06:35.718300,2026-05-22 14:06:35.719893
0BXDIHRSNQQKYSL5W,Contoso Motors,2004,Minivan,1185,185,FWD,6 Cylinder,Automatic,Midnight Black,Silverstone,2026-05-22 14:06:35.718300,2026-05-22 14:06:35.719893
VRG8KBFGZW30CSGGF,Contoso Motors,2005,Minivan,1186,186,FWD,6 Cylinder,Automatic,White Silver,Smoke White,2026-05-22 14:06:35.718300,2026-05-22 14:06:35.719893
CB3RI2UW96J2XY7O6,Contoso Motors,2005,Sedan,1187,502,AWD,6 Cylinder,Automatic,Deep Blue,Brown,2026-05-22 14:06:35.718300,2026-05-22 14:06:35.719893
EQQ1NZWQZALHWSQFN,Contoso Motors,2016,Hatchback,1188,284,AWD,6 Cylinder,Automatic,Thunder Gray,Gray,2026-05-22 14:06:35.718300,2026-05-22 14:06:35.719893
XE5MSTKF0DYWNV1ZT,Contoso Motors,2012,Sedan,1189,503,AWD,6 Cylinder,Automatic,Midnight Black,Silverstone,2026-05-22 14:06:35.718300,2026-05-22 14:06:35.719893
K31X83Q8OAWY41TG4,Contoso Motors,2014,Sedan,1190,525,FWD,6 Cylinder,Automatic,Midnight Black,Silverstone,2026-05-22 14:06:35.718300,2026-05-22 14:06:35.719893
LFQW1OKHGC3OSPYIA,Contoso Motors,2011,SUV,1191,457,AWD,6 Cylinder,Automatic,Silver,Brown,2026-05-22 14:06:35.718300,2026-05-22 14:06:35.719893
ER1E7N85MRKL9ANO9,Contoso Motors,2005,Truck,1192,577,AWD,6 Cylinder,Automatic,Silver,Black,2026-05-22 14:06:35.718300,2026-05-22 14:06:35.719893
1GA8S8N4J1FG3XOQ9,Contoso Motors,2016,Truck,1193,584,FWD,6 Cylinder,Automatic,Silver,Black,2026-05-22 14:06:35.718300,2026-05-22 14:06:35.719893
GJG4UW3FTNVX2473G,Contoso Motors,2013,Wagon,1194,308,FWD,6 Cylinder,Automatic,Thunder Gray,Gray,2026-05-22 14:06:35.718300,2026-05-22 14:06:35.719893
TQ22E75PAKKD1T2NL,Contoso Motors,2004,Wagon,1195,312,FWD,6 Cylinder,Automatic,Blue,Old Lace,2026-05-22 14:06:35.718300,2026-05-22 14:06:35.719893
26PK7J56X3W3ZXMH4,Contoso Motors,2016,Minivan,1196,196,FWD,6 Cylinder,Automatic,Deep Blue,Brown,2026-05-22 14:06:35.718300,2026-05-22 14:06:35.719893
VRWLYRD3XW8XQ5PN6,Contoso Motors,2011,Minivan,1197,197,FWD,6 Cylinder,Automatic,Midnight Black,Silverstone,2026-05-22 14:06:35.718300,2026-05-22 14:06:35.719893
U4P0RTX0KIORVCVU3,Contoso Motors,2004,Crossover,1198,459,AWD,Electric,Automatic,Silver,Brown,2026-05-22 14:06:35.718300,2026-05-22 14:06:35.719893
3T9KCUYCGS6EY7VM6,Contoso Motors,2015,Hatchback,1199,332,FWD,6 Cylinder,Automatic,Volcanic Orange,White,2026-05-22 14:06:35.718300,2026-05-22 14:06:35.719893
XAOBIMU080AVB4CME,Contoso Motors,2011,Truck,1200,624,FWD,6 Cylinder,Automatic,Silver,Black,2026-05-22 14:06:35.718300,2026-05-22 14:06:35.719893
BOP2XCCXIGHE7N6TQ,Contoso Motors,2007,Crossover,1201,461,FWD,8 Cylinder,Automatic,Silver,Brown,2026-05-22 14:06:35.718300,2026-05-22 14:06:35.719893
PL239SH0GJM53U9UZ,Contoso Motors,2016,Sedan,1202,571,RWD,6 Cylinder,Automatic,Silver,Ivory,2026-05-22 14:06:35.718300,2026-05-22 14:06:35.719893
LIY5IZ7YLRSMSGGWI,Contoso Motors,2009,Wagon,1203,338,AWD,6 Cylinder,Automatic,White Silver,Smoke White,2026-05-22 14:06:35.718300,2026-05-22 14:06:35.719893
PBGJM7MBFGRQ3OH9W,Contoso Motors,2016,Minivan,1204,204,FWD,6 Cylinder,Automatic,Volcanic Orange,White,2026-05-22 14:06:35.718300,2026-05-22 14:06:35.719893
76623FQEO37MWMVVR,Contoso Motors,2016,SUV,1205,471,FWD,Hybrid,Automatic,Silver,Brown,2026-05-22 14:06:35.718300,2026-05-22 14:06:35.719893
YSHUK8KE32XMS6ADJ,Contoso Motors,2007,SUV,1206,478,FWD,Hybrid,Automatic,Silver,Brown,2026-05-22 14:06:35.718300,2026-05-22 14:06:35.719893
LKRCL68SFDKLK42PP,Contoso Motors,2014,Commercial,1207,167,AWD,8 Cylinder,Automatic,Gray,Dark Gray,2026-05-22 14:06:35.718300,2026-05-22 14:06:35.719893
0Z42ATJI1R3D1RCQE,Contoso Motors,2005,Convertible 2DR,1208,208,FWD,6 Cylinder,Manual,Deep Blue,Brown,2026-05-22 14:06:35.718300,2026-05-22 14:06:35.719893
1ELTWJFFQHN8MGSRL,Contoso Motors,2004,Coupe,1209,603,FWD,6 Cylinder,Automatic,Chili Red,Black,2026-05-22 14:06:35.718300,2026-05-22 14:06:35.719893
C7K8EWK29HKF71V1E,Contoso Motors,2014,Hybrid,1210,210,FWD,Hybrid,Semi-Automatic,White Silver,Smoke White,2026-05-22 14:06:35.718300,2026-05-22 14:06:35.719893
1X0BEZG5RFU5P2SCE,Contoso Motors,2004,Truck,1211,625,FWD,6 Cylinder,Automatic,Silver,Black,2026-05-22 14:06:35.718300,2026-05-22 14:06:35.719893
H2SIWYECXGY668PKR,Contoso Motors,2013,Hatchback,1212,347,FWD,6 Cylinder,Automatic,Silver,Ivory,2026-05-22 14:06:35.718300,2026-05-22 14:06:35.719893
XNJG3ESF0KIBQYXYC,Contoso Motors,2004,Sedan,1213,597,FWD,6 Cylinder,Automatic,Midnight Black,Silverstone,2026-05-22 14:06:35.718300,2026-05-22 14:06:35.719893
1IR4Z93B2RB32ILZW,Contoso Motors,2013,Sedan,1214,619,FWD,6 Cylinder,Automatic,Midnight Black,Silverstone,2026-05-22 14:06:35.718300,2026-05-22 14:06:35.719893
XF3GTQ4DXGRVOPIKZ,Contoso Motors,2005,Sedan,1215,621,FWD,6 Cylinder,Automatic,Racing Green,Beige,2026-05-22 14:06:35.718300,2026-05-22 14:06:35.719893
OM89K40I5L1PNACD9,Contoso Motors,2011,Wagon,1216,404,FWD,6 Cylinder,Automatic,Volcanic Orange,White,2026-05-22 14:06:35.718300,2026-05-22 14:06:35.719893
VHMGA88HZ7CBE8VO9,Contoso Motors,2016,Truck,1217,680,AWD,6 Cylinder,Automatic,Silver,Black,2026-05-22 14:06:35.718300,2026-05-22 14:06:35.719893
MQFUZ427AFCL7WD2U,Contoso Motors,2004,Truck,1218,691,FWD,6 Cylinder,Automatic,Silver,Black,2026-05-22 14:06:35.718300,2026-05-22 14:06:35.719893
I3IJBG6NFJEYNQ006,Contoso Motors,2014,Coupe,1219,833,FWD,6 Cylinder,Automatic,Racing Green,Beige,2026-05-22 14:06:35.718300,2026-05-22 14:06:35.719893
0I30WSXTJIMT05NMZ,Contoso Motors,2014,Hybrid,1220,220,FWD,Hybrid,Semi-Automatic,Deep Blue,Brown,2026-05-22 14:06:35.718300,2026-05-22 14:06:35.719893
NDCDLJOTWMEKBJPND,Contoso Motors,2004,SUV,1221,481,FWD,Hybrid,Automatic,Silver,Brown,2026-05-22 14:06:35.718300,2026-05-22 14:06:35.719893
BWADR3Y9RZ034T69R,Contoso Motors,2015,Commercial,1222,70,AWD,8 Cylinder,Automatic,Gray,Dark Gray,2026-05-22 14:06:35.718300,2026-05-22 14:06:35.719893
XLSP2XOXW4PSDKDMU,Contoso Motors,2013,Convertible 2DR,1223,223,FWD,Hybrid,Manual,Racing Green,Beige,2026-05-22 14:06:35.718300,2026-05-22 14:06:35.719893
2NNBYPLXMPYIGE1T5,Contoso Motors,2011,Crossover,1224,485,FWD,4 Cylinder,Automatic,Silver,Brown,2026-05-22 14:06:35.718300,2026-05-22 14:06:35.719893
GHWDQ7A3UZIL3XMVH,Contoso Motors,2005,SUV,1225,486,FWD,4 Cylinder,Automatic,Silver,Brown,2026-05-22 14:06:35.718300,2026-05-22 14:06:35.719893
DSAC1X4P9DF5Y68KQ,Contoso Motors,2007,Minivan,1226,226,FWD,6 Cylinder,Automatic,Volcanic Orange,White,2026-05-22 14:06:35.718300,2026-05-22 14:06:35.719893
RZAW4278UQ6HPF19Q,Contoso Motors,2011,SUV,1227,501,FWD,Electric,Automatic,Silver,Brown,2026-05-22 14:06:35.718300,2026-05-22 14:06:35.719893
4A4UHN656JD1DBMX4,Contoso Motors,2011,Minivan,1228,228,FWD,6 Cylinder,Automatic,Blue,Old Lace,2026-05-22 14:06:35.718300,2026-05-22 14:06:35.719893
JE8FF9NU4JOWBY72H,Contoso Motors,2005,SUV,1229,504,FWD,8 Cylinder,Automatic,Silver,Brown,2026-05-22 14:06:35.718300,2026-05-22 14:06:35.719893
5RBDKWDUX9ADDYK0G,Contoso Motors,2005,Minivan,1230,230,FWD,6 Cylinder,Automatic,Deep Blue,Brown,2026-05-22 14:06:35.718300,2026-05-22 14:06:35.719893
58ZOCI38QKP897IZT,Contoso Motors,2007,Minivan,1231,231,FWD,6 Cylinder,Automatic,Midnight Black,Silverstone,2026-05-22 14:06:35.718300,2026-05-22 14:06:35.719893
Z1FXORB5IZ8LWUANM,Contoso Motors,2016,Minivan,1232,232,FWD,6 Cylinder,Automatic,White Silver,Smoke White,2026-05-22 14:06:35.718300,2026-05-22 14:06:35.719893
5O12NDTI6VVRZZJ8E,Contoso Motors,2011,Minivan,1233,233,FWD,6 Cylinder,Automatic,Racing Green,Beige,2026-05-22 14:06:35.718300,2026-05-22 14:06:35.719893
YYPFAPQ7FR6EAEU8N,Contoso Motors,2005,Minivan,1234,234,FWD,6 Cylinder,Automatic,Blazing Gray,Nutmeg,2026-05-22 14:06:35.718300,2026-05-22 14:06:35.719893
NJAJ6E9MSUEVP9IQB,Contoso Motors,2007,Sedan,1235,622,FWD,6 Cylinder,Automatic,Blazing Gray,Nutmeg,2026-05-22 14:06:35.718300,2026-05-22 14:06:35.719893
L3CSZU1SEURP4WI9D,Contoso Motors,2005,Hatchback,1236,428,AWD,6 Cylinder,Automatic,Blue,Old Lace,2026-05-22 14:06:35.718300,2026-05-22 14:06:35.719893
FT4W77VTWPTOAI30M,Contoso Motors,2011,Sedan,1237,645,AWD,6 Cylinder,Automatic,Racing Green,Beige,2026-05-22 14:06:35.718300,2026-05-22 14:06:35.719893
YYUF7P2NL99J1F9WP,Contoso Motors,2013,Sedan,1238,682,AWD,6 Cylinder,Automatic,Blazing Gray,Nutmeg,2026-05-22 14:06:35.718300,2026-05-22 14:06:35.719893
WQFQF43WVB7VDMIVK,Contoso Motors,2007,SUV,1239,505,FWD,10 Cylinder,Automatic,Silver,Brown,2026-05-22 14:06:35.718300,2026-05-22 14:06:35.719893
ZGL3U8RGPUDWAL5SK,Contoso Motors,2005,Truck,1240,697,FWD,6 Cylinder,Automatic,Silver,Black,2026-05-22 14:06:35.718300,2026-05-22 14:06:35.719893
T6IPJJ74Q1ZKCMA34,Contoso Motors,2007,Truck,1241,720,AWD,6 Cylinder,Automatic,Silver,Black,2026-05-22 14:06:35.718300,2026-05-22 14:06:35.719893
ETRQ5IK20QUNLMHG0,Contoso Motors,2016,Wagon,1242,452,FWD,6 Cylinder,Automatic,Blue,Old Lace,2026-05-22 14:06:35.718300,2026-05-22 14:06:35.719893
MG938KW4ROP139RKI,Contoso Motors,2004,Hatchback,1243,476,FWD,6 Cylinder,Automatic,Blue,Old Lace,2026-05-22 14:06:35.718300,2026-05-22 14:06:35.719893
E96DUTRPKKFTBZY69,Contoso Motors,2015,Minivan,1244,244,FWD,6 Cylinder,Automatic,White Silver,Smoke White,2026-05-22 14:06:35.718300,2026-05-22 14:06:35.719893
M8FU8QCVRN89ZIRXA,Contoso Motors,2004,Minivan,1245,245,FWD,6 Cylinder,Automatic,Racing Green,Beige,2026-05-22 14:06:35.718300,2026-05-22 14:06:35.719893
0TRTC0ZNZP8VJY56Y,Contoso Motors,2011,Crossover,1246,507,FWD,3 Cylinder,Automatic,Silver,Brown,2026-05-22 14:06:35.718300,2026-05-22 14:06:35.719893
LFMINWIJD3BDT3Z7A,Contoso Motors,2015,Wagon,1247,482,FWD,6 Cylinder,Automatic,Blazing Gray,Nutmeg,2026-05-22 14:06:35.718300,2026-05-22 14:06:35.719893
BBAWQA6H4DGS3R6GQ,Contoso Motors,2011,Truck,1248,739,AWD,6 Cylinder,Automatic,Silver,Black,2026-05-22 14:06:35.718300,2026-05-22 14:06:35.719893
ODZH8NPF5MDVGYSIZ,Contoso Motors,2005,Crossover,1249,509,RWD,6 Cylinder,Automatic,Silver,Brown,2026-05-22 14:06:35.718300,2026-05-22 14:06:35.719893
IK3852NSY885GO899,Contoso Motors,2011,Sedan,1250,717,AWD,6 Cylinder,Automatic,Electric Blue,Red,2026-05-22 14:06:35.718300,2026-05-22 14:06:35.719893
GAXQKXF247DXMV87J,Contoso Motors,2007,Wagon,1251,500,AWD,6 Cylinder,Automatic,Blue,Old Lace,2026-05-22 14:06:35.718300,2026-05-22 14:06:35.719893
NCGT352M2HBLTB991,Contoso Motors,2005,Minivan,1252,252,FWD,6 Cylinder,Automatic,Blue,Old Lace,2026-05-22 14:06:35.718300,2026-05-22 14:06:35.719893
NRGMCKB8AGZVYQOD8,Contoso Motors,2013,SUV,1253,519,FWD,Electric,Automatic,Silver,Red,2026-05-22 14:06:35.718300,2026-05-22 14:06:35.719893
VLJDAURTHW5D3TH3Z,Contoso Motors,2005,SUV,1254,526,AWD,6 Cylinder,Automatic,Silver,Brown,2026-05-22 14:06:35.718300,2026-05-22 14:06:35.719893
ULBEOJBJNIIY81QP0,Contoso Motors,2015,Commercial,1255,646,AWD,8 Cylinder,Automatic,Gray,Dark Gray,2026-05-22 14:06:35.718300,2026-05-22 14:06:35.719893
4W5SZGAL7ZWK0VNV3,Contoso Motors,2004,Convertible 2DR,1256,256,FWD,8 Cylinder,Manual,White Silver,Smoke White,2026-05-22 14:06:35.718300,2026-05-22 14:06:35.719893
Y46JJS1HPE59U638H,Contoso Motors,2014,Coupe,1257,881,RWD,6 Cylinder,Automatic,Racing Green,Beige,2026-05-22 14:06:35.718300,2026-05-22 14:06:35.719893
DH5KEKXT2JKA4ZGQ6,Contoso Motors,2014,Hybrid,1258,258,FWD,Hybrid,Semi-Automatic,Blazing Gray,Nutmeg,2026-05-22 14:06:35.718300,2026-05-22 14:06:35.719893
4QJFB96VQMZKHAPV8,Contoso Motors,2014,Truck,1259,745,FWD,6 Cylinder,Automatic,Silver,Black,2026-05-22 14:06:35.718300,2026-05-22 14:06:35.719893
AVL35XR093PIZO6K7,Contoso Motors,2016,Wagon,1260,504,AWD,6 Cylinder,Automatic,White Silver,Smoke White,2026-05-22 14:06:35.718300,2026-05-22 14:06:35.719893
EG75SX4LRFNW9T2L8,Contoso Motors,2005,Sedan,1261,741,FWD,6 Cylinder,Automatic,Electric Blue,Red,2026-05-22 14:06:35.718300,2026-05-22 14:06:35.719893
I6GWV0XSZIQT23ZHY,Contoso Motors,2007,Sedan,1262,742,FWD,6 Cylinder,Automatic,Thunder Gray,Gray,2026-05-22 14:06:35.718300,2026-05-22 14:06:35.719893
M264PSN0D764LP4E0,Contoso Motors,2013,Sedan,1263,743,FWD,6 Cylinder,Automatic,Pepper White,Dark Gray,2026-05-22 14:06:35.718300,2026-05-22 14:06:35.719893
SB1LWHLPSQJ6PWUEU,Contoso Motors,2011,Hatchback,1264,524,FWD,6 Cylinder,Automatic,Deep Blue,Brown,2026-05-22 14:06:35.718300,2026-05-22 14:06:35.719893
6Y4HPKD65POPBXDAU,Contoso Motors,2016,Truck,1265,768,FWD,6 Cylinder,Automatic,Silver,Black,2026-05-22 14:06:35.718300,2026-05-22 14:06:35.719893
66UVTJW2DY0O8PYMK,Contoso Motors,2005,Truck,1266,824,RWD,6 Cylinder,Automatic,Silver,Black,2026-05-22 14:06:35.718300,2026-05-22 14:06:35.719893
5HH7R527ZJOYIA8OY,Contoso Motors,2006,Coupe,1267,939,AWD,6 Cylinder,Automatic,Racing Green,Beige,2026-05-22 14:06:35.718300,2026-05-22 14:06:35.719893
XJ6KDFQ2PBQ4ZUBGB,Contoso Motors,2014,Hybrid,1268,268,FWD,Hybrid,Semi-Automatic,White Silver,Smoke White,2026-05-22 14:06:35.718300,2026-05-22 14:06:35.719893
9SZFR2BHGVEAF6JOX,Contoso Motors,2011,SUV,1269,529,AWD,6 Cylinder,Automatic,Silver,Beige,2026-05-22 14:06:35.718300,2026-05-22 14:06:35.719893
NGIMR2OG7496H3DFC,Contoso Motors,2015,Commercial,1270,174,AWD,8 Cylinder,Automatic,Gray,Dark Gray,2026-05-22 14:06:35.718300,2026-05-22 14:06:35.719893
MK7GA9A923OPBECLB,Contoso Motors,2016,Convertible 2DR,1271,271,FWD,Electric,Manual,Electric Blue,Red,2026-05-22 14:06:35.718300,2026-05-22 14:06:35.719893
LAM5A9404QPQHTRAZ,Contoso Motors,2004,Crossover,1272,533,FWD,Electric,Automatic,Silver,Beige,2026-05-22 14:06:35.718300,2026-05-22 14:06:35.719893
IDEKL3UODAAI6CG4K,Contoso Motors,2005,SUV,1273,534,FWD,Hybrid,Automatic,Silver,Beige,2026-05-22 14:06:35.718300,2026-05-22 14:06:35.719893
F9CT3R8M8E4ZAHJF6,Contoso Motors,2005,Minivan,1274,274,FWD,6 Cylinder,Automatic,Volcanic Orange,White,2026-05-22 14:06:35.718300,2026-05-22 14:06:35.719893
TM1JD19QYMFO1P574,Contoso Motors,2007,SUV,1275,549,FWD,4 Cylinder,Automatic,Silver,Beige,2026-05-22 14:06:35.718300,2026-05-22 14:06:35.719893
GTOEXK959CMD932ZB,Contoso Motors,2016,Minivan,1276,276,FWD,6 Cylinder,Automatic,Blue,Old Lace,2026-05-22 14:06:35.718300,2026-05-22 14:06:35.719893
K1RQ6TZOABLZ68O03,Contoso Motors,2004,SUV,1277,552,FWD,6 Cylinder,Automatic,Silver,Beige,2026-05-22 14:06:35.718300,2026-05-22 14:06:35.719893
V4YYL9QFC49ZAEM49,Contoso Motors,2005,Minivan,1278,278,FWD,6 Cylinder,Automatic,Deep Blue,Brown,2026-05-22 14:06:35.718300,2026-05-22 14:06:35.719893
LCBU82I3PQ88AJRPC,Contoso Motors,2006,Minivan,1279,279,FWD,6 Cylinder,Automatic,Midnight Black,Silverstone,2026-05-22 14:06:35.718300,2026-05-22 14:06:35.719893
M0FFTDSRAVLG9AI8R,Contoso Motors,2007,Minivan,1280,280,FWD,6 Cylinder,Automatic,White Silver,Smoke White,2026-05-22 14:06:35.718300,2026-05-22 14:06:35.719893
SJEWVZES6P40RFJ2C,Contoso Motors,2004,Minivan,1281,281,FWD,6 Cylinder,Automatic,Racing Green,Beige,2026-05-22 14:06:35.718300,2026-05-22 14:06:35.719893
UNHJ1BS4IJDD9JJQ4,Contoso Motors,2005,Minivan,1282,282,FWD,6 Cylinder,Automatic,Blazing Gray,Nutmeg,2026-05-22 14:06:35.718300,2026-05-22 14:06:35.719893
DRO9OF9GDWEPDU90B,Contoso Motors,2004,Sedan,1283,765,FWD,6 Cylinder,Automatic,Electric Blue,Red,2026-05-22 14:06:35.718300,2026-05-22 14:06:35.719893
AV977M67R6FW2C7UY,Contoso Motors,2016,Wagon,1284,600,FWD,6 Cylinder,Automatic,Thunder Gray,Gray,2026-05-22 14:06:35.718300,2026-05-22 14:06:35.719893
WRIDNN9F6V38KKPDJ,Contoso Motors,2016,Sedan,1285,826,AWD,6 Cylinder,Automatic,Volcanic Orange,White,2026-05-22 14:06:35.718300,2026-05-22 14:06:35.719893
AX0J6KW0FDI04F222,Contoso Motors,2016,Sedan,1286,887,FWD,6 Cylinder,Automatic,Silver,Ivory,2026-05-22 14:06:35.718300,2026-05-22 14:06:35.719893
IZGBOUOH0QDT7KX44,Contoso Motors,2005,SUV,1287,553,FWD,6 Cylinder,Automatic,Silver,Beige,2026-05-22 14:06:35.718300,2026-05-22 14:06:35.719893
JVHJQQ3CAYW85TKM6,Contoso Motors,2007,Truck,1288,913,FWD,6 Cylinder,Automatic,Silver,Black,2026-05-22 14:06:35.718300,2026-05-22 14:06:35.719893
MH96VP2EWK2CU8QLO,Contoso Motors,2011,Truck,1289,937,AWD,6 Cylinder,Automatic,Silver,Black,2026-05-22 14:06:35.718300,2026-05-22 14:06:35.719893
TEJKXNOSEJQHD43H6,Contoso Motors,2004,Hatchback,1290,620,FWD,6 Cylinder,Automatic,White Silver,Smoke White,2026-05-22 14:06:35.718300,2026-05-22 14:06:35.719893
66FZ8F20WBAKUQR4W,Contoso Motors,2006,Hatchback,1291,631,RWD,6 Cylinder,Automatic,Midnight Black,Silverstone,2026-05-22 14:06:35.718300,2026-05-22 14:06:35.719893
D8GCDIXB5352RWT9L,Contoso Motors,2016,Minivan,1292,292,FWD,6 Cylinder,Automatic,White Silver,Smoke White,2026-05-22 14:06:35.718300,2026-05-22 14:06:35.719893
T5G690OUAUEORIOUO,Contoso Motors,2011,Minivan,1293,293,FWD,6 Cylinder,Automatic,Racing Green,Beige,2026-05-22 14:06:35.718300,2026-05-22 14:06:35.719893
E6I1WU4V68P2YI9EZ,Contoso Motors,2013,Crossover,1294,555,FWD,6 Cylinder,Automatic,Silver,Beige,2026-05-22 14:06:35.718300,2026-05-22 14:06:35.719893
A8KAMYGO3AKYV081V,Contoso Motors,2016,Wagon,1295,644,AWD,6 Cylinder,Automatic,White Silver,Smoke White,2026-05-22 14:06:35.718300,2026-05-22 14:06:35.719893
3PBED0J26IA5PGY7C,Contoso Motors,2005,Truck,1296,938,AWD,6 Cylinder,Automatic,Silver,Black,2026-05-22 14:06:35.718300,2026-05-22 14:06:35.719893
5JK0ZIYX9GGG3HWD1,Contoso Motors,2014,Crossover,1297,557,FWD,6 Cylinder,Automatic,Silver,Beige,2026-05-22 14:06:35.718300,2026-05-22 14:06:35.719893
KGKU39G92BWMGN5L3,Contoso Motors,2009,Sedan,1298,910,FWD,6 Cylinder,Automatic,Blue,Old Lace,2026-05-22 14:06:35.718300,2026-05-22 14:06:35.719893
LSCQSH0E0ZO6FQXA1,Contoso Motors,2005,Wagon,1299,648,AWD,6 Cylinder,Automatic,Thunder Gray,Gray,2026-05-22 14:06:35.718300,2026-05-22 14:06:35.719893
FTX8HD931F3FMWDHA,Contoso Motors,2004,Minivan,1300,300,FWD,6 Cylinder,Automatic,Blue,Old Lace,2026-05-22 14:06:35.718300,2026-05-22 14:06:35.719893
ONE99UYVELKPCUTDP,Contoso Motors,2016,SUV,1301,567,AWD,3 Cylinder,Automatic,Silver,Beige,2026-05-22 14:06:35.718300,2026-05-22 14:06:35.719893
MCGQ5T5PN01IP9MZ8,Contoso Motors,2005,SUV,1302,574,FWD,10 Cylinder,Automatic,Silver,Beige,2026-05-22 14:06:35.718300,2026-05-22 14:06:35.719893
UI06J0D5G0CAAFY19,Contoso Motors,2015,Commercial,1303,222,AWD,8 Cylinder,Automatic,Gray,Dark Gray,2026-05-22 14:06:35.718300,2026-05-22 14:06:35.719893
Y5SBTSW4WX021KGFA,Contoso Motors,2011,Convertible 2DR,1304,304,FWD,6 Cylinder,Manual,White Silver,Smoke White,2026-05-22 14:06:35.718300,2026-05-22 14:06:35.719893
MP0S8AKU43RPKD90V,Contoso Motors,2004,Coupe,1305,73,FWD,6 Cylinder,Automatic,Chili Red,Black,2026-05-22 14:06:35.718300,2026-05-22 14:06:35.719893
YHIK1NXRYJEB9PVH1,Contoso Motors,2014,Hybrid,1306,306,FWD,Hybrid,Semi-Automatic,Blazing Gray,Nutmeg,2026-05-22 14:06:35.718300,2026-05-22 14:06:35.719893
34X7MRZ9LNSQT9DQU,Contoso Motors,2004,Truck,1307,960,FWD,6 Cylinder,Automatic,Silver,Black,2026-05-22 14:06:35.718300,2026-05-22 14:06:35.719893
2UJ2QKEYM218KRM6J,Contoso Motors,2012,Hatchback,1308,679,RWD,6 Cylinder,Automatic,Midnight Black,Silverstone,2026-05-22 14:06:35.718300,2026-05-22 14:06:35.719893
6UHMXMW5NXMNQUAF0,Contoso Motors,2007,Sedan,1309,935,AWD,6 Cylinder,Automatic,Silver,Ivory,2026-05-22 14:06:35.718300,2026-05-22 14:06:35.719893
314QP2MUZPKE4BAFS,Contoso Motors,2015,Sedan,1310,970,AWD,6 Cylinder,Automatic,Blue,Old Lace,2026-05-22 14:06:35.718300,2026-05-22 14:06:35.719893
B13S39TMEEIO3NBHJ,Contoso Motors,2005,Sedan,1311,30,FWD,6 Cylinder,Automatic,Deep Blue,Brown,2026-05-22 14:06:35.718300,2026-05-22 14:06:35.719893
XW440S0HCDHEM9P9F,Contoso Motors,2014,Hatchback,1312,683,AWD,6 Cylinder,Automatic,Electric Blue,Red,2026-05-22 14:06:35.718300,2026-05-22 14:06:35.719893
SPTF6X75CP3H9LH2O,Contoso Motors,2005,Truck,1313,961,FWD,6 Cylinder,Automatic,Silver,Black,2026-05-22 14:06:35.718300,2026-05-22 14:06:35.719893
22ADQR3GY64IQ96JF,Contoso Motors,2007,Truck,1314,979,FWD,6 Cylinder,Automatic,Silver,Black,2026-05-22 14:06:35.718300,2026-05-22 14:06:35.719893
RM1WZGYS9YABON8Q8,Contoso Motors,2011,Coupe,1315,121,AWD,6 Cylinder,Automatic,Chili Red,Black,2026-05-22 14:06:35.718300,2026-05-22 14:06:35.719893
UF0BKWQIZ10FZ6B9E,Contoso Motors,2014,Hybrid,1316,316,FWD,Hybrid,Semi-Automatic,White Silver,Smoke White,2026-05-22 14:06:35.718300,2026-05-22 14:06:35.719893
E3EBBLYQZ88UC2Z7W,Contoso Motors,2004,SUV,1317,577,FWD,6 Cylinder,Automatic,Silver,Beige,2026-05-22 14:06:35.718300,2026-05-22 14:06:35.719893
99HNLW25GFLZEJ2PS,Contoso Motors,2015,Commercial,1318,702,AWD,8 Cylinder,Automatic,Gray,Dark Gray,2026-05-22 14:06:35.718300,2026-05-22 14:06:35.719893
TAE9Z89VLO83PHJR1,Contoso Motors,2007,Convertible 2DR,1319,319,AWD,3 Cylinder,Manual,Pepper White,Dark Gray,2026-05-22 14:06:35.718300,2026-05-22 14:06:35.719893
Y1BNRSA5R4BXLBPMK,Contoso Motors,2011,Crossover,1320,581,RWD,8 Cylinder,Automatic,Silver,Beige,2026-05-22 14:06:35.718300,2026-05-22 14:06:35.719893
GYR52YP8G2NKMLWBH,Contoso Motors,2013,SUV,1321,582,FWD,10 Cylinder,Automatic,Silver,Beige,2026-05-22 14:06:35.718300,2026-05-22 14:06:35.719893
BVMNWWVGHRTC3GEDU,Contoso Motors,2005,Minivan,1322,322,FWD,6 Cylinder,Automatic,Blue,Old Lace,2026-05-22 14:06:35.718300,2026-05-22 14:06:35.719893
SBF0EH6V8KP76QGL4,Contoso Motors,2005,SUV,1323,597,AWD,Hybrid,Automatic,Silver,Beige,2026-05-22 14:06:35.718300,2026-05-22 14:06:35.719893
YYZWNGOX1RUWRC7XC,Contoso Motors,2007,Minivan,1324,324,FWD,6 Cylinder,Automatic,Deep Blue,Brown,2026-05-22 14:06:35.718300,2026-05-22 14:06:35.719893
LJ6F4OZPZ9KYSBCM2,Contoso Motors,2011,SUV,1325,600,AWD,Hybrid,Automatic,Silver,Beige,2026-05-22 14:06:35.718300,2026-05-22 14:06:35.719893
QTWN80VZUV7PXBZBK,Contoso Motors,2005,Minivan,1326,326,FWD,6 Cylinder,Automatic,White Silver,Smoke White,2026-05-22 14:06:35.718300,2026-05-22 14:06:35.719893
F7QHYEUVCVPREJVZR,Contoso Motors,2012,Minivan,1327,327,FWD,6 Cylinder,Automatic,Racing Green,Beige,2026-05-22 14:06:35.718300,2026-05-22 14:06:35.719893
ODHWMT1905X771A4G,Contoso Motors,2016,Minivan,1328,328,FWD,6 Cylinder,Automatic,Blazing Gray,Nutmeg,2026-05-22 14:06:35.718300,2026-05-22 14:06:35.719893
5UVV52TCPL8K6P7Z0,Contoso Motors,2011,Minivan,1329,329,FWD,6 Cylinder,Automatic,Electric Blue,Red,2026-05-22 14:06:35.718300,2026-05-22 14:06:35.719893
2PSIBOHIZGHIVTM1T,Contoso Motors,2013,Minivan,1330,330,FWD,6 Cylinder,Automatic,Thunder Gray,Gray,2026-05-22 14:06:35.718300,2026-05-22 14:06:35.719893
C3U7E7UASKXHUVXQS,Contoso Motors,2016,Sedan,1331,99,FWD,6 Cylinder,Automatic,Silver,Ivory,2026-05-22 14:06:35.718300,2026-05-22 14:06:35.719893
6Y0AHLH3LQ1AI4WXW,Contoso Motors,2012,Hatchback,1332,723,AWD,6 Cylinder,Automatic,Silver,Ivory,2026-05-22 14:06:35.718300,2026-05-22 14:06:35.719893
I40PBTA95H61CKPWB,Contoso Motors,2007,Sedan,1333,127,FWD,6 Cylinder,Automatic,Racing Green,Beige,2026-05-22 14:06:35.718300,2026-05-22 14:06:35.719893
ROVY27XJA4YWIAXG6,Contoso Motors,2007,Sedan,1334,150,AWD,6 Cylinder,Automatic,White Silver,Smoke White,2026-05-22 14:06:35.718300,2026-05-22 14:06:35.719893
M3CW0MS6MFSL5UAAD,Contoso Motors,2014,SUV,1335,601,AWD,Hybrid,Automatic,Silver,Beige,2026-05-22 14:06:35.718300,2026-05-22 14:06:35.719893
DAGVB9T3K577ZR0KK,Contoso Motors,2004,Truck,1336,16,FWD,6 Cylinder,Automatic,Silver,Black,2026-05-22 14:06:35.718300,2026-05-22 14:06:35.719893
IGFMX01JATNY81JNK,Contoso Motors,2011,Truck,1337,33,FWD,6 Cylinder,Automatic,Silver,Black,2026-05-22 14:06:35.718300,2026-05-22 14:06:35.719893
PVCT3LTTZSQN0IRET,Contoso Motors,2004,Wagon,1338,740,RWD,6 Cylinder,Automatic,Blazing Gray,Nutmeg,2026-05-22 14:06:35.718300,2026-05-22 14:06:35.719893
TFPD7W5PGE4JJUPHN,Contoso Motors,2011,Wagon,1339,744,FWD,6 Cylinder,Automatic,Volcanic Orange,White,2026-05-22 14:06:35.718300,2026-05-22 14:06:35.719893
INUX9NV7E99VIABYE,Contoso Motors,2005,Minivan,1340,340,FWD,6 Cylinder,Automatic,Blazing Gray,Nutmeg,2026-05-22 14:06:35.718300,2026-05-22 14:06:35.719893
R9PQY8C8BV6YLW8HP,Contoso Motors,2007,Minivan,1341,341,FWD,6 Cylinder,Automatic,Electric Blue,Red,2026-05-22 14:06:35.718300,2026-05-22 14:06:35.719893
FVX12C6OGRUE5ZY8I,Contoso Motors,2016,Crossover,1342,603,AWD,Hybrid,Automatic,Silver,Beige,2026-05-22 14:06:35.718300,2026-05-22 14:06:35.719893
K81ISYCQ22EWXGU6W,Contoso Motors,2007,Hatchback,1343,764,FWD,6 Cylinder,Automatic,Blazing Gray,Nutmeg,2026-05-22 14:06:35.718300,2026-05-22 14:06:35.719893
WBL4WLJG14TKK0MDZ,Contoso Motors,2013,Truck,1344,56,FWD,6 Cylinder,Automatic,Silver,Black,2026-05-22 14:06:35.718300,2026-05-22 14:06:35.719893
RTJ0QA3ECF8QO010S,Contoso Motors,2014,Crossover,1345,605,FWD,4 Cylinder,Automatic,Silver,Beige,2026-05-22 14:06:35.718300,2026-05-22 14:06:35.719893
BKB70LRTCH9G77TGB,Contoso Motors,2004,Sedan,1346,175,FWD,6 Cylinder,Automatic,Electric Blue,Red,2026-05-22 14:06:35.718300,2026-05-22 14:06:35.719893
ME44GUAR7A2LB4HZD,Contoso Motors,2004,Hatchback,1347,823,AWD,6 Cylinder,Automatic,Electric Blue,Red,2026-05-22 14:06:35.718300,2026-05-22 14:06:35.719893
I1PDM5GBDKL1A46DQ,Contoso Motors,2011,Minivan,1348,348,FWD,6 Cylinder,Automatic,Deep Blue,Brown,2026-05-22 14:06:35.718300,2026-05-22 14:06:35.719893
A66BQTFUEM23UF0YQ,Contoso Motors,2007,SUV,1349,615,FWD,6 Cylinder,Automatic,Silver,Beige,2026-05-22 14:06:35.718300,2026-05-22 14:06:35.719893
R32L45Y45CXJ1832L,Contoso Motors,2005,SUV,1350,622,FWD,Hybrid,Automatic,Silver,Smoke White,2026-05-22 14:06:35.718300,2026-05-22 14:06:35.719893
KUSBIPA04LYM2EIIP,Contoso Motors,2015,Commercial,1351,750,AWD,8 Cylinder,Automatic,Gray,Dark Gray,2026-05-22 14:06:35.718300,2026-05-22 14:06:35.719893
QYY4ASV4JLB7RCT3Y,Contoso Motors,2013,Convertible 2DR,1352,352,FWD,Hybrid,Manual,Blazing Gray,Nutmeg,2026-05-22 14:06:35.718300,2026-05-22 14:06:35.719893
R6BV391OVKDOB81RH,Contoso Motors,2011,Coupe,1353,179,FWD,6 Cylinder,Automatic,Chili Red,Black,2026-05-22 14:06:35.718300,2026-05-22 14:06:35.719893
SD1FDIMAM885VRR4K,Contoso Motors,2014,Hybrid,1354,354,FWD,Hybrid,Semi-Automatic,Thunder Gray,Gray,2026-05-22 14:06:35.718300,2026-05-22 14:06:35.719893
OJ0HVO4LHFR5EJ4F5,Contoso Motors,2014,Truck,1355,57,FWD,6 Cylinder,Automatic,Silver,Black,2026-05-22 14:06:35.718300,2026-05-22 14:06:35.719893
MZGKYCHARBJTS7WZO,Contoso Motors,2011,Hatchback,1356,827,AWD,6 Cylinder,Automatic,Chili Red,Black,2026-05-22 14:06:35.718300,2026-05-22 14:06:35.719893
RMBSQDOAPJSSMRR9Q,Contoso Motors,2010,Sedan,1357,258,AWD,6 Cylinder,Automatic,Thunder Gray,Gray,2026-05-22 14:06:35.718300,2026-05-22 14:06:35.719893
ZOPYIRVU7EI9GHUMQ,Contoso Motors,2005,Sedan,1358,269,FWD,6 Cylinder,Automatic,Electric Blue,Red,2026-05-22 14:06:35.718300,2026-05-22 14:06:35.719893
D1DDKVM88RR3PLBAT,Contoso Motors,2014,Sedan,1359,317,RWD,6 Cylinder,Automatic,Electric Blue,Red,2026-05-22 14:06:35.718300,2026-05-22 14:06:35.719893
DXBHUHLUGYJDY1PNK,Contoso Motors,2013,Wagon,1360,836,FWD,6 Cylinder,Automatic,Thunder Gray,Gray,2026-05-22 14:06:35.718300,2026-05-22 14:06:35.719893
KRB9R16B5VHMT1D6R,Contoso Motors,2011,Truck,1361,64,RWD,6 Cylinder,Automatic,Silver,Black,2026-05-22 14:06:35.718300,2026-05-22 14:06:35.719893
FZC84TTVLD7HFOORL,Contoso Motors,2014,Truck,1362,81,AWD,6 Cylinder,Automatic,Silver,Black,2026-05-22 14:06:35.718300,2026-05-22 14:06:35.719893
ILVKP2FAG3WG5IM8C,Contoso Motors,2005,Coupe,1363,313,AWD,6 Cylinder,Automatic,Midnight Black,Silverstone,2026-05-22 14:06:35.718300,2026-05-22 14:06:35.719893
3MOPQ5ZT5C38AXQ2U,Contoso Motors,2014,Hybrid,1364,364,FWD,Hybrid,Semi-Automatic,Blazing Gray,Nutmeg,2026-05-22 14:06:35.718300,2026-05-22 14:06:35.719893
CY6LZH8RR2H1SAREI,Contoso Motors,2011,SUV,1365,625,FWD,10 Cylinder,Automatic,Silver,Red,2026-05-22 14:06:35.718300,2026-05-22 14:06:35.719893
OYG2928S3NRJW1YKT,Contoso Motors,2015,Commercial,1366,230,AWD,8 Cylinder,Automatic,Gray,Dark Gray,2026-05-22 14:06:35.718300,2026-05-22 14:06:35.719893
MHAK658W5TEUHITRR,Contoso Motors,2006,Convertible 2DR,1367,367,FWD,6 Cylinder,Manual,Pepper White,Dark Gray,2026-05-22 14:06:35.718300,2026-05-22 14:06:35.719893
1FVYIKXVMOTS48FD3,Contoso Motors,2004,Crossover,1368,629,FWD,6 Cylinder,Automatic,Silver,Black,2026-05-22 14:06:35.718300,2026-05-22 14:06:35.719893
GEFAEBS0H3FIVOR2J,Contoso Motors,2010,SUV,1369,630,FWD,Electric,Automatic,Silver,Old Lace,2026-05-22 14:06:35.718300,2026-05-22 14:06:35.719893
514EHHUJ1TFYIS65E,Contoso Motors,2005,Minivan,1370,370,FWD,6 Cylinder,Automatic,Blue,Old Lace,2026-05-22 14:06:35.718300,2026-05-22 14:06:35.719893
GW9NI5JQVOG703PZB,Contoso Motors,2014,SUV,1371,645,FWD,Hybrid,Automatic,Silver,Silverstone,2026-05-22 14:06:35.718300,2026-05-22 14:06:35.719893
YEL4K5RNX940QFNL3,Contoso Motors,2016,Minivan,1372,372,FWD,6 Cylinder,Automatic,Deep Blue,Brown,2026-05-22 14:06:35.718300,2026-05-22 14:06:35.719893
Q78598MH3T1V54KFM,Contoso Motors,2013,SUV,1373,648,FWD,Hybrid,Automatic,Silver,Nutmeg,2026-05-22 14:06:35.718300,2026-05-22 14:06:35.719893
LH732XEZDKI4Z394T,Contoso Motors,2013,Minivan,1374,374,FWD,6 Cylinder,Automatic,White Silver,Smoke White,2026-05-22 14:06:35.718300,2026-05-22 14:06:35.719893
ICT9RIOF32THO9556,Contoso Motors,2014,Minivan,1375,375,FWD,6 Cylinder,Automatic,Racing Green,Beige,2026-05-22 14:06:35.718300,2026-05-22 14:06:35.719893
QRP61J8WWMFEC1OJ9,Contoso Motors,2015,Minivan,1376,376,FWD,6 Cylinder,Automatic,Blazing Gray,Nutmeg,2026-05-22 14:06:35.718300,2026-05-22 14:06:35.719893
Q1FF8A1TVWBJI28E2,Contoso Motors,2004,Minivan,1377,377,FWD,6 Cylinder,Automatic,Electric Blue,Red,2026-05-22 14:06:35.718300,2026-05-22 14:06:35.719893
D4E4HC4Y1OBFLZ63T,Contoso Motors,2010,Minivan,1378,378,FWD,6 Cylinder,Automatic,Thunder Gray,Gray,2026-05-22 14:06:35.718300,2026-05-22 14:06:35.719893
D80AUFIV83HX8YCH3,Contoso Motors,2004,Sedan,1379,389,RWD,6 Cylinder,Automatic,Pepper White,Dark Gray,2026-05-22 14:06:35.718300,2026-05-22 14:06:35.719893
2ZZD7EGUGGMKFQ18O,Contoso Motors,2015,Hatchback,1380,860,RWD,6 Cylinder,Automatic,Thunder Gray,Gray,2026-05-22 14:06:35.718300,2026-05-22 14:06:35.719893
70AVZHYLXOOVE6YOR,Contoso Motors,2016,Sedan,1381,415,FWD,6 Cylinder,Automatic,Chili Red,Black,2026-05-22 14:06:35.718300,2026-05-22 14:06:35.719893
O4URHRZXH6XPYFM6P,Contoso Motors,2007,Sedan,1382,435,FWD,6 Cylinder,Automatic,Electric Blue,Red,2026-05-22 14:06:35.718300,2026-05-22 14:06:35.719893
39GI4HW1QA7DPSHVZ,Contoso Motors,2014,SUV,1383,649,FWD,6 Cylinder,Automatic,Silver,Red,2026-05-22 14:06:35.718300,2026-05-22 14:06:35.719893
CV1U309RLIH6HDXT1,Contoso Motors,2004,Truck,1384,153,AWD,6 Cylinder,Automatic,Silver,Black,2026-05-22 14:06:35.718300,2026-05-22 14:06:35.719893
QEUZ5VK4OZ3LC3N6E,Contoso Motors,2007,Truck,1385,177,FWD,6 Cylinder,Automatic,Silver,Black,2026-05-22 14:06:35.718300,2026-05-22 14:06:35.719893
GGU564Y01QWH8GW9H,Contoso Motors,2004,Wagon,1386,884,RWD,6 Cylinder,Automatic,Volcanic Orange,White,2026-05-22 14:06:35.718300,2026-05-22 14:06:35.719893
ORR4OWHTW0CEF66X2,Contoso Motors,2013,Hatchback,1387,919,AWD,6 Cylinder,Automatic,Pepper White,Dark Gray,2026-05-22 14:06:35.718300,2026-05-22 14:06:35.719893
VDRKMX1QOU4MITQAL,Contoso Motors,2004,Minivan,1388,388,FWD,6 Cylinder,Automatic,Blazing Gray,Nutmeg,2026-05-22 14:06:35.718300,2026-05-22 14:06:35.719893
XG8VBMCYEO2QOG8ZR,Contoso Motors,2005,Minivan,1389,389,FWD,6 Cylinder,Automatic,Electric Blue,Red,2026-05-22 14:06:35.718300,2026-05-22 14:06:35.719893
MJ401YWXY32Z6KTKM,Contoso Motors,2013,Crossover,1390,651,FWD,Hybrid,Automatic,Silver,Dark Gray,2026-05-22 14:06:35.718300,2026-05-22 14:06:35.719893
7Q4UWJ6Q6CDFFKVAZ,Contoso Motors,2016,Wagon,1391,936,AWD,6 Cylinder,Automatic,Deep Blue,Brown,2026-05-22 14:06:35.718300,2026-05-22 14:06:35.719893
R6WSJIP4RU0PIYO36,Contoso Motors,2016,Truck,1392,178,FWD,6 Cylinder,Automatic,Silver,Black,2026-05-22 14:06:35.718300,2026-05-22 14:06:35.719893
N88SJT15AC6Y5J2R9,Contoso Motors,2005,Crossover,1393,653,AWD,Electric,Automatic,Silver,Black,2026-05-22 14:06:35.718300,2026-05-22 14:06:35.719893
0T0ZLCUSG9BVJX2VW,Contoso Motors,2011,Sedan,1394,437,RWD,6 Cylinder,Automatic,Pepper White,Dark Gray,2026-05-22 14:06:35.718300,2026-05-22 14:06:35.719893
ZY4NAV7ZN2VT1VR0K,Contoso Motors,2005,Hatchback,1395,956,RWD,6 Cylinder,Automatic,Volcanic Orange,White,2026-05-22 14:06:35.718300,2026-05-22 14:06:35.719893
60VWQA1A274G0SAVL,Contoso Motors,2013,Minivan,1396,396,FWD,6 Cylinder,Automatic,Deep Blue,Brown,2026-05-22 14:06:35.718300,2026-05-22 14:06:35.719893
G0VMNUCY2U8RK3G1F,Contoso Motors,2006,SUV,1397,663,FWD,Hybrid,Automatic,Silver,Black,2026-05-22 14:06:35.718300,2026-05-22 14:06:35.719893
KTTD6O22EY8MVZW5S,Contoso Motors,2013,SUV,1398,670,AWD,4 Cylinder,Automatic,Silver,Nutmeg,2026-05-22 14:06:35.718300,2026-05-22 14:06:35.719893
5AYXF6STXFTDRP7GA,Contoso Motors,2015,Commercial,1399,278,AWD,8 Cylinder,Automatic,Gray,Dark Gray,2026-05-22 14:06:35.718300,2026-05-22 14:06:35.719893
CCYMU05361DPN6Y5H,Contoso Motors,2004,Convertible 2DR,1400,400,FWD,Hybrid,Manual,Blazing Gray,Nutmeg,2026-05-22 14:06:35.718300,2026-05-22 14:06:35.719893
Z4DCRPF5BA7QXDT12,Contoso Motors,2013,Coupe,1401,323,FWD,6 Cylinder,Automatic,Silver,Ivory,2026-05-22 14:06:35.718300,2026-05-22 14:06:35.719893
H7W70OJO6GKA2G5PN,Contoso Motors,2014,Hybrid,1402,402,FWD,Hybrid,Semi-Automatic,Thunder Gray,Gray,2026-05-22 14:06:35.718300,2026-05-22 14:06:35.719893
SWLZX9W7G065UO78G,Contoso Motors,2016,Truck,1403,200,FWD,6 Cylinder,Automatic,Silver,Black,2026-05-22 14:06:35.718300,2026-05-22 14:06:35.719893
23QEY2EIZJ7TSBDNM,Contoso Motors,2004,Hatchback,1404,4,RWD,6 Cylinder,Automatic,Blue,Old Lace,2026-05-22 14:06:35.718300,2026-05-22 14:06:35.719893
IPPH7JTK8J2GIGIBP,Contoso Motors,2004,Sedan,1405,85,FWD,8 Cylinder,Automatic,Electric Blue,Red,2026-05-22 14:06:35.718300,2026-05-22 14:06:35.719893
KIB84CBLSYJDN2ZRD,Contoso Motors,2014,Sedan,1406,205,AWD,8 Cylinder,Automatic,Chili Red,Black,2026-05-22 14:06:35.718300,2026-05-22 14:06:35.719893
W09CFDMO31STQUN0D,Contoso Motors,2005,Sedan,1407,829,FWD,8 Cylinder,Automatic,Chili Red,Black,2026-05-22 14:06:35.718300,2026-05-22 14:06:35.719893
0OOJ8IQVRVRDAU642,Contoso Motors,2015,Wagon,1408,58,FWD,6 Cylinder,Automatic,Blazing Gray,Nutmeg,2026-05-22 14:06:35.718300,2026-05-22 14:06:35.719893
CWKWH6MOEIGGCIFTB,Contoso Motors,2011,Truck,1409,201,FWD,6 Cylinder,Automatic,Silver,Black,2026-05-22 14:06:35.718300,2026-05-22 14:06:35.719893
2POR20L908FD1YUHI,Contoso Motors,2015,Truck,1410,256,AWD,6 Cylinder,Automatic,Silver,Black,2026-05-22 14:06:35.718300,2026-05-22 14:06:35.719893
A1VDWB1U6X26VT7LV,Contoso Motors,2016,Coupe,1411,371,AWD,6 Cylinder,Automatic,Midnight Black,Silverstone,2026-05-22 14:06:35.718300,2026-05-22 14:06:35.719893
24EDQV9L503HDA204,Contoso Motors,2014,Hybrid,1412,412,FWD,Hybrid,Semi-Automatic,Thunder Gray,Gray,2026-05-22 14:06:35.718300,2026-05-22 14:06:35.719893
F7SFZ0MU1XFQG9077,Contoso Motors,2004,SUV,1413,673,AWD,6 Cylinder,Automatic,Silver,Dark Gray,2026-05-22 14:06:35.718300,2026-05-22 14:06:35.719893
HUHAD0APMI22Q8C7X,Contoso Motors,2016,Commercial,1414,295,AWD,8 Cylinder,Automatic,Gray,Dark Gray,2026-05-22 14:06:35.718300,2026-05-22 14:06:35.719893
ASIDMJ6V33NZT5VSG,Contoso Motors,2012,Convertible 2DR,1415,415,RWD,Hybrid,Manual,Chili Red,Black,2026-05-22 14:06:35.718300,2026-05-22 14:06:35.719893
A9F6PH28NZ5ZIBKMC,Contoso Motors,2011,Crossover,1416,677,AWD,6 Cylinder,Automatic,Silver,Ivory,2026-05-22 14:06:35.718300,2026-05-22 14:06:35.719893
OKQBG2ICF2KRYHDUY,Contoso Motors,2009,SUV,1417,678,FWD,Hybrid,Automatic,Silver,Brown,2026-05-22 14:06:35.718300,2026-05-22 14:06:35.719893
SENNKVN947MLANT7V,Contoso Motors,2013,Minivan,1418,418,FWD,6 Cylinder,Automatic,Deep Blue,Brown,2026-05-22 14:06:35.718300,2026-05-22 14:06:35.719893
E2AOT1D1ZAQXRZAXC,Contoso Motors,2014,SUV,1419,693,RWD,4 Cylinder,Automatic,Silver,Beige,2026-05-22 14:06:35.718300,2026-05-22 14:06:35.719893
UW092M9QVF7OLA7J1,Contoso Motors,2015,Minivan,1420,420,FWD,6 Cylinder,Automatic,White Silver,Smoke White,2026-05-22 14:06:35.718300,2026-05-22 14:06:35.719893
RJIQL9ZNREDLQVYBG,Contoso Motors,2004,SUV,1421,696,FWD,6 Cylinder,Automatic,Silver,Gray,2026-05-22 14:06:35.718300,2026-05-22 14:06:35.719893
G1G0IUTLXIYUUV6CS,Contoso Motors,2010,Minivan,1422,422,FWD,6 Cylinder,Automatic,Blazing Gray,Nutmeg,2026-05-22 14:06:35.718300,2026-05-22 14:06:35.719893
O9CANIIHM3UQE3A1J,Contoso Motors,2007,Minivan,1423,423,FWD,6 Cylinder,Automatic,Electric Blue,Red,2026-05-22 14:06:35.718300,2026-05-22 14:06:35.719893
MXPHR91GN9DGQOIJ0,Contoso Motors,2016,Minivan,1424,424,FWD,6 Cylinder,Automatic,Thunder Gray,Gray,2026-05-22 14:06:35.718300,2026-05-22 14:06:35.719893
T3KLZ617OKEGL3TGJ,Contoso Motors,2011,Minivan,1425,425,FWD,6 Cylinder,Automatic,Pepper White,Dark Gray,2026-05-22 14:06:35.718300,2026-05-22 14:06:35.719893
2KBITZA6S4WDX8XA0,Contoso Motors,2009,Minivan,1426,426,FWD,6 Cylinder,Automatic,Volcanic Orange,White,2026-05-22 14:06:35.718300,2026-05-22 14:06:35.719893
FSQKIDJEC19ESR9AR,Contoso Motors,2005,Sedan,1427,949,FWD,8 Cylinder,Automatic,Midnight Black,Silverstone,2026-05-22 14:06:35.718300,2026-05-22 14:06:35.719893
2JES0TXB2WPP8V4B0,Contoso Motors,2013,Hatchback,1428,59,FWD,6 Cylinder,Automatic,Electric Blue,Red,2026-05-22 14:06:35.718300,2026-05-22 14:06:35.719893
7H44MSTH0YTYQH5KQ,Contoso Motors,2005,Sedan,1429,213,AWD,8 Cylinder,Automatic,Electric Blue,Red,2026-05-22 14:06:35.718300,2026-05-22 14:06:35.719893
6L8D6ON3GFMXNFB9F,Contoso Motors,2004,Sedan,1430,333,FWD,8 Cylinder,Automatic,Chili Red,Black,2026-05-22 14:06:35.718300,2026-05-22 14:06:35.719893
LXAITSU9VBN5WLGPC,Contoso Motors,2005,SUV,1431,697,FWD,6 Cylinder,Automatic,Silver,Dark Gray,2026-05-22 14:06:35.718300,2026-05-22 14:06:35.719893
PWQM69O8290304IBT,Contoso Motors,2013,Truck,1432,315,FWD,6 Cylinder,Automatic,Silver,Black,2026-05-22 14:06:35.718300,2026-05-22 14:06:35.719893
TOPX706T4XBB7RO75,Contoso Motors,2005,Truck,1433,352,AWD,6 Cylinder,Automatic,Silver,Black,2026-05-22 14:06:35.718300,2026-05-22 14:06:35.719893
XG8TA9ISLW21GL1FT,Contoso Motors,2007,Hatchback,1434,67,FWD,6 Cylinder,Automatic,Midnight Black,Silverstone,2026-05-22 14:06:35.718300,2026-05-22 14:06:35.719893
9AB0R9HP7PD4OQCG6,Contoso Motors,2016,Wagon,1435,76,RWD,6 Cylinder,Automatic,Deep Blue,Brown,2026-05-22 14:06:35.718300,2026-05-22 14:06:35.719893
KXUE0W39UBTR9D24M,Contoso Motors,2011,Minivan,1436,436,FWD,6 Cylinder,Automatic,Thunder Gray,Gray,2026-05-22 14:06:35.718300,2026-05-22 14:06:35.719893
ESAMLQHZ457J3EJ9K,Contoso Motors,2014,Minivan,1437,437,FWD,6 Cylinder,Automatic,Pepper White,Dark Gray,2026-05-22 14:06:35.718300,2026-05-22 14:06:35.719893
1YT0TLVVYGW5OBC0H,Contoso Motors,2016,Crossover,1438,699,FWD,6 Cylinder,Automatic,Silver,Black,2026-05-22 14:06:35.718300,2026-05-22 14:06:35.719893
NUMPGRXLUG5WUN6N9,Contoso Motors,2015,Wagon,1439,80,AWD,6 Cylinder,Automatic,Blazing Gray,Nutmeg,2026-05-22 14:06:35.718300,2026-05-22 14:06:35.719893
Q8G63B9ZWLE5RRHCP,Contoso Motors,2016,Truck,1440,392,FWD,6 Cylinder,Automatic,Silver,Black,2026-05-22 14:06:35.718300,2026-05-22 14:06:35.719893
U7MDJAR5LL5ALEY01,Contoso Motors,2004,Crossover,1441,701,FWD,6 Cylinder,Automatic,Silver,Ivory,2026-05-22 14:06:35.718300,2026-05-22 14:06:35.719893
SLR5PLAM3Q4GGUY8W,Contoso Motors,2007,Sedan,1442,957,FWD,8 Cylinder,Automatic,Chili Red,Black,2026-05-22 14:06:35.718300,2026-05-22 14:06:35.719893
WG8RHF60Y173NRFBC,Contoso Motors,2006,Hatchback,1443,115,AWD,6 Cylinder,Automatic,Racing Green,Beige,2026-05-22 14:06:35.718300,2026-05-22 14:06:35.719893
65VLT3C6AL03OD9OV,Contoso Motors,2004,Minivan,1444,444,FWD,6 Cylinder,Automatic,White Silver,Smoke White,2026-05-22 14:06:35.718300,2026-05-22 14:06:35.719893
HVH2QDGUKRBYSEUCM,Contoso Motors,2012,SUV,1445,711,AWD,Hybrid,Automatic,Silver,Black,2026-05-22 14:06:35.718300,2026-05-22 14:06:35.719893
X74HXEXZQ4TFL9GE8,Contoso Motors,2010,SUV,1446,718,FWD,4 Cylinder,Automatic,Silver,Nutmeg,2026-05-22 14:06:35.718300,2026-05-22 14:06:35.719893
S4IHKUK9UXS1GXBA1,Contoso Motors,2016,Commercial,1447,550,AWD,8 Cylinder,Automatic,Gray,Dark Gray,2026-05-22 14:06:35.718300,2026-05-22 14:06:35.719893
5FWPP08E5U40S90JF,Contoso Motors,2011,Convertible 2DR,1448,448,RWD,6 Cylinder,Manual,Thunder Gray,Gray,2026-05-22 14:06:35.718300,2026-05-22 14:06:35.719893
A6F0W6YJMU6KPAEWT,Contoso Motors,2014,Coupe,1449,409,AWD,6 Cylinder,Automatic,Racing Green,Beige,2026-05-22 14:06:35.718300,2026-05-22 14:06:35.719893
DD354DXEQ2C8GK1K2,Contoso Motors,2014,Hybrid,1450,450,FWD,Hybrid,Semi-Automatic,Volcanic Orange,White,2026-05-22 14:06:35.718300,2026-05-22 14:06:35.719893
9XGRHDQAU86GJT7DZ,Contoso Motors,2004,Truck,1451,400,AWD,6 Cylinder,Automatic,Silver,Black,2026-05-22 14:06:35.718300,2026-05-22 14:06:35.719893
BY82VNI3MZ7TBCZ61,Contoso Motors,2015,Wagon,1452,124,FWD,6 Cylinder,Automatic,Deep Blue,Brown,2026-05-22 14:06:35.718300,2026-05-22 14:06:35.719893
0E5QAEMVCDAOZE81L,Contoso Motors,2011,Sedan,1453,77,AWD,8 Cylinder,Automatic,Midnight Black,Silverstone,2026-05-22 14:06:35.718300,2026-05-22 14:06:35.719893
YGSDTSSEOJX2D7DRX,Contoso Motors,2011,Sedan,1454,341,FWD,8 Cylinder,Automatic,Electric Blue,Red,2026-05-22 14:06:35.718300,2026-05-22 14:06:35.719893
2TALRZCYSSCGLYJB7,Contoso Motors,2004,Sedan,1455,461,AWD,8 Cylinder,Manual,Chili Red,Black,2026-05-22 14:06:35.718300,2026-05-22 14:06:35.719893
04KB5JW22G7L17K58,Contoso Motors,2006,Hatchback,1456,159,FWD,6 Cylinder,Automatic,Silver,Ivory,2026-05-22 14:06:35.718300,2026-05-22 14:06:35.719893
BAWJQMV834O3RGTQN,Contoso Motors,2005,Truck,1457,440,AWD,6 Cylinder,Automatic,Silver,Black,2026-05-22 14:06:35.718300,2026-05-22 14:06:35.719893
9RLZ3KDXEIZ0KPFOO,Contoso Motors,2005,Truck,1458,466,FWD,6 Cylinder,Manual,Silver,Black,2026-05-22 14:06:35.718300,2026-05-22 14:06:35.719893
DRFYNAK6B3OLGP3ME,Contoso Motors,2005,Coupe,1459,457,FWD,6 Cylinder,Automatic,Electric Blue,Red,2026-05-22 14:06:35.718300,2026-05-22 14:06:35.719893
WXIXIATNJAIVOJ5DP,Contoso Motors,2014,Hybrid,1460,460,FWD,Hybrid,Semi-Automatic,Thunder Gray,Gray,2026-05-22 14:06:35.718300,2026-05-22 14:06:35.719893
E55ZK1LVHO5LY26NK,Contoso Motors,2011,SUV,1461,721,FWD,4 Cylinder,Automatic,Silver,Dark Gray,2026-05-22 14:06:35.718300,2026-05-22 14:06:35.719893
VYER3B0FUJ7EBHRPV,Contoso Motors,2012,Commercial,1462,263,AWD,8 Cylinder,Automatic,Silver,Black,2026-05-22 14:06:35.718300,2026-05-22 14:06:35.719893
2WMI3NEZPP3LFAFXN,Contoso Motors,2014,Convertible 2DR,1463,463,RWD,Hybrid,Automatic,Chili Red,Black,2026-05-22 14:06:35.718300,2026-05-22 14:06:35.719893
NJ09G7SCLOOYSVGF2,Contoso Motors,2007,Crossover,1464,725,AWD,6 Cylinder,Automatic,Silver,Ivory,2026-05-22 14:06:35.718300,2026-05-22 14:06:35.719893
M0HEYXR1FQ58L52S7,Contoso Motors,2016,SUV,1465,726,RWD,6 Cylinder,Automatic,Silver,Brown,2026-05-22 14:06:35.718300,2026-05-22 14:06:35.719893
EQ4OEBLVRVOWHQZZX,Contoso Motors,2010,Minivan,1466,466,FWD,6 Cylinder,Automatic,Deep Blue,Brown,2026-05-22 14:06:35.718300,2026-05-22 14:06:35.719893
47VI6DSJ9ZSRXAIQ9,Contoso Motors,2005,SUV,1467,741,RWD,4 Cylinder,Automatic,Silver,Beige,2026-05-22 14:06:35.718300,2026-05-22 14:06:35.719893
JER538BP9QVGHG3PJ,Contoso Motors,2016,Minivan,1468,468,FWD,6 Cylinder,Automatic,White Silver,Smoke White,2026-05-22 14:06:35.718300,2026-05-22 14:06:35.719893
SDAGYHT0D9ACO185Q,Contoso Motors,2011,SUV,1469,744,AWD,4 Cylinder,Automatic,Silver,Gray,2026-05-22 14:06:35.718300,2026-05-22 14:06:35.719893
ROGKNHHPJYJENJ5BF,Contoso Motors,2009,Minivan,1470,470,FWD,6 Cylinder,Automatic,Blazing Gray,Nutmeg,2026-05-22 14:06:35.718300,2026-05-22 14:06:35.719893
D67GEPWUEHW2RGDTE,Contoso Motors,2004,Minivan,1471,471,FWD,6 Cylinder,Automatic,Electric Blue,Red,2026-05-22 14:06:35.718300,2026-05-22 14:06:35.719893
CJRJSONFBZ0KLNGKR,Contoso Motors,2005,Minivan,1472,472,FWD,6 Cylinder,Automatic,Thunder Gray,Gray,2026-05-22 14:06:35.718300,2026-05-22 14:06:35.719893
UR8HWELJ219P0FEAN,Contoso Motors,2007,Minivan,1473,473,FWD,6 Cylinder,Automatic,Pepper White,Dark Gray,2026-05-22 14:06:35.718300,2026-05-22 14:06:35.719893
MYQF0W644K2TQCPFB,Contoso Motors,2016,Minivan,1474,474,FWD,6 Cylinder,Automatic,Volcanic Orange,White,2026-05-22 14:06:35.718300,2026-05-22 14:06:35.719893
VCYVW0WUZNBTM594J,Contoso Motors,2010,Sedan,1475,14,FWD,Electric,Semi-Automatic,Thunder Gray,Gray,2026-05-22 14:06:35.718300,2026-05-22 14:06:35.719893
7P44TV27Q82RVL5D2,Contoso Motors,2005,Wagon,1476,176,FWD,6 Cylinder,Automatic,Thunder Gray,Gray,2026-05-22 14:06:35.718300,2026-05-22 14:06:35.719893
1MVGQFGP8BR90WYK4,Contoso Motors,2005,Sedan,1477,37,FWD,Electric,Semi-Automatic,Electric Blue,Red,2026-05-22 14:06:35.718300,2026-05-22 14:06:35.719893
HIY403UZ5QSU9D9T1,Contoso Motors,2016,Sedan,1478,83,FWD,Electric,Semi-Automatic,Racing Green,Beige,2026-05-22 14:06:35.718300,2026-05-22 14:06:35.719893
LWYISXURRBFELINPT,Contoso Motors,2004,SUV,1479,745,AWD,4 Cylinder,Automatic,Silver,Dark Gray,2026-05-22 14:06:35.718300,2026-05-22 14:06:35.719893
6VUFZH9DQ1OHVWWHL,Contoso Motors,2013,Truck,1480,496,FWD,6 Cylinder,Manual,Silver,Black,2026-05-22 14:06:35.718300,2026-05-22 14:06:35.719893
WYNIIY42VKV6OQS1J,Contoso Motors,2011,Truck,1481,17,FWD,8 Cylinder,Automatic,Silver,Black,2026-05-22 14:06:35.718300,2026-05-22 14:06:35.719893
K1J4FM1E05H45I3XJ,Contoso Motors,2005,Wagon,1482,202,FWD,6 Cylinder,Automatic,Volcanic Orange,White,2026-05-22 14:06:35.718300,2026-05-22 14:06:35.719893
XDTPFNWVM1IDB4KUK,Contoso Motors,2006,Hatchback,1483,203,FWD,6 Cylinder,Automatic,Chili Red,Black,2026-05-22 14:06:35.718300,2026-05-22 14:06:35.719893
91OD1VSTDP4QT5V3W,Contoso Motors,2013,Minivan,1484,484,FWD,6 Cylinder,Automatic,Thunder Gray,Gray,2026-05-22 14:06:35.718300,2026-05-22 14:06:35.719893
WE9YLC1VHIA8IYWQ4,Contoso Motors,2014,Minivan,1485,485,FWD,6 Cylinder,Automatic,Pepper White,Dark Gray,2026-05-22 14:06:35.718300,2026-05-22 14:06:35.719893
RE5LS5OHYBH4CGGH6,Contoso Motors,2007,Crossover,1486,747,AWD,4 Cylinder,Automatic,Silver,Black,2026-05-22 14:06:35.718300,2026-05-22 14:06:35.719893
1DL7WYTFPXLJRUC3H,Contoso Motors,2014,Hatchback,1487,255,FWD,6 Cylinder,Automatic,Midnight Black,Silverstone,2026-05-22 14:06:35.718300,2026-05-22 14:06:35.719893
8K1DYE2X4NWT6B1KY,Contoso Motors,2004,Truck,1488,137,FWD,8 Cylinder,Automatic,Silver,Black,2026-05-22 14:06:35.718300,2026-05-22 14:06:35.719893
VL7ZSJ9XMZRFSVVYW,Contoso Motors,2011,Crossover,1489,749,AWD,6 Cylinder,Automatic,Silver,Ivory,2026-05-22 14:06:35.718300,2026-05-22 14:06:35.719893
YKENBK1A0J2TOLRIU,Contoso Motors,2005,Sedan,1490,134,AWD,Electric,Semi-Automatic,Volcanic Orange,White,2026-05-22 14:06:35.718300,2026-05-22 14:06:35.719893
9CNMVH24G72Z4EH26,Contoso Motors,2011,Wagon,1491,272,FWD,6 Cylinder,Automatic,Volcanic Orange,White,2026-05-22 14:06:35.718300,2026-05-22 14:06:35.719893
AMQU4G115NOBZ1EAJ,Contoso Motors,2011,Minivan,1492,492,FWD,6 Cylinder,Automatic,White Silver,Smoke White,2026-05-22 14:06:35.718300,2026-05-22 14:06:35.719893
V3MF6B9JWO4AD92W0,Contoso Motors,2014,SUV,1493,759,FWD,6 Cylinder,Automatic,Silver,Ivory,2026-05-22 14:06:35.718300,2026-05-22 14:06:35.719893
PQERC0DIQ23RLNGAN,Contoso Motors,2009,SUV,1494,766,FWD,Electric,Automatic,Silver,Gray,2026-05-22 14:06:35.718300,2026-05-22 14:06:35.719893
1K7G3JQVU24TX1XOG,Contoso Motors,2012,Commercial,1495,886,AWD,8 Cylinder,Automatic,Silver,Black,2026-05-22 14:06:35.718300,2026-05-22 14:06:35.719893
IR31Z4JMBQ7BR3DT6,Contoso Motors,2016,Convertible 2DR,1496,496,FWD,4 Cylinder,Automatic,Thunder Gray,Gray,2026-05-22 14:06:35.718300,2026-05-22 14:06:35.719893
C8IR133QT4UP6GHDN,Contoso Motors,2004,Coupe,1497,393,FWD,8 Cylinder,Automatic,Chili Red,Black,2026-05-22 14:06:35.718300,2026-05-22 14:06:35.719893
26VHOKX71LZ7UPXOP,Contoso Motors,2014,Hybrid,1498,498,FWD,Hybrid,Semi-Automatic,Volcanic Orange,White,2026-05-22 14:06:35.718300,2026-05-22 14:06:35.719893
CEMSQ9VOTYU9UB9W4,Contoso Motors,2005,Truck,1499,257,FWD,8 Cylinder,Automatic,Silver,Black,2026-05-22 14:06:35.718300,2026-05-22 14:06:35.719893
DGNFGS0NKM1CFCPQ7,Contoso Motors,2007,Hatchback,1500,292,AWD,6 Cylinder,Automatic,Blazing Gray,Nutmeg,2026-05-22 14:06:35.718300,2026-05-22 14:06:35.719893
T4V0PIGVKXY7TLYWZ,Contoso Motors,2005,Sedan,1501,157,FWD,Electric,Semi-Automatic,Pepper White,Dark Gray,2026-05-22 14:06:35.718300,2026-05-22 14:06:35.719893
AZGRJZ1Q4K8LY3IDS,Contoso Motors,2009,Sedan,1502,194,FWD,Electric,Semi-Automatic,Blue,Old Lace,2026-05-22 14:06:35.718300,2026-05-22 14:06:35.719893
9QDQL8PGET15GXOA4,Contoso Motors,2015,Sedan,1503,254,FWD,Electric,Semi-Automatic,Blue,Old Lace,2026-05-22 14:06:35.718300,2026-05-22 14:06:35.719893
M3N1WXSP9UKDFAW3O,Contoso Motors,2011,Wagon,1504,316,AWD,6 Cylinder,Automatic,Blazing Gray,Nutmeg,2026-05-22 14:06:35.718300,2026-05-22 14:06:35.719893
ZUM234INX6MPOJ1D6,Contoso Motors,2013,Truck,1505,384,AWD,8 Cylinder,Automatic,Silver,Black,2026-05-22 14:06:35.718300,2026-05-22 14:06:35.719893
H12V1ZVTMOAEYM126,Contoso Motors,2004,Truck,1506,401,RWD,8 Cylinder,Automatic,Silver,Black,2026-05-22 14:06:35.718300,2026-05-22 14:06:35.719893
20Q8Q0OL6VU1OZTS5,Contoso Motors,2011,Coupe,1507,633,AWD,8 Cylinder,Automatic,Midnight Black,Silverstone,2026-05-22 14:06:35.718300,2026-05-22 14:06:35.719893
WUOPKVM97HJ99K9TW,Contoso Motors,2014,Hybrid,1508,508,FWD,Hybrid,Semi-Automatic,Volcanic Orange,White,2026-05-22 14:06:35.718300,2026-05-22 14:06:35.719893
BHLOGG4XR7G0925IY,Contoso Motors,2007,SUV,1509,769,FWD,8 Cylinder,Automatic,Silver,Black,2026-05-22 14:06:35.718300,2026-05-22 14:06:35.719893
GRRQSUNYCMBO1JCIM,Contoso Motors,2012,Commercial,1510,846,AWD,8 Cylinder,Automatic,Silver,Black,2026-05-22 14:06:35.718300,2026-05-22 14:06:35.719893
CW1GOX8G0SCEOHMGV,Contoso Motors,2007,Convertible 2DR,1511,511,FWD,6 Cylinder,Automatic,Silver,Ivory,2026-05-22 14:06:35.718300,2026-05-22 14:06:35.719893
1UGMYO6ZDQ3KC72HT,Contoso Motors,2005,Crossover,1512,773,FWD,6 Cylinder,Automatic,Silver,Silverstone,2026-05-22 14:06:35.718300,2026-05-22 14:06:35.719893
5JIE8CIRSG6DO5D6Y,Contoso Motors,2007,SUV,1513,774,FWD,Electric,Automatic,Silver,Smoke White,2026-05-22 14:06:35.718300,2026-05-22 14:06:35.719893
SHFW1485JP8BKDCN2,Contoso Motors,2009,Minivan,1514,514,FWD,6 Cylinder,Automatic,White Silver,Smoke White,2026-05-22 14:06:35.718300,2026-05-22 14:06:35.719893
UNXA7MYFRC185UENT,Contoso Motors,2004,SUV,1515,789,FWD,Electric,Automatic,Silver,Red,2026-05-22 14:06:35.718300,2026-05-22 14:06:35.719893
FVZH6SUQJS69V5DGG,Contoso Motors,2005,Minivan,1516,516,FWD,6 Cylinder,Automatic,Blazing Gray,Nutmeg,2026-05-22 14:06:35.718300,2026-05-22 14:06:35.719893
XOFNWGQJNGM873DZT,Contoso Motors,2016,SUV,1517,792,FWD,Electric,Automatic,Silver,White,2026-05-22 14:06:35.718300,2026-05-22 14:06:35.719893
UUYYO73V5Y6LZ1NVL,Contoso Motors,2016,Minivan,1518,518,FWD,6 Cylinder,Automatic,Thunder Gray,Gray,2026-05-22 14:06:35.718300,2026-05-22 14:06:35.719893
6Y8Y0BNPFVH43DZ1D,Contoso Motors,2011,Minivan,1519,519,FWD,6 Cylinder,Automatic,Pepper White,Dark Gray,2026-05-22 14:06:35.718300,2026-05-22 14:06:35.719893
WIMUHV7ZOBKPI03BD,Contoso Motors,2004,Minivan,1520,520,FWD,6 Cylinder,Automatic,Volcanic Orange,White,2026-05-22 14:06:35.718300,2026-05-22 14:06:35.719893
27SEXSHYVQ6VY54IT,Contoso Motors,2005,Minivan,1521,521,FWD,6 Cylinder,Automatic,Chili Red,Black,2026-05-22 14:06:35.718300,2026-05-22 14:06:35.719893
5HDV89IZ3WY50VUOY,Contoso Motors,2007,Minivan,1522,522,FWD,6 Cylinder,Automatic,Blue,Old Lace,2026-05-22 14:06:35.718300,2026-05-22 14:06:35.719893
TFMQU0D2MDU2FP5Q8,Contoso Motors,2004,Sedan,1523,277,AWD,Electric,Semi-Automatic,Chili Red,Black,2026-05-22 14:06:35.718300,2026-05-22 14:06:35.719893
UOSRNKXPQ6TW69O0V,Contoso Motors,2013,Wagon,1524,320,FWD,6 Cylinder,Automatic,Volcanic Orange,White,2026-05-22 14:06:35.718300,2026-05-22 14:06:35.719893
KNUVWH1HPMMKNR6SS,Contoso Motors,2005,Sedan,1525,398,FWD,Electric,Semi-Automatic,White Silver,Smoke White,2026-05-22 14:06:35.718300,2026-05-22 14:06:35.719893
W87OFVPYZZRGFXOYV,Contoso Motors,2006,Sedan,1526,399,FWD,Electric,Semi-Automatic,Racing Green,Beige,2026-05-22 14:06:35.718300,2026-05-22 14:06:35.719893
HL7QWAKSLPLGGIA5Z,Contoso Motors,2011,SUV,1527,793,FWD,Hybrid,Automatic,Silver,Black,2026-05-22 14:06:35.718300,2026-05-22 14:06:35.719893
9K6N3B4YM0MDPZBK4,Contoso Motors,2005,Truck,1528,521,FWD,8 Cylinder,Automatic,Silver,Black,2026-05-22 14:06:35.718300,2026-05-22 14:06:35.719893
QWC264BKO406G99YX,Contoso Motors,2016,Truck,1529,624,FWD,8 Cylinder,Automatic,Silver,Black,2026-05-22 14:06:35.718300,2026-05-22 14:06:35.719893
BB6JTFWSINXUHNLS2,Contoso Motors,2016,Hatchback,1530,340,FWD,6 Cylinder,Automatic,Blazing Gray,Nutmeg,2026-05-22 14:06:35.718300,2026-05-22 14:06:35.719893
TK0KO40ZA5A4S28MS,Contoso Motors,2010,Wagon,1531,346,FWD,6 Cylinder,Automatic,Blue,Old Lace,2026-05-22 14:06:35.718300,2026-05-22 14:06:35.719893
9LZYSQ2EI0ARBTSAJ,Contoso Motors,2004,Minivan,1532,532,FWD,6 Cylinder,Automatic,Volcanic Orange,White,2026-05-22 14:06:35.718300,2026-05-22 14:06:35.719893
KXNKAFRAK1J6E2U1B,Contoso Motors,2005,Minivan,1533,533,FWD,6 Cylinder,Automatic,Chili Red,Black,2026-05-22 14:06:35.718300,2026-05-22 14:06:35.719893
5CFGO2J07EC6FCJFA,Contoso Motors,2006,Crossover,1534,795,FWD,Hybrid,Automatic,Silver,Ivory,2026-05-22 14:06:35.718300,2026-05-22 14:06:35.719893
4Q5OVWVJQGKWWQXGS,Contoso Motors,2011,Hatchback,1535,355,FWD,6 Cylinder,Automatic,Chili Red,Black,2026-05-22 14:06:35.718300,2026-05-22 14:06:35.719893
JFVLSAR3BYBMAEJT5,Contoso Motors,2005,Truck,1536,641,FWD,8 Cylinder,Automatic,Silver,Black,2026-05-22 14:06:35.718300,2026-05-22 14:06:35.719893
SH85GQO77AR5YFRTD,Contoso Motors,2004,Crossover,1537,797,AWD,Hybrid,Automatic,Silver,Silverstone,2026-05-22 14:06:35.718300,2026-05-22 14:06:35.719893
NMFWXCAUUDH36P048,Contoso Motors,2013,Sedan,1538,467,FWD,Electric,Semi-Automatic,Silver,Ivory,2026-05-22 14:06:35.718300,2026-05-22 14:06:35.719893
AEO5LVAOL7IREKB6E,Contoso Motors,2004,Wagon,1539,412,FWD,6 Cylinder,Automatic,Thunder Gray,Gray,2026-05-22 14:06:35.718300,2026-05-22 14:06:35.719893
LECL9ZZ9XECVR48E2,Contoso Motors,2016,Minivan,1540,540,FWD,6 Cylinder,Automatic,Blazing Gray,Nutmeg,2026-05-22 14:06:35.718300,2026-05-22 14:06:35.719893
6YOYKFUC5X42DUNNC,Contoso Motors,2007,SUV,1541,807,FWD,6 Cylinder,Automatic,Silver,Ivory,2026-05-22 14:06:35.718300,2026-05-22 14:06:35.719893
XLVJSCH9EPSN7QVD5,Contoso Motors,2016,SUV,1542,814,AWD,3 Cylinder,Automatic,Silver,Gray,2026-05-22 14:06:35.718300,2026-05-22 14:06:35.719893
NZOEWO2I5KZ9VITWL,Contoso Motors,2012,Commercial,1543,894,AWD,8 Cylinder,Automatic,Silver,Black,2026-05-22 14:06:35.718300,2026-05-22 14:06:35.719893
4FYGDM5C6HS2K3RY5,Contoso Motors,2007,Convertible 2DR,1544,544,FWD,Electric,Automatic,Volcanic Orange,White,2026-05-22 14:06:35.718300,2026-05-22 14:06:35.719893
W345EOIZ1P4D71V97,Contoso Motors,2014,Coupe,1545,777,RWD,8 Cylinder,Automatic,Silver,Red,2026-05-22 14:06:35.718300,2026-05-22 14:06:35.719893
KVMP01U4Q6L1F5E6C,Contoso Motors,2014,Hybrid,1546,546,FWD,Hybrid,Semi-Automatic,Blue,Old Lace,2026-05-22 14:06:35.718300,2026-05-22 14:06:35.719893
5FE440DUQUZKYDFF7,Contoso Motors,2015,Truck,1547,760,FWD,8 Cylinder,Automatic,Silver,Black,2026-05-22 14:06:35.718300,2026-05-22 14:06:35.719893
EKW640T5T4QOFIC2U,Contoso Motors,2016,Hatchback,1548,436,AWD,6 Cylinder,Automatic,Thunder Gray,Gray,2026-05-22 14:06:35.718300,2026-05-22 14:06:35.719893
KS8EL125HYA3EBP5E,Contoso Motors,2015,Sedan,1549,470,FWD,Electric,Semi-Automatic,White Silver,Smoke White,2026-05-22 14:06:35.718300,2026-05-22 14:06:35.719893
7OFQRQ2M19MUJIUSJ,Contoso Motors,2015,Sedan,1550,518,FWD,Electric,Semi-Automatic,Blazing Gray,Nutmeg,2026-05-22 14:06:35.718300,2026-05-22 14:06:35.719893
LNLAAIQWMT7JVMPMS,Contoso Motors,2005,Sedan,1551,530,AWD,Electric,Semi-Automatic,Blazing Gray,Nutmeg,2026-05-22 14:06:35.718300,2026-05-22 14:06:35.719893
O3B237IYWMPFSF20Q,Contoso Motors,2011,Hatchback,1552,443,AWD,6 Cylinder,Automatic,Midnight Black,Silverstone,2026-05-22 14:06:35.718300,2026-05-22 14:06:35.719893
O3JB3WYC014ALTBDG,Contoso Motors,2013,Truck,1553,1000,AWD,8 Cylinder,Automatic,Silver,Black,2026-05-22 14:06:35.718300,2026-05-22 14:06:35.719893
T2TF0BJTVUI5DRJZU,Contoso Motors,2011,Truck,1554,145,AWD,8 Cylinder,Automatic,Silver,Black,2026-05-22 14:06:35.718300,2026-05-22 14:06:35.719893
68QK5KSFDUQ70LYOF,Contoso Motors,2004,Coupe,1555,17,AWD,8 Cylinder,Automatic,Chili Red,Black,2026-05-22 14:06:35.718300,2026-05-22 14:06:35.719893
36GQ6LK7ZZG18PZEZ,Contoso Motors,2014,Hybrid,1556,556,FWD,Hybrid,Semi-Automatic,Volcanic Orange,White,2026-05-22 14:06:35.718300,2026-05-22 14:06:35.719893
AW70NLMX8PV0LAS0C,Contoso Motors,2005,SUV,1557,817,AWD,Electric,Automatic,Silver,Black,2026-05-22 14:06:35.718300,2026-05-22 14:06:35.719893
5P57WNFONMMCH2J8C,Contoso Motors,2012,Commercial,1558,15,AWD,8 Cylinder,Automatic,Silver,Black,2026-05-22 14:06:35.718300,2026-05-22 14:06:35.719893
Z4X5MYSEL1B0UVLLA,Contoso Motors,2004,Convertible 2DR,1559,559,RWD,6 Cylinder,Automatic,Silver,Ivory,2026-05-22 14:06:35.718300,2026-05-22 14:06:35.719893
N2KHHTB57D9IJGIBK,Contoso Motors,2016,Convertible 2DR,1560,821,RWD,8 Cylinder,Automatic,Silver,Silverstone,2026-05-22 14:06:35.718300,2026-05-22 14:06:35.719893
3LM6L9DBF0WM7OT2G,Contoso Motors,2015,SUV,1561,822,FWD,12 Cylinder,Automatic,Silver,Smoke White,2026-05-22 14:06:35.718300,2026-05-22 14:06:35.719893
O983ZFAOX3EX873I2,Contoso Motors,2016,Minivan,1562,562,FWD,6 Cylinder,Automatic,White Silver,Smoke White,2026-05-22 14:06:35.718300,2026-05-22 14:06:35.719893
JX41LIDZE71NUSCTG,Contoso Motors,2011,SUV,1563,837,RWD,8 Cylinder,Automatic,Silver,Red,2026-05-22 14:06:35.718300,2026-05-22 14:06:35.719893
JCDCAMUP86TWW8HK4,Contoso Motors,2004,Minivan,1564,564,FWD,6 Cylinder,Automatic,Blazing Gray,Nutmeg,2026-05-22 14:06:35.718300,2026-05-22 14:06:35.719893
QH9CF10U8A2Y6M89K,Contoso Motors,2007,SUV,1565,840,FWD,Electric,Automatic,Silver,White,2026-05-22 14:06:35.718300,2026-05-22 14:06:35.719893
E4JKDQZU95AZHIBYC,Contoso Motors,2007,Minivan,1566,566,FWD,6 Cylinder,Automatic,Thunder Gray,Gray,2026-05-22 14:06:35.718300,2026-05-22 14:06:35.719893
KJLW8ZRR3ANX19RCF,Contoso Motors,2013,Minivan,1567,567,FWD,6 Cylinder,Automatic,Pepper White,Dark Gray,2026-05-22 14:06:35.718300,2026-05-22 14:06:35.719893
BGEPPHL3N48B3GWP0,Contoso Motors,2011,Minivan,1568,568,FWD,6 Cylinder,Automatic,Volcanic Orange,White,2026-05-22 14:06:35.718300,2026-05-22 14:06:35.719893
3RU2E6A5BY89CDQ5Y,Contoso Motors,2014,Minivan,1569,569,FWD,6 Cylinder,Automatic,Chili Red,Black,2026-05-22 14:06:35.718300,2026-05-22 14:06:35.719893
M6TTBHZY8DGMNKRN2,Contoso Motors,2015,Minivan,1570,570,FWD,6 Cylinder,Automatic,Blue,Old Lace,2026-05-22 14:06:35.718300,2026-05-22 14:06:35.719893
WQ6DTHHUJLDR1E0YA,Contoso Motors,2005,Sedan,1571,578,FWD,Electric,Semi-Automatic,Thunder Gray,Gray,2026-05-22 14:06:35.718300,2026-05-22 14:06:35.719893
XRM3ZG9CN2B8L7XZA,Contoso Motors,2011,Wagon,1572,460,FWD,6 Cylinder,Automatic,Volcanic Orange,White,2026-05-22 14:06:35.718300,2026-05-22 14:06:35.719893
EV2ACSWSTKFJW079L,Contoso Motors,2009,Sedan,1573,590,FWD,Electric,Semi-Automatic,Thunder Gray,Gray,2026-05-22 14:06:35.718300,2026-05-22 14:06:35.719893
0IESVCF1KGKEOXYYS,Contoso Motors,2016,Sedan,1574,638,AWD,Electric,Semi-Automatic,Thunder Gray,Gray,2026-05-22 14:06:35.718300,2026-05-22 14:06:35.719893
RO1KIV05KIY4ZQ48E,Contoso Motors,2004,SUV,1575,841,FWD,Hybrid,Automatic,Silver,Black,2026-05-22 14:06:35.718300,2026-05-22 14:06:35.719893
0SEZX361T08ETSC2U,Contoso Motors,2014,Truck,1576,265,FWD,8 Cylinder,Automatic,Silver,Black,2026-05-22 14:06:35.718300,2026-05-22 14:06:35.719893
F0DCI60VY9KL3FSJM,Contoso Motors,2007,Truck,1577,385,FWD,8 Cylinder,Automatic,Silver,Black,2026-05-22 14:06:35.718300,2026-05-22 14:06:35.719893
AAS75KHKTTGXX1D1M,Contoso Motors,2013,Hatchback,1578,491,FWD,6 Cylinder,Automatic,Racing Green,Beige,2026-05-22 14:06:35.718300,2026-05-22 14:06:35.719893
AXTJKB5CSA5TXKUPQ,Contoso Motors,2016,Hatchback,1579,495,RWD,6 Cylinder,Automatic,Pepper White,Dark Gray,2026-05-22 14:06:35.718300,2026-05-22 14:06:35.719893
C1KTYKY80U1A2FF5F,Contoso Motors,2011,Minivan,1580,580,FWD,6 Cylinder,Automatic,Volcanic Orange,White,2026-05-22 14:06:35.718300,2026-05-22 14:06:35.719893
S3CB9EBFGNB9ZV587,Contoso Motors,2004,Minivan,1581,581,FWD,6 Cylinder,Automatic,Chili Red,Black,2026-05-22 14:06:35.718300,2026-05-22 14:06:35.719893
OR5ODEZT9BLC55KG9,Contoso Motors,2012,Crossover,1582,843,FWD,Electric,Automatic,Silver,Ivory,2026-05-22 14:06:35.718300,2026-05-22 14:06:35.719893
R68X8CRT7UFQ57SKV,Contoso Motors,2007,Wagon,1583,444,FWD,8 Cylinder,Automatic,Deep Blue,Brown,2026-05-22 14:06:35.718300,2026-05-22 14:06:35.719893
U8DNJABNVRSI6QNGO,Contoso Motors,2014,Truck,1584,529,FWD,8 Cylinder,Automatic,Silver,Black,2026-05-22 14:06:35.718300,2026-05-22 14:06:35.719893
H90FJDYMZQHOTJJRG,Contoso Motors,2011,Crossover,1585,845,FWD,6 Cylinder,Automatic,Silver,Silverstone,2026-05-22 14:06:35.718300,2026-05-22 14:06:35.719893
UC85N8APJRKY3LH9T,Contoso Motors,2011,Sedan,1586,639,AWD,Electric,Semi-Automatic,Pepper White,Dark Gray,2026-05-22 14:06:35.718300,2026-05-22 14:06:35.719893
5KUKWLQS8YX657DNF,Contoso Motors,2004,Hatchback,1587,564,AWD,8 Cylinder,Automatic,White Silver,Smoke White,2026-05-22 14:06:35.718300,2026-05-22 14:06:35.719893
8LXHG9FTX5LUIKBYN,Contoso Motors,2007,Minivan,1588,588,FWD,6 Cylinder,Automatic,Blazing Gray,Nutmeg,2026-05-22 14:06:35.718300,2026-05-22 14:06:35.719893
2MPL86P3AN8ASIW0E,Contoso Motors,2004,SUV,1589,855,AWD,Hybrid,Automatic,Silver,Silverstone,2026-05-22 14:06:35.718300,2026-05-22 14:06:35.719893
FUJGPJPKYW3MC45LY,Contoso Motors,2007,SUV,1590,862,FWD,4 Cylinder,Automatic,Silver,White,2026-05-22 14:06:35.718300,2026-05-22 14:06:35.719893
VE98QV3EYDPB42RBQ,Contoso Motors,2012,Commercial,1591,71,AWD,8 Cylinder,Automatic,Silver,Black,2026-05-22 14:06:35.718300,2026-05-22 14:06:35.719893
8Z9YKS53ZTWY2OJ4O,Contoso Motors,2016,Convertible 2DR,1592,592,RWD,Electric,Automatic,Volcanic Orange,White,2026-05-22 14:06:35.718300,2026-05-22 14:06:35.719893
TJUPIEC0LBKARMSH3,Contoso Motors,2004,Coupe,1593,641,FWD,8 Cylinder,Automatic,Silver,Ivory,2026-05-22 14:06:35.718300,2026-05-22 14:06:35.719893
SOUVK7HBM2FAQTAUS,Contoso Motors,2014,Hybrid,1594,594,FWD,Hybrid,Semi-Automatic,Blue,Old Lace,2026-05-22 14:06:35.718300,2026-05-22 14:06:35.719893
SDPJZR8GREG3ODHOY,Contoso Motors,2007,Truck,1595,632,FWD,8 Cylinder,Automatic,Silver,Black,2026-05-22 14:06:35.718300,2026-05-22 14:06:35.719893
7I3ZI3DKNA6XADQPF,Contoso Motors,2016,Wagon,1596,880,FWD,8 Cylinder,Automatic,White Silver,Smoke White,2026-05-22 14:06:35.718300,2026-05-22 14:06:35.719893
W61TLR0P38YATPSIA,Contoso Motors,2004,Sedan,1597,709,AWD,Electric,Semi-Automatic,Pepper White,Dark Gray,2026-05-22 14:06:35.718300,2026-05-22 14:06:35.719893
CLKWTZ5BN3ACTUDIS,Contoso Motors,2014,Sedan,1598,733,FWD,Electric,Semi-Automatic,Pepper White,Dark Gray,2026-05-22 14:06:35.718300,2026-05-22 14:06:35.719893
OTUUHSVXY7IOUZ5DG,Contoso Motors,2011,Sedan,1599,757,FWD,Electric,Semi-Automatic,Chili Red,Black,2026-05-22 14:06:35.718300,2026-05-22 14:06:35.719893
X4Z73EKSECVVYOQQQ,Contoso Motors,2013,Hatchback,1600,572,AWD,8 Cylinder,Automatic,Deep Blue,Brown,2026-05-22 14:06:35.718300,2026-05-22 14:06:35.719893
CKDCP5VZ1PXLMFJUI,Contoso Motors,2007,Truck,1601,649,AWD,8 Cylinder,Automatic,Silver,Black,2026-05-22 14:06:35.718300,2026-05-22 14:06:35.719893
IOW6X2ZEXLU7D64P8,Contoso Motors,2011,Truck,1602,769,FWD,8 Cylinder,Automatic,Silver,Black,2026-05-22 14:06:35.718300,2026-05-22 14:06:35.719893
1VMWIOFFE6U5C9KKP,Contoso Motors,2011,Coupe,1603,25,RWD,8 Cylinder,Automatic,Silver,Dark Gray,2026-05-22 14:06:35.718300,2026-05-22 14:06:35.719893
48V6TR0VQRG82KOC2,Contoso Motors,2014,Hybrid,1604,604,FWD,Hybrid,Semi-Automatic,Blue,Old Lace,2026-05-22 14:06:35.718300,2026-05-22 14:06:35.719893
QGSHJB1517N4COP7K,Contoso Motors,2014,SUV,1605,865,FWD,4 Cylinder,Automatic,Silver,Ivory,2026-05-22 14:06:35.718300,2026-05-22 14:06:35.719893
K3DPIDNVWANODBD7R,Contoso Motors,2012,Commercial,1606,270,AWD,8 Cylinder,Automatic,Silver,Black,2026-05-22 14:06:35.718300,2026-05-22 14:06:35.719893
AP64B4T7XRHYVXC08,Contoso Motors,2011,Convertible 2DR,1607,607,RWD,Hybrid,Automatic,Midnight Black,Silverstone,2026-05-22 14:06:35.718300,2026-05-22 14:06:35.719893
GDQVJW6S5CSXD9Z5A,Contoso Motors,2014,Crossover,1608,869,AWD,6 Cylinder,Automatic,Silver,Beige,2026-05-22 14:06:35.718300,2026-05-22 14:06:35.719893
NJRFWCQ33IK75ATJO,Contoso Motors,2015,SUV,1609,870,RWD,6 Cylinder,Automatic,Silver,Nutmeg,2026-05-22 14:06:35.718300,2026-05-22 14:06:35.719893
R0EQZMXVG017N3F2R,Contoso Motors,2007,Minivan,1610,610,FWD,6 Cylinder,Automatic,Blazing Gray,Nutmeg,2026-05-22 14:06:35.718300,2026-05-22 14:06:35.719893
M0YBUYR0WKKIXXROP,Contoso Motors,2004,SUV,1611,885,RWD,6 Cylinder,Automatic,Silver,Dark Gray,2026-05-22 14:06:35.718300,2026-05-22 14:06:35.719893
6GIQIXZOSS7BUWGYN,Contoso Motors,2011,Minivan,1612,612,FWD,6 Cylinder,Automatic,Thunder Gray,Gray,2026-05-22 14:06:35.718300,2026-05-22 14:06:35.719893
UEC7FUGRL4HHW2GQQ,Contoso Motors,2016,SUV,1613,888,AWD,6 Cylinder,Automatic,Silver,Old Lace,2026-05-22 14:06:35.718300,2026-05-22 14:06:35.719893
QC02434PWRNE2T2QR,Contoso Motors,2015,Minivan,1614,614,FWD,6 Cylinder,Automatic,Volcanic Orange,White,2026-05-22 14:06:35.718300,2026-05-22 14:06:35.719893
W2Y8E93DPYWST0C6A,Contoso Motors,2016,Minivan,1615,615,FWD,6 Cylinder,Automatic,Chili Red,Black,2026-05-22 14:06:35.718300,2026-05-22 14:06:35.719893
H89THI6GKS5JY6E83,Contoso Motors,2013,Minivan,1616,616,FWD,6 Cylinder,Automatic,Blue,Old Lace,2026-05-22 14:06:35.718300,2026-05-22 14:06:35.719893
7SSRFBKWIGBOIW14F,Contoso Motors,2014,Minivan,1617,617,FWD,6 Cylinder,Automatic,Silver,Ivory,2026-05-22 14:06:35.718300,2026-05-22 14:06:35.719893
AK3R6RZ2O7KHFZMHW,Contoso Motors,2015,Minivan,1618,618,FWD,6 Cylinder,Automatic,Deep Blue,Brown,2026-05-22 14:06:35.718300,2026-05-22 14:06:35.719893
GS7OYBBL6M7ENHIK5,Contoso Motors,2013,Sedan,1619,783,AWD,Electric,Semi-Automatic,Silver,Ivory,2026-05-22 14:06:35.718300,2026-05-22 14:06:35.719893
5IEFLIT90OWI1KNST,Contoso Motors,2005,Wagon,1620,692,FWD,8 Cylinder,Automatic,White Silver,Smoke White,2026-05-22 14:06:35.718300,2026-05-22 14:06:35.719893
G7IUI1Q9GU0WLHMPM,Contoso Motors,2004,Sedan,1621,877,FWD,Electric,Semi-Automatic,Silver,Ivory,2026-05-22 14:06:35.718300,2026-05-22 14:06:35.719893
33K4PI1RAWSFEIK5M,Contoso Motors,2014,Sedan,1622,997,AWD,Electric,Semi-Automatic,Midnight Black,Silverstone,2026-05-22 14:06:35.718300,2026-05-22 14:06:35.719893
HYAUQ6AX10I4TF368,Contoso Motors,2011,SUV,1623,889,AWD,8 Cylinder,Automatic,Silver,Ivory,2026-05-22 14:06:35.718300,2026-05-22 14:06:35.719893
56SVWIRUKQ69VDJ4L,Contoso Motors,2011,Truck,1624,8,AWD,8 Cylinder,Automatic,Silver,Black,2026-05-22 14:06:35.718300,2026-05-22 14:06:35.719893
HFN5V4PWXEJLZN7UG,Contoso Motors,2014,Truck,1625,273,FWD,8 Cylinder,Automatic,Silver,Black,2026-05-22 14:06:35.718300,2026-05-22 14:06:35.719893
ELM5U2P7ODFHPBWXE,Contoso Motors,2011,Wagon,1626,888,FWD,8 Cylinder,Automatic,Deep Blue,Brown,2026-05-22 14:06:35.718300,2026-05-22 14:06:35.719893
R2ENORLBCSEJ8X371,Contoso Motors,2016,Wagon,1627,128,FWD,8 Cylinder,Automatic,Blazing Gray,Nutmeg,2026-05-22 14:06:35.718300,2026-05-22 14:06:35.719893
XXFCC7ZSMPG0UP5Z8,Contoso Motors,2016,Minivan,1628,628,FWD,6 Cylinder,Automatic,Blue,Old Lace,2026-05-22 14:06:35.718300,2026-05-22 14:06:35.719893
H7LNDN98IKLXV7Y2D,Contoso Motors,2011,Minivan,1629,629,FWD,6 Cylinder,Automatic,Silver,Ivory,2026-05-22 14:06:35.718300,2026-05-22 14:06:35.719893
3VAMZNIAR2V18EPKW,Contoso Motors,2014,Crossover,1630,891,AWD,12 Cylinder,Automatic,Silver,Silverstone,2026-05-22 14:06:35.718300,2026-05-22 14:06:35.719893
0XNJORPFB4OV80G8R,Contoso Motors,2006,Hatchback,1631,91,RWD,Electric,Automatic,Blazing Gray,Ivory,2026-05-22 14:06:35.718300,2026-05-22 14:06:35.719893
E4LPYGCU1QXJ660GS,Contoso Motors,2011,Truck,1632,393,FWD,8 Cylinder,Automatic,Silver,Black,2026-05-22 14:06:35.718300,2026-05-22 14:06:35.719893
E690S50JPHBMKS9A5,Contoso Motors,2004,Crossover,1633,893,AWD,6 Cylinder,Automatic,Silver,Beige,2026-05-22 14:06:35.718300,2026-05-22 14:06:35.719893
0MQFIU5MSNIT1IC17,Contoso Motors,2014,Sedan,1634,23,FWD,Electric,Semi-Automatic,Racing Green,Beige,2026-05-22 14:06:35.718300,2026-05-22 14:06:35.719893
P7POEO9Q5GYMD72WP,Contoso Motors,2014,Hatchback,1635,143,FWD,Electric,Automatic,Blazing Gray,Red,2026-05-22 14:06:35.718300,2026-05-22 14:06:35.719893
5QNO3F92BPWRIAYSQ,Contoso Motors,2016,Minivan,1636,636,FWD,6 Cylinder,Automatic,Thunder Gray,Gray,2026-05-22 14:06:35.718300,2026-05-22 14:06:35.719893
NMBWNK2V5FTSVAYNC,Contoso Motors,2011,SUV,1637,903,FWD,Electric,Automatic,Silver,Silverstone,2026-05-22 14:06:35.718300,2026-05-22 14:06:35.719893
BVHUVVTKZ1L9J035P,Contoso Motors,2015,SUV,1638,910,FWD,Hybrid,Automatic,Silver,White,2026-05-22 14:06:35.718300,2026-05-22 14:06:35.719893
SWGF4JG31KV2Q6IW0,Contoso Motors,2012,Commercial,1639,326,AWD,8 Cylinder,Automatic,Silver,Black,2026-05-22 14:06:35.718300,2026-05-22 14:06:35.719893
PND40OKF3OGAOF3PQ,Contoso Motors,2015,Convertible 2DR,1640,640,FWD,6 Cylinder,Automatic,Blue,Old Lace,2026-05-22 14:06:35.718300,2026-05-22 14:06:35.719893
953FW7GH2DQGMUB83,Contoso Motors,2013,Coupe,1641,211,FWD,Electric,Automatic,Racing Green,Beige,2026-05-22 14:06:35.718300,2026-05-22 14:06:35.719893
SPC2R8IRDA7BLB1FU,Contoso Motors,2014,Hybrid,1642,642,FWD,Hybrid,Semi-Automatic,Deep Blue,Brown,2026-05-22 14:06:35.718300,2026-05-22 14:06:35.719893
22TYPMI6D6BKTOWS4,Contoso Motors,2011,Truck,1643,40,RWD,Electric,Automatic,Silver,Black,2026-05-22 14:06:35.718300,2026-05-22 14:06:35.719893
MWNPDQI25FRHDJIKM,Contoso Motors,2011,Wagon,1644,160,FWD,Electric,Automatic,Blazing Gray,Old Lace,2026-05-22 14:06:35.718300,2026-05-22 14:06:35.719893
YNPSM3Y08JPJJL9IE,Contoso Motors,2005,Sedan,1645,142,AWD,Electric,Semi-Automatic,Thunder Gray,Gray,2026-05-22 14:06:35.718300,2026-05-22 14:06:35.719893
PNUB63REXYJO573IT,Contoso Motors,2007,Sedan,1646,165,FWD,Electric,Semi-Automatic,Electric Blue,Red,2026-05-22 14:06:35.718300,2026-05-22 14:06:35.719893
FM7TA6Q201H1QXYK2,Contoso Motors,2010,Sedan,1647,202,FWD,Electric,Semi-Automatic,Thunder Gray,Gray,2026-05-22 14:06:35.718300,2026-05-22 14:06:35.719893
OVHKMMLW5QZCZ4A06,Contoso Motors,2013,Wagon,1648,208,FWD,Electric,Automatic,Blazing Gray,Brown,2026-05-22 14:06:35.718300,2026-05-22 14:06:35.719893
7RAHAO9T3W02YNGOX,Contoso Motors,2007,Truck,1649,65,FWD,Electric,Automatic,Silver,Black,2026-05-22 14:06:35.718300,2026-05-22 14:06:35.719893
YK95FLWKUTBBUZZST,Contoso Motors,2016,Truck,1650,88,FWD,Electric,Automatic,Silver,Black,2026-05-22 14:06:35.718300,2026-05-22 14:06:35.719893
K0G1FK363MS3V74UJ,Contoso Motors,2011,Coupe,1651,441,FWD,Electric,Automatic,Chili Red,Black,2026-05-22 14:06:35.718300,2026-05-22 14:06:35.719893
I50RB3EXAQIXZ0EYK,Contoso Motors,2014,Hybrid,1652,652,FWD,Hybrid,Semi-Automatic,Blue,Old Lace,2026-05-22 14:06:35.718300,2026-05-22 14:06:35.719893
J20TWR816OYXHKYK4,Contoso Motors,2014,SUV,1653,913,FWD,Hybrid,Automatic,Silver,Ivory,2026-05-22 14:06:35.718300,2026-05-22 14:06:35.719893
2Q8MCU41CQ69AAB6J,Contoso Motors,2012,Commercial,1654,30,AWD,8 Cylinder,Automatic,Silver,Black,2026-05-22 14:06:35.718300,2026-05-22 14:06:35.719893
EABPP9R6HJCHQHAJE,Contoso Motors,2013,Convertible 2DR,1655,655,FWD,Electric,Automatic,Midnight Black,Silverstone,2026-05-22 14:06:35.718300,2026-05-22 14:06:35.719893
G8N3Y50OFFYEW0D77,Contoso Motors,2005,Crossover,1656,917,FWD,Hybrid,Automatic,Silver,Beige,2026-05-22 14:06:35.718300,2026-05-22 14:06:35.719893
W1Y9YYJOU2JB89YJX,Contoso Motors,2007,SUV,1657,918,FWD,Hybrid,Automatic,Silver,Beige,2026-05-22 14:06:35.718300,2026-05-22 14:06:35.719893
EF8METSVDOITMZ5I0,Contoso Motors,2015,Minivan,1658,658,FWD,6 Cylinder,Automatic,Blazing Gray,Nutmeg,2026-05-22 14:06:35.718300,2026-05-22 14:06:35.719893
JZLTQ6VXVL68UJXMX,Contoso Motors,2011,SUV,1659,933,FWD,6 Cylinder,Automatic,Silver,Beige,2026-05-22 14:06:35.718300,2026-05-22 14:06:35.719893
SCHZX0UZ8NNBP32KX,Contoso Motors,2013,Minivan,1660,660,FWD,6 Cylinder,Automatic,Thunder Gray,Gray,2026-05-22 14:06:35.718300,2026-05-22 14:06:35.719893
MU8D93ZS7FWREBRP1,Contoso Motors,2015,SUV,1661,936,FWD,6 Cylinder,Automatic,Silver,Beige,2026-05-22 14:06:35.718300,2026-05-22 14:06:35.719893
JJFQR6FXV45S2XG55,Contoso Motors,2015,Minivan,1662,662,FWD,6 Cylinder,Automatic,Volcanic Orange,White,2026-05-22 14:06:35.718300,2026-05-22 14:06:35.719893
O0VDILSSHN16FX14C,Contoso Motors,2013,Minivan,1663,663,FWD,6 Cylinder,Automatic,Chili Red,Black,2026-05-22 14:06:35.718300,2026-05-22 14:06:35.719893
FDSW7I802BKJJDR6B,Contoso Motors,2004,Minivan,1664,664,FWD,6 Cylinder,Automatic,Blue,Old Lace,2026-05-22 14:06:35.718300,2026-05-22 14:06:35.719893
QU0VRE0558IS31EM6,Contoso Motors,2005,Minivan,1665,665,FWD,6 Cylinder,Automatic,Silver,Ivory,2026-05-22 14:06:35.718300,2026-05-22 14:06:35.719893
FCCC0JZUGXD4WUZFR,Contoso Motors,2007,Minivan,1666,666,FWD,6 Cylinder,Automatic,Deep Blue,Brown,2026-05-22 14:06:35.718300,2026-05-22 14:06:35.719893
7Q3YDXZB1ZRY2BNX6,Contoso Motors,2015,Sedan,1667,262,FWD,Electric,Semi-Automatic,Volcanic Orange,White,2026-05-22 14:06:35.718300,2026-05-22 14:06:35.719893
E5X1LZVX86QN3CV2R,Contoso Motors,2011,Wagon,1668,304,FWD,Electric,Automatic,Blazing Gray,Smoke White,2026-05-22 14:06:35.718300,2026-05-22 14:06:35.719893
L4FD2S6N5GC7OD7RX,Contoso Motors,2011,Sedan,1669,285,AWD,Electric,Semi-Automatic,Pepper White,Dark Gray,2026-05-22 14:06:35.718300,2026-05-22 14:06:35.719893
K3ZQGLFTDBM0BDDXB,Contoso Motors,2014,Sedan,1670,331,FWD,Electric,Semi-Automatic,Pepper White,Dark Gray,2026-05-22 14:06:35.718300,2026-05-22 14:06:35.719893
5L0DMBN9IHY07PXGZ,Contoso Motors,2004,SUV,1671,937,FWD,Electric,Automatic,Silver,Beige,2026-05-22 14:06:35.718300,2026-05-22 14:06:35.719893
GEYMICFG1HBNERZ6L,Contoso Motors,2011,Truck,1672,185,FWD,Electric,Automatic,Silver,Black,2026-05-22 14:06:35.718300,2026-05-22 14:06:35.719893
HWNOTJPA7R5PBDWLZ,Contoso Motors,2013,Truck,1673,203,AWD,Electric,Automatic,Silver,Black,2026-05-22 14:06:35.718300,2026-05-22 14:06:35.719893
7C82LT94JMLBD9YEL,Contoso Motors,2016,Wagon,1674,330,FWD,Electric,Automatic,Blazing Gray,Nutmeg,2026-05-22 14:06:35.718300,2026-05-22 14:06:35.719893
7ZRZ7SQNBX2E1PR3X,Contoso Motors,2007,Hatchback,1675,527,AWD,Electric,Automatic,Blazing Gray,Silverstone,2026-05-22 14:06:35.718300,2026-05-22 14:06:35.719893
Z371Z54EPYQPMESC8,Contoso Motors,2007,Minivan,1676,676,FWD,6 Cylinder,Automatic,Blue,Old Lace,2026-05-22 14:06:35.718300,2026-05-22 14:06:35.719893
V3UU8QTZWYW6UDMAG,Contoso Motors,2004,Minivan,1677,677,FWD,6 Cylinder,Automatic,Silver,Ivory,2026-05-22 14:06:35.718300,2026-05-22 14:06:35.719893
QPLT2V1KC14RVJ2HZ,Contoso Motors,2007,Crossover,1678,939,FWD,6 Cylinder,Automatic,Silver,Beige,2026-05-22 14:06:35.718300,2026-05-22 14:06:35.719893
M89LQAUR2M8OJL9NB,Contoso Motors,2005,Wagon,1679,570,FWD,Electric,Automatic,Blazing Gray,Old Lace,2026-05-22 14:06:35.718300,2026-05-22 14:06:35.719893
6O32POOF1DXPOGKOQ,Contoso Motors,2016,Truck,1680,280,FWD,Electric,Automatic,Silver,Black,2026-05-22 14:06:35.718300,2026-05-22 14:06:35.719893
396IUGLTRPN4VKBKX,Contoso Motors,2011,Crossover,1681,941,AWD,10 Cylinder,Automatic,Silver,Beige,2026-05-22 14:06:35.718300,2026-05-22 14:06:35.719893
9EDN7R7D50YQZWN8Y,Contoso Motors,2009,Sedan,1682,382,FWD,Electric,Semi-Automatic,Blue,Old Lace,2026-05-22 14:06:35.718300,2026-05-22 14:06:35.719893
IKJ5NQPEW4LNC8AYM,Contoso Motors,2012,Hatchback,1683,579,FWD,Electric,Automatic,Blazing Gray,Dark Gray,2026-05-22 14:06:35.718300,2026-05-22 14:06:35.719893
YP7A6G1W2N7VNJ849,Contoso Motors,2015,Minivan,1684,684,FWD,6 Cylinder,Automatic,Thunder Gray,Gray,2026-05-22 14:06:35.718300,2026-05-22 14:06:35.719893
FIFQC8G5IQDSP0HZW,Contoso Motors,2013,SUV,1685,951,FWD,12 Cylinder,Automatic,Silver,Beige,2026-05-22 14:06:35.718300,2026-05-22 14:06:35.719893
DZ0JN3HME3OKBBFYU,Contoso Motors,2015,SUV,1686,958,AWD,10 Cylinder,Automatic,Silver,Beige,2026-05-22 14:06:35.718300,2026-05-22 14:06:35.719893
AESQX3ZKCFM25HNNE,Contoso Motors,2010,Commercial,1687,118,AWD,8 Cylinder,Automatic,Silver,Black,2026-05-22 14:06:35.718300,2026-05-22 14:06:35.719893
NH1SK0I6BX6XF05MX,Contoso Motors,2016,Convertible 2DR,1688,688,FWD,6 Cylinder,Automatic,Blue,Old Lace,2026-05-22 14:06:35.718300,2026-05-22 14:06:35.719893
B98FFFQ3HDRX8SLMV,Contoso Motors,2007,Coupe,1689,835,FWD,Electric,Automatic,Racing Green,Beige,2026-05-22 14:06:35.718300,2026-05-22 14:06:35.719893
8DPS2FIS26U15IL9P,Contoso Motors,2014,Hybrid,1690,690,FWD,Hybrid,Semi-Automatic,Deep Blue,Brown,2026-05-22 14:06:35.718300,2026-05-22 14:06:35.719893
DHPVT5LN2MSGSMEMP,Contoso Motors,2013,Truck,1691,450,FWD,Electric,Automatic,Silver,Black,2026-05-22 14:06:35.718300,2026-05-22 14:06:35.719893
SZBAR4VUGY08X8JKN,Contoso Motors,2013,Wagon,1692,780,AWD,Electric,Automatic,Blazing Gray,White,2026-05-22 14:06:35.718300,2026-05-22 14:06:35.719893
PK70FRDXM0A7D00IB,Contoso Motors,2004,Sedan,1693,405,FWD,Electric,Semi-Automatic,Chili Red,Black,2026-05-22 14:06:35.718300,2026-05-22 14:06:35.719893
87NAPA5IHNG5E2FLU,Contoso Motors,2006,Sedan,1694,455,FWD,Electric,Semi-Automatic,Midnight Black,Silverstone,2026-05-22 14:06:35.718300,2026-05-22 14:06:35.719893
8NTGYTURD5U7DNX0Z,Contoso Motors,2015,Sedan,1695,526,FWD,Electric,Semi-Automatic,White Silver,Smoke White,2026-05-22 14:06:35.718300,2026-05-22 14:06:35.719893
4TIX69ZZ8YSTOLDZ3,Contoso Motors,2016,Hatchback,1696,852,AWD,Electric,Automatic,Blazing Gray,Old Lace,2026-05-22 14:06:35.718300,2026-05-22 14:06:35.719893
ME04HHTNX276VQD15,Contoso Motors,2014,Truck,1697,473,RWD,Electric,Automatic,Silver,Black,2026-05-22 14:06:35.718300,2026-05-22 14:06:35.719893
RHY4I7HZ15471I333,Contoso Motors,2007,Truck,1698,587,FWD,Electric,Automatic,Silver,Black,2026-05-22 14:06:35.718300,2026-05-22 14:06:35.719893
2YWYDXNLDHHR9XRME,Contoso Motors,2011,Coupe,1699,969,FWD,Electric,Automatic,Silver,Black,2026-05-22 14:06:35.718300,2026-05-22 14:06:35.719893
JO5ZFOCJD72V9CX0D,Contoso Motors,2014,Hybrid,1700,700,FWD,Hybrid,Semi-Automatic,Deep Blue,Brown,2026-05-22 14:06:35.718300,2026-05-22 14:06:35.719893
U9OIY7EOWOI2YE72I,Contoso Motors,2005,SUV,1701,961,AWD,Hybrid,Automatic,Silver,Beige,2026-05-22 14:06:35.718300,2026-05-22 14:06:35.719893
5JZN82IAK0YTZDH4R,Contoso Motors,2010,Commercial,1702,454,AWD,8 Cylinder,Automatic,Silver,Black,2026-05-22 14:06:35.718300,2026-05-22 14:06:35.719893
LLA6XUGWOTOZ0X5FX,Contoso Motors,2016,Convertible 2DR,1703,703,RWD,12 Cylinder,Automatic,Racing Green,Beige,2026-05-22 14:06:35.718300,2026-05-22 14:06:35.719893
O2BP2GUZ5NTPXT0AQ,Contoso Motors,2004,Crossover,1704,965,AWD,6 Cylinder,Automatic,Silver,Beige,2026-05-22 14:06:35.718300,2026-05-22 14:06:35.719893
FBBYST4XSAYYR2RL8,Contoso Motors,2005,SUV,1705,966,FWD,Electric,Automatic,Silver,Beige,2026-05-22 14:06:35.718300,2026-05-22 14:06:35.719893
JJW3OFY2BK8439VBD,Contoso Motors,2015,Minivan,1706,706,FWD,6 Cylinder,Automatic,Thunder Gray,Gray,2026-05-22 14:06:35.718300,2026-05-22 14:06:35.719893
XTLXKBJTDD9VU4KEU,Contoso Motors,2004,SUV,1707,981,RWD,4 Cylinder,Automatic,Silver,Beige,2026-05-22 14:06:35.718300,2026-05-22 14:06:35.719893
TOIXIEYYLH11CH7NH,Contoso Motors,2004,Minivan,1708,708,FWD,6 Cylinder,Automatic,Volcanic Orange,White,2026-05-22 14:06:35.718300,2026-05-22 14:06:35.719893
JT68XQJP6G4OQTB30,Contoso Motors,2016,SUV,1709,984,FWD,4 Cylinder,Automatic,Silver,Beige,2026-05-22 14:06:35.718300,2026-05-22 14:06:35.719893
MV9IRF1YD2M42M0L1,Contoso Motors,2007,Minivan,1710,710,FWD,6 Cylinder,Automatic,Blue,Old Lace,2026-05-22 14:06:35.718300,2026-05-22 14:06:35.719893
SSBRUGC4FBHQEJ3RK,Contoso Motors,2016,Minivan,1711,711,FWD,6 Cylinder,Automatic,Silver,Ivory,2026-05-22 14:06:35.718300,2026-05-22 14:06:35.719893
0IPUYIOCUWJT4V20V,Contoso Motors,2011,Minivan,1712,712,FWD,6 Cylinder,Automatic,Deep Blue,Brown,2026-05-22 14:06:35.718300,2026-05-22 14:06:35.719893
R19QRPMJUKFVUG4UT,Contoso Motors,2004,Minivan,1713,713,FWD,6 Cylinder,Automatic,Midnight Black,Silverstone,2026-05-22 14:06:35.718300,2026-05-22 14:06:35.719893
NP704LVE7E996YTR3,Contoso Motors,2005,Minivan,1714,714,FWD,6 Cylinder,Automatic,White Silver,Smoke White,2026-05-22 14:06:35.718300,2026-05-22 14:06:35.719893
Q8M77PMTJUT0JEFY0,Contoso Motors,2005,Sedan,1715,538,AWD,Electric,Semi-Automatic,White Silver,Smoke White,2026-05-22 14:06:35.718300,2026-05-22 14:06:35.719893
ZQOYYE8AWT1N28DIC,Contoso Motors,2005,Hatchback,1716,900,FWD,Electric,Automatic,Blazing Gray,Old Lace,2026-05-22 14:06:35.718300,2026-05-22 14:06:35.719893
PLD1V7LHPF90MXQ0C,Contoso Motors,2005,Sedan,1717,586,FWD,Electric,Semi-Automatic,White Silver,Smoke White,2026-05-22 14:06:35.718300,2026-05-22 14:06:35.719893
H3H68R551K4NH4RIX,Contoso Motors,2010,Sedan,1718,598,FWD,Electric,Semi-Automatic,White Silver,Smoke White,2026-05-22 14:06:35.718300,2026-05-22 14:06:35.719893
I7W8KMBD4L3XHBI96,Contoso Motors,2011,SUV,1719,985,FWD,4 Cylinder,Automatic,Silver,Beige,2026-05-22 14:06:35.718300,2026-05-22 14:06:35.719893
7AZTQAEV9PQZ5GLAC,Contoso Motors,2007,Truck,1720,593,FWD,Electric,Automatic,Silver,Black,2026-05-22 14:06:35.718300,2026-05-22 14:06:35.719893
AF0WV5FT4P49HYO9A,Contoso Motors,2007,Truck,1721,786,FWD,Electric,Automatic,Silver,Black,2026-05-22 14:06:35.718300,2026-05-22 14:06:35.719893
RC7K5KN7EY5V6QQSW,Contoso Motors,2007,Wagon,1722,906,RWD,Electric,Automatic,Blazing Gray,Nutmeg,2026-05-22 14:06:35.718300,2026-05-22 14:06:35.719893
WTXY1OCOXVUIJNT3U,Contoso Motors,2015,Wagon,1723,954,FWD,Electric,Automatic,Blazing Gray,Gray,2026-05-22 14:06:35.718300,2026-05-22 14:06:35.719893
9L8C15C6NR9I5FL1E,Contoso Motors,2016,Minivan,1724,724,FWD,6 Cylinder,Automatic,Deep Blue,Brown,2026-05-22 14:06:35.718300,2026-05-22 14:06:35.719893
NR0SA18C6MJ0CCXNP,Contoso Motors,2011,Minivan,1725,725,FWD,6 Cylinder,Automatic,Midnight Black,Silverstone,2026-05-22 14:06:35.718300,2026-05-22 14:06:35.719893
DRWBKV5QE7DVWAU52,Contoso Motors,2004,Crossover,1726,987,FWD,6 Cylinder,Automatic,Silver,Beige,2026-05-22 14:06:35.718300,2026-05-22 14:06:35.719893
JJJIT8DTGXFM0VCAB,Contoso Motors,2016,Hatchback,1727,955,FWD,Electric,Automatic,Blazing Gray,Dark Gray,2026-05-22 14:06:35.718300,2026-05-22 14:06:35.719893
VW8W9V1YBK90CNUA1,Contoso Motors,2005,Truck,1728,834,RWD,Electric,Automatic,Silver,Black,2026-05-22 14:06:35.718300,2026-05-22 14:06:35.719893
5F2WJD2504ZITUWH9,Contoso Motors,2007,Crossover,1729,989,FWD,6 Cylinder,Automatic,Silver,Beige,2026-05-22 14:06:35.718300,2026-05-22 14:06:35.719893
I5W0PH8ULHIVIG8H4,Contoso Motors,2009,Sedan,1730,646,AWD,Electric,Semi-Automatic,Blazing Gray,Nutmeg,2026-05-22 14:06:35.718300,2026-05-22 14:06:35.719893
3Y56J5XSHHIZ2HFCT,Contoso Motors,2016,Hatchback,1731,963,AWD,Electric,Automatic,Blazing Gray,Beige,2026-05-22 14:06:35.718300,2026-05-22 14:06:35.719893
27YT7WTB98IX4L9DL,Contoso Motors,2016,Minivan,1732,732,FWD,6 Cylinder,Automatic,Volcanic Orange,White,2026-05-22 14:06:35.718300,2026-05-22 14:06:35.719893
B2C46I8SHH5Q08LUL,Contoso Motors,2016,SUV,1733,999,AWD,6 Cylinder,Automatic,Silver,Beige,2026-05-22 14:06:35.718300,2026-05-22 14:06:35.719893
FBJQ161J0SU3XU4IJ,Contoso Motors,2007,SUV,1734,6,FWD,Electric,Automatic,Silver,Beige,2026-05-22 14:06:35.718300,2026-05-22 14:06:35.719893
RZ9GTU4PGH4XKDHPW,Contoso Motors,2010,Commercial,1735,982,AWD,8 Cylinder,Automatic,Silver,Black,2026-05-22 14:06:35.718300,2026-05-22 14:06:35.719893
UHEJIUFBZCYY9CH44,Contoso Motors,2005,Convertible 2DR,1736,736,AWD,4 Cylinder,Automatic,Deep Blue,Brown,2026-05-22 14:06:35.718300,2026-05-22 14:06:35.719893
02PA8MBT8WD7OWXL1,Contoso Motors,2016,Coupe,1737,219,FWD,Electric,Automatic,Silver,Ivory,2026-05-22 14:06:35.718300,2026-05-22 14:06:35.719893
1S75U8FVSTNS1B5GL,Contoso Motors,2014,Hybrid,1738,738,FWD,Hybrid,Semi-Automatic,White Silver,Smoke White,2026-05-22 14:06:35.718300,2026-05-22 14:06:35.719893
9WZO4FCN511COUNSE,Contoso Motors,2013,Truck,1739,912,FWD,Electric,Automatic,Silver,Black,2026-05-22 14:06:35.718300,2026-05-22 14:06:35.719893
WI6VDD1ARHRCAOBOJ,Contoso Motors,2007,Wagon,1740,972,FWD,Electric,Automatic,Blazing Gray,Brown,2026-05-22 14:06:35.718300,2026-05-22 14:06:35.719893
YTJ51G030H2TMZ1OT,Contoso Motors,2004,Sedan,1741,647,AWD,Electric,Semi-Automatic,Electric Blue,Red,2026-05-22 14:06:35.718300,2026-05-22 14:06:35.719893
JPDBX1NWE0A6WXK0W,Contoso Motors,2007,Sedan,1742,715,RWD,Electric,Semi-Automatic,Racing Green,Beige,2026-05-22 14:06:35.718300,2026-05-22 14:06:35.719893
3FZRIHE0VMBV7V12F,Contoso Motors,2005,Sedan,1743,718,AWD,Electric,Semi-Automatic,Thunder Gray,Gray,2026-05-22 14:06:35.718300,2026-05-22 14:06:35.719893
RT0EVODU2WMUFGWOA,Contoso Motors,2016,Wagon,1744,20,FWD,Electric,Automatic,Blazing Gray,Brown,2026-05-22 14:06:35.718300,2026-05-22 14:06:35.719893
8RRMNKA6SN8JH8R6M,Contoso Motors,2004,Truck,1745,960,AWD,Electric,Automatic,Silver,Black,2026-05-22 14:06:35.718300,2026-05-22 14:06:35.719893
AVI2ZLRQCTFNGFE9O,Contoso Motors,2010,Truck,1746,26,FWD,Electric,Automatic,Silver,Black,2026-05-22 14:06:35.718300,2026-05-22 14:06:35.719893
8CEDMXZMCVTNXRU74,Contoso Motors,2011,Coupe,1747,689,FWD,Electric,Automatic,Silver,Ivory,2026-05-22 14:06:35.718300,2026-05-22 14:06:35.719893
1RSOR232QDNZZ6BBM,Contoso Motors,2014,Hybrid,1748,748,FWD,Hybrid,Semi-Automatic,Deep Blue,Brown,2026-05-22 14:06:35.718300,2026-05-22 14:06:35.719893
WJ9J39U387P1N2G5J,Contoso Motors,2004,SUV,1749,9,FWD,8 Cylinder,Automatic,Silver,Beige,2026-05-22 14:06:35.718300,2026-05-22 14:06:35.719893
9L2WOKP3K45W1WN7X,Contoso Motors,2010,Commercial,1750,510,AWD,8 Cylinder,Automatic,Silver,Black,2026-05-22 14:06:35.718300,2026-05-22 14:06:35.719893
LY6F0YA00Y86CGISY,Contoso Motors,2013,Convertible 2DR,1751,751,AWD,6 Cylinder,Automatic,Racing Green,Beige,2026-05-22 14:06:35.718300,2026-05-22 14:06:35.719893
KH69C01UU2UHF4ONV,Contoso Motors,2011,Crossover,1752,13,FWD,6 Cylinder,Automatic,Silver,Beige,2026-05-22 14:06:35.718300,2026-05-22 14:06:35.719893
2OINCR4ERI6O76LOK,Contoso Motors,2005,SUV,1753,14,AWD,Electric,Automatic,Silver,Beige,2026-05-22 14:06:35.718300,2026-05-22 14:06:35.719893
HZ0L5C2W3FWWD236E,Contoso Motors,2007,Minivan,1754,754,FWD,6 Cylinder,Automatic,Thunder Gray,Gray,2026-05-22 14:06:35.718300,2026-05-22 14:06:35.719893
CUG33X4JOKD5B9DPA,Contoso Motors,2011,SUV,1755,29,AWD,Electric,Automatic,Silver,Beige,2026-05-22 14:06:35.718300,2026-05-22 14:06:35.719893
TS3Y5M400JJTJ8YEC,Contoso Motors,2011,Minivan,1756,756,FWD,6 Cylinder,Automatic,Volcanic Orange,White,2026-05-22 14:06:35.718300,2026-05-22 14:06:35.719893
9VWJ26SNMDE0MEI4Q,Contoso Motors,2005,SUV,1757,32,AWD,Electric,Automatic,Silver,Beige,2026-05-22 14:06:35.718300,2026-05-22 14:06:35.719893
FY5UV1NQ4UJTUU8UB,Contoso Motors,2005,Minivan,1758,758,FWD,6 Cylinder,Automatic,Blue,Old Lace,2026-05-22 14:06:35.718300,2026-05-22 14:06:35.719893
ZYPF5QNPQ7PNFK3PY,Contoso Motors,2007,Minivan,1759,759,FWD,6 Cylinder,Automatic,Silver,Ivory,2026-05-22 14:06:35.718300,2026-05-22 14:06:35.719893
JU3Q3513FALGQ08W3,Contoso Motors,2016,Minivan,1760,760,FWD,6 Cylinder,Automatic,Deep Blue,Brown,2026-05-22 14:06:35.718300,2026-05-22 14:06:35.719893
MJ70EVZCNL9XX8G1S,Contoso Motors,2011,Minivan,1761,761,FWD,6 Cylinder,Automatic,Midnight Black,Silverstone,2026-05-22 14:06:35.718300,2026-05-22 14:06:35.719893
VI68NRJ8R9N5BSMPG,Contoso Motors,2005,Minivan,1762,762,FWD,6 Cylinder,Automatic,White Silver,Smoke White,2026-05-22 14:06:35.718300,2026-05-22 14:06:35.719893
HYUG7ML73M5VXE80S,Contoso Motors,2005,Sedan,1763,766,FWD,Electric,Semi-Automatic,Thunder Gray,Gray,2026-05-22 14:06:35.718300,2026-05-22 14:06:35.719893
L4314B5E2KN0VTXPB,Contoso Motors,2012,Hatchback,1764,151,FWD,Electric,Automatic,Blazing Gray,Brown,2026-05-22 14:06:35.718300,2026-05-22 14:06:35.719893
ZFN1NLE3ARXQ9QIQC,Contoso Motors,2009,Sedan,1765,778,FWD,Electric,Semi-Automatic,Thunder Gray,Gray,2026-05-22 14:06:35.718300,2026-05-22 14:06:35.719893
YA7V5AXQATUJ29WXF,Contoso Motors,2014,Sedan,1766,837,FWD,Electric,Semi-Automatic,Pepper White,Dark Gray,2026-05-22 14:06:35.718300,2026-05-22 14:06:35.719893
L5RLIIHHEZCF5I817,Contoso Motors,2007,SUV,1767,33,AWD,Hybrid,Automatic,Silver,Beige,2026-05-22 14:06:35.718300,2026-05-22 14:06:35.719893
HHQRWJO5J5QX6UCGB,Contoso Motors,2016,Truck,1768,56,FWD,Electric,Automatic,Silver,Black,2026-05-22 14:06:35.718300,2026-05-22 14:06:35.719893
950LO0X8PNK5487WW,Contoso Motors,2004,Truck,1769,193,FWD,Electric,Automatic,Silver,Black,2026-05-22 14:06:35.718300,2026-05-22 14:06:35.719893
ZFVIDRM7CQVFL94XE,Contoso Motors,2004,Wagon,1770,168,FWD,Electric,Automatic,Blazing Gray,Brown,2026-05-22 14:06:35.718300,2026-05-22 14:06:35.719893
JWXZS5SPNAXAUPMIZ,Contoso Motors,2011,Wagon,1771,216,AWD,Electric,Automatic,Blazing Gray,Brown,2026-05-22 14:06:35.718300,2026-05-22 14:06:35.719893
APTZCVQF6U47AM6RU,Contoso Motors,2015,Minivan,1772,772,FWD,6 Cylinder,Automatic,Deep Blue,Brown,2026-05-22 14:06:35.718300,2026-05-22 14:06:35.719893
RGBKBUR5PY0XTFUYR,Contoso Motors,2004,Minivan,1773,773,FWD,6 Cylinder,Automatic,Midnight Black,Silverstone,2026-05-22 14:06:35.718300,2026-05-22 14:06:35.719893
FD9OG0V80KMOYR9B1,Contoso Motors,2011,Crossover,1774,35,AWD,Hybrid,Automatic,Silver,Beige,2026-05-22 14:06:35.718300,2026-05-22 14:06:35.719893
134T02W19WT2VNI5T,Contoso Motors,2004,Hatchback,1775,339,RWD,Electric,Automatic,Blazing Gray,Brown,2026-05-22 14:06:35.718300,2026-05-22 14:06:35.719893
R8T22E4QX2VMD4NAX,Contoso Motors,2011,Truck,1776,211,AWD,Electric,Automatic,Silver,Black,2026-05-22 14:06:35.718300,2026-05-22 14:06:35.719893
7Q7708FOQJAZWZBE6,Contoso Motors,2005,Crossover,1777,37,AWD,Hybrid,Automatic,Silver,Beige,2026-05-22 14:06:35.718300,2026-05-22 14:06:35.719893
DNLMNFXIQT6GQ5HPO,Contoso Motors,2004,Sedan,1778,861,AWD,Electric,Semi-Automatic,Pepper White,Dark Gray,2026-05-22 14:06:35.718300,2026-05-22 14:06:35.719893
11HA9J4HC7G8RL2U1,Contoso Motors,2013,Hatchback,1779,391,RWD,Electric,Automatic,Blazing Gray,Brown,2026-05-22 14:06:35.718300,2026-05-22 14:06:35.719893
ZFHWOW6VA67ALFFGK,Contoso Motors,2005,Minivan,1780,780,FWD,6 Cylinder,Automatic,Volcanic Orange,White,2026-05-22 14:06:35.718300,2026-05-22 14:06:35.719893
H72CUVX2A4NLX2Y2V,Contoso Motors,2013,SUV,1781,47,FWD,6 Cylinder,Automatic,Silver,Beige,2026-05-22 14:06:35.718300,2026-05-22 14:06:35.719893
S5IPMWQCM63VARAJ0,Contoso Motors,2005,SUV,1782,54,RWD,Hybrid,Automatic,Silver,Beige,2026-05-22 14:06:35.718300,2026-05-22 14:06:35.719893
XFVZKAWXKSCH1CYYD,Contoso Motors,2010,Commercial,1783,38,AWD,8 Cylinder,Automatic,Silver,Black,2026-05-22 14:06:35.718300,2026-05-22 14:06:35.719893
HF4UKFMQ86SYX6V8D,Contoso Motors,2004,Convertible 2DR,1784,784,FWD,Electric,Automatic,Deep Blue,Brown,2026-05-22 14:06:35.718300,2026-05-22 14:06:35.719893
HV22RYC92SAU3UBDF,Contoso Motors,2004,Coupe,1785,977,FWD,Electric,Automatic,Pepper White,Dark Gray,2026-05-22 14:06:35.718300,2026-05-22 14:06:35.719893
NQRSIXZF2KVL8SFU1,Contoso Motors,2014,Hybrid,1786,786,FWD,Hybrid,Semi-Automatic,White Silver,Smoke White,2026-05-22 14:06:35.718300,2026-05-22 14:06:35.719893
HKKEXL35XCVVERPBA,Contoso Motors,2015,Truck,1787,288,AWD,Electric,Automatic,Silver,Black,2026-05-22 14:06:35.718300,2026-05-22 14:06:35.719893
8Q0SLA97OMN4ID000,Contoso Motors,2016,Wagon,1788,408,FWD,Electric,Automatic,Blazing Gray,Brown,2026-05-22 14:06:35.718300,2026-05-22 14:06:35.719893
OK0280NTIJRD4GV19,Contoso Motors,2005,Sedan,1789,885,FWD,Electric,Semi-Automatic,Chili Red,Black,2026-05-22 14:06:35.718300,2026-05-22 14:06:35.719893
I5GNNKNP7DE9X8MAL,Contoso Motors,2005,Sedan,1790,5,AWD,Electric,Semi-Automatic,Silver,Ivory,2026-05-22 14:06:35.718300,2026-05-22 14:06:35.719893
3WCD7AMA2J9AZ7HCL,Contoso Motors,2012,Sedan,1791,31,FWD,Electric,Semi-Automatic,Midnight Black,Silverstone,2026-05-22 14:06:35.718300,2026-05-22 14:06:35.719893
ZCH21XKUMFD1416PX,Contoso Motors,2016,Hatchback,1792,535,RWD,Electric,Automatic,Blazing Gray,Brown,2026-05-22 14:06:35.718300,2026-05-22 14:06:35.719893
N2TXGSXON7ICLCZ2C,Contoso Motors,2005,Truck,1793,313,FWD,Electric,Automatic,Silver,Black,2026-05-22 14:06:35.718300,2026-05-22 14:06:35.719893
Z7JLMXF3R4MVGV6HW,Contoso Motors,2016,Truck,1794,336,FWD,Electric,Automatic,Silver,Black,2026-05-22 14:06:35.718300,2026-05-22 14:06:35.719893
UEK5ALXCMX6B3SOP5,Contoso Motors,2007,Coupe,1795,83,AWD,Electric,Automatic,Pepper White,Dark Gray,2026-05-22 14:06:35.718300,2026-05-22 14:06:35.719893
AS8N7YAOVUXYD538A,Contoso Motors,2014,Hybrid,1796,796,FWD,Hybrid,Semi-Automatic,White Silver,Smoke White,2026-05-22 14:06:35.718300,2026-05-22 14:06:35.719893
WZD0FAWB8AKGBDW70,Contoso Motors,2011,SUV,1797,57,FWD,Hybrid,Automatic,Silver,Beige,2026-05-22 14:06:35.718300,2026-05-22 14:06:35.719893
43OWHTKJL3PGWXUDQ,Contoso Motors,2011,Commercial,1798,103,AWD,8 Cylinder,Automatic,Silver,Black,2026-05-22 14:06:35.718300,2026-05-22 14:06:35.719893
JL9HGQYKX3Z1GTXH6,Contoso Motors,2016,Convertible 2DR,1799,799,FWD,6 Cylinder,Automatic,Electric Blue,Red,2026-05-22 14:06:35.718300,2026-05-22 14:06:35.719893
B9HA6Z09KY4TM0A76,Contoso Motors,2004,Crossover,1800,61,FWD,Hybrid,Automatic,Silver,Dark Gray,2026-05-22 14:06:35.718300,2026-05-22 14:06:35.719893
7JHXB50SUPQOL8XMX,Contoso Motors,2005,SUV,1801,62,FWD,Hybrid,Automatic,Silver,White,2026-05-22 14:06:35.718300,2026-05-22 14:06:35.719893
DYY2LF6JWHNB58M6W,Contoso Motors,2005,Minivan,1802,802,FWD,6 Cylinder,Automatic,Volcanic Orange,White,2026-05-22 14:06:35.718300,2026-05-22 14:06:35.719893
PE24KWIAW35HOI5W9,Contoso Motors,2007,SUV,1803,77,FWD,6 Cylinder,Automatic,Silver,Ivory,2026-05-22 14:06:35.718300,2026-05-22 14:06:35.719893
IVTNM5RLIWIA7LMSA,Contoso Motors,2016,Minivan,1804,804,FWD,6 Cylinder,Automatic,Blue,Old Lace,2026-05-22 14:06:35.718300,2026-05-22 14:06:35.719893
RRZM5JFZQHT7R0A64,Contoso Motors,2004,SUV,1805,80,FWD,Hybrid,Automatic,Silver,Smoke White,2026-05-22 14:06:35.718300,2026-05-22 14:06:35.719893
N9MF131UGWSR9U0GV,Contoso Motors,2005,Minivan,1806,806,FWD,6 Cylinder,Automatic,Deep Blue,Brown,2026-05-22 14:06:35.718300,2026-05-22 14:06:35.719893
OD05AHPM25NHX48OP,Contoso Motors,2006,Minivan,1807,807,FWD,6 Cylinder,Automatic,Midnight Black,Silverstone,2026-05-22 14:06:35.718300,2026-05-22 14:06:35.719893
F0F2WHGSIH4MS541Y,Contoso Motors,2007,Minivan,1808,808,FWD,6 Cylinder,Automatic,White Silver,Smoke White,2026-05-22 14:06:35.718300,2026-05-22 14:06:35.719893
YQ1CEMGT924O5514L,Contoso Motors,2004,Minivan,1809,809,FWD,6 Cylinder,Automatic,Racing Green,Beige,2026-05-22 14:06:35.718300,2026-05-22 14:06:35.719893
CSMZSNI8K7WGL9SH4,Contoso Motors,2005,Minivan,1810,810,FWD,6 Cylinder,Automatic,Blazing Gray,Nutmeg,2026-05-22 14:06:35.718300,2026-05-22 14:06:35.719893
9JVGMLPA2NEUMPT6K,Contoso Motors,2004,Sedan,1811,125,FWD,Electric,Semi-Automatic,Midnight Black,Silverstone,2026-05-22 14:06:35.718300,2026-05-22 14:06:35.719893
TIQ2UHLCRYEJL4T5R,Contoso Motors,2007,Wagon,1812,578,AWD,Electric,Automatic,Blazing Gray,Brown,2026-05-22 14:06:35.718300,2026-05-22 14:06:35.719893
O5V5DV6OY6TERV773,Contoso Motors,2013,Sedan,1813,210,FWD,Electric,Semi-Automatic,Blazing Gray,Nutmeg,2026-05-22 14:06:35.718300,2026-05-22 14:06:35.719893
3C1YNXSSPZQEWG7H8,Contoso Motors,2007,Sedan,1814,270,FWD,Electric,Semi-Automatic,Thunder Gray,Gray,2026-05-22 14:06:35.718300,2026-05-22 14:06:35.719893
4VHS63K95IBOG1TZZ,Contoso Motors,2015,SUV,1815,81,FWD,6 Cylinder,Automatic,Silver,Beige,2026-05-22 14:06:35.718300,2026-05-22 14:06:35.719893
LSNWMQXA8YOK8STO7,Contoso Motors,2004,Truck,1816,432,AWD,Electric,Automatic,Silver,Black,2026-05-22 14:06:35.718300,2026-05-22 14:06:35.719893
TPD5S8UKQ1X3Z5K9L,Contoso Motors,2005,Truck,1817,458,FWD,Electric,Automatic,Silver,Black,2026-05-22 14:06:35.718300,2026-05-22 14:06:35.719893
8AH2ECGMEM9JP24RE,Contoso Motors,2006,Hatchback,1818,587,FWD,Electric,Automatic,Racing Green,Brown,2026-05-22 14:06:35.718300,2026-05-22 14:06:35.719893
WQKDPLZAT3A7XBYK7,Contoso Motors,2007,Hatchback,1819,775,AWD,Electric,Automatic,Racing Green,Brown,2026-05-22 14:06:35.718300,2026-05-22 14:06:35.719893
CXRPHGM4VI2L1FA4P,Contoso Motors,2016,Minivan,1820,820,FWD,6 Cylinder,Automatic,White Silver,Smoke White,2026-05-22 14:06:35.718300,2026-05-22 14:06:35.719893
O1NWZUDN720THHPDX,Contoso Motors,2011,Minivan,1821,821,FWD,6 Cylinder,Automatic,Racing Green,Beige,2026-05-22 14:06:35.718300,2026-05-22 14:06:35.719893
YEDKX73PT6BGST3H5,Contoso Motors,2013,Crossover,1822,83,FWD,Hybrid,Automatic,Silver,Red,2026-05-22 14:06:35.718300,2026-05-22 14:06:35.719893
V0L2KGR4VDZAYBQ4A,Contoso Motors,2016,Hatchback,1823,908,FWD,Electric,Automatic,Volcanic Orange,Brown,2026-05-22 14:06:35.718300,2026-05-22 14:06:35.719893
7Y758EU9YC4MYFRLG,Contoso Motors,2014,Truck,1824,595,RWD,Electric,Automatic,Silver,Black,2026-05-22 14:06:35.718300,2026-05-22 14:06:35.719893
HLBI37GB8RC4UGAP5,Contoso Motors,2014,Crossover,1825,85,FWD,Electric,Automatic,Silver,Dark Gray,2026-05-22 14:06:35.718300,2026-05-22 14:06:35.719893
TGFDQ9VIJ5X6MDMO8,Contoso Motors,2004,Sedan,1826,293,RWD,Electric,Semi-Automatic,Electric Blue,Red,2026-05-22 14:06:35.718300,2026-05-22 14:06:35.719893
E73WPS71QUWYR1K45,Contoso Motors,2016,Wagon,1827,914,FWD,Electric,Automatic,White Silver,Brown,2026-05-22 14:06:35.718300,2026-05-22 14:06:35.719893
MJN7MCX1E4WVOGG92,Contoso Motors,2004,Minivan,1828,828,FWD,6 Cylinder,Automatic,Blue,Old Lace,2026-05-22 14:06:35.718300,2026-05-22 14:06:35.719893
RVRD9TF8CQZIGU49W,Contoso Motors,2016,SUV,1829,95,FWD,4 Cylinder,Automatic,Silver,Red,2026-05-22 14:06:35.718300,2026-05-22 14:06:35.719893
R8U6PF4JESGYE4MGI,Contoso Motors,2005,SUV,1830,102,RWD,6 Cylinder,Automatic,Silver,Brown,2026-05-22 14:06:35.718300,2026-05-22 14:06:35.719893
62CYUL4PG3PCMZ8C6,Contoso Motors,2011,Commercial,1831,727,AWD,8 Cylinder,Automatic,Silver,Black,2026-05-22 14:06:35.718300,2026-05-22 14:06:35.719893
1GESGTOO1FP3KZXLM,Contoso Motors,2011,Convertible 2DR,1832,832,AWD,Hybrid,Automatic,White Silver,Smoke White,2026-05-22 14:06:35.718300,2026-05-22 14:06:35.719893
2NAMMYRMFTRNA194Z,Contoso Motors,2006,Coupe,1833,467,FWD,Electric,Automatic,Racing Green,Beige,2026-05-22 14:06:35.718300,2026-05-22 14:06:35.719893
W81TWMICRR833W3T6,Contoso Motors,2014,Hybrid,1834,834,FWD,Hybrid,Semi-Automatic,Blazing Gray,Nutmeg,2026-05-22 14:06:35.718300,2026-05-22 14:06:35.719893
80K0NUUU1CUV2ZBK1,Contoso Motors,2011,Truck,1835,601,FWD,Electric,Automatic,Silver,Black,2026-05-22 14:06:35.718300,2026-05-22 14:06:35.719893
HSYWQVTTD0Z6HRF4O,Contoso Motors,2007,Wagon,1836,962,FWD,Electric,Automatic,White Silver,Brown,2026-05-22 14:06:35.718300,2026-05-22 14:06:35.719893
YESD0077ML2GMPSIO,Contoso Motors,2012,Sedan,1837,339,FWD,Electric,Semi-Automatic,Racing Green,Beige,2026-05-22 14:06:35.718300,2026-05-22 14:06:35.719893
HETWVNS7R9YFPECZZ,Contoso Motors,2010,Sedan,1838,390,FWD,Electric,Semi-Automatic,Volcanic Orange,White,2026-05-22 14:06:35.718300,2026-05-22 14:06:35.719893
86P1ESMFO5MGSFRWG,Contoso Motors,2005,Sedan,1839,413,FWD,Electric,Semi-Automatic,Pepper White,Dark Gray,2026-05-22 14:06:35.718300,2026-05-22 14:06:35.719893
RMY6DQK9ELFIMUZSG,Contoso Motors,2013,Hatchback,1840,963,FWD,Electric,Automatic,Racing Green,Brown,2026-05-22 14:06:35.718300,2026-05-22 14:06:35.719893
7TWHX14WEK0DEJUT6,Contoso Motors,2007,Truck,1841,698,FWD,Electric,Automatic,Silver,Black,2026-05-22 14:06:35.718300,2026-05-22 14:06:35.719893
OY0GDA2LRL6XE1XOB,Contoso Motors,2004,Truck,1842,721,AWD,Electric,Automatic,Silver,Black,2026-05-22 14:06:35.718300,2026-05-22 14:06:35.719893
BR0GT9CILRZ9A43F3,Contoso Motors,2011,Coupe,1843,105,FWD,Hybrid,Automatic,Racing Green,Beige,2026-05-22 14:06:35.718300,2026-05-22 14:06:35.719893
Y1RE4Q1EJZ1PUYCFN,Contoso Motors,2014,Hybrid,1844,844,FWD,Hybrid,Semi-Automatic,White Silver,Smoke White,2026-05-22 14:06:35.718300,2026-05-22 14:06:35.719893
AA5UPOYD33EGVZSOQ,Contoso Motors,2004,SUV,1845,105,AWD,6 Cylinder,Automatic,Silver,Beige,2026-05-22 14:06:35.718300,2026-05-22 14:06:35.719893
6R64SKO0C3FR7140B,Contoso Motors,2011,Commercial,1846,255,AWD,8 Cylinder,Automatic,Silver,Black,2026-05-22 14:06:35.718300,2026-05-22 14:06:35.719893
NQHCP46HGWCGBRKX7,Contoso Motors,2007,Convertible 2DR,1847,847,AWD,4 Cylinder,Automatic,Electric Blue,Red,2026-05-22 14:06:35.718300,2026-05-22 14:06:35.719893
9DIDL80LPEKAJ8MDA,Contoso Motors,2011,Crossover,1848,109,AWD,Electric,Automatic,Silver,Dark Gray,2026-05-22 14:06:35.718300,2026-05-22 14:06:35.719893
PBNZG6IQCB8KONIBD,Contoso Motors,2013,SUV,1849,110,AWD,Hybrid,Automatic,Silver,White,2026-05-22 14:06:35.718300,2026-05-22 14:06:35.719893
O06VDJVYL92YUWDZY,Contoso Motors,2005,Minivan,1850,850,FWD,6 Cylinder,Automatic,Volcanic Orange,White,2026-05-22 14:06:35.718300,2026-05-22 14:06:35.719893
3VF7QH2ALJKCN2I67,Contoso Motors,2005,SUV,1851,125,AWD,6 Cylinder,Automatic,Silver,Ivory,2026-05-22 14:06:35.718300,2026-05-22 14:06:35.719893
GR75XOTA85XMLMLUP,Contoso Motors,2007,Minivan,1852,852,FWD,6 Cylinder,Automatic,Blue,Old Lace,2026-05-22 14:06:35.718300,2026-05-22 14:06:35.719893
J1W0CUNROHESE2OK9,Contoso Motors,2011,SUV,1853,128,FWD,6 Cylinder,Automatic,Silver,Smoke White,2026-05-22 14:06:35.718300,2026-05-22 14:06:35.719893
K1GW6D8UH0DW6ULJU,Contoso Motors,2005,Minivan,1854,854,FWD,6 Cylinder,Automatic,Deep Blue,Brown,2026-05-22 14:06:35.718300,2026-05-22 14:06:35.719893
YLTY2V3NF3W77WSAK,Contoso Motors,2012,Minivan,1855,855,FWD,6 Cylinder,Automatic,Midnight Black,Silverstone,2026-05-22 14:06:35.718300,2026-05-22 14:06:35.719893
ZP2VWPVYBL00QZCIT,Contoso Motors,2016,Minivan,1856,856,FWD,6 Cylinder,Automatic,White Silver,Smoke White,2026-05-22 14:06:35.718300,2026-05-22 14:06:35.719893
PLPRZO05BHM85ZZDD,Contoso Motors,2011,Minivan,1857,857,FWD,6 Cylinder,Automatic,Racing Green,Beige,2026-05-22 14:06:35.718300,2026-05-22 14:06:35.719893
E0681XOGP7TKBCYRW,Contoso Motors,2013,Minivan,1858,858,FWD,6 Cylinder,Automatic,Blazing Gray,Nutmeg,2026-05-22 14:06:35.718300,2026-05-22 14:06:35.719893
MCQ41XLMCAD42B6QR,Contoso Motors,2015,Sedan,1859,450,FWD,Electric,Semi-Automatic,Blue,Old Lace,2026-05-22 14:06:35.718300,2026-05-22 14:06:35.719893
HZGPND740G0BNWYZG,Contoso Motors,2013,Hatchback,1860,971,AWD,Electric,Automatic,Silver,Brown,2026-05-22 14:06:35.718300,2026-05-22 14:06:35.719893
HNVCE6YFZSA5M82NY,Contoso Motors,2007,Sedan,1861,15,FWD,Hybrid,Semi-Automatic,Pepper White,Dark Gray,2026-05-22 14:06:35.718300,2026-05-22 14:06:35.719893
OI8WD4DRDZEWW4COT,Contoso Motors,2013,Sedan,1862,35,FWD,Hybrid,Semi-Automatic,Racing Green,Beige,2026-05-22 14:06:35.718300,2026-05-22 14:06:35.719893
SYK3UOPF19CTZGQAC,Contoso Motors,2014,SUV,1863,129,FWD,6 Cylinder,Automatic,Silver,Beige,2026-05-22 14:06:35.718300,2026-05-22 14:06:35.719893
NUJSKHZITRCC4FSEB,Contoso Motors,2011,Truck,1864,920,RWD,Electric,Automatic,Silver,Black,2026-05-22 14:06:35.718300,2026-05-22 14:06:35.719893
ML0FPNHO2KQCRJ005,Contoso Motors,2013,Truck,1865,968,RWD,Electric,Automatic,Silver,Black,2026-05-22 14:06:35.718300,2026-05-22 14:06:35.719893
LHTP6GFS9IDBZPJVA,Contoso Motors,2016,Wagon,1866,980,FWD,Electric,Automatic,Blue,Brown,2026-05-22 14:06:35.718300,2026-05-22 14:06:35.719893
0WR03RBQOIEE54NP1,Contoso Motors,2007,Wagon,1867,28,RWD,Electric,Automatic,Blue,Brown,2026-05-22 14:06:35.718300,2026-05-22 14:06:35.719893
NH3WQOEUGGJ1H01BC,Contoso Motors,2005,Minivan,1868,868,FWD,6 Cylinder,Automatic,White Silver,Smoke White,2026-05-22 14:06:35.718300,2026-05-22 14:06:35.719893
552KVXMT7HLB031E9,Contoso Motors,2007,Minivan,1869,869,FWD,6 Cylinder,Automatic,Racing Green,Beige,2026-05-22 14:06:35.718300,2026-05-22 14:06:35.719893
MLFFX7XURJHTIQ670,Contoso Motors,2016,Crossover,1870,131,FWD,4 Cylinder,Automatic,Silver,Dark Gray,2026-05-22 14:06:35.718300,2026-05-22 14:06:35.719893
0OTTMK0TJTZRN6GHM,Contoso Motors,2013,Hatchback,1871,100,AWD,Electric,Automatic,Deep Blue,Brown,2026-05-22 14:06:35.718300,2026-05-22 14:06:35.719893
UAMGBQH7MRNQF3P7C,Contoso Motors,2013,Truck,1872,34,FWD,Electric,Automatic,Silver,Black,2026-05-22 14:06:35.718300,2026-05-22 14:06:35.719893
Z4BWOKJ4K9746485Z,Contoso Motors,2014,Crossover,1873,133,FWD,Electric,Automatic,Silver,Black,2026-05-22 14:06:35.718300,2026-05-22 14:06:35.719893
M65841L7FNKYEPQ1D,Contoso Motors,2007,Sedan,1874,38,FWD,Hybrid,Semi-Automatic,Thunder Gray,Gray,2026-05-22 14:06:35.718300,2026-05-22 14:06:35.719893
YM5490ZK7EDU2UB2J,Contoso Motors,2004,Hatchback,1875,148,AWD,Electric,Automatic,Deep Blue,Brown,2026-05-22 14:06:35.718300,2026-05-22 14:06:35.719893
QTIB92YVNGGZ5NCSB,Contoso Motors,2011,Minivan,1876,876,FWD,6 Cylinder,Automatic,Blue,Old Lace,2026-05-22 14:06:35.718300,2026-05-22 14:06:35.719893
23RLNWFGBMPZ5R283,Contoso Motors,2007,SUV,1877,143,AWD,Hybrid,Automatic,Silver,Black,2026-05-22 14:06:35.718300,2026-05-22 14:06:35.719893
RZF15ASCAPSG1YFX5,Contoso Motors,2005,SUV,1878,150,FWD,Electric,Automatic,Silver,Black,2026-05-22 14:06:35.718300,2026-05-22 14:06:35.719893
GHZE1IXGUO2ST98OX,Contoso Motors,2011,Commercial,1879,783,AWD,8 Cylinder,Automatic,Silver,Black,2026-05-22 14:06:35.718300,2026-05-22 14:06:35.719893
CFYAOEH0C1H0UCXTF,Contoso Motors,2013,Convertible 2DR,1880,880,AWD,6 Cylinder,Automatic,White Silver,Smoke White,2026-05-22 14:06:35.718300,2026-05-22 14:06:35.719893
AO2M20D51UUYDZFT0,Contoso Motors,2016,Coupe,1881,163,RWD,Hybrid,Automatic,Midnight Black,Silverstone,2026-05-22 14:06:35.718300,2026-05-22 14:06:35.719893
GAE2DZ0TO7X99Z5K5,Contoso Motors,2014,Hybrid,1882,882,FWD,Hybrid,Semi-Automatic,Thunder Gray,Gray,2026-05-22 14:06:35.718300,2026-05-22 14:06:35.719893
6PSV5WJIRTVY7476X,Contoso Motors,2010,Truck,1883,82,AWD,Electric,Automatic,Silver,Black,2026-05-22 14:06:35.718300,2026-05-22 14:06:35.719893
DETPST38DZY7DXE21,Contoso Motors,2005,Wagon,1884,154,AWD,Electric,Automatic,Thunder Gray,Gray,2026-05-22 14:06:35.718300,2026-05-22 14:06:35.719893
RYLMK2QG390E4DJP2,Contoso Motors,2013,Sedan,1885,98,AWD,Hybrid,Semi-Automatic,Volcanic Orange,White,2026-05-22 14:06:35.718300,2026-05-22 14:06:35.719893
4ESZLV9P45UX28XB6,Contoso Motors,2007,Sedan,1886,158,FWD,Hybrid,Semi-Automatic,Volcanic Orange,White,2026-05-22 14:06:35.718300,2026-05-22 14:06:35.719893
HN4NBI7CWAIBSU9SZ,Contoso Motors,2012,Sedan,1887,227,FWD,Hybrid,Semi-Automatic,Pepper White,Dark Gray,2026-05-22 14:06:35.718300,2026-05-22 14:06:35.719893
VFIZXSGDTRI7MDRUG,Contoso Motors,2012,Hatchback,1888,207,FWD,Electric,Automatic,Midnight Black,Silverstone,2026-05-22 14:06:35.718300,2026-05-22 14:06:35.719893
YUU2FD5H2K66V8NKV,Contoso Motors,2007,Truck,1889,160,FWD,Electric,Automatic,Silver,Black,2026-05-22 14:06:35.718300,2026-05-22 14:06:35.719893
AA3EHHRB707R62KHH,Contoso Motors,2016,Truck,1890,296,AWD,Electric,Automatic,Silver,Black,2026-05-22 14:06:35.718300,2026-05-22 14:06:35.719893
NI1WFQKIABQN1EA4I,Contoso Motors,2007,Coupe,1891,307,AWD,Hybrid,Automatic,Silver,Red,2026-05-22 14:06:35.718300,2026-05-22 14:06:35.719893
XOX7TQJKPSIDBHE9V,Contoso Motors,2014,Hybrid,1892,892,FWD,Hybrid,Semi-Automatic,Blazing Gray,Nutmeg,2026-05-22 14:06:35.718300,2026-05-22 14:06:35.719893
XZBMPMLG88ST2A1VY,Contoso Motors,2011,SUV,1893,153,FWD,8 Cylinder,Automatic,Silver,Black,2026-05-22 14:06:35.718300,2026-05-22 14:06:35.719893
7NNFSYIU12C79B34H,Contoso Motors,2011,Commercial,1894,182,AWD,8 Cylinder,Automatic,Silver,Black,2026-05-22 14:06:35.718300,2026-05-22 14:06:35.719893
ZMKK68LG6P29T391M,Contoso Motors,2006,Convertible 2DR,1895,895,AWD,Hybrid,Automatic,Pepper White,Dark Gray,2026-05-22 14:06:35.718300,2026-05-22 14:06:35.719893
L7LK0N5XKOZMGRKO0,Contoso Motors,2004,Crossover,1896,157,FWD,Hybrid,Automatic,Silver,Black,2026-05-22 14:06:35.718300,2026-05-22 14:06:35.719893
9WUAZI8WYKE2HLN74,Contoso Motors,2010,SUV,1897,158,AWD,6 Cylinder,Automatic,Silver,Black,2026-05-22 14:06:35.718300,2026-05-22 14:06:35.719893
89K02IJKPPMHR6P29,Contoso Motors,2005,Minivan,1898,898,FWD,6 Cylinder,Automatic,Blue,Old Lace,2026-05-22 14:06:35.718300,2026-05-22 14:06:35.719893
QKCHRE6RZGZ9RN71P,Contoso Motors,2014,SUV,1899,173,AWD,Hybrid,Automatic,Silver,Black,2026-05-22 14:06:35.718300,2026-05-22 14:06:35.719893
7A5P5CAVN7ECYUWB3,Contoso Motors,2016,Minivan,1900,900,FWD,6 Cylinder,Automatic,Deep Blue,Brown,2026-05-22 14:06:35.718300,2026-05-22 14:06:35.719893
WA487EEOQ5WCKZYLR,Contoso Motors,2013,SUV,1901,176,AWD,4 Cylinder,Automatic,Silver,Black,2026-05-22 14:06:35.718300,2026-05-22 14:06:35.719893
18EAJ0D3N68L32XHZ,Contoso Motors,2013,Minivan,1902,902,FWD,6 Cylinder,Automatic,White Silver,Smoke White,2026-05-22 14:06:35.718300,2026-05-22 14:06:35.719893
KL6L0A8IGL5OMNCLY,Contoso Motors,2014,Minivan,1903,903,FWD,6 Cylinder,Automatic,Racing Green,Beige,2026-05-22 14:06:35.718300,2026-05-22 14:06:35.719893
A6W492X9QZZIOIHMJ,Contoso Motors,2015,Minivan,1904,904,FWD,6 Cylinder,Automatic,Blazing Gray,Nutmeg,2026-05-22 14:06:35.718300,2026-05-22 14:06:35.719893
LJWY307L1YB167PUX,Contoso Motors,2004,Minivan,1905,905,FWD,6 Cylinder,Automatic,Electric Blue,Red,2026-05-22 14:06:35.718300,2026-05-22 14:06:35.719893
2EEIVXYW67W47AMWE,Contoso Motors,2010,Minivan,1906,906,FWD,6 Cylinder,Automatic,Thunder Gray,Gray,2026-05-22 14:06:35.718300,2026-05-22 14:06:35.719893
H623WDYR5UVWD9OTB,Contoso Motors,2013,Sedan,1907,255,AWD,Hybrid,Automatic,Silver,Ivory,2026-05-22 14:06:35.718300,2026-05-22 14:06:35.719893
XBN0KTOXQE3Y0W7H2,Contoso Motors,2007,Hatchback,1908,347,FWD,Electric,Automatic,Silver,Ivory,2026-05-22 14:06:35.718300,2026-05-22 14:06:35.719893
G535XU2EP4EZYQ9V5,Contoso Motors,2014,Sedan,1909,275,AWD,Hybrid,Automatic,Pepper White,Dark Gray,2026-05-22 14:06:35.718300,2026-05-22 14:06:35.719893
VI8ICCWWC8MXVBNDX,Contoso Motors,2010,Sedan,1910,278,AWD,Hybrid,Automatic,Blue,Old Lace,2026-05-22 14:06:35.718300,2026-05-22 14:06:35.719893
1LIE370RGVBQSNGYW,Contoso Motors,2014,SUV,1911,177,AWD,4 Cylinder,Automatic,Silver,Black,2026-05-22 14:06:35.718300,2026-05-22 14:06:35.719893
WLJ9LSVNPL0NN8BRQ,Contoso Motors,2014,Truck,1912,321,FWD,Electric,Automatic,Silver,Black,2026-05-22 14:06:35.718300,2026-05-22 14:06:35.719893
JKKU5T3KPDSAG2FQN,Contoso Motors,2015,Truck,1913,344,FWD,Electric,Automatic,Silver,Black,2026-05-22 14:06:35.718300,2026-05-22 14:06:35.719893
0Y2F1LU2675YG73T6,Contoso Motors,2011,Hatchback,1914,399,FWD,Electric,Automatic,Electric Blue,Red,2026-05-22 14:06:35.718300,2026-05-22 14:06:35.719893
SHCFMZY6U55X1GU6F,Contoso Motors,2011,Wagon,1915,416,FWD,Electric,Automatic,Blue,Old Lace,2026-05-22 14:06:35.718300,2026-05-22 14:06:35.719893
88KN6269SHW7SO6RX,Contoso Motors,2004,Minivan,1916,916,FWD,6 Cylinder,Automatic,Blazing Gray,Nutmeg,2026-05-22 14:06:35.718300,2026-05-22 14:06:35.719893
63M8BQ5Y0CFK1SOJY,Contoso Motors,2005,Minivan,1917,917,FWD,6 Cylinder,Automatic,Electric Blue,Red,2026-05-22 14:06:35.718300,2026-05-22 14:06:35.719893
ESSKZFS50KRY3KDVC,Contoso Motors,2013,Crossover,1918,179,AWD,4 Cylinder,Automatic,Silver,Black,2026-05-22 14:06:35.718300,2026-05-22 14:06:35.719893
7R14LHOCKXGTMX5EQ,Contoso Motors,2016,Wagon,1919,464,FWD,Electric,Automatic,Deep Blue,Brown,2026-05-22 14:06:35.718300,2026-05-22 14:06:35.719893
SUJUGG82U7R82JVP2,Contoso Motors,2007,Truck,1920,441,AWD,Electric,Automatic,Silver,Black,2026-05-22 14:06:35.718300,2026-05-22 14:06:35.719893
N5NRZD4B92K2KJFKU,Contoso Motors,2005,Crossover,1921,181,AWD,4 Cylinder,Automatic,Silver,Black,2026-05-22 14:06:35.718300,2026-05-22 14:06:35.719893
KCBY8S2REET1ZNWWR,Contoso Motors,2007,Sedan,1922,302,FWD,Hybrid,Automatic,Deep Blue,Brown,2026-05-22 14:06:35.718300,2026-05-22 14:06:35.719893
OOYDCQ5731N18LOMC,Contoso Motors,2005,Wagon,1923,42,AWD,Hybrid,Automatic,Blue,Old Lace,2026-05-22 14:06:35.718300,2026-05-22 14:06:35.719893
9JYNZBLTIYDQ73N6M,Contoso Motors,2013,Minivan,1924,924,FWD,6 Cylinder,Automatic,Deep Blue,Brown,2026-05-22 14:06:35.718300,2026-05-22 14:06:35.719893
HUDTMC2MY0LQ4J3TI,Contoso Motors,2006,SUV,1925,191,FWD,4 Cylinder,Automatic,Silver,Black,2026-05-22 14:06:35.718300,2026-05-22 14:06:35.719893
70PQPODP5A2LE93UA,Contoso Motors,2013,SUV,1926,198,RWD,12 Cylinder,Automatic,Silver,Black,2026-05-22 14:06:35.718300,2026-05-22 14:06:35.719893
D8E4AYK4RAY0XVG32,Contoso Motors,2011,Commercial,1927,215,AWD,8 Cylinder,Automatic,Silver,Black,2026-05-22 14:06:35.718300,2026-05-22 14:06:35.719893
ZLRJLFDZKY6PQASXX,Contoso Motors,2004,Convertible 2DR,1928,928,FWD,4 Cylinder,Automatic,Blazing Gray,Nutmeg,2026-05-22 14:06:35.718300,2026-05-22 14:06:35.719893
E1U7K2VBNE5SZ0785,Contoso Motors,2006,Coupe,1929,355,FWD,Hybrid,Automatic,Electric Blue,Red,2026-05-22 14:06:35.718300,2026-05-22 14:06:35.719893
0M1PLR2LLPAWSDQA5,Contoso Motors,2014,Hybrid,1930,930,FWD,Hybrid,Semi-Automatic,Thunder Gray,Gray,2026-05-22 14:06:35.718300,2026-05-22 14:06:35.719893
GJVUKI2XMRT53TTTO,Contoso Motors,2016,Truck,1931,459,RWD,Electric,Manual,Silver,Black,2026-05-22 14:06:35.718300,2026-05-22 14:06:35.719893
HM3MLK42H5QEJE660,Contoso Motors,2007,Hatchback,1932,43,RWD,Hybrid,Automatic,Silver,Ivory,2026-05-22 14:06:35.718300,2026-05-22 14:06:35.719893
A3EPVS1D5RFF9A1TU,Contoso Motors,2015,Sedan,1933,338,FWD,Hybrid,Automatic,Deep Blue,Brown,2026-05-22 14:06:35.718300,2026-05-22 14:06:35.719893
1EXU6S978JMN2FSPR,Contoso Motors,2011,Sedan,1934,419,AWD,Hybrid,Automatic,Silver,Ivory,2026-05-22 14:06:35.718300,2026-05-22 14:06:35.719893
XDP9D86SP6V7QLVQX,Contoso Motors,2005,Sedan,1935,421,AWD,Hybrid,Automatic,Midnight Black,Silverstone,2026-05-22 14:06:35.718300,2026-05-22 14:06:35.719893
BWPQY645OPHPE6CXZ,Contoso Motors,2006,Hatchback,1936,47,FWD,Hybrid,Automatic,Racing Green,Beige,2026-05-22 14:06:35.718300,2026-05-22 14:06:35.719893
H0VF7DTNQWLN5ENEG,Contoso Motors,2004,Truck,1937,41,FWD,8 Cylinder,Automatic,Silver,Black,2026-05-22 14:06:35.718300,2026-05-22 14:06:35.719893
04NMXATAMN8S6VKBB,Contoso Motors,2016,Truck,1938,66,FWD,8 Cylinder,Automatic,Silver,Black,2026-05-22 14:06:35.718300,2026-05-22 14:06:35.719893
V5E59SEPOBKDUOZQU,Contoso Motors,2014,Coupe,1939,451,AWD,Hybrid,Automatic,Pepper White,Dark Gray,2026-05-22 14:06:35.718300,2026-05-22 14:06:35.719893
GDYOSNEAIJ2BFYVY9,Contoso Motors,2014,Hybrid,1940,940,FWD,Hybrid,Semi-Automatic,Blazing Gray,Nutmeg,2026-05-22 14:06:35.718300,2026-05-22 14:06:35.719893
A22MHRP7Z0D5TE3XJ,Contoso Motors,2004,SUV,1941,201,FWD,6 Cylinder,Automatic,Silver,Black,2026-05-22 14:06:35.718300,2026-05-22 14:06:35.719893
9CRW18JAVJ6OQP9HY,Contoso Motors,2011,Commercial,1942,311,AWD,8 Cylinder,Automatic,Silver,Black,2026-05-22 14:06:35.718300,2026-05-22 14:06:35.719893
5W9DX7TH0HTYSZWT7,Contoso Motors,2012,Convertible 2DR,1943,943,FWD,4 Cylinder,Automatic,Pepper White,Dark Gray,2026-05-22 14:06:35.718300,2026-05-22 14:06:35.719893
63REOYYUHOPS1D62C,Contoso Motors,2011,Crossover,1944,205,FWD,8 Cylinder,Automatic,Silver,Black,2026-05-22 14:06:35.718300,2026-05-22 14:06:35.719893
HSW81YZHGFAK8T17G,Contoso Motors,2009,SUV,1945,206,FWD,10 Cylinder,Automatic,Silver,Black,2026-05-22 14:06:35.718300,2026-05-22 14:06:35.719893
0OVW2G8QLXRSNDCZH,Contoso Motors,2013,Minivan,1946,946,FWD,6 Cylinder,Automatic,Blue,Old Lace,2026-05-22 14:06:35.718300,2026-05-22 14:06:35.719893
NPBYEBKRXEEVMLXG6,Contoso Motors,2014,SUV,1947,221,FWD,6 Cylinder,Automatic,Silver,Black,2026-05-22 14:06:35.718300,2026-05-22 14:06:35.719893
AR62WFWQCKSEUCCDK,Contoso Motors,2015,Minivan,1948,948,FWD,6 Cylinder,Automatic,Deep Blue,Brown,2026-05-22 14:06:35.718300,2026-05-22 14:06:35.719893
1KR728DT8OAD58949,Contoso Motors,2004,SUV,1949,224,FWD,6 Cylinder,Automatic,Silver,Black,2026-05-22 14:06:35.718300,2026-05-22 14:06:35.719893
GDKTORY3WRN2ZAJMB,Contoso Motors,2010,Minivan,1950,950,FWD,6 Cylinder,Automatic,White Silver,Smoke White,2026-05-22 14:06:35.718300,2026-05-22 14:06:35.719893
MKXI32S392M70JIFQ,Contoso Motors,2007,Minivan,1951,951,FWD,6 Cylinder,Automatic,Racing Green,Beige,2026-05-22 14:06:35.718300,2026-05-22 14:06:35.719893
QGJCLX8PBXTYPK7TU,Contoso Motors,2016,Minivan,1952,952,FWD,6 Cylinder,Automatic,Blazing Gray,Nutmeg,2026-05-22 14:06:35.718300,2026-05-22 14:06:35.719893
SCGIKWBHNK6VOAC1E,Contoso Motors,2011,Minivan,1953,953,FWD,6 Cylinder,Automatic,Electric Blue,Red,2026-05-22 14:06:35.718300,2026-05-22 14:06:35.719893
XSSACT0GS4LV8Q82Z,Contoso Motors,2009,Minivan,1954,954,FWD,6 Cylinder,Automatic,Thunder Gray,Gray,2026-05-22 14:06:35.718300,2026-05-22 14:06:35.719893
HEEF4DKFI00AIGYFQ,Contoso Motors,2007,Sedan,1955,422,AWD,Hybrid,Automatic,White Silver,Smoke White,2026-05-22 14:06:35.718300,2026-05-22 14:06:35.719893
UKQ0QCBBLEHJ5URTI,Contoso Motors,2012,Hatchback,1956,95,AWD,Hybrid,Automatic,Racing Green,Beige,2026-05-22 14:06:35.718300,2026-05-22 14:06:35.719893
L7PLS7U6EJI6V774I,Contoso Motors,2005,Sedan,1957,482,FWD,Hybrid,Automatic,Blazing Gray,Nutmeg,2026-05-22 14:06:35.718300,2026-05-22 14:06:35.719893
SLO85LFFBQ1XVDDO4,Contoso Motors,2004,Sedan,1958,541,FWD,Hybrid,Automatic,Racing Green,Beige,2026-05-22 14:06:35.718300,2026-05-22 14:06:35.719893
C6KZKW6RB216N1VDX,Contoso Motors,2005,SUV,1959,225,FWD,Electric,Automatic,Silver,Black,2026-05-22 14:06:35.718300,2026-05-22 14:06:35.719893
8HRHW45SB7L1YZ34X,Contoso Motors,2011,Truck,1960,89,FWD,8 Cylinder,Automatic,Silver,Black,2026-05-22 14:06:35.718300,2026-05-22 14:06:35.719893
I4D2TYI6BR8YYA8PP,Contoso Motors,2004,Truck,1961,107,FWD,8 Cylinder,Automatic,Silver,Black,2026-05-22 14:06:35.718300,2026-05-22 14:06:35.719893
FPO88LWG2EJ7GLA4S,Contoso Motors,2013,Wagon,1962,186,AWD,Hybrid,Automatic,Deep Blue,Brown,2026-05-22 14:06:35.718300,2026-05-22 14:06:35.719893
L2IK6CE4KVESWBQLA,Contoso Motors,2004,Hatchback,1963,195,FWD,Hybrid,Automatic,Silver,Ivory,2026-05-22 14:06:35.718300,2026-05-22 14:06:35.719893
K7K2KO3M6CV8DZUWQ,Contoso Motors,2011,Minivan,1964,964,FWD,6 Cylinder,Automatic,Blazing Gray,Nutmeg,2026-05-22 14:06:35.718300,2026-05-22 14:06:35.719893
15YDAX23IHOPRZBFV,Contoso Motors,2014,Minivan,1965,965,FWD,6 Cylinder,Automatic,Electric Blue,Red,2026-05-22 14:06:35.718300,2026-05-22 14:06:35.719893
JVPP0P4OZJD8KD7V4,Contoso Motors,2016,Crossover,1966,227,FWD,6 Cylinder,Automatic,Silver,Black,2026-05-22 14:06:35.718300,2026-05-22 14:06:35.719893
HQ8LKEE05RW6NXMPH,Contoso Motors,2009,Wagon,1967,282,FWD,Hybrid,Automatic,White Silver,Smoke White,2026-05-22 14:06:35.718300,2026-05-22 14:06:35.719893
RDVDFYX73UM18D7S4,Contoso Motors,2011,Truck,1968,155,FWD,8 Cylinder,Automatic,Silver,Black,2026-05-22 14:06:35.718300,2026-05-22 14:06:35.719893
RHXKA5YFO8375E9PG,Contoso Motors,2004,Crossover,1969,229,FWD,Hybrid,Automatic,Silver,Black,2026-05-22 14:06:35.718300,2026-05-22 14:06:35.719893
OWU6HKEFU3NVEXCVT,Contoso Motors,2010,Sedan,1970,542,FWD,Hybrid,Automatic,Blazing Gray,Nutmeg,2026-05-22 14:06:35.718300,2026-05-22 14:06:35.719893
SY76YRA77QSDZCJ09,Contoso Motors,2004,Hatchback,1971,283,FWD,Hybrid,Automatic,Racing Green,Beige,2026-05-22 14:06:35.718300,2026-05-22 14:06:35.719893
QPBLBSK9HPHBC98JY,Contoso Motors,2004,Minivan,1972,972,FWD,6 Cylinder,Automatic,Deep Blue,Brown,2026-05-22 14:06:35.718300,2026-05-22 14:06:35.719893
N7WH5LORFP87A71Q5,Contoso Motors,2012,SUV,1973,239,FWD,4 Cylinder,Automatic,Silver,Black,2026-05-22 14:06:35.718300,2026-05-22 14:06:35.719893
NM8PDE61Z253S8322,Contoso Motors,2010,SUV,1974,246,RWD,6 Cylinder,Automatic,Silver,Black,2026-05-22 14:06:35.718300,2026-05-22 14:06:35.719893
CB4VM1J7KXZ2I59AY,Contoso Motors,2011,Commercial,1975,374,AWD,8 Cylinder,Automatic,Silver,Black,2026-05-22 14:06:35.718300,2026-05-22 14:06:35.719893
4QYATR9NXWNSAUVQU,Contoso Motors,2011,Convertible 2DR,1976,976,AWD,6 Cylinder,Automatic,Thunder Gray,Gray,2026-05-22 14:06:35.718300,2026-05-22 14:06:35.719893
II2VF0IYP5IAF0BS8,Contoso Motors,2011,Coupe,1977,537,FWD,Hybrid,Automatic,Silver,Ivory,2026-05-22 14:06:35.718300,2026-05-22 14:06:35.719893
HLJL1EYJU4STU1SHF,Contoso Motors,2014,Hybrid,1978,978,FWD,Hybrid,Semi-Automatic,Volcanic Orange,White,2026-05-22 14:06:35.718300,2026-05-22 14:06:35.719893
C461JCACRS28PP9FE,Contoso Motors,2014,Truck,1979,161,FWD,8 Cylinder,Automatic,Silver,Black,2026-05-22 14:06:35.718300,2026-05-22 14:06:35.719893
DVLBK8JHO9IDPNVZB,Contoso Motors,2011,Hatchback,1980,287,FWD,Hybrid,Automatic,Chili Red,Black,2026-05-22 14:06:35.718300,2026-05-22 14:06:35.719893
D0Y9DCN9ECL52DQUG,Contoso Motors,2007,Sedan,1981,543,FWD,Hybrid,Automatic,Electric Blue,Red,2026-05-22 14:06:35.718300,2026-05-22 14:06:35.719893
VJR5LRKIK7RSLIZV9,Contoso Motors,2004,Sedan,1982,591,FWD,Hybrid,Automatic,Pepper White,Dark Gray,2026-05-22 14:06:35.718300,2026-05-22 14:06:35.719893
X8P5T9MNMF770UL5P,Contoso Motors,2007,Sedan,1983,659,FWD,Hybrid,Automatic,Racing Green,Beige,2026-05-22 14:06:35.718300,2026-05-22 14:06:35.719893
3SV8RATUAKG0IDFLU,Contoso Motors,2011,Hatchback,1984,331,AWD,Hybrid,Automatic,Electric Blue,Red,2026-05-22 14:06:35.718300,2026-05-22 14:06:35.719893
6CDTHKINUASVINVRZ,Contoso Motors,2015,Truck,1985,162,AWD,8 Cylinder,Automatic,Silver,Black,2026-05-22 14:06:35.718300,2026-05-22 14:06:35.719893
K6JUTP61EA8MTEI3K,Contoso Motors,2014,Truck,1986,209,FWD,8 Cylinder,Automatic,Silver,Black,2026-05-22 14:06:35.718300,2026-05-22 14:06:35.719893
V7R05AQ3TFEFE5NI2,Contoso Motors,2004,Coupe,1987,585,FWD,Hybrid,Automatic,Midnight Black,Silverstone,2026-05-22 14:06:35.718300,2026-05-22 14:06:35.719893
4GVNID6GR0JPWZ7BQ,Contoso Motors,2014,Hybrid,1988,988,FWD,Hybrid,Semi-Automatic,Thunder Gray,Gray,2026-05-22 14:06:35.718300,2026-05-22 14:06:35.719893
QMA85LH8AOBZ0T4IJ,Contoso Motors,2011,SUV,1989,249,AWD,6 Cylinder,Automatic,Silver,Black,2026-05-22 14:06:35.718300,2026-05-22 14:06:35.719893
MCW2JMAJT2A0SREG8,Contoso Motors,2011,Commercial,1990,422,AWD,8 Cylinder,Automatic,Silver,Black,2026-05-22 14:06:35.718300,2026-05-22 14:06:35.719893
DXNK27ZGT4UYXVPY4,Contoso Motors,2014,Convertible 2DR,1991,991,AWD,4 Cylinder,Automatic,Chili Red,Black,2026-05-22 14:06:35.718300,2026-05-22 14:06:35.719893
1IH8RAIVEX4L2DE0W,Contoso Motors,2007,Crossover,1992,253,AWD,Electric,Automatic,Silver,Black,2026-05-22 14:06:35.718300,2026-05-22 14:06:35.719893
YW1COWICS4YHRIZRN,Contoso Motors,2016,SUV,1993,254,AWD,Hybrid,Automatic,Silver,Black,2026-05-22 14:06:35.718300,2026-05-22 14:06:35.719893
O4PIQFIU1ULCNH3RE,Contoso Motors,2010,Minivan,1994,994,FWD,6 Cylinder,Automatic,Deep Blue,Brown,2026-05-22 14:06:35.718300,2026-05-22 14:06:35.719893
7X5AAFGEPWLZ10PQ6,Contoso Motors,2005,SUV,1995,269,AWD,6 Cylinder,Automatic,Silver,Black,2026-05-22 14:06:35.718300,2026-05-22 14:06:35.719893
41E52LGERXMYRPRCX,Contoso Motors,2016,Minivan,1996,996,FWD,6 Cylinder,Automatic,White Silver,Smoke White,2026-05-22 14:06:35.718300,2026-05-22 14:06:35.719893
6MS0AKFNMOLRZB881,Contoso Motors,2011,SUV,1997,272,FWD,6 Cylinder,Automatic,Silver,Black,2026-05-22 14:06:35.718300,2026-05-22 14:06:35.719893
B5FCS6XKFGUEW5FKB,Contoso Motors,2009,Minivan,1998,998,FWD,6 Cylinder,Automatic,Blazing Gray,Nutmeg,2026-05-22 14:06:35.718300,2026-05-22 14:06:35.719893
WOKP6O9O78AWNBMZU,Contoso Motors,2004,Minivan,1999,999,FWD,6 Cylinder,Automatic,Electric Blue,Red,2026-05-22 14:06:35.718300,2026-05-22 14:06:35.719893
BO0GQC6Y9U6OJZD3I,Contoso Motors,2005,Minivan,2000,1000,FWD,6 Cylinder,Automatic,Thunder Gray,Gray,2026-05-22 14:06:35.718300,2026-05-22 14:06:35.719893
3JS4JR5LUQZ6ZV9A2,Contoso Motors,2007,Minivan,2001,1,FWD,6 Cylinder,Automatic,Pepper White,Dark Gray,2026-05-22 14:06:35.718300,2026-05-22 14:06:35.719893
U99KDNOMCUJEMGEVB,Contoso Motors,2016,Minivan,2002,2,FWD,6 Cylinder,Automatic,Volcanic Orange,White,2026-05-22 14:06:35.718300,2026-05-22 14:06:35.719893
Y6IIVPLN3H58KBA99,Contoso Motors,2011,Sedan,2003,661,FWD,Hybrid,Automatic,Pepper White,Dark Gray,2026-05-22 14:06:35.718300,2026-05-22 14:06:35.719893
ZBG9JSH4WNAB7JBVZ,Contoso Motors,2013,Hatchback,2004,335,FWD,Hybrid,Automatic,Chili Red,Black,2026-05-22 14:06:35.718300,2026-05-22 14:06:35.719893
J7790Y3A2T2FT2CAB,Contoso Motors,2005,Sedan,2005,662,FWD,Hybrid,Automatic,Volcanic Orange,White,2026-05-22 14:06:35.718300,2026-05-22 14:06:35.719893
MIJEIYGK7NCWZM95Y,Contoso Motors,2005,Sedan,2006,685,FWD,Hybrid,Automatic,Pepper White,Dark Gray,2026-05-22 14:06:35.718300,2026-05-22 14:06:35.719893
YOYV41FKMHHRYOK0H,Contoso Motors,2004,SUV,2007,273,FWD,8 Cylinder,Automatic,Silver,Black,2026-05-22 14:06:35.718300,2026-05-22 14:06:35.719893
4JTNBZGC0M2XKVXTY,Contoso Motors,2011,Truck,2008,281,FWD,8 Cylinder,Automatic,Silver,Black,2026-05-22 14:06:35.718300,2026-05-22 14:06:35.719893
NF3JYJ4DOS5SN28SN,Contoso Motors,2004,Truck,2009,305,FWD,8 Cylinder,Automatic,Silver,Black,2026-05-22 14:06:35.718300,2026-05-22 14:06:35.719893
AC7DTSQ3QV5B5GCW2,Contoso Motors,2016,Hatchback,2010,339,FWD,Hybrid,Automatic,Midnight Black,Black,2026-05-22 14:06:35.718300,2026-05-22 14:06:35.719893
4LP8Z49AGG6AP1IWS,Contoso Motors,2004,Hatchback,2011,420,AWD,Hybrid,Automatic,Deep Blue,Black,2026-05-22 14:06:35.718300,2026-05-22 14:06:35.719893
61JSA8I616OAFUVXE,Contoso Motors,2013,Minivan,2012,12,FWD,6 Cylinder,Automatic,Thunder Gray,Gray,2026-05-22 14:06:35.718300,2026-05-22 14:06:35.719893
ROGSIK4HFC6I1X8NA,Contoso Motors,2014,Minivan,2013,13,FWD,6 Cylinder,Automatic,Pepper White,Dark Gray,2026-05-22 14:06:35.718300,2026-05-22 14:06:35.719893
FQ86HMLT1NYHTB5Z3,Contoso Motors,2007,Crossover,2014,275,FWD,12 Cylinder,Automatic,Silver,Black,2026-05-22 14:06:35.718300,2026-05-22 14:06:35.719893
6IKQPF5LQTF9LRYG0,Contoso Motors,2011,Hatchback,2015,468,FWD,Hybrid,Automatic,Deep Blue,Black,2026-05-22 14:06:35.718300,2026-05-22 14:06:35.719893
NW8XPQ2KV5IK9F13E,Contoso Motors,2005,Truck,2016,306,FWD,8 Cylinder,Automatic,Silver,Black,2026-05-22 14:06:35.718300,2026-05-22 14:06:35.719893
M7B0IP5MX7AU6IIWJ,Contoso Motors,2011,Crossover,2017,277,FWD,Hybrid,Automatic,Silver,Black,2026-05-22 14:06:35.718300,2026-05-22 14:06:35.719893
K02VYHU7BI7ASD35G,Contoso Motors,2007,Sedan,2018,686,FWD,Hybrid,Automatic,Volcanic Orange,White,2026-05-22 14:06:35.718300,2026-05-22 14:06:35.719893
0ZGVI20GIS84M1B4D,Contoso Motors,2015,Wagon,2019,474,FWD,Hybrid,Automatic,Volcanic Orange,Black,2026-05-22 14:06:35.718300,2026-05-22 14:06:35.719893
3HPC0JW7121DJH8EA,Contoso Motors,2011,Minivan,2020,20,FWD,6 Cylinder,Automatic,White Silver,Smoke White,2026-05-22 14:06:35.718300,2026-05-22 14:06:35.719893
510XHWE6BLIS093EF,Contoso Motors,2014,SUV,2021,287,AWD,6 Cylinder,Automatic,Silver,Black,2026-05-22 14:06:35.718300,2026-05-22 14:06:35.719893
12TXJHH0ZCUTH7XN4,Contoso Motors,2009,SUV,2022,294,FWD,Hybrid,Automatic,Silver,Black,2026-05-22 14:06:35.718300,2026-05-22 14:06:35.719893
14CU4537BFS4GD6YE,Contoso Motors,2011,Commercial,2023,470,AWD,8 Cylinder,Automatic,Silver,Black,2026-05-22 14:06:35.718300,2026-05-22 14:06:35.719893
VLMXDEJFQT20T0W49,Contoso Motors,2016,Convertible 2DR,2024,24,AWD,6 Cylinder,Automatic,Thunder Gray,Gray,2026-05-22 14:06:35.718300,2026-05-22 14:06:35.719893
CJ2CTWXO7IOXPFHBX,Contoso Motors,2007,Coupe,2025,681,FWD,Hybrid,Automatic,Racing Green,Beige,2026-05-22 14:06:35.718300,2026-05-22 14:06:35.719893
H2LS21TGVR617YQ6C,Contoso Motors,2014,Hybrid,2026,26,FWD,Hybrid,Semi-Automatic,Volcanic Orange,White,2026-05-22 14:06:35.718300,2026-05-22 14:06:35.719893
CUMPZ506JY1C0W677,Contoso Motors,2005,Truck,2027,328,AWD,8 Cylinder,Automatic,Silver,Black,2026-05-22 14:06:35.718300,2026-05-22 14:06:35.719893
J1YMQ73245YDTJAKU,Contoso Motors,2016,Hatchback,2028,479,FWD,Hybrid,Automatic,Midnight Black,Black,2026-05-22 14:06:35.718300,2026-05-22 14:06:35.719893
GBL0FGCMLK5M0OJVR,Contoso Motors,2013,Sedan,2029,687,FWD,Hybrid,Automatic,Chili Red,Black,2026-05-22 14:06:35.718300,2026-05-22 14:06:35.719893
JOMG2C9BQAKOXVG24,Contoso Motors,2006,Sedan,2030,707,AWD,Hybrid,Automatic,Electric Blue,Red,2026-05-22 14:06:35.718300,2026-05-22 14:06:35.719893
IC9CF11B6Z5VOUG3G,Contoso Motors,2005,Sedan,2031,710,AWD,Hybrid,Automatic,Volcanic Orange,White,2026-05-22 14:06:35.718300,2026-05-22 14:06:35.719893
KQC7LMS73TETDTG58,Contoso Motors,2007,Hatchback,2032,483,FWD,Hybrid,Automatic,Electric Blue,Black,2026-05-22 14:06:35.718300,2026-05-22 14:06:35.719893
TR3MWDPJJF2DD1LS9,Contoso Motors,2011,Truck,2033,336,FWD,8 Cylinder,Automatic,Silver,Black,2026-05-22 14:06:35.718300,2026-05-22 14:06:35.719893
4MGJT91I1X0KYCFAD,Contoso Motors,2011,Truck,2034,480,FWD,8 Cylinder,Automatic,Silver,Black,2026-05-22 14:06:35.718300,2026-05-22 14:06:35.719893
RIXA83JDGJ63UO86D,Contoso Motors,2013,Coupe,2035,739,FWD,Hybrid,Automatic,Silver,Silverstone,2026-05-22 14:06:35.718300,2026-05-22 14:06:35.719893
F2BMC7VU638NLKCLL,Contoso Motors,2014,Hybrid,2036,36,FWD,Hybrid,Semi-Automatic,Thunder Gray,Gray,2026-05-22 14:06:35.718300,2026-05-22 14:06:35.719893
C9FG2PIFTHCDAYMY7,Contoso Motors,2007,SUV,2037,297,FWD,4 Cylinder,Automatic,Silver,Black,2026-05-22 14:06:35.718300,2026-05-22 14:06:35.719893
EI4QXI2AXVQQING4I,Contoso Motors,2012,Commercial,2038,7,AWD,8 Cylinder,Automatic,Silver,Black,2026-05-22 14:06:35.718300,2026-05-22 14:06:35.719893
LPOTAMVB93MZ95377,Contoso Motors,2007,Convertible 2DR,2039,39,AWD,6 Cylinder,Automatic,Chili Red,Black,2026-05-22 14:06:35.718300,2026-05-22 14:06:35.719893
HDV0ZKR4LFHOK4HJK,Contoso Motors,2005,Crossover,2040,301,FWD,4 Cylinder,Automatic,Silver,Black,2026-05-22 14:06:35.718300,2026-05-22 14:06:35.719893
A4YDTUJHRHRILJ0IA,Contoso Motors,2007,SUV,2041,302,AWD,4 Cylinder,Automatic,Silver,Black,2026-05-22 14:06:35.718300,2026-05-22 14:06:35.719893
AY73A1ZW9UJRYSXIR,Contoso Motors,2009,Minivan,2042,42,FWD,6 Cylinder,Automatic,Deep Blue,Brown,2026-05-22 14:06:35.718300,2026-05-22 14:06:35.719893
6048WERXQ0LC1GOLU,Contoso Motors,2004,SUV,2043,317,AWD,10 Cylinder,Automatic,Silver,Black,2026-05-22 14:06:35.718300,2026-05-22 14:06:35.719893
3NICGPISGH608LW93,Contoso Motors,2005,Minivan,2044,44,FWD,6 Cylinder,Automatic,White Silver,Smoke White,2026-05-22 14:06:35.718300,2026-05-22 14:06:35.719893
RNQCK6SGTVG9HWP3R,Contoso Motors,2016,SUV,2045,320,AWD,4 Cylinder,Automatic,Silver,Black,2026-05-22 14:06:35.718300,2026-05-22 14:06:35.719893
T45F1QE4C2SUHDCVJ,Contoso Motors,2016,Minivan,2046,46,FWD,6 Cylinder,Automatic,Blazing Gray,Nutmeg,2026-05-22 14:06:35.718300,2026-05-22 14:06:35.719893
5CQKGWKI1651A0KV7,Contoso Motors,2011,Minivan,2047,47,FWD,6 Cylinder,Automatic,Electric Blue,Red,2026-05-22 14:06:35.718300,2026-05-22 14:06:35.719893
W9PTGPK6SVA7K3ZE5,Contoso Motors,2004,Minivan,2048,48,FWD,6 Cylinder,Automatic,Thunder Gray,Gray,2026-05-22 14:06:35.718300,2026-05-22 14:06:35.719893
2G7EYW7BNN13BRKHD,Contoso Motors,2005,Minivan,2049,49,FWD,6 Cylinder,Automatic,Pepper White,Dark Gray,2026-05-22 14:06:35.718300,2026-05-22 14:06:35.719893
BGOW4YM5N76HAM013,Contoso Motors,2007,Minivan,2050,50,FWD,6 Cylinder,Automatic,Volcanic Orange,White,2026-05-22 14:06:35.718300,2026-05-22 14:06:35.719893
59GPR9CDL4WMQ8DTA,Contoso Motors,2015,Sedan,2051,734,FWD,Hybrid,Automatic,Volcanic Orange,White,2026-05-22 14:06:35.718300,2026-05-22 14:06:35.719893
JAXX9XILRPUOV6RC2,Contoso Motors,2006,Hatchback,2052,531,AWD,Hybrid,Automatic,Electric Blue,Black,2026-05-22 14:06:35.718300,2026-05-22 14:06:35.719893
FYU34LOP2UG73CU2G,Contoso Motors,2016,Sedan,2053,735,FWD,Hybrid,Automatic,Chili Red,Black,2026-05-22 14:06:35.718300,2026-05-22 14:06:35.719893
YS4FNU31PU90JAGVB,Contoso Motors,2013,Sedan,2054,758,FWD,Hybrid,Automatic,Blue,Old Lace,2026-05-22 14:06:35.718300,2026-05-22 14:06:35.719893
W3V0HAOQ8T6A14L0S,Contoso Motors,2011,SUV,2055,321,AWD,6 Cylinder,Automatic,Silver,Black,2026-05-22 14:06:35.718300,2026-05-22 14:06:35.719893
T6EX309MJUZTLEWEG,Contoso Motors,2016,Truck,2056,528,AWD,8 Cylinder,Automatic,Silver,Black,2026-05-22 14:06:35.718300,2026-05-22 14:06:35.719893
E9RWPNIBQL3FRLSMX,Contoso Motors,2014,Truck,2057,539,FWD,8 Cylinder,Automatic,Silver,Black,2026-05-22 14:06:35.718300,2026-05-22 14:06:35.719893
LSVZWJ6MCG6GSDP1I,Contoso Motors,2015,Wagon,2058,540,FWD,Hybrid,Automatic,White Silver,Black,2026-05-22 14:06:35.718300,2026-05-22 14:06:35.719893
SQSP37SUBMYRE39P0,Contoso Motors,2007,Hatchback,2059,571,FWD,Hybrid,Automatic,Silver,Black,2026-05-22 14:06:35.718300,2026-05-22 14:06:35.719893
OUYDEQ9FWTUURW9VQ,Contoso Motors,2004,Minivan,2060,60,FWD,6 Cylinder,Automatic,Thunder Gray,Gray,2026-05-22 14:06:35.718300,2026-05-22 14:06:35.719893
4326MAYJS1CHPK68H,Contoso Motors,2005,Minivan,2061,61,FWD,6 Cylinder,Automatic,Pepper White,Dark Gray,2026-05-22 14:06:35.718300,2026-05-22 14:06:35.719893
ZEW3DH9QCUOYLFEFD,Contoso Motors,2006,Crossover,2062,323,AWD,Hybrid,Automatic,Silver,Black,2026-05-22 14:06:35.718300,2026-05-22 14:06:35.719893
14BZZQO5WQN3AWNQU,Contoso Motors,2016,Wagon,2063,588,FWD,Hybrid,Automatic,Blazing Gray,Black,2026-05-22 14:06:35.718300,2026-05-22 14:06:35.719893
ZJEKTYM8PGDF8YBKT,Contoso Motors,2016,Truck,2064,594,FWD,8 Cylinder,Automatic,Silver,Black,2026-05-22 14:06:35.718300,2026-05-22 14:06:35.719893
3AXTOTXDH60ZY077P,Contoso Motors,2004,Crossover,2065,325,AWD,8 Cylinder,Automatic,Silver,Black,2026-05-22 14:06:35.718300,2026-05-22 14:06:35.719893
HDME4T9M5YGJLROO2,Contoso Motors,2014,Sedan,2066,781,AWD,Hybrid,Automatic,Chili Red,Black,2026-05-22 14:06:35.718300,2026-05-22 14:06:35.719893
9616FPPXT9BOD8M1O,Contoso Motors,2016,Hatchback,2067,660,FWD,Hybrid,Automatic,Thunder Gray,Black,2026-05-22 14:06:35.718300,2026-05-22 14:06:35.719893
YWE53U7FGHYRYOCZ9,Contoso Motors,2016,Minivan,2068,68,FWD,6 Cylinder,Automatic,White Silver,Smoke White,2026-05-22 14:06:35.718300,2026-05-22 14:06:35.719893
3LMR47TXFR0Y2T634,Contoso Motors,2007,SUV,2069,335,FWD,12 Cylinder,Automatic,Silver,Black,2026-05-22 14:06:35.718300,2026-05-22 14:06:35.719893
M02QTFJCCGXJSSOJT,Contoso Motors,2016,SUV,2070,342,RWD,Electric,Automatic,Silver,Black,2026-05-22 14:06:35.718300,2026-05-22 14:06:35.719893
8QZT8BMSONWOHU64W,Contoso Motors,2012,Commercial,2071,151,AWD,8 Cylinder,Automatic,Silver,Black,2026-05-22 14:06:35.718300,2026-05-22 14:06:35.719893
8LZLKAELFQG202JDO,Contoso Motors,2007,Convertible 2DR,2072,72,FWD,4 Cylinder,Automatic,Volcanic Orange,White,2026-05-22 14:06:35.718300,2026-05-22 14:06:35.719893
JBSEXVRSSR09P5ZG4,Contoso Motors,2016,Coupe,2073,787,FWD,Hybrid,Automatic,Racing Green,Beige,2026-05-22 14:06:35.718300,2026-05-22 14:06:35.719893
TOINZQVRGOUBMB0RS,Contoso Motors,2014,Hybrid,2074,74,FWD,Hybrid,Semi-Automatic,Blue,Old Lace,2026-05-22 14:06:35.718300,2026-05-22 14:06:35.719893
AM295TTTOAF6XD750,Contoso Motors,2011,Truck,2075,683,FWD,8 Cylinder,Automatic,Silver,Black,2026-05-22 14:06:35.718300,2026-05-22 14:06:35.719893
6DHFHCBOVOFHD8SM5,Contoso Motors,2004,Wagon,2076,684,FWD,Hybrid,Automatic,Thunder Gray,Black,2026-05-22 14:06:35.718300,2026-05-22 14:06:35.719893
HIBGR9SXA5HEZMDF9,Contoso Motors,2007,Sedan,2077,818,AWD,Hybrid,Automatic,Blue,Old Lace,2026-05-22 14:06:35.718300,2026-05-22 14:06:35.719893
P9BW4VLYSN5ZGF08A,Contoso Motors,2011,Sedan,2078,853,AWD,Hybrid,Automatic,Silver,Ivory,2026-05-22 14:06:35.718300,2026-05-22 14:06:35.719893
X3ZNAQAGH1RBZDVK7,Contoso Motors,2009,Sedan,2079,854,AWD,Hybrid,Automatic,Deep Blue,Brown,2026-05-22 14:06:35.718300,2026-05-22 14:06:35.719893
UV96M83QQL7VED4YB,Contoso Motors,2013,Wagon,2080,714,FWD,Hybrid,Automatic,Deep Blue,Black,2026-05-22 14:06:35.718300,2026-05-22 14:06:35.719893
D5NP0JQW13P5IALBN,Contoso Motors,2016,Truck,2081,712,AWD,8 Cylinder,Automatic,Silver,Black,2026-05-22 14:06:35.718300,2026-05-22 14:06:35.719893
0VGM5AIRUFTSALI9A,Contoso Motors,2011,Truck,2082,713,AWD,8 Cylinder,Automatic,Silver,Black,2026-05-22 14:06:35.718300,2026-05-22 14:06:35.719893
A6K50K0IZ2N6E37GK,Contoso Motors,2014,Coupe,2083,979,FWD,Hybrid,Automatic,Pepper White,Dark Gray,2026-05-22 14:06:35.718300,2026-05-22 14:06:35.719893
9KZYYXWSAYPDDUTXQ,Contoso Motors,2014,Hybrid,2084,84,FWD,Hybrid,Semi-Automatic,Volcanic Orange,White,2026-05-22 14:06:35.718300,2026-05-22 14:06:35.719893
0CAVOBG7A1NMKANNM,Contoso Motors,2005,SUV,2085,345,FWD,Electric,Automatic,Silver,Black,2026-05-22 14:06:35.718300,2026-05-22 14:06:35.719893
XRPKCQXJWMI5T5KKV,Contoso Motors,2012,Commercial,2086,166,AWD,8 Cylinder,Automatic,Silver,Black,2026-05-22 14:06:35.718300,2026-05-22 14:06:35.719893
1TB2EMNCF4Q38PIXB,Contoso Motors,2004,Convertible 2DR,2087,87,FWD,12 Cylinder,Automatic,Silver,Ivory,2026-05-22 14:06:35.718300,2026-05-22 14:06:35.719893
GZR2FS3NTEHLXE067,Contoso Motors,2014,Crossover,2088,349,FWD,Hybrid,Automatic,Silver,Black,2026-05-22 14:06:35.718300,2026-05-22 14:06:35.719893
PSIZ5CMZ8S562L6NT,Contoso Motors,2015,SUV,2089,350,FWD,Hybrid,Automatic,Silver,Black,2026-05-22 14:06:35.718300,2026-05-22 14:06:35.719893
HG2636UNJE175WMZN,Contoso Motors,2016,Minivan,2090,90,FWD,6 Cylinder,Automatic,White Silver,Smoke White,2026-05-22 14:06:35.718300,2026-05-22 14:06:35.719893
OUOM2BSVTDVC3YQT0,Contoso Motors,2011,SUV,2091,365,FWD,6 Cylinder,Automatic,Silver,Black,2026-05-22 14:06:35.718300,2026-05-22 14:06:35.719893
FB2I1HSQSLVKXD05B,Contoso Motors,2004,Minivan,2092,92,FWD,6 Cylinder,Automatic,Blazing Gray,Nutmeg,2026-05-22 14:06:35.718300,2026-05-22 14:06:35.719893
EVHYTP9ZXJHI8I4DL,Contoso Motors,2007,SUV,2093,368,FWD,6 Cylinder,Automatic,Silver,Black,2026-05-22 14:06:35.718300,2026-05-22 14:06:35.719893
DJYEEHVIR7LW60N3I,Contoso Motors,2007,Minivan,2094,94,FWD,6 Cylinder,Automatic,Thunder Gray,Gray,2026-05-22 14:06:35.718300,2026-05-22 14:06:35.719893
IJSFCM8M68EVE3CZY,Contoso Motors,2013,Minivan,2095,95,FWD,6 Cylinder,Automatic,Pepper White,Dark Gray,2026-05-22 14:06:35.718300,2026-05-22 14:06:35.719893
XDN1QCBT3H1IW3P6B,Contoso Motors,2011,Minivan,2096,96,FWD,6 Cylinder,Automatic,Volcanic Orange,White,2026-05-22 14:06:35.718300,2026-05-22 14:06:35.719893
0JL0RIVFKS97P8TXH,Contoso Motors,2014,Minivan,2097,97,FWD,6 Cylinder,Automatic,Chili Red,Black,2026-05-22 14:06:35.718300,2026-05-22 14:06:35.719893
R8OWGDBIZSR615IVM,Contoso Motors,2015,Minivan,2098,98,FWD,6 Cylinder,Automatic,Blue,Old Lace,2026-05-22 14:06:35.718300,2026-05-22 14:06:35.719893
SQ29C4WAYE7NG0NZR,Contoso Motors,2005,Sedan,2099,878,FWD,Hybrid,Automatic,Deep Blue,Brown,2026-05-22 14:06:35.718300,2026-05-22 14:06:35.719893
FT40OPA6RU40OS0SO,Contoso Motors,2014,Hatchback,2100,715,FWD,Hybrid,Automatic,Midnight Black,Black,2026-05-22 14:06:35.718300,2026-05-22 14:06:35.719893
YM2HZ6DNUMALMEW73,Contoso Motors,2007,Sedan,2101,901,FWD,Hybrid,Automatic,Silver,Ivory,2026-05-22 14:06:35.718300,2026-05-22 14:06:35.719893
TPB12DJ11P523SHDN,Contoso Motors,2015,Sedan,2102,914,FWD,Hybrid,Automatic,Deep Blue,Brown,2026-05-22 14:06:35.718300,2026-05-22 14:06:35.719893
A6FL49UICGI1WB4YI,Contoso Motors,2004,SUV,2103,369,FWD,6 Cylinder,Automatic,Silver,Black,2026-05-22 14:06:35.718300,2026-05-22 14:06:35.719893
RRNM129XIPM5IXFG4,Contoso Motors,2013,Truck,2104,731,FWD,8 Cylinder,Automatic,Silver,Black,2026-05-22 14:06:35.718300,2026-05-22 14:06:35.719893
5UNFFVE2WRHLEGZZW,Contoso Motors,2014,Truck,2105,737,FWD,8 Cylinder,Automatic,Silver,Black,2026-05-22 14:06:35.718300,2026-05-22 14:06:35.719893
8XWRS39URQRAIZC8T,Contoso Motors,2013,Wagon,2106,736,FWD,Hybrid,Automatic,Blue,Black,2026-05-22 14:06:35.718300,2026-05-22 14:06:35.719893
MNMEII8AFW5T0ZV1S,Contoso Motors,2004,Hatchback,2107,767,FWD,Hybrid,Automatic,Pepper White,Dark Gray,2026-05-22 14:06:35.718300,2026-05-22 14:06:35.719893
7UR6JL87ER4CUZ60G,Contoso Motors,2011,Minivan,2108,108,FWD,6 Cylinder,Automatic,Volcanic Orange,White,2026-05-22 14:06:35.718300,2026-05-22 14:06:35.719893
CIVJXO28MABBCE6DQ,Contoso Motors,2004,Minivan,2109,109,FWD,6 Cylinder,Automatic,Chili Red,Black,2026-05-22 14:06:35.718300,2026-05-22 14:06:35.719893
1LY9QW7EQBB45DARA,Contoso Motors,2012,Crossover,2110,371,FWD,4 Cylinder,Automatic,Silver,Black,2026-05-22 14:06:35.718300,2026-05-22 14:06:35.719893
C1L2DIPNXT6NMTY0Y,Contoso Motors,2004,Wagon,2111,784,AWD,Hybrid,Automatic,Deep Blue,Brown,2026-05-22 14:06:35.718300,2026-05-22 14:06:35.719893
5OGW6GDSQ65F4HDU3,Contoso Motors,2015,Truck,2112,738,FWD,8 Cylinder,Automatic,Silver,Black,2026-05-22 14:06:35.718300,2026-05-22 14:06:35.719893
MAI0ABHVSQAEZFYCL,Contoso Motors,2011,Crossover,2113,373,FWD,Electric,Automatic,Silver,Black,2026-05-22 14:06:35.718300,2026-05-22 14:06:35.719893
FXGIRD6YD8XQ39KH0,Contoso Motors,2011,Sedan,2114,947,FWD,Hybrid,Automatic,Silver,Ivory,2026-05-22 14:06:35.718300,2026-05-22 14:06:35.719893
BTX7EUM3JK0B0MAFS,Contoso Motors,2016,Wagon,2115,858,FWD,Hybrid,Automatic,Blazing Gray,Nutmeg,2026-05-22 14:06:35.718300,2026-05-22 14:06:35.719893
UFAHGVZVBLF8CKPHU,Contoso Motors,2007,Minivan,2116,116,FWD,6 Cylinder,Automatic,Blazing Gray,Nutmeg,2026-05-22 14:06:35.718300,2026-05-22 14:06:35.719893
Z5Y638ZJHBO7U8HC9,Contoso Motors,2004,SUV,2117,383,FWD,Hybrid,Automatic,Silver,Black,2026-05-22 14:06:35.718300,2026-05-22 14:06:35.719893
DVBJQCASJTOIGDXRP,Contoso Motors,2007,SUV,2118,390,AWD,Electric,Automatic,Silver,Black,2026-05-22 14:06:35.718300,2026-05-22 14:06:35.719893
PTZYTOTXBWVWBAJVG,Contoso Motors,2012,Commercial,2119,199,AWD,8 Cylinder,Automatic,Silver,Black,2026-05-22 14:06:35.718300,2026-05-22 14:06:35.719893
UE3A8TPQR8Z9JF5K9,Contoso Motors,2016,Convertible 2DR,2120,120,AWD,6 Cylinder,Automatic,Volcanic Orange,White,2026-05-22 14:06:35.718300,2026-05-22 14:06:35.719893
U2DT2ETCNKEH88IGU,Contoso Motors,2007,Coupe,2121,27,FWD,Hybrid,Automatic,Pepper White,Dark Gray,2026-05-22 14:06:35.718300,2026-05-22 14:06:35.719893
PQA4WN88NS1W4ZD8W,Contoso Motors,2014,Hybrid,2122,122,FWD,Hybrid,Semi-Automatic,Blue,Old Lace,2026-05-22 14:06:35.718300,2026-05-22 14:06:35.719893
1I8GUC8MMI436YJQ7,Contoso Motors,2013,Truck,2123,827,FWD,8 Cylinder,Automatic,Silver,Black,2026-05-22 14:06:35.718300,2026-05-22 14:06:35.719893
3OQE2DL51SU3H6SOA,Contoso Motors,2011,Hatchback,2124,859,FWD,Hybrid,Automatic,Electric Blue,Red,2026-05-22 14:06:35.718300,2026-05-22 14:06:35.719893
A6VKEWT7Y751GW02O,Contoso Motors,2004,Sedan,2125,973,FWD,Hybrid,Automatic,Midnight Black,Silverstone,2026-05-22 14:06:35.718300,2026-05-22 14:06:35.719893
HVGQNQYHELQ72M51U,Contoso Motors,2005,Sedan,2126,974,FWD,Hybrid,Automatic,White Silver,Smoke White,2026-05-22 14:06:35.718300,2026-05-22 14:06:35.719893
P1H6Z2D0ETZHF7PIA,Contoso Motors,2012,Sedan,2127,975,FWD,Hybrid,Automatic,Racing Green,Beige,2026-05-22 14:06:35.718300,2026-05-22 14:06:35.719893
JJUETE6DBV04TR3AM,Contoso Motors,2013,Hatchback,2128,907,FWD,Hybrid,Automatic,Electric Blue,Red,2026-05-22 14:06:35.718300,2026-05-22 14:06:35.719893
PJ0YJOPQ9TY79K3FH,Contoso Motors,2005,Truck,2129,856,AWD,8 Cylinder,Automatic,Silver,Black,2026-05-22 14:06:35.718300,2026-05-22 14:06:35.719893
MZYUIRAKGOTGXTBLV,Contoso Motors,2007,Truck,2130,857,AWD,8 Cylinder,Automatic,Silver,Black,2026-05-22 14:06:35.718300,2026-05-22 14:06:35.719893
LXSDE7OWIOVOI0FUC,Contoso Motors,2004,Coupe,2131,113,FWD,Hybrid,Automatic,Silver,Black,2026-05-22 14:06:35.718300,2026-05-22 14:06:35.719893
DWI6BBYF5LA50S0XZ,Contoso Motors,2014,Hybrid,2132,132,FWD,Hybrid,Semi-Automatic,Volcanic Orange,White,2026-05-22 14:06:35.718300,2026-05-22 14:06:35.719893
JQC2RGN47QHCL4IYC,Contoso Motors,2014,SUV,2133,393,AWD,8 Cylinder,Automatic,Silver,Black,2026-05-22 14:06:35.718300,2026-05-22 14:06:35.719893
EFK5VY250TGRATBE3,Contoso Motors,2012,Commercial,2134,214,AWD,8 Cylinder,Automatic,Silver,Black,2026-05-22 14:06:35.718300,2026-05-22 14:06:35.719893
TOLLB7LBXYK0RE01L,Contoso Motors,2011,Convertible 2DR,2135,135,FWD,Hybrid,Automatic,Silver,Ivory,2026-05-22 14:06:35.718300,2026-05-22 14:06:35.719893
FVVHAPRJJ3J0NBCCV,Contoso Motors,2014,Crossover,2136,397,AWD,Hybrid,Automatic,Silver,Black,2026-05-22 14:06:35.718300,2026-05-22 14:06:35.719893
3G9XM8XE0NWMK9MAY,Contoso Motors,2015,SUV,2137,398,AWD,6 Cylinder,Automatic,Silver,Black,2026-05-22 14:06:35.718300,2026-05-22 14:06:35.719893
6BHLR4KJDMVLBJD7N,Contoso Motors,2007,Minivan,2138,138,FWD,6 Cylinder,Automatic,White Silver,Smoke White,2026-05-22 14:06:35.718300,2026-05-22 14:06:35.719893
ZHZOLAO29N67J3752,Contoso Motors,2004,SUV,2139,413,FWD,Hybrid,Automatic,Silver,Black,2026-05-22 14:06:35.718300,2026-05-22 14:06:35.719893
QJJ8UCACA2NWEJJU5,Contoso Motors,2011,Minivan,2140,140,FWD,6 Cylinder,Automatic,Blazing Gray,Nutmeg,2026-05-22 14:06:35.718300,2026-05-22 14:06:35.719893
TNDL0V535P6192TS7,Contoso Motors,2016,SUV,2141,416,FWD,4 Cylinder,Automatic,Silver,Black,2026-05-22 14:06:35.718300,2026-05-22 14:06:35.719893
WH4ITIMI67TF7PCK6,Contoso Motors,2015,Minivan,2142,142,FWD,6 Cylinder,Automatic,Thunder Gray,Gray,2026-05-22 14:06:35.718300,2026-05-22 14:06:35.719893
FZYPVQJYC1EED18NP,Contoso Motors,2016,Minivan,2143,143,FWD,6 Cylinder,Automatic,Pepper White,Dark Gray,2026-05-22 14:06:35.718300,2026-05-22 14:06:35.719893
JNJL52L9UU8UMJX02,Contoso Motors,2013,Minivan,2144,144,FWD,6 Cylinder,Automatic,Volcanic Orange,White,2026-05-22 14:06:35.718300,2026-05-22 14:06:35.719893
IFU2K5V6QVLOZ19SD,Contoso Motors,2014,Minivan,2145,145,FWD,6 Cylinder,Automatic,Chili Red,Black,2026-05-22 14:06:35.718300,2026-05-22 14:06:35.719893
V1H6N115RIWQ4YN0N,Contoso Motors,2015,Minivan,2146,146,FWD,6 Cylinder,Automatic,Blue,Old Lace,2026-05-22 14:06:35.718300,2026-05-22 14:06:35.719893
W4ZJ108TP918JPKAT,Contoso Motors,2015,Sedan,2147,998,AWD,Hybrid,Automatic,White Silver,Smoke White,2026-05-22 14:06:35.718300,2026-05-22 14:06:35.719893
9I0PJHCOKD0GQCSBQ,Contoso Motors,2013,Hatchback,2148,915,FWD,Hybrid,Automatic,Midnight Black,Silverstone,2026-05-22 14:06:35.718300,2026-05-22 14:06:35.719893
Y0UTJW6K47XDTCMU1,Contoso Motors,2011,Sedan,2149,21,FWD,Hybrid,Automatic,Midnight Black,Silverstone,2026-05-22 14:06:35.718300,2026-05-22 14:06:35.719893
O4LOL0OOCLTBOI3NJ,Contoso Motors,2005,Sedan,2150,58,FWD,Hybrid,Automatic,Blazing Gray,Nutmeg,2026-05-22 14:06:35.718300,2026-05-22 14:06:35.719893
3RF78NSSI01GTTBBT,Contoso Motors,2011,SUV,2151,417,FWD,4 Cylinder,Automatic,Silver,Black,2026-05-22 14:06:35.718300,2026-05-22 14:06:35.719893
Y87WBSKE13RBKGABE,Contoso Motors,2004,Truck,2152,904,FWD,8 Cylinder,Automatic,Silver,Black,2026-05-22 14:06:35.718300,2026-05-22 14:06:35.719893
WX401NYKM13Y49F2Z,Contoso Motors,2011,Truck,2153,977,AWD,8 Cylinder,Automatic,Silver,Black,2026-05-22 14:06:35.718300,2026-05-22 14:06:35.719893
SNWXKXTD3LIII3N96,Contoso Motors,2016,Wagon,2154,976,FWD,Hybrid,Automatic,Blazing Gray,Nutmeg,2026-05-22 14:06:35.718300,2026-05-22 14:06:35.719893
5VPBNXWIHJH5FJ4Z1,Contoso Motors,2016,Hatchback,2155,7,FWD,Hybrid,Automatic,Silver,Ivory,2026-05-22 14:06:35.718300,2026-05-22 14:06:35.719893
Z68XLXLYZXJTSMEK5,Contoso Motors,2016,Minivan,2156,156,FWD,6 Cylinder,Automatic,Volcanic Orange,White,2026-05-22 14:06:35.718300,2026-05-22 14:06:35.719893
XI7222B5XEJE42FEH,Contoso Motors,2011,Minivan,2157,157,FWD,6 Cylinder,Automatic,Chili Red,Black,2026-05-22 14:06:35.718300,2026-05-22 14:06:35.719893
C2LZBDZPC5I0XE4AG,Contoso Motors,2014,Crossover,2158,419,FWD,4 Cylinder,Automatic,Silver,Black,2026-05-22 14:06:35.718300,2026-05-22 14:06:35.719893
0683L38QLUMUD45ST,Contoso Motors,2015,Wagon,2159,24,FWD,Hybrid,Automatic,Blazing Gray,Nutmeg,2026-05-22 14:06:35.718300,2026-05-22 14:06:35.719893
P0M5KPZ6BZHHXHGGX,Contoso Motors,2013,Truck,2160,978,RWD,8 Cylinder,Automatic,Silver,Black,2026-05-22 14:06:35.718300,2026-05-22 14:06:35.719893
2IJ4PQP2Q6PWJG3DG,Contoso Motors,2004,Crossover,2161,421,FWD,4 Cylinder,Automatic,Silver,Black,2026-05-22 14:06:35.718300,2026-05-22 14:06:35.719893
VO88MA25Z6QT6P0YR,Contoso Motors,2013,Sedan,2162,91,FWD,Hybrid,Automatic,Midnight Black,Silverstone,2026-05-22 14:06:35.718300,2026-05-22 14:06:35.719893
XCR42T8W8LP5NX5N6,Contoso Motors,2006,Hatchback,2163,59,FWD,Hybrid,Automatic,Electric Blue,Red,2026-05-22 14:06:35.718300,2026-05-22 14:06:35.719893
916MCU14UPAI2I6FH,Contoso Motors,2016,Minivan,2164,164,FWD,6 Cylinder,Automatic,Thunder Gray,Gray,2026-05-22 14:06:35.718300,2026-05-22 14:06:35.719893
PGGCTO2VLSWPW8IIM,Contoso Motors,2011,SUV,2165,431,AWD,6 Cylinder,Automatic,Silver,Black,2026-05-22 14:06:35.718300,2026-05-22 14:06:35.719893
RWXI8PPEDQDT6XQLA,Contoso Motors,2015,SUV,2166,438,FWD,Hybrid,Automatic,Silver,Black,2026-05-22 14:06:35.718300,2026-05-22 14:06:35.719893
R8TXVYHDO7FGFAF1V,Contoso Motors,2012,Commercial,2167,262,AWD,8 Cylinder,Automatic,Silver,Black,2026-05-22 14:06:35.718300,2026-05-22 14:06:35.719893
SMBHX507B05HAKW95,Contoso Motors,2015,Convertible 2DR,2168,168,FWD,4 Cylinder,Automatic,Blue,Old Lace,2026-05-22 14:06:35.718300,2026-05-22 14:06:35.719893
GRV86FL72HKMP2YU7,Contoso Motors,2013,Coupe,2169,171,FWD,Hybrid,Automatic,Silver,Black,2026-05-22 14:06:35.718300,2026-05-22 14:06:35.719893
A21EL7LWAFXDS7J4J,Contoso Motors,2014,Hybrid,2170,170,FWD,Hybrid,Semi-Automatic,Deep Blue,Brown,2026-05-22 14:06:35.718300,2026-05-22 14:06:35.719893
FOW5XT4RSWMAVKL2I,Contoso Motors,2007,Truck,2171,115,FWD,8 Cylinder,Automatic,Silver,Black,2026-05-22 14:06:35.718300,2026-05-22 14:06:35.719893
EE3A5XLT2JB6MLDJ0,Contoso Motors,2004,Hatchback,2172,92,FWD,Hybrid,Automatic,White Silver,Smoke White,2026-05-22 14:06:35.718300,2026-05-22 14:06:35.719893
PZ8XE1L8L2S8OAJJX,Contoso Motors,2016,Sedan,2173,166,FWD,Hybrid,Automatic,Thunder Gray,Gray,2026-05-22 14:06:35.718300,2026-05-22 14:06:35.719893
ELMUN9LXM0G885FFH,Contoso Motors,2006,Sedan,2174,235,FWD,Hybrid,Automatic,Electric Blue,Red,2026-05-22 14:06:35.718300,2026-05-22 14:06:35.719893
A0MHUOS27CZESMXC7,Contoso Motors,2016,Sedan,2175,263,FWD,Hybrid,Automatic,Chili Red,Black,2026-05-22 14:06:35.718300,2026-05-22 14:06:35.719893
LES1GRXC5IAGJVLST,Contoso Motors,2012,Hatchback,2176,107,AWD,Hybrid,Automatic,Electric Blue,Red,2026-05-22 14:06:35.718300,2026-05-22 14:06:35.719893
PO17H9K9KO64SMRTN,Contoso Motors,2004,Truck,2177,163,FWD,8 Cylinder,Automatic,Silver,Black,2026-05-22 14:06:35.718300,2026-05-22 14:06:35.719893
DFMBPCG5Y5GSB65DH,Contoso Motors,2005,Truck,2178,169,FWD,8 Cylinder,Automatic,Silver,Black,2026-05-22 14:06:35.718300,2026-05-22 14:06:35.719893
LBRUHJBSME1M2T1CB,Contoso Motors,2014,Coupe,2179,353,AWD,Hybrid,Automatic,Electric Blue,Red,2026-05-22 14:06:35.718300,2026-05-22 14:06:35.719893
PQ2XNLDLUPW6X3AFN,Contoso Motors,2014,Hybrid,2180,180,FWD,Hybrid,Semi-Automatic,Blue,Old Lace,2026-05-22 14:06:35.718300,2026-05-22 14:06:35.719893
LKNJC1MDRJRVG8J1J,Contoso Motors,2014,SUV,2181,441,FWD,4 Cylinder,Automatic,Silver,Black,2026-05-22 14:06:35.718300,2026-05-22 14:06:35.719893
GDSBMKC9UJR181097,Contoso Motors,2012,Commercial,2182,310,AWD,8 Cylinder,Automatic,Silver,Black,2026-05-22 14:06:35.718300,2026-05-22 14:06:35.719893
FQPJDXTUQYOCGKSSJ,Contoso Motors,2013,Convertible 2DR,2183,183,FWD,6 Cylinder,Automatic,Midnight Black,Silverstone,2026-05-22 14:06:35.718300,2026-05-22 14:06:35.719893
1GC0VJXOXP5LYVFZ5,Contoso Motors,2005,Crossover,2184,445,FWD,4 Cylinder,Automatic,Silver,Black,2026-05-22 14:06:35.718300,2026-05-22 14:06:35.719893
1AY5CKJ1H2N8XB48T,Contoso Motors,2007,SUV,2185,446,FWD,4 Cylinder,Automatic,Silver,Black,2026-05-22 14:06:35.718300,2026-05-22 14:06:35.719893
STOYPFGIK9T4RO95A,Contoso Motors,2015,Minivan,2186,186,FWD,6 Cylinder,Automatic,Blazing Gray,Nutmeg,2026-05-22 14:06:35.718300,2026-05-22 14:06:35.719893
BDFE3ZQ4KQXIMABTI,Contoso Motors,2011,SUV,2187,461,FWD,Electric,Automatic,Silver,Black,2026-05-22 14:06:35.718300,2026-05-22 14:06:35.719893
GLNH74V0WADP6LDVN,Contoso Motors,2013,Minivan,2188,188,FWD,6 Cylinder,Automatic,Thunder Gray,Gray,2026-05-22 14:06:35.718300,2026-05-22 14:06:35.719893
1PF8UYCKS5PBXBW3F,Contoso Motors,2015,SUV,2189,464,AWD,Hybrid,Automatic,Silver,Black,2026-05-22 14:06:35.718300,2026-05-22 14:06:35.719893
HBNOSQYQ5IPQ8XY2A,Contoso Motors,2015,Minivan,2190,190,FWD,6 Cylinder,Automatic,Volcanic Orange,White,2026-05-22 14:06:35.718300,2026-05-22 14:06:35.719893
AIHXG16QC8OPI3P2G,Contoso Motors,2013,Minivan,2191,191,FWD,6 Cylinder,Automatic,Chili Red,Black,2026-05-22 14:06:35.718300,2026-05-22 14:06:35.719893
ONWQBAWGLLCMZ557H,Contoso Motors,2004,Minivan,2192,192,FWD,6 Cylinder,Automatic,Blue,Old Lace,2026-05-22 14:06:35.718300,2026-05-22 14:06:35.719893
LYOU1AO664SVDF4XM,Contoso Motors,2005,Minivan,2193,193,FWD,6 Cylinder,Automatic,Silver,Ivory,2026-05-22 14:06:35.718300,2026-05-22 14:06:35.719893
GMBHTPISGX8T0NG40,Contoso Motors,2007,Minivan,2194,194,FWD,6 Cylinder,Automatic,Deep Blue,Brown,2026-05-22 14:06:35.718300,2026-05-22 14:06:35.719893
MYQF3XTX0U9K2WGK1,Contoso Motors,2012,Sedan,2195,283,AWD,Hybrid,Automatic,Electric Blue,Red,2026-05-22 14:06:35.718300,2026-05-22 14:06:35.719893
1AH8QEMZ1RB61DP1U,Contoso Motors,2016,Wagon,2196,116,FWD,Hybrid,Automatic,White Silver,Smoke White,2026-05-22 14:06:35.718300,2026-05-22 14:06:35.719893
K1R5DE2I2WD5PJUTX,Contoso Motors,2013,Sedan,2197,286,AWD,Hybrid,Automatic,Volcanic Orange,White,2026-05-22 14:06:35.718300,2026-05-22 14:06:35.719893
RMHP66V75I4REDNGE,Contoso Motors,2007,Sedan,2198,346,FWD,Hybrid,Automatic,Blue,Old Lace,2026-05-22 14:06:35.718300,2026-05-22 14:06:35.719893
N8XWE4A743108HM48,Contoso Motors,2004,SUV,2199,465,AWD,Hybrid,Automatic,Silver,Black,2026-05-22 14:06:35.718300,2026-05-22 14:06:35.719893
7WU6EDU0TCR961G00,Contoso Motors,2007,Truck,2200,170,FWD,8 Cylinder,Automatic,Silver,Black,2026-05-22 14:06:35.718300,2026-05-22 14:06:35.719893
UO38Z9PCMK4JS2VHV,Contoso Motors,2014,Truck,2201,217,AWD,8 Cylinder,Automatic,Silver,Black,2026-05-22 14:06:35.718300,2026-05-22 14:06:35.719893
4PX9QVH2P40V6ZOO4,Contoso Motors,2005,Wagon,2202,194,AWD,Hybrid,Automatic,Blue,Old Lace,2026-05-22 14:06:35.718300,2026-05-22 14:06:35.719893
VQX3F6T4EBDL4U4QQ,Contoso Motors,2007,Hatchback,2203,203,FWD,Hybrid,Automatic,Pepper White,Dark Gray,2026-05-22 14:06:35.718300,2026-05-22 14:06:35.719893
BE7LTC3MUNNP8JHLU,Contoso Motors,2007,Minivan,2204,204,FWD,6 Cylinder,Automatic,Blue,Old Lace,2026-05-22 14:06:35.718300,2026-05-22 14:06:35.719893
6DEQYJ902A5G55P38,Contoso Motors,2004,Minivan,2205,205,FWD,6 Cylinder,Automatic,Silver,Ivory,2026-05-22 14:06:35.718300,2026-05-22 14:06:35.719893
FWM5JX30N8L27H1FP,Contoso Motors,2007,Crossover,2206,467,AWD,Hybrid,Automatic,Silver,Black,2026-05-22 14:06:35.718300,2026-05-22 14:06:35.719893
VTXSKKCISR8EA52J4,Contoso Motors,2010,Wagon,2207,290,AWD,Hybrid,Automatic,Deep Blue,Brown,2026-05-22 14:06:35.718300,2026-05-22 14:06:35.719893
HM1OJ1V7N5XE961FO,Contoso Motors,2004,Truck,2208,289,AWD,8 Cylinder,Automatic,Silver,Black,2026-05-22 14:06:35.718300,2026-05-22 14:06:35.719893
VKZVB3644IJYMMX6L,Contoso Motors,2011,Crossover,2209,469,AWD,4 Cylinder,Automatic,Silver,Black,2026-05-22 14:06:35.718300,2026-05-22 14:06:35.719893
JON0B8C2USMK8K8GK,Contoso Motors,2005,Sedan,2210,406,FWD,Hybrid,Automatic,Blue,Old Lace,2026-05-22 14:06:35.718300,2026-05-22 14:06:35.719893
GL9S17PZGKASHINZZ,Contoso Motors,2007,Hatchback,2211,291,FWD,Hybrid,Automatic,Midnight Black,Silverstone,2026-05-22 14:06:35.718300,2026-05-22 14:06:35.719893
7DSKPKMAYZ8NZC0PI,Contoso Motors,2015,Minivan,2212,212,FWD,6 Cylinder,Automatic,Thunder Gray,Gray,2026-05-22 14:06:35.718300,2026-05-22 14:06:35.719893
CRU1AL0J93AONKXRO,Contoso Motors,2013,SUV,2213,479,FWD,6 Cylinder,Automatic,Silver,Black,2026-05-22 14:06:35.718300,2026-05-22 14:06:35.719893
AY0WBHDM399UZVGMT,Contoso Motors,2015,SUV,2214,486,AWD,Hybrid,Automatic,Silver,Black,2026-05-22 14:06:35.718300,2026-05-22 14:06:35.719893
US26MD7Q1XL67M16K,Contoso Motors,2012,Commercial,2215,358,AWD,8 Cylinder,Automatic,Silver,Black,2026-05-22 14:06:35.718300,2026-05-22 14:06:35.719893
712FWWFYWDWUU99QS,Contoso Motors,2016,Convertible 2DR,2216,216,FWD,Hybrid,Automatic,Blue,Old Lace,2026-05-22 14:06:35.718300,2026-05-22 14:06:35.719893
3UTBRXSW67M9H9ATH,Contoso Motors,2006,Coupe,2217,411,AWD,Hybrid,Automatic,Silver,Beige,2026-05-22 14:06:35.718300,2026-05-22 14:06:35.719893
3TVO6IZ7HPU4OIS9Z,Contoso Motors,2014,Hybrid,2218,218,FWD,Hybrid,Semi-Automatic,Deep Blue,Brown,2026-05-22 14:06:35.718300,2026-05-22 14:06:35.719893
RRI0LH27W9UD0Q6JS,Contoso Motors,2007,Truck,2219,314,FWD,8 Cylinder,Automatic,Silver,Black,2026-05-22 14:06:35.718300,2026-05-22 14:06:35.719893
TT5QLE33TY7Z49389,Contoso Motors,2004,Hatchback,2220,295,FWD,Hybrid,Automatic,Electric Blue,Red,2026-05-22 14:06:35.718300,2026-05-22 14:06:35.719893
OCKYJ5M7K30G0UUJO,Contoso Motors,2016,Sedan,2221,430,AWD,Hybrid,Automatic,Deep Blue,Brown,2026-05-22 14:06:35.718300,2026-05-22 14:06:35.719893
G8O68N981KKJ2L89A,Contoso Motors,2007,Sedan,2222,490,FWD,Hybrid,Automatic,Deep Blue,Brown,2026-05-22 14:06:35.718300,2026-05-22 14:06:35.719893
FPT8E2AY65LTRK8XE,Contoso Motors,2011,Sedan,2223,549,FWD,Hybrid,Automatic,Midnight Black,Silverstone,2026-05-22 14:06:35.718300,2026-05-22 14:06:35.719893
ZP9EJ1VLYOUQ6ENN2,Contoso Motors,2011,Hatchback,2224,343,FWD,Hybrid,Automatic,Pepper White,Dark Gray,2026-05-22 14:06:35.718300,2026-05-22 14:06:35.719893
4PHMPZIQD1IS5GU95,Contoso Motors,2011,Truck,2225,337,FWD,8 Cylinder,Automatic,Silver,Black,2026-05-22 14:06:35.718300,2026-05-22 14:06:35.719893
H7PIVFWQHY5V37BJH,Contoso Motors,2013,Truck,2226,355,AWD,8 Cylinder,Automatic,Silver,Black,2026-05-22 14:06:35.718300,2026-05-22 14:06:35.719893
94XZTW5XKDIZS40PG,Contoso Motors,2012,Coupe,2227,459,FWD,Hybrid,Automatic,Electric Blue,Red,2026-05-22 14:06:35.718300,2026-05-22 14:06:35.719893
VVDZDWAK46NWIEDOB,Contoso Motors,2014,Hybrid,2228,228,FWD,Hybrid,Semi-Automatic,Blue,Old Lace,2026-05-22 14:06:35.718300,2026-05-22 14:06:35.719893
U24BZLYD9UBTHHJ86,Contoso Motors,2005,SUV,2229,489,FWD,Hybrid,Automatic,Silver,Black,2026-05-22 14:06:35.718300,2026-05-22 14:06:35.719893
M7577XKWAM1GYE5GG,Contoso Motors,2012,Commercial,2230,391,AWD,8 Cylinder,Automatic,Silver,Black,2026-05-22 14:06:35.718300,2026-05-22 14:06:35.719893
RD2UHPZVP8N3GOVXU,Contoso Motors,2016,Convertible 2DR,2231,231,FWD,6 Cylinder,Automatic,Midnight Black,Silverstone,2026-05-22 14:06:35.718300,2026-05-22 14:06:35.719893
08PX2GDJLZWKQW1PF,Contoso Motors,2004,Crossover,2232,493,FWD,4 Cylinder,Automatic,Silver,Black,2026-05-22 14:06:35.718300,2026-05-22 14:06:35.719893
VG00TY223B2LB67TM,Contoso Motors,2005,SUV,2233,494,FWD,4 Cylinder,Automatic,Silver,Black,2026-05-22 14:06:35.718300,2026-05-22 14:06:35.719893
UXMQSNJYR08O5ZKJ0,Contoso Motors,2015,Minivan,2234,234,FWD,6 Cylinder,Automatic,Blazing Gray,Nutmeg,2026-05-22 14:06:35.718300,2026-05-22 14:06:35.719893
RF7AYLKZ778DLR4ZW,Contoso Motors,2004,SUV,2235,509,FWD,Electric,Automatic,Silver,Black,2026-05-22 14:06:35.718300,2026-05-22 14:06:35.719893
FWYIB1Q75ZI42B43C,Contoso Motors,2004,Minivan,2236,236,FWD,6 Cylinder,Automatic,Thunder Gray,Gray,2026-05-22 14:06:35.718300,2026-05-22 14:06:35.719893
X4GN234PCLDN55786,Contoso Motors,2007,SUV,2237,605,FWD,Hybrid,Automatic,Silver,Black,2026-05-22 14:06:35.718300,2026-05-22 14:06:35.719893
015A9EVN1V8IAH3F3,Contoso Motors,2007,Minivan,2238,238,FWD,6 Cylinder,Automatic,Volcanic Orange,White,2026-05-22 14:06:35.718300,2026-05-22 14:06:35.719893
Q7WL3I3YD9BMHQ4AB,Contoso Motors,2016,Minivan,2239,239,FWD,6 Cylinder,Automatic,Chili Red,Black,2026-05-22 14:06:35.718300,2026-05-22 14:06:35.719893
5QDR3K94EZ7TWPT4Y,Contoso Motors,2011,Minivan,2240,240,FWD,6 Cylinder,Automatic,Blue,Old Lace,2026-05-22 14:06:35.718300,2026-05-22 14:06:35.719893
B1T8X3DD6U3JJD9L4,Contoso Motors,2004,Minivan,2241,241,FWD,6 Cylinder,Automatic,Silver,Ivory,2026-05-22 14:06:35.718300,2026-05-22 14:06:35.719893
8OMTQKSYP5W7UX0HH,Contoso Motors,2005,Minivan,2242,242,FWD,6 Cylinder,Automatic,Deep Blue,Brown,2026-05-22 14:06:35.718300,2026-05-22 14:06:35.719893
Z48A0CPYQX9DZBS68,Contoso Motors,2013,Sedan,2243,550,FWD,Hybrid,Automatic,White Silver,Smoke White,2026-05-22 14:06:35.718300,2026-05-22 14:06:35.719893
ZK6FFOG4BAJW7KKLN,Contoso Motors,2007,Wagon,2244,434,AWD,Hybrid,Automatic,Blazing Gray,Nutmeg,2026-05-22 14:06:35.718300,2026-05-22 14:06:35.719893
H0RJ44XH5HZH6PASN,Contoso Motors,2014,Sedan,2245,551,FWD,Hybrid,Automatic,Racing Green,Beige,2026-05-22 14:06:35.718300,2026-05-22 14:06:35.719893
LRWDEF280WL3QK66Q,Contoso Motors,2007,Sedan,2246,599,FWD,Hybrid,Automatic,Racing Green,Beige,2026-05-22 14:06:35.718300,2026-05-22 14:06:35.719893
SK1XO7HL7B7UBPSKZ,Contoso Motors,2005,SUV,2247,653,FWD,Hybrid,Automatic,Silver,Black,2026-05-22 14:06:35.718300,2026-05-22 14:06:35.719893
NS0HEBHDII6439Z10,Contoso Motors,2016,Truck,2248,403,FWD,8 Cylinder,Automatic,Silver,Black,2026-05-22 14:06:35.718300,2026-05-22 14:06:35.719893
S8GJR1GKQ65RBU79R,Contoso Motors,2011,Truck,2249,409,FWD,8 Cylinder,Automatic,Silver,Black,2026-05-22 14:06:35.718300,2026-05-22 14:06:35.719893
FMK6KLF0BT31IJ6KZ,Contoso Motors,2013,Hatchback,2250,435,AWD,Hybrid,Automatic,Electric Blue,Red,2026-05-22 14:06:35.718300,2026-05-22 14:06:35.719893
VP5FE665H960W2U27,Contoso Motors,2016,Hatchback,2251,439,FWD,Hybrid,Automatic,Chili Red,Black,2026-05-22 14:06:35.718300,2026-05-22 14:06:35.719893
ESR85BB0HP4B7MVXB,Contoso Motors,2016,Minivan,2252,252,FWD,6 Cylinder,Automatic,Blue,Old Lace,2026-05-22 14:06:35.718300,2026-05-22 14:06:35.719893
AOYFEXU5HTDUIBMQU,Contoso Motors,2011,Minivan,2253,253,FWD,6 Cylinder,Automatic,Silver,Ivory,2026-05-22 14:06:35.718300,2026-05-22 14:06:35.719893
N3R2AXY2SJQW0QP75,Contoso Motors,2011,Crossover,2254,805,FWD,6 Cylinder,Automatic,Silver,Black,2026-05-22 14:06:35.718300,2026-05-22 14:06:35.719893
HMVPRTD67HJN3ZI90,Contoso Motors,2007,Wagon,2255,456,FWD,Hybrid,Automatic,White Silver,Smoke White,2026-05-22 14:06:35.718300,2026-05-22 14:06:35.719893
IIUUZDK5VRTXUU0S4,Contoso Motors,2005,Truck,2256,410,FWD,8 Cylinder,Automatic,Silver,Black,2026-05-22 14:06:35.718300,2026-05-22 14:06:35.719893
PWK0N6N8V1XLJWZ5M,Contoso Motors,2005,Crossover,2257,829,AWD,6 Cylinder,Automatic,Silver,Black,2026-05-22 14:06:35.718300,2026-05-22 14:06:35.719893
QRIQSLE1LWW1XKY0P,Contoso Motors,2016,Sedan,2258,667,RWD,Hybrid,Automatic,Midnight Black,Silverstone,2026-05-22 14:06:35.718300,2026-05-22 14:06:35.719893
AMPU0E8M8XN9UTSLB,Contoso Motors,2016,Hatchback,2259,483,AWD,Hybrid,Automatic,Electric Blue,Red,2026-05-22 14:06:35.718300,2026-05-22 14:06:35.719893
KDY5ZSBACBWBCL6IW,Contoso Motors,2016,Minivan,2260,260,FWD,6 Cylinder,Automatic,Volcanic Orange,White,2026-05-22 14:06:35.718300,2026-05-22 14:06:35.719893
WI4JCYWQNLC88EZTF,Contoso Motors,2004,Crossover,2261,853,FWD,6 Cylinder,Automatic,Silver,Black,2026-05-22 14:06:35.718300,2026-05-22 14:06:35.719893
0WKRN4NV62R1ZJ0N7,Contoso Motors,2014,Crossover,2262,877,FWD,6 Cylinder,Automatic,Silver,Black,2026-05-22 14:06:35.718300,2026-05-22 14:06:35.719893
5C6IBIILRGMKOO0NO,Contoso Motors,2016,Commercial,2263,823,AWD,8 Cylinder,Automatic,Silver,Black,2026-05-22 14:06:35.718300,2026-05-22 14:06:35.719893
WAGJ73XR6QEHXGPMW,Contoso Motors,2005,Convertible 2DR,2264,264,AWD,8 Cylinder,Automatic,Deep Blue,Brown,2026-05-22 14:06:35.718300,2026-05-22 14:06:35.719893
Q39N5PQ5LW7OS0Q3Y,Contoso Motors,2004,Coupe,2265,545,FWD,Hybrid,Automatic,Chili Red,Black,2026-05-22 14:06:35.718300,2026-05-22 14:06:35.719893
B2HXV0CBL9BUUKVIJ,Contoso Motors,2014,Hybrid,2266,266,FWD,Hybrid,Semi-Automatic,White Silver,Smoke White,2026-05-22 14:06:35.718300,2026-05-22 14:06:35.719893
YSJJE7M0SU16RA6PS,Contoso Motors,2005,Truck,2267,433,AWD,8 Cylinder,Automatic,Silver,Black,2026-05-22 14:06:35.718300,2026-05-22 14:06:35.719893
X12NN58IPJX71DVV7,Contoso Motors,2013,Hatchback,2268,487,RWD,Hybrid,Automatic,Chili Red,Black,2026-05-22 14:06:35.718300,2026-05-22 14:06:35.719893
F29WCB5XQTWC5BQ29,Contoso Motors,2004,Sedan,2269,669,FWD,Hybrid,Automatic,Racing Green,Beige,2026-05-22 14:06:35.718300,2026-05-22 14:06:35.719893
IZTM4LENAUV5IX1XA,Contoso Motors,2005,Sedan,2270,670,FWD,Hybrid,Automatic,Blazing Gray,Nutmeg,2026-05-22 14:06:35.718300,2026-05-22 14:06:35.719893
FNCQQF8AL8SNYQPJM,Contoso Motors,2010,Sedan,2271,730,FWD,Hybrid,Automatic,Thunder Gray,Gray,2026-05-22 14:06:35.718300,2026-05-22 14:06:35.719893
EZG79I4D1RAUCVKXX,Contoso Motors,2016,Hatchback,2272,491,FWD,Hybrid,Automatic,Midnight Black,Silverstone,2026-05-22 14:06:35.718300,2026-05-22 14:06:35.719893
LRIMSPKCYLCDNFB38,Contoso Motors,2004,Truck,2273,488,FWD,8 Cylinder,Automatic,Silver,Black,2026-05-22 14:06:35.718300,2026-05-22 14:06:35.719893
PX7ARXQM5ZL77U63V,Contoso Motors,2011,Truck,2274,536,AWD,8 Cylinder,Automatic,Silver,Black,2026-05-22 14:06:35.718300,2026-05-22 14:06:35.719893
1ES2EN7NPH7XKXVWE,Contoso Motors,2011,Coupe,2275,593,FWD,Hybrid,Automatic,Silver,Black,2026-05-22 14:06:35.718300,2026-05-22 14:06:35.719893
T5SR1DM2L0OJTOK92,Contoso Motors,2014,Hybrid,2276,276,FWD,Hybrid,Semi-Automatic,Deep Blue,Brown,2026-05-22 14:06:35.718300,2026-05-22 14:06:35.719893
FSCJWTXS75VKJSYCQ,Contoso Motors,2012,Crossover,2277,899,AWD,12 Cylinder,Automatic,Silver,Black,2026-05-22 14:06:35.718300,2026-05-22 14:06:35.719893
STV3XNVILS2Q7ATAO,Contoso Motors,2016,Commercial,2278,919,AWD,8 Cylinder,Automatic,Silver,Black,2026-05-22 14:06:35.718300,2026-05-22 14:06:35.719893
3L5XGW4T6T2Q3SWAS,Contoso Motors,2013,Convertible 2DR,2279,279,FWD,Electric,Automatic,Racing Green,Beige,2026-05-22 14:06:35.718300,2026-05-22 14:06:35.719893
8G5B3HV03IGJ0W79I,Contoso Motors,2004,SUV,2280,911,FWD,Electric,Automatic,Silver,Black,2026-05-22 14:06:35.718300,2026-05-22 14:06:35.719893
EFL5LREZR8HD8BMDB,Contoso Motors,2014,Crossover,2281,947,FWD,6 Cylinder,Automatic,Silver,Black,2026-05-22 14:06:35.718300,2026-05-22 14:06:35.719893
3UR1I6XW05CB2TZ1B,Contoso Motors,2007,Minivan,2282,282,FWD,6 Cylinder,Automatic,Thunder Gray,Gray,2026-05-22 14:06:35.718300,2026-05-22 14:06:35.719893
BN01OU37FBVJH7S64,Contoso Motors,2011,SUV,2283,959,FWD,12 Cylinder,Automatic,Silver,Black,2026-05-22 14:06:35.718300,2026-05-22 14:06:35.719893
FZFXAOR4KTU7UYV58,Contoso Motors,2011,Minivan,2284,284,FWD,6 Cylinder,Automatic,Volcanic Orange,White,2026-05-22 14:06:35.718300,2026-05-22 14:06:35.719893
TAM5XCY6I03ZFSNVM,Contoso Motors,2004,SUV,2285,993,FWD,4 Cylinder,Automatic,Silver,Black,2026-05-22 14:06:35.718300,2026-05-22 14:06:35.719893
LGQCCNRBWOSF7TZVG,Contoso Motors,2005,Minivan,2286,286,FWD,6 Cylinder,Automatic,Blue,Old Lace,2026-05-22 14:06:35.718300,2026-05-22 14:06:35.719893
54Y4WLBYHCDRBUFDN,Contoso Motors,2007,Minivan,2287,287,FWD,6 Cylinder,Automatic,Silver,Ivory,2026-05-22 14:06:35.718300,2026-05-22 14:06:35.719893
63FOUWGB16FDMGF40,Contoso Motors,2016,Minivan,2288,288,FWD,6 Cylinder,Automatic,Deep Blue,Brown,2026-05-22 14:06:35.718300,2026-05-22 14:06:35.719893
WXVGUH6ZXOIMUTPNX,Contoso Motors,2011,Minivan,2289,289,FWD,6 Cylinder,Automatic,Midnight Black,Silverstone,2026-05-22 14:06:35.718300,2026-05-22 14:06:35.719893
9LT2YRKZE7PI5JAVA,Contoso Motors,2005,Minivan,2290,290,FWD,6 Cylinder,Automatic,White Silver,Smoke White,2026-05-22 14:06:35.718300,2026-05-22 14:06:35.719893
HRUXGQR9S224ZOP9U,Contoso Motors,2014,Sedan,2291,789,AWD,Hybrid,Automatic,Pepper White,Dark Gray,2026-05-22 14:06:35.718300,2026-05-22 14:06:35.719893
LBMCUAYCN4JIQNV93,Contoso Motors,2007,Hatchback,2292,539,AWD,Hybrid,Automatic,Racing Green,Beige,2026-05-22 14:06:35.718300,2026-05-22 14:06:35.719893
2AJZAUZIMQQEVR6NS,Contoso Motors,2015,Sedan,2293,790,AWD,Hybrid,Automatic,Volcanic Orange,White,2026-05-22 14:06:35.718300,2026-05-22 14:06:35.719893
RU1ZSW52GLZP481D9,Contoso Motors,2016,Sedan,2294,791,AWD,Hybrid,Automatic,Chili Red,Black,2026-05-22 14:06:35.718300,2026-05-22 14:06:35.719893
5T3AVLN8605RIOE3F,Contoso Motors,2005,SUV,2295,17,FWD,8 Cylinder,Automatic,Silver,Black,2026-05-22 14:06:35.718300,2026-05-22 14:06:35.719893
2S3KH45R8GNGKK20P,Contoso Motors,2012,Truck,2296,547,FWD,8 Cylinder,Automatic,Silver,Black,2026-05-22 14:06:35.718300,2026-05-22 14:06:35.719893
46MAD6MGY8HFFQSS8,Contoso Motors,2009,Truck,2297,602,FWD,8 Cylinder,Automatic,Silver,Black,2026-05-22 14:06:35.718300,2026-05-22 14:06:35.719893
52DKNL3VUFO4JD1MX,Contoso Motors,2016,Wagon,2298,548,FWD,Hybrid,Automatic,Deep Blue,Brown,2026-05-22 14:06:35.718300,2026-05-22 14:06:35.719893
N2QO5BZUDL8OD8MFC,Contoso Motors,2016,Hatchback,2299,579,AWD,Hybrid,Automatic,Pepper White,Dark Gray,2026-05-22 14:06:35.718300,2026-05-22 14:06:35.719893
XO6YQDIVBB5ESDLPY,Contoso Motors,2015,Minivan,2300,300,FWD,6 Cylinder,Automatic,Deep Blue,Brown,2026-05-22 14:06:35.718300,2026-05-22 14:06:35.719893
PSL1PS3BHKZKNGIPG,Contoso Motors,2004,Minivan,2301,301,FWD,6 Cylinder,Automatic,Midnight Black,Silverstone,2026-05-22 14:06:35.718300,2026-05-22 14:06:35.719893
4RJEJ6Y8ZZPKBJZMM,Contoso Motors,2005,SUV,2302,181,FWD,6 Cylinder,Automatic,Silver,Black,2026-05-22 14:06:35.718300,2026-05-22 14:06:35.719893
WZYKUBWOWKNZUCIW3,Contoso Motors,2015,Wagon,2303,596,FWD,Hybrid,Automatic,Deep Blue,Brown,2026-05-22 14:06:35.718300,2026-05-22 14:06:35.719893
URHJH6BGSJBK4IJ68,Contoso Motors,2015,Truck,2304,728,FWD,8 Cylinder,Automatic,Silver,Black,2026-05-22 14:06:35.718300,2026-05-22 14:06:35.719893
9V1JPZYE07T8VEAJC,Contoso Motors,2014,SUV,2305,229,AWD,6 Cylinder,Automatic,Silver,Black,2026-05-22 14:06:35.718300,2026-05-22 14:06:35.719893
BCBZE8SJ0821LTRYC,Contoso Motors,2012,Sedan,2306,811,AWD,Hybrid,Automatic,Electric Blue,Red,2026-05-22 14:06:35.718300,2026-05-22 14:06:35.719893
6G5BCY304NZFYVA61,Contoso Motors,2011,Hatchback,2307,668,FWD,Hybrid,Automatic,White Silver,Smoke White,2026-05-22 14:06:35.718300,2026-05-22 14:06:35.719893
O1PXYSQ4CCVGHI2F8,Contoso Motors,2005,Minivan,2308,308,FWD,6 Cylinder,Automatic,Volcanic Orange,White,2026-05-22 14:06:35.718300,2026-05-22 14:06:35.719893
H689PF77ZBYQ145AP,Contoso Motors,2005,Crossover,2309,357,FWD,Hybrid,Automatic,Silver,Black,2026-05-22 14:06:35.718300,2026-05-22 14:06:35.719893
50X8H6SZ6NEXFJHB8,Contoso Motors,2004,Crossover,2310,381,FWD,Electric,Automatic,Silver,Black,2026-05-22 14:06:35.718300,2026-05-22 14:06:35.719893
OSPSHSDC0N9OOJBEL,Contoso Motors,2016,Commercial,2311,78,AWD,8 Cylinder,Automatic,Silver,Black,2026-05-22 14:06:35.718300,2026-05-22 14:06:35.719893
W6TTL6JBZWF9XP12N,Contoso Motors,2004,Convertible 2DR,2312,312,FWD,6 Cylinder,Automatic,Deep Blue,Brown,2026-05-22 14:06:35.718300,2026-05-22 14:06:35.719893
PY4SD6PWXNVEWH3QU,Contoso Motors,2013,Coupe,2313,699,AWD,Hybrid,Automatic,Silver,Ivory,2026-05-22 14:06:35.718300,2026-05-22 14:06:35.719893
WL4IDPXPIJQ7XUZTR,Contoso Motors,2014,Hybrid,2314,314,FWD,Hybrid,Semi-Automatic,White Silver,Smoke White,2026-05-22 14:06:35.718300,2026-05-22 14:06:35.719893
UFRMM5MM823D9BZOO,Contoso Motors,2016,Truck,2315,776,RWD,8 Cylinder,Automatic,Silver,Black,2026-05-22 14:06:35.718300,2026-05-22 14:06:35.719893
6M3HNO30YP24Q3FLE,Contoso Motors,2016,Hatchback,2316,716,AWD,Hybrid,Automatic,Blazing Gray,Nutmeg,2026-05-22 14:06:35.718300,2026-05-22 14:06:35.719893
QI99PE56OPY3OWZ2K,Contoso Motors,2011,Sedan,2317,813,FWD,Hybrid,Automatic,Pepper White,Dark Gray,2026-05-22 14:06:35.718300,2026-05-22 14:06:35.719893
XZW60NQWOYY5KAB9Z,Contoso Motors,2013,Sedan,2318,814,FWD,Hybrid,Automatic,Volcanic Orange,White,2026-05-22 14:06:35.718300,2026-05-22 14:06:35.719893
E3W97Z31LEGYBROE6,Contoso Motors,2015,Sedan,2319,838,FWD,Hybrid,Automatic,Volcanic Orange,White,2026-05-22 14:06:35.718300,2026-05-22 14:06:35.719893
KRUCIGUXHA9BZGOYE,Contoso Motors,2005,Wagon,2320,722,AWD,Hybrid,Automatic,Blue,Old Lace,2026-05-22 14:06:35.718300,2026-05-22 14:06:35.719893
RUO2ZFES9YUIJDXRG,Contoso Motors,2013,Truck,2321,787,AWD,8 Cylinder,Automatic,Silver,Black,2026-05-22 14:06:35.718300,2026-05-22 14:06:35.719893
S87ILE50Y2HG8323I,Contoso Motors,2016,Truck,2322,835,FWD,8 Cylinder,Automatic,Silver,Black,2026-05-22 14:06:35.718300,2026-05-22 14:06:35.719893
UTP7TX9KY9M2QCQRQ,Contoso Motors,2005,Coupe,2323,785,FWD,Hybrid,Automatic,Midnight Black,Black,2026-05-22 14:06:35.718300,2026-05-22 14:06:35.719893
WPKLDYZA8FMYIK1BF,Contoso Motors,2014,Hybrid,2324,324,FWD,Hybrid,Semi-Automatic,Deep Blue,Brown,2026-05-22 14:06:35.718300,2026-05-22 14:06:35.719893
QU3ALCZ58145U8E35,Contoso Motors,2014,Crossover,2325,405,AWD,Hybrid,Automatic,Silver,Black,2026-05-22 14:06:35.718300,2026-05-22 14:06:35.719893
3L3JCGMOWRPFHL6FQ,Contoso Motors,2016,Commercial,2326,351,AWD,8 Cylinder,Automatic,Silver,Black,2026-05-22 14:06:35.718300,2026-05-22 14:06:35.719893
SXJEORK6FJMOMBKWI,Contoso Motors,2016,Convertible 2DR,2327,327,FWD,3 Cylinder,Automatic,Racing Green,Beige,2026-05-22 14:06:35.718300,2026-05-22 14:06:35.719893
WGONIBI1SS2RMVN7C,Contoso Motors,2011,Crossover,2328,429,FWD,4 Cylinder,Automatic,Silver,Black,2026-05-22 14:06:35.718300,2026-05-22 14:06:35.719893
0RMY5PBNQLMINI0ZQ,Contoso Motors,2014,Crossover,2329,475,AWD,6 Cylinder,Automatic,Silver,Ivory,2026-05-22 14:06:35.718300,2026-05-22 14:06:35.719893
4C3BOEICC4UCFXR59,Contoso Motors,2005,Minivan,2330,330,FWD,6 Cylinder,Automatic,Thunder Gray,Gray,2026-05-22 14:06:35.718300,2026-05-22 14:06:35.719893
J4GR9OUM95BEP5GT7,Contoso Motors,2011,SUV,2331,487,FWD,4 Cylinder,Automatic,Silver,Ivory,2026-05-22 14:06:35.718300,2026-05-22 14:06:35.719893
QUAMHMOIAU76G0HSX,Contoso Motors,2016,Minivan,2332,332,FWD,6 Cylinder,Automatic,Volcanic Orange,White,2026-05-22 14:06:35.718300,2026-05-22 14:06:35.719893
1F1S7HXT6PL3DCD7P,Contoso Motors,2013,SUV,2333,120,FWD,6 Cylinder,Automatic,Thunder Gray,Black,2026-05-22 14:06:35.718300,2026-05-22 14:06:35.719893
ADRO23TG51ZM10K3T,Contoso Motors,2005,Minivan,2334,334,FWD,6 Cylinder,Automatic,Blue,Old Lace,2026-05-22 14:06:35.718300,2026-05-22 14:06:35.719893
TQP9QKRT9QEYG3H53,Contoso Motors,2006,Minivan,2335,335,FWD,6 Cylinder,Automatic,Silver,Ivory,2026-05-22 14:06:35.718300,2026-05-22 14:06:35.719893
9SGS5BWFW4DN0L6TH,Contoso Motors,2007,Minivan,2336,336,FWD,6 Cylinder,Automatic,Deep Blue,Brown,2026-05-22 14:06:35.718300,2026-05-22 14:06:35.719893
BHCFIOQSKV4D6NBSS,Contoso Motors,2004,Minivan,2337,337,FWD,6 Cylinder,Automatic,Midnight Black,Silverstone,2026-05-22 14:06:35.718300,2026-05-22 14:06:35.719893
F1D5UQUA9FQUW7XV3,Contoso Motors,2005,Minivan,2338,338,FWD,6 Cylinder,Automatic,White Silver,Smoke White,2026-05-22 14:06:35.718300,2026-05-22 14:06:35.719893
GUS9E5A2EULF3P1UN,Contoso Motors,2013,Sedan,2339,839,FWD,Hybrid,Automatic,Chili Red,Black,2026-05-22 14:06:35.718300,2026-05-22 14:06:35.719893
W29LAITYD0GF4N2VK,Contoso Motors,2014,Hatchback,2340,727,FWD,Hybrid,Automatic,Racing Green,Beige,2026-05-22 14:06:35.718300,2026-05-22 14:06:35.719893
0MKU5TFQWZO9HS11S,Contoso Motors,2014,Sedan,2341,859,AWD,Hybrid,Automatic,Electric Blue,Red,2026-05-22 14:06:35.718300,2026-05-22 14:06:35.719893
IF5LEBW3XLERX1AOF,Contoso Motors,2010,Sedan,2342,862,AWD,Hybrid,Automatic,Volcanic Orange,White,2026-05-22 14:06:35.718300,2026-05-22 14:06:35.719893
E8YUR9V0IIKNOPX4K,Contoso Motors,2014,SUV,2343,168,AWD,4 Cylinder,Automatic,Thunder Gray,Black,2026-05-22 14:06:35.718300,2026-05-22 14:06:35.719893
H6WBYGAU0DKHQUWHU,Contoso Motors,2005,Truck,2344,841,FWD,8 Cylinder,Automatic,Silver,Black,2026-05-22 14:06:35.718300,2026-05-22 14:06:35.719893
M9Z4NT0OZWDRCRIFO,Contoso Motors,2007,Truck,2345,842,FWD,8 Cylinder,Automatic,Silver,Black,2026-05-22 14:06:35.718300,2026-05-22 14:06:35.719893
BTIYRWQYHREVNUCOO,Contoso Motors,2007,Hatchback,2346,731,FWD,Hybrid,Automatic,Pepper White,Dark Gray,2026-05-22 14:06:35.718300,2026-05-22 14:06:35.719893
8B2KG3W6E58UPYO6W,Contoso Motors,2004,Hatchback,2347,779,FWD,Hybrid,Automatic,Pepper White,Dark Gray,2026-05-22 14:06:35.718300,2026-05-22 14:06:35.719893
KY60WAD6SWG0I3PEZ,Contoso Motors,2016,Minivan,2348,348,FWD,6 Cylinder,Automatic,Deep Blue,Brown,2026-05-22 14:06:35.718300,2026-05-22 14:06:35.719893
DZGOKUI83H467PFA3,Contoso Motors,2011,Minivan,2349,349,FWD,6 Cylinder,Automatic,Midnight Black,Silverstone,2026-05-22 14:06:35.718300,2026-05-22 14:06:35.719893
M5IRPAK8IJ99VO24S,Contoso Motors,2005,SUV,2350,542,AWD,Hybrid,Automatic,Thunder Gray,Black,2026-05-22 14:06:35.718300,2026-05-22 14:06:35.719893
KUFX2YZQER5BVT9SJ,Contoso Motors,2011,Wagon,2351,788,RWD,Hybrid,Automatic,Thunder Gray,Gray,2026-05-22 14:06:35.718300,2026-05-22 14:06:35.719893
87B1J3GIST2ZN77HZ,Contoso Motors,2016,Truck,2352,864,AWD,8 Cylinder,Automatic,Blue,Black,2026-05-22 14:06:35.718300,2026-05-22 14:06:35.719893
7G6X8NLJ5WQGBUMRR,Contoso Motors,2005,SUV,2353,590,FWD,10 Cylinder,Automatic,Thunder Gray,Black,2026-05-22 14:06:35.718300,2026-05-22 14:06:35.719893
2BUH9734KF9CB3DTS,Contoso Motors,2007,Sedan,2354,886,FWD,Hybrid,Automatic,Blue,Old Lace,2026-05-22 14:06:35.718300,2026-05-22 14:06:35.719893
8F67N4MUFVYKXT21M,Contoso Motors,2016,Hatchback,2355,812,RWD,Hybrid,Automatic,Thunder Gray,Gray,2026-05-22 14:06:35.718300,2026-05-22 14:06:35.719893
5EL43FDB3S6PCROAF,Contoso Motors,2004,Minivan,2356,356,FWD,6 Cylinder,Automatic,Blue,Old Lace,2026-05-22 14:06:35.718300,2026-05-22 14:06:35.719893
8V2FOIP9L5WBBUOSF,Contoso Motors,2011,SUV,2357,800,FWD,6 Cylinder,Automatic,Thunder Gray,Black,2026-05-22 14:06:35.718300,2026-05-22 14:06:35.719893
M9ZIPUYWV2CU2G8RW,Contoso Motors,2016,SUV,2358,848,RWD,4 Cylinder,Automatic,Thunder Gray,Black,2026-05-22 14:06:35.718300,2026-05-22 14:06:35.719893
AITTWWNTTUG1ILMZZ,Contoso Motors,2016,Commercial,2359,447,AWD,8 Cylinder,Automatic,Silver,Black,2026-05-22 14:06:35.718300,2026-05-22 14:06:35.719893
KR0MZKIKO4T2J2HHZ,Contoso Motors,2011,Convertible 2DR,2360,360,FWD,Hybrid,Automatic,White Silver,Smoke White,2026-05-22 14:06:35.718300,2026-05-22 14:06:35.719893
1NKYRZ6FU15V11RJ9,Contoso Motors,2016,Coupe,2361,843,FWD,Hybrid,Automatic,Midnight Black,Silverstone,2026-05-22 14:06:35.718300,2026-05-22 14:06:35.719893
U4EDAMJTBG33WZV9H,Contoso Motors,2014,Hybrid,2362,362,FWD,Hybrid,Semi-Automatic,Blazing Gray,Nutmeg,2026-05-22 14:06:35.718300,2026-05-22 14:06:35.719893
OT1N11WQREOJCF5NN,Contoso Motors,2011,Truck,2363,865,AWD,8 Cylinder,Automatic,Blue,Black,2026-05-22 14:06:35.718300,2026-05-22 14:06:35.719893
75JVOTV15ITZLHTN9,Contoso Motors,2004,Wagon,2364,840,FWD,Hybrid,Automatic,Blue,Old Lace,2026-05-22 14:06:35.718300,2026-05-22 14:06:35.719893
2M6KK8UVWNBOFC0TE,Contoso Motors,2011,Sedan,2365,909,FWD,Hybrid,Automatic,Chili Red,Black,2026-05-22 14:06:35.718300,2026-05-22 14:06:35.719893
LM85CQ4WOOPTLWKUA,Contoso Motors,2015,Sedan,2366,922,FWD,Hybrid,Automatic,Blue,Old Lace,2026-05-22 14:06:35.718300,2026-05-22 14:06:35.719893
SEEBUKI753MZBSX8I,Contoso Motors,2004,Sedan,2367,955,AWD,Hybrid,Automatic,Pepper White,Dark Gray,2026-05-22 14:06:35.718300,2026-05-22 14:06:35.719893
MOP5NPNQXYXR0359O,Contoso Motors,2009,Wagon,2368,866,AWD,Hybrid,Automatic,Deep Blue,Brown,2026-05-22 14:06:35.718300,2026-05-22 14:06:35.719893
58FQM4VMQJNVGWSXS,Contoso Motors,2005,Truck,2369,912,FWD,8 Cylinder,Automatic,Blue,Black,2026-05-22 14:06:35.718300,2026-05-22 14:06:35.719893
O4WHDXBBNJ46PBN7S,Contoso Motors,2004,Truck,2370,985,FWD,8 Cylinder,Automatic,Blue,Black,2026-05-22 14:06:35.718300,2026-05-22 14:06:35.719893
Q4X2YNNVPP0CPHYE0,Contoso Motors,2012,Coupe,2371,987,FWD,Hybrid,Automatic,Electric Blue,Red,2026-05-22 14:06:35.718300,2026-05-22 14:06:35.719893
BYZ35GWG9FA3Q7OZW,Contoso Motors,2014,Hybrid,2372,372,FWD,Hybrid,Semi-Automatic,White Silver,Smoke White,2026-05-22 14:06:35.718300,2026-05-22 14:06:35.719893
H5FBWO1JFX5BVEL7G,Contoso Motors,2007,SUV,2373,918,FWD,Hybrid,Automatic,Thunder Gray,Black,2026-05-22 14:06:35.718300,2026-05-22 14:06:35.719893
MJJ542649SI5DU495,Contoso Motors,2016,Commercial,2374,606,AWD,8 Cylinder,Automatic,Silver,Black,2026-05-22 14:06:35.718300,2026-05-22 14:06:35.719893
66CT4PTFXZTW1ENLU,Contoso Motors,2007,Convertible 2DR,2375,375,FWD,6 Cylinder,Automatic,Electric Blue,Red,2026-05-22 14:06:35.718300,2026-05-22 14:06:35.719893
JPKMEMQ2RTIU09SXF,Contoso Motors,2015,SUV,2376,966,FWD,10 Cylinder,Automatic,Thunder Gray,Black,2026-05-22 14:06:35.718300,2026-05-22 14:06:35.719893
K6V3QP8LYHLBBQLBG,Contoso Motors,2005,SUV,2377,118,AWD,6 Cylinder,Automatic,Thunder Gray,Black,2026-05-22 14:06:35.718300,2026-05-22 14:06:35.719893
D386UE4DBEZO5CF4S,Contoso Motors,2005,Minivan,2378,378,FWD,6 Cylinder,Automatic,Volcanic Orange,White,2026-05-22 14:06:35.718300,2026-05-22 14:06:35.719893
EZKO4K3WCRTXSO7GA,Contoso Motors,2016,SUV,2379,376,FWD,6 Cylinder,Automatic,Thunder Gray,Black,2026-05-22 14:06:35.718300,2026-05-22 14:06:35.719893
O97GOAG4FW8RY93FH,Contoso Motors,2007,Minivan,2380,380,FWD,6 Cylinder,Automatic,Blue,Old Lace,2026-05-22 14:06:35.718300,2026-05-22 14:06:35.719893
1FJ70SCU3XMQV7DOA,Contoso Motors,2007,SUV,2381,424,AWD,4 Cylinder,Automatic,Thunder Gray,Black,2026-05-22 14:06:35.718300,2026-05-22 14:06:35.719893
TRKGKVZRVOHBPM859,Contoso Motors,2005,Minivan,2382,382,FWD,6 Cylinder,Automatic,Deep Blue,Brown,2026-05-22 14:06:35.718300,2026-05-22 14:06:35.719893
7ORM9PJ4WF2Y0DSA6,Contoso Motors,2012,Minivan,2383,383,FWD,6 Cylinder,Automatic,Midnight Black,Silverstone,2026-05-22 14:06:35.718300,2026-05-22 14:06:35.719893
JRDPCRDRV0B3LOI4L,Contoso Motors,2016,Minivan,2384,384,FWD,6 Cylinder,Automatic,White Silver,Smoke White,2026-05-22 14:06:35.718300,2026-05-22 14:06:35.719893
QZ39PWMWU9F813DUL,Contoso Motors,2011,Minivan,2385,385,FWD,6 Cylinder,Automatic,Racing Green,Beige,2026-05-22 14:06:35.718300,2026-05-22 14:06:35.719893
YTK5LWVXKXF52CGBN,Contoso Motors,2013,Minivan,2386,386,FWD,6 Cylinder,Automatic,Blazing Gray,Nutmeg,2026-05-22 14:06:35.718300,2026-05-22 14:06:35.719893
EGZQJW317LG04JDW0,Contoso Motors,2011,Sedan,2387,981,FWD,Hybrid,Automatic,Silver,Ivory,2026-05-22 14:06:35.718300,2026-05-22 14:06:35.719893
WK9JBR89LJSCCMKAR,Contoso Motors,2004,Hatchback,2388,867,AWD,Hybrid,Automatic,Midnight Black,Silverstone,2026-05-22 14:06:35.718300,2026-05-22 14:06:35.719893
0H88E8YY3EUELB457,Contoso Motors,2005,Sedan,2389,982,FWD,Hybrid,Automatic,Deep Blue,Brown,2026-05-22 14:06:35.718300,2026-05-22 14:06:35.719893
2A1E0RYT84IYLGQYE,Contoso Motors,2006,Sedan,2390,983,FWD,Hybrid,Automatic,Midnight Black,Silverstone,2026-05-22 14:06:35.718300,2026-05-22 14:06:35.719893
UP959AI0X9PWJZZ8K,Contoso Motors,2007,SUV,2391,446,FWD,12 Cylinder,Automatic,Thunder Gray,Black,2026-05-22 14:06:35.718300,2026-05-22 14:06:35.719893
PWIR4HU7C1L7REMTB,Contoso Motors,2005,Truck,2392,986,FWD,8 Cylinder,Automatic,Blue,Black,2026-05-22 14:06:35.718300,2026-05-22 14:06:35.719893
81PGUL7CD9MKHVJQX,Contoso Motors,2012,Truck,2393,75,AWD,8 Cylinder,Automatic,Blue,Black,2026-05-22 14:06:35.718300,2026-05-22 14:06:35.719893
J0KNBODJP64BKGLQO,Contoso Motors,2011,Hatchback,2394,915,FWD,Hybrid,Automatic,Racing Green,Beige,2026-05-22 14:06:35.718300,2026-05-22 14:06:35.719893
4Y432C25BWZ1PYPEI,Contoso Motors,2016,Hatchback,2395,923,FWD,Hybrid,Automatic,Silver,Beige,2026-05-22 14:06:35.718300,2026-05-22 14:06:35.719893
QLJ2V8GTJPGPU4E14,Contoso Motors,2005,Minivan,2396,396,FWD,6 Cylinder,Automatic,White Silver,Smoke White,2026-05-22 14:06:35.718300,2026-05-22 14:06:35.719893
ORG6J6VS5OFIJ8WDO,Contoso Motors,2007,Minivan,2397,397,FWD,6 Cylinder,Automatic,Racing Green,Beige,2026-05-22 14:06:35.718300,2026-05-22 14:06:35.719893
XG18AH4I0IK4VPZ6G,Contoso Motors,2015,SUV,2398,494,AWD,6 Cylinder,Automatic,Thunder Gray,Gray,2026-05-22 14:06:35.718300,2026-05-22 14:06:35.719893
32INKI8D3FDCWXOHE,Contoso Motors,2007,Wagon,2399,984,FWD,Hybrid,Automatic,Silver,Beige,2026-05-22 14:06:35.718300,2026-05-22 14:06:35.719893
VBINP5TYVKFQUJ0IA,Contoso Motors,2004,Truck,2400,104,FWD,8 Cylinder,Automatic,Blue,Black,2026-05-22 14:06:35.718300,2026-05-22 14:06:35.719893
6ZJ668J7QRCS2C3Q1,Contoso Motors,2013,SUV,2401,638,FWD,Electric,Automatic,Volcanic Orange,Black,2026-05-22 14:06:35.718300,2026-05-22 14:06:35.719893
7L8PQIBM8TW80Y6YY,Contoso Motors,2007,Sedan,2402,6,AWD,Hybrid,Automatic,Deep Blue,Brown,2026-05-22 14:06:35.718300,2026-05-22 14:06:35.719893
IHLWRGHA841Q3T77I,Contoso Motors,2013,Hatchback,2403,15,FWD,Hybrid,Automatic,Silver,Beige,2026-05-22 14:06:35.718300,2026-05-22 14:06:35.719893
35NUF9X54IA8UTR5R,Contoso Motors,2011,Minivan,2404,404,FWD,6 Cylinder,Automatic,Blue,Old Lace,2026-05-22 14:06:35.718300,2026-05-22 14:06:35.719893
CNO7586FGQKY8T6N4,Contoso Motors,2010,SUV,2405,686,AWD,3 Cylinder,Automatic,Volcanic Orange,Black,2026-05-22 14:06:35.718300,2026-05-22 14:06:35.719893
OWMWC68IU1W8ULGRF,Contoso Motors,2007,SUV,2406,896,RWD,6 Cylinder,Automatic,Volcanic Orange,Black,2026-05-22 14:06:35.718300,2026-05-22 14:06:35.719893
5OZ5NAFNXKDX16SOM,Contoso Motors,2016,Commercial,2407,879,AWD,8 Cylinder,Automatic,Silver,Black,2026-05-22 14:06:35.718300,2026-05-22 14:06:35.719893
JV74YJF2S4X5BZH2U,Contoso Motors,2013,Convertible 2DR,2408,408,AWD,Hybrid,Automatic,White Silver,Smoke White,2026-05-22 14:06:35.718300,2026-05-22 14:06:35.719893
OWM2AG0E2LL25WINX,Contoso Motors,2014,Coupe,2409,35,FWD,Hybrid,Automatic,Electric Blue,Red,2026-05-22 14:06:35.718300,2026-05-22 14:06:35.719893
JB14SFZLSLEZKHAWP,Contoso Motors,2014,Hybrid,2410,410,FWD,Hybrid,Semi-Automatic,Blazing Gray,Nutmeg,2026-05-22 14:06:35.718300,2026-05-22 14:06:35.719893
7ZFDG6ES1E755296A,Contoso Motors,2005,Truck,2411,105,FWD,8 Cylinder,Automatic,Blue,Black,2026-05-22 14:06:35.718300,2026-05-22 14:06:35.719893
MJGSGSAUJVKMRAZ60,Contoso Motors,2016,Wagon,2412,32,FWD,Hybrid,Automatic,Silver,Beige,2026-05-22 14:06:35.718300,2026-05-22 14:06:35.719893
86E392XO7V0R2BEHV,Contoso Motors,2004,Sedan,2413,29,FWD,Hybrid,Automatic,Silver,Ivory,2026-05-22 14:06:35.718300,2026-05-22 14:06:35.719893
MNCX469QMLCFQRN8O,Contoso Motors,2005,Sedan,2414,66,FWD,Hybrid,Automatic,Deep Blue,Brown,2026-05-22 14:06:35.718300,2026-05-22 14:06:35.719893
PM4IFV0XUDG3ONI0U,Contoso Motors,2014,Sedan,2415,101,RWD,Hybrid,Automatic,Midnight Black,Silverstone,2026-05-22 14:06:35.718300,2026-05-22 14:06:35.719893
H5FYN9PAL84J655SR,Contoso Motors,2007,Wagon,2416,106,FWD,Hybrid,Automatic,Silver,Beige,2026-05-22 14:06:35.718300,2026-05-22 14:06:35.719893
OPWUXGFX3BX7KA530,Contoso Motors,2011,Truck,2417,152,AWD,8 Cylinder,Automatic,Blue,Black,2026-05-22 14:06:35.718300,2026-05-22 14:06:35.719893
23TYO4FWHKFYAT8N5,Contoso Motors,2016,Truck,2418,208,AWD,8 Cylinder,Automatic,Blue,Black,2026-05-22 14:06:35.718300,2026-05-22 14:06:35.719893
P5KMN1V8VOBG8B5E2,Contoso Motors,2011,Coupe,2419,217,FWD,Hybrid,Automatic,Silver,Ivory,2026-05-22 14:06:35.718300,2026-05-22 14:06:35.719893
3ZOY2EDPVL2XT4KW6,Contoso Motors,2014,Hybrid,2420,420,FWD,Hybrid,Semi-Automatic,White Silver,Smoke White,2026-05-22 14:06:35.718300,2026-05-22 14:06:35.719893
WWD462YBU0W5PVLLE,Contoso Motors,2016,SUV,2421,944,FWD,6 Cylinder,Automatic,Volcanic Orange,Black,2026-05-22 14:06:35.718300,2026-05-22 14:06:35.719893
O8ARADZW18TVCXVJL,Contoso Motors,2016,Commercial,2422,975,AWD,8 Cylinder,Automatic,Silver,Black,2026-05-22 14:06:35.718300,2026-05-22 14:06:35.719893
0JLR5E366CE3MGTMA,Contoso Motors,2006,Convertible 2DR,2423,423,FWD,Hybrid,Automatic,Electric Blue,Red,2026-05-22 14:06:35.718300,2026-05-22 14:06:35.719893
QDS8HR3EOONY2SNH9,Contoso Motors,2015,SUV,2424,14,FWD,Electric,Automatic,Volcanic Orange,Black,2026-05-22 14:06:35.718300,2026-05-22 14:06:35.719893
HUOIEZLHKJA34WFO9,Contoso Motors,2013,SUV,2425,166,FWD,Hybrid,Automatic,Volcanic Orange,Black,2026-05-22 14:06:35.718300,2026-05-22 14:06:35.719893
V3J6BOFZI1FBTD6QZ,Contoso Motors,2005,Minivan,2426,426,FWD,6 Cylinder,Automatic,Volcanic Orange,White,2026-05-22 14:06:35.718300,2026-05-22 14:06:35.719893
AA2P3R4QL85D64DIW,Contoso Motors,2010,SUV,2427,214,FWD,Hybrid,Automatic,Volcanic Orange,Black,2026-05-22 14:06:35.718300,2026-05-22 14:06:35.719893
3J9JJJDN7S9LRCLRN,Contoso Motors,2016,Minivan,2428,428,FWD,6 Cylinder,Automatic,Blue,Old Lace,2026-05-22 14:06:35.718300,2026-05-22 14:06:35.719893
M61LE5QZV5HNK9A60,Contoso Motors,2016,SUV,2429,472,FWD,6 Cylinder,Automatic,Volcanic Orange,White,2026-05-22 14:06:35.718300,2026-05-22 14:06:35.719893
MMXDMYOFAETN49NX7,Contoso Motors,2013,Minivan,2430,430,FWD,6 Cylinder,Automatic,Deep Blue,Brown,2026-05-22 14:06:35.718300,2026-05-22 14:06:35.719893
C5JQCH80ZJZ2FM75Y,Contoso Motors,2014,Minivan,2431,431,FWD,6 Cylinder,Automatic,Midnight Black,Silverstone,2026-05-22 14:06:35.718300,2026-05-22 14:06:35.719893
A06TXGL7YFI3PLBTW,Contoso Motors,2015,Minivan,2432,432,FWD,6 Cylinder,Automatic,White Silver,Smoke White,2026-05-22 14:06:35.718300,2026-05-22 14:06:35.719893
HZVAXGE5XAWKUBOOY,Contoso Motors,2004,Minivan,2433,433,FWD,6 Cylinder,Automatic,Racing Green,Beige,2026-05-22 14:06:35.718300,2026-05-22 14:06:35.719893
5ZCY7GM0YYHSKOW69,Contoso Motors,2010,Minivan,2434,434,FWD,6 Cylinder,Automatic,Blazing Gray,Nutmeg,2026-05-22 14:06:35.718300,2026-05-22 14:06:35.719893
UVVHT98ZZYOCRTYYH,Contoso Motors,2015,Sedan,2435,102,FWD,Hybrid,Automatic,White Silver,Smoke White,2026-05-22 14:06:35.718300,2026-05-22 14:06:35.719893
I39EL0PMLW1MOZL48,Contoso Motors,2016,Hatchback,2436,107,FWD,Hybrid,Automatic,Silver,Beige,2026-05-22 14:06:35.718300,2026-05-22 14:06:35.719893
1NZIQ2GVDFT784IOR,Contoso Motors,2010,Sedan,2437,126,FWD,Hybrid,Automatic,White Silver,Smoke White,2026-05-22 14:06:35.718300,2026-05-22 14:06:35.719893
ME6BJOY0EHQW0E04U,Contoso Motors,2005,Sedan,2438,149,RWD,Hybrid,Automatic,Midnight Black,Silverstone,2026-05-22 14:06:35.718300,2026-05-22 14:06:35.719893
0H3E2WOM1H3CH79V8,Contoso Motors,2005,SUV,2439,46,FWD,Hybrid,Automatic,White Silver,Black,2026-05-22 14:06:35.718300,2026-05-22 14:06:35.719893
NBRS9H6B5JOZOUT1L,Contoso Motors,2004,Truck,2440,219,FWD,8 Cylinder,Automatic,Blue,Black,2026-05-22 14:06:35.718300,2026-05-22 14:06:35.719893
9HB2C6KE1UE4IM7QZ,Contoso Motors,2011,Truck,2441,297,AWD,8 Cylinder,Automatic,Blue,Black,2026-05-22 14:06:35.718300,2026-05-22 14:06:35.719893
IKVMWK9PXVMCFTM7R,Contoso Motors,2007,Hatchback,2442,155,AWD,Hybrid,Automatic,Silver,Beige,2026-05-22 14:06:35.718300,2026-05-22 14:06:35.719893
WY94KZYNXHXKG18P1,Contoso Motors,2012,Hatchback,2443,163,FWD,Hybrid,Automatic,Silver,Beige,2026-05-22 14:06:35.718300,2026-05-22 14:06:35.719893
56H3FPUVHSKUOXFQS,Contoso Motors,2014,Minivan,2444,444,AWD,8 Cylinder,Semi-Automatic,White Silver,Smoke White,2026-05-22 14:06:35.718300,2026-05-22 14:06:35.719893
34KNKYGFW99AI5J3R,Contoso Motors,2015,Minivan,2445,445,AWD,8 Cylinder,Semi-Automatic,Racing Green,Beige,2026-05-22 14:06:35.718300,2026-05-22 14:06:35.719893
2LY9PP21E94R5IFMW,Contoso Motors,2005,SUV,2446,94,AWD,Electric,Automatic,White Silver,Black,2026-05-22 14:06:35.718300,2026-05-22 14:06:35.719893
QF1CJASYP14RWCWLJ,Contoso Motors,2014,Hatchback,2447,211,FWD,Hybrid,Automatic,Silver,Beige,2026-05-22 14:06:35.718300,2026-05-22 14:06:35.719893
J2NS55590Y4QVDD1K,Contoso Motors,2015,Truck,2448,322,FWD,8 Cylinder,Automatic,Blue,Black,2026-05-22 14:06:35.718300,2026-05-22 14:06:35.719893
26O4C6HDVAIY1X75I,Contoso Motors,2004,SUV,2449,608,AWD,Hybrid,Automatic,White Silver,Black,2026-05-22 14:06:35.718300,2026-05-22 14:06:35.719893
QYD0HBXWCPGT56JEI,Contoso Motors,2005,Sedan,2450,162,FWD,Hybrid,Automatic,White Silver,Smoke White,2026-05-22 14:06:35.718300,2026-05-22 14:06:35.719893
0JRRUZZ79CWROR1F9,Contoso Motors,2005,Wagon,2451,220,AWD,Hybrid,Automatic,Silver,Beige,2026-05-22 14:06:35.718300,2026-05-22 14:06:35.719893
2KMXIGM3V5PVD8DPN,Contoso Motors,2015,Minivan,2452,452,AWD,8 Cylinder,Semi-Automatic,Deep Blue,Brown,2026-05-22 14:06:35.718300,2026-05-22 14:06:35.719893
CJ985XFGB378GVORJ,Contoso Motors,2011,SUV,2453,656,FWD,Hybrid,Automatic,White Silver,Black,2026-05-22 14:06:35.718300,2026-05-22 14:06:35.719893
6CJEHTPYLFHZBGF46,Contoso Motors,2013,SUV,2454,726,FWD,Hybrid,Automatic,White Silver,Black,2026-05-22 14:06:35.718300,2026-05-22 14:06:35.719893
J0M6XHZSXLJWA1AO7,Contoso Motors,2016,Commercial,2455,134,AWD,8 Cylinder,Automatic,Silver,Black,2026-05-22 14:06:35.718300,2026-05-22 14:06:35.719893
1KM7AB36UNEVBK97I,Contoso Motors,2004,Convertible 2DR,2456,456,FWD,6 Cylinder,Automatic,Blazing Gray,Nutmeg,2026-05-22 14:06:35.718300,2026-05-22 14:06:35.719893
98DC1LKL823EOQYHI,Contoso Motors,2014,Coupe,2457,361,FWD,Hybrid,Automatic,Racing Green,Black,2026-05-22 14:06:35.718300,2026-05-22 14:06:35.719893
AZOVWYGV416KUHS9Q,Contoso Motors,2014,Hybrid,2458,458,FWD,Hybrid,Semi-Automatic,Thunder Gray,Gray,2026-05-22 14:06:35.718300,2026-05-22 14:06:35.719893
6KE9DCHAD5FUVEYFU,Contoso Motors,2004,Truck,2459,345,FWD,8 Cylinder,Automatic,Blue,Black,2026-05-22 14:06:35.718300,2026-05-22 14:06:35.719893
ZBE06GF9Q3XUEO5YF,Contoso Motors,2016,Hatchback,2460,244,AWD,Hybrid,Automatic,Silver,Beige,2026-05-22 14:06:35.718300,2026-05-22 14:06:35.719893
DHK77M8UHCHA99I53,Contoso Motors,2007,Sedan,2461,243,FWD,Hybrid,Automatic,Midnight Black,Silverstone,2026-05-22 14:06:35.718300,2026-05-22 14:06:35.719893
1GLVOHV5NGSUMC88H,Contoso Motors,2013,Sedan,2462,271,FWD,Hybrid,Automatic,Pepper White,Dark Gray,2026-05-22 14:06:35.718300,2026-05-22 14:06:35.719893
5LDXZ18TB6O9V90T2,Contoso Motors,2006,Sedan,2463,291,FWD,Hybrid,Automatic,Racing Green,Beige,2026-05-22 14:06:35.718300,2026-05-22 14:06:35.719893
ZGUTQ2JBSYC9D0LIP,Contoso Motors,2013,Wagon,2464,298,AWD,Hybrid,Automatic,Silver,Beige,2026-05-22 14:06:35.718300,2026-05-22 14:06:35.719893
PEIIMD3IQ7BH8V815,Contoso Motors,2016,Truck,2465,363,FWD,8 Cylinder,Automatic,Blue,Black,2026-05-22 14:06:35.718300,2026-05-22 14:06:35.719893
LNDJRW6Q67BYS52A0,Contoso Motors,2013,Truck,2466,411,FWD,8 Cylinder,Automatic,Blue,Black,2026-05-22 14:06:35.718300,2026-05-22 14:06:35.719893
785W70MDO5TBWODK4,Contoso Motors,2007,Coupe,2467,419,FWD,Hybrid,Automatic,Midnight Black,Silverstone,2026-05-22 14:06:35.718300,2026-05-22 14:06:35.719893
KYTEWUNKPVJ2X71L1,Contoso Motors,2014,Hybrid,2468,468,FWD,Hybrid,Semi-Automatic,Blazing Gray,Nutmeg,2026-05-22 14:06:35.718300,2026-05-22 14:06:35.719893
76TNWV5H7IFJ6LWD8,Contoso Motors,2010,SUV,2469,774,FWD,6 Cylinder,Automatic,White Silver,Black,2026-05-22 14:06:35.718300,2026-05-22 14:06:35.719893
TDONL64Z957KISFL7,Contoso Motors,2016,Commercial,2470,407,AWD,8 Cylinder,Automatic,Silver,Black,2026-05-22 14:06:35.718300,2026-05-22 14:06:35.719893
FKARCUOB7DWOR73WY,Contoso Motors,2012,Convertible 2DR,2471,471,FWD,Hybrid,Automatic,Pepper White,Dark Gray,2026-05-22 14:06:35.718300,2026-05-22 14:06:35.719893
J2KN8TDXZLU50MNFK,Contoso Motors,2015,SUV,2472,926,FWD,Hybrid,Automatic,White Silver,Black,2026-05-22 14:06:35.718300,2026-05-22 14:06:35.719893
YS7MIQZIM4TC703JA,Contoso Motors,2007,SUV,2473,974,AWD,Electric,Automatic,White Silver,Black,2026-05-22 14:06:35.718300,2026-05-22 14:06:35.719893
Y7LBILNT9PRTTZCXH,Contoso Motors,2015,Minivan,2474,474,AWD,8 Cylinder,Semi-Automatic,Blue,Old Lace,2026-05-22 14:06:35.718300,2026-05-22 14:06:35.719893
L6UUGNMA6HJZ5XTBC,Contoso Motors,2011,SUV,2475,184,AWD,Electric,Automatic,White Silver,Black,2026-05-22 14:06:35.718300,2026-05-22 14:06:35.719893
RQHU7Q59DB61I8NLK,Contoso Motors,2015,Minivan,2476,476,AWD,8 Cylinder,Semi-Automatic,Deep Blue,Brown,2026-05-22 14:06:35.718300,2026-05-22 14:06:35.719893
9LQXO66DD8Z3QHXMH,Contoso Motors,2013,SUV,2477,232,FWD,6 Cylinder,Automatic,White Silver,Black,2026-05-22 14:06:35.718300,2026-05-22 14:06:35.719893
L8Q69Z71LLFBT6J34,Contoso Motors,2015,Minivan,2478,478,AWD,8 Cylinder,Semi-Automatic,White Silver,Smoke White,2026-05-22 14:06:35.718300,2026-05-22 14:06:35.719893
4543G4RPQH45IAAB1,Contoso Motors,2015,Minivan,2479,479,AWD,8 Cylinder,Semi-Automatic,Racing Green,Beige,2026-05-22 14:06:35.718300,2026-05-22 14:06:35.719893
O99B5UZF3GHV0Z0AZ,Contoso Motors,2015,Minivan,2480,480,AWD,8 Cylinder,Semi-Automatic,Blazing Gray,Nutmeg,2026-05-22 14:06:35.718300,2026-05-22 14:06:35.719893
7DHTS9TSHVSKRVKHL,Contoso Motors,2015,Minivan,2481,481,AWD,8 Cylinder,Semi-Automatic,Electric Blue,Red,2026-05-22 14:06:35.718300,2026-05-22 14:06:35.719893
JPK4B4WDJ66F1XK97,Contoso Motors,2015,Minivan,2482,482,AWD,8 Cylinder,Semi-Automatic,Thunder Gray,Gray,2026-05-22 14:06:35.718300,2026-05-22 14:06:35.719893
T4YXBQ25KI2PSERGJ,Contoso Motors,2005,Sedan,2483,294,AWD,Hybrid,Automatic,Thunder Gray,Gray,2026-05-22 14:06:35.718300,2026-05-22 14:06:35.719893
41BI6I6OYO5383AWX,Contoso Motors,2014,Hatchback,2484,299,AWD,Hybrid,Automatic,Silver,Ivory,2026-05-22 14:06:35.718300,2026-05-22 14:06:35.719893
YQES6XB7OFM1ZFZON,Contoso Motors,2016,Sedan,2485,354,FWD,Hybrid,Automatic,Volcanic Orange,White,2026-05-22 14:06:35.718300,2026-05-22 14:06:35.719893
XGI7BX1IZLQ2ET0BR,Contoso Motors,2007,Sedan,2486,414,FWD,Hybrid,Automatic,Volcanic Orange,White,2026-05-22 14:06:35.718300,2026-05-22 14:06:35.719893
5I20H161H79HJJVTB,Contoso Motors,2010,SUV,2487,302,FWD,Hybrid,Automatic,White Silver,Black,2026-05-22 14:06:35.718300,2026-05-22 14:06:35.719893
AY9TON90O26301P47,Contoso Motors,2004,Truck,2488,417,FWD,8 Cylinder,Automatic,Blue,Black,2026-05-22 14:06:35.718300,2026-05-22 14:06:35.719893
RVDFP5HC4VOCLU81W,Contoso Motors,2005,Truck,2489,418,FWD,8 Cylinder,Automatic,Blue,Black,2026-05-22 14:06:35.718300,2026-05-22 14:06:35.719893
25HYK145SWD2RILCZ,Contoso Motors,2007,Hatchback,2490,303,FWD,Hybrid,Automatic,Silver,Beige,2026-05-22 14:06:35.718300,2026-05-22 14:06:35.719893
O62991K6ACY7VASJY,Contoso Motors,2004,Hatchback,2491,351,FWD,Hybrid,Automatic,Silver,Beige,2026-05-22 14:06:35.718300,2026-05-22 14:06:35.719893
QZ4DG4IHP3GN2K64Z,Contoso Motors,2015,Minivan,2492,492,AWD,8 Cylinder,Semi-Automatic,Blazing Gray,Nutmeg,2026-05-22 14:06:35.718300,2026-05-22 14:06:35.719893
F3UPFVEDU7XZMH0V9,Contoso Motors,2015,Minivan,2493,493,AWD,8 Cylinder,Semi-Automatic,Electric Blue,Red,2026-05-22 14:06:35.718300,2026-05-22 14:06:35.719893
HK0NRUP7XH9K4NCKB,Contoso Motors,2009,SUV,2494,350,RWD,Electric,Automatic,White Silver,Black,2026-05-22 14:06:35.718300,2026-05-22 14:06:35.719893
F2QF364UFYSWT4Q99,Contoso Motors,2016,Wagon,2495,442,AWD,Hybrid,Automatic,Silver,Brown,2026-05-22 14:06:35.718300,2026-05-22 14:06:35.719893
OYPHRS6VM6UU1FMX3,Contoso Motors,2011,Truck,2496,465,FWD,8 Cylinder,Manual,Midnight Black,Black,2026-05-22 14:06:35.718300,2026-05-22 14:06:35.719893
T32D7RMOFLU8TYSXR,Contoso Motors,2015,SUV,2497,454,FWD,10 Cylinder,Automatic,White Silver,Smoke White,2026-05-22 14:06:35.718300,2026-05-22 14:06:35.719893
X9MB24XGIOPA4EE45,Contoso Motors,2004,Sedan,2498,483,FWD,Hybrid,Automatic,Pepper White,Dark Gray,2026-05-22 14:06:35.718300,2026-05-22 14:06:35.719893
ZMGBCA9KQTS48JNBL,Contoso Motors,2016,Hatchback,2499,451,FWD,Hybrid,Automatic,Silver,Ivory,2026-05-22 14:06:35.718300,2026-05-22 14:06:35.719893
S3E3UCOEIP6BUUH51,Contoso Motors,2014,Minivan,2500,500,AWD,8 Cylinder,Semi-Automatic,Deep Blue,Brown,2026-05-22 14:06:35.718300,2026-05-22 14:06:35.719893
