gender,full_name,person_id,FaxNumber,date_of_birth,PhoneNumber,EmailAddress,PreferredName,age,created_at,updated_at
FEMALE,Agrita Abele,1,(415) 555-0103,1957-12-19,(415) 555-0102,agrita@example.com,Agrita,68,2026-05-22 14:06:35.927865,2026-05-22 14:06:35.928547
FEMALE,Kayla Woodcock,2,(415) 555-0103,1989-01-25,(415) 555-0102,kaylaw@wideworldimporters.com,Kayla,37,2026-05-22 14:06:35.927865,2026-05-22 14:06:35.928547
MALE,Hudson Onslow,3,(415) 555-0103,1995-11-09,(415) 555-0102,hudsono@wideworldimporters.com,Hudson,30,2026-05-22 14:06:35.927865,2026-05-22 14:06:35.928547
FEMALE,Isabella Rupp,4,(415) 555-0103,1983-06-09,(415) 555-0102,isabellar@wideworldimporters.com,Isabella,42,2026-05-22 14:06:35.927865,2026-05-22 14:06:35.928547
FEMALE,Eva Muirden,5,(415) 555-0103,1991-05-23,(415) 555-0102,evam@wideworldimporters.com,Eva,34,2026-05-22 14:06:35.927865,2026-05-22 14:06:35.928547
FEMALE,Sophia Hinton,6,(415) 555-0103,1993-02-03,(415) 555-0102,sophiah@wideworldimporters.com,Sophia,33,2026-05-22 14:06:35.927865,2026-05-22 14:06:35.928547
FEMALE,Amy Trefl,7,(415) 555-0103,1990-05-20,(415) 555-0102,amyt@wideworldimporters.com,Amy,36,2026-05-22 14:06:35.927865,2026-05-22 14:06:35.928547
FEMALE,Anthony Grosse,8,(415) 555-0103,1961-02-14,(415) 555-0102,anthonyg@wideworldimporters.com,Anthony,65,2026-05-22 14:06:35.927865,2026-05-22 14:06:35.928547
FEMALE,Alica Fatnowna,9,(415) 555-0103,1993-06-14,(415) 555-0102,alicaf@wideworldimporters.com,Alica,32,2026-05-22 14:06:35.927865,2026-05-22 14:06:35.928547
FEMALE,Stella Rosenhain,10,(415) 555-0103,1988-09-29,(415) 555-0102,stellar@wideworldimporters.com,Stella,37,2026-05-22 14:06:35.927865,2026-05-22 14:06:35.928547
MALE,Ethan Onslow,11,(415) 555-0103,1997-03-18,(415) 555-0102,ethano@wideworldimporters.com,Ethan,29,2026-05-22 14:06:35.927865,2026-05-22 14:06:35.928547
MALE,Henry Forlonge,12,(415) 555-0103,1950-03-11,(415) 555-0102,henryf@wideworldimporters.com,Henry,76,2026-05-22 14:06:35.927865,2026-05-22 14:06:35.928547
MALE,Hudson Hollinworth,13,(415) 555-0103,1972-06-15,(415) 555-0102,hudsonh@wideworldimporters.com,Hudson,53,2026-05-22 14:06:35.927865,2026-05-22 14:06:35.928547
FEMALE,Lily Code,14,(415) 555-0103,1957-05-17,(415) 555-0102,lilyc@wideworldimporters.com,Lily,69,2026-05-22 14:06:35.927865,2026-05-22 14:06:35.928547
MALE,Taj Shand,15,(415) 555-0103,1978-10-24,(415) 555-0102,tajs@wideworldimporters.com,Taj,47,2026-05-22 14:06:35.927865,2026-05-22 14:06:35.928547
MALE,Archer Lamble,16,(415) 555-0103,1969-12-12,(415) 555-0102,archerl@wideworldimporters.com,Archer,56,2026-05-22 14:06:35.927865,2026-05-22 14:06:35.928547
MALE,Piper Koch,17,(415) 555-0103,1954-11-08,(415) 555-0102,piperk@wideworldimporters.com,Piper,71,2026-05-22 14:06:35.927865,2026-05-22 14:06:35.928547
FEMALE,Katie Darwin,18,(415) 555-0103,1960-06-16,(415) 555-0102,katied@wideworldimporters.com,Katie,65,2026-05-22 14:06:35.927865,2026-05-22 14:06:35.928547
FEMALE,Jai Shand,19,(415) 555-0103,1981-05-02,(415) 555-0102,jais@wideworldimporters.com,Jai,45,2026-05-22 14:06:35.927865,2026-05-22 14:06:35.928547
MALE,Jack Potter,20,(415) 555-0103,1955-12-27,(415) 555-0102,jackp@wideworldimporters.com,Jack,70,2026-05-22 14:06:35.927865,2026-05-22 14:06:35.928547
MALE,Reio Kabin,21,(847) 555-0101,1958-08-15,(847) 555-0100,reio@adatum.com,Reio,67,2026-05-22 14:06:35.927865,2026-05-22 14:06:35.928547
MALE,Oliver Kivi,22,(847) 555-0101,1987-01-10,(847) 555-0100,olly@adatum.com,Olly,39,2026-05-22 14:06:35.927865,2026-05-22 14:06:35.928547
FEMALE,Hanna Mihhailov,23,(360) 555-0101,1967-03-08,(360) 555-0100,hannam@Contoso Motors.com,Hanna,59,2026-05-22 14:06:35.927865,2026-05-22 14:06:35.928547
FEMALE,Paulus Lippmaa,24,(360) 555-0101,1993-07-29,(360) 555-0100,paulusl@Contoso Motors.com,Paulus,32,2026-05-22 14:06:35.927865,2026-05-22 14:06:35.928547
FEMALE,Kerstin Parn,25,(415) 555-0101,1981-03-29,(415) 555-0100,kerstin@consolidatedmessenger.com,Kerstin,45,2026-05-22 14:06:35.927865,2026-05-22 14:06:35.928547
FEMALE,Helen Ahven,26,(415) 555-0101,1980-02-28,(415) 555-0100,helen@consolidatedmessenger.com,Helen,46,2026-05-22 14:06:35.927865,2026-05-22 14:06:35.928547
FEMALE,Bill Lawson,27,(203) 555-0107,1980-04-27,(203) 555-0107,billl@fabrikam.com,Bill,46,2026-05-22 14:06:35.927865,2026-05-22 14:06:35.928547
FEMALE,Helen Moore,28,(203) 555-0107,1991-12-05,(203) 555-0104,helenm@fabrikam.com,Helen,34,2026-05-22 14:06:35.927865,2026-05-22 14:06:35.928547
FEMALE,Penny Buck,29,(406) 555-0109,1961-10-09,(406) 555-0107,pennyb@graphicdesigninstitute.com,Penny,64,2026-05-22 14:06:35.927865,2026-05-22 14:06:35.928547
FEMALE,Donna Smith,30,(406) 555-0109,1979-01-18,(406) 555-0101,donnas@graphicdesigninstitute.com,Donna,47,2026-05-22 14:06:35.927865,2026-05-22 14:06:35.928547
FEMALE,Annette Talon,32,(423) 555-0100,1973-09-03,(423) 555-0106,annettet@humongousinsurance.com,Annette,52,2026-05-22 14:06:35.927865,2026-05-22 14:06:35.928547
FEMALE,Elias Myllari,33,(209) 555-0106,1992-09-24,(209) 555-0101,eliasm@litwareinc.com,Elias,33,2026-05-22 14:06:35.927865,2026-05-22 14:06:35.928547
FEMALE,Vilma Niva,34,(209) 555-0106,1963-03-31,(209) 555-0103,vilman@litwareinc.com,Vilma,63,2026-05-22 14:06:35.927865,2026-05-22 14:06:35.928547
FEMALE,Prem Prabhu,35,(423) 555-0108,1965-05-19,(423) 555-0102,premp@lucernepublishing.com,Prem,61,2026-05-22 14:06:35.927865,2026-05-22 14:06:35.928547
FEMALE,Sunita Jadhav,36,(423) 555-0108,1990-01-19,(423) 555-0101,sunitaj@lucernepublishing.com,Sunita,36,2026-05-22 14:06:35.927865,2026-05-22 14:06:35.928547
FEMALE,Marcos Costa,37,(252) 555-0101,1960-12-13,(252) 555-0106,marcosc@nodpublishers.com,Marcos,65,2026-05-22 14:06:35.927865,2026-05-22 14:06:35.928547
FEMALE,Matheus Oliveira,38,(252) 555-0101,1951-06-22,(252) 555-0107,matheuso@nodpublishers.com,Matheus,74,2026-05-22 14:06:35.927865,2026-05-22 14:06:35.928547
FEMALE,Eliza Soderberg,39,(201) 555-0106,1973-04-11,(201) 555-0101,elizas@northwindelectriccars.com,Eliza,53,2026-05-22 14:06:35.927865,2026-05-22 14:06:35.928547
FEMALE,Sara Karlsson,40,(201) 555-0106,1961-04-07,(201) 555-0100,sarak@northwindelectriccars.com,Sara,65,2026-05-22 14:06:35.927865,2026-05-22 14:06:35.928547
FEMALE,Donald Jones,41,(605) 555-0101,1990-03-05,(605) 555-0101,donaldj@treyresearch.net,Donald,36,2026-05-22 14:06:35.927865,2026-05-22 14:06:35.928547
FEMALE,Sharon Graham,42,(605) 555-0101,1978-08-18,(605) 555-0106,sharong@treyresearch.net,Sharon,47,2026-05-22 14:06:35.927865,2026-05-22 14:06:35.928547
FEMALE,Hai Dam,43,(218) 555-0108,1964-08-10,(218) 555-0101,haid@thephone-company.com,Hai,61,2026-05-22 14:06:35.927865,2026-05-22 14:06:35.928547
FEMALE,Thanh Dinh,44,(218) 555-0108,1959-06-11,(218) 555-0104,thanhd@thephone-company.com,Thanh,66,2026-05-22 14:06:35.927865,2026-05-22 14:06:35.928547
FEMALE,Hubert Helms,45,(415) 555-0104,1964-08-19,(415) 555-0103,huberth@woodgrovebank.com,Hubert,61,2026-05-22 14:06:35.927865,2026-05-22 14:06:35.928547
FEMALE,Donald Small,46,(415) 555-0104,1998-02-08,(415) 555-0105,donalds@woodgrovebank.com,Donald,28,2026-05-22 14:06:35.927865,2026-05-22 14:06:35.928547
FEMALE,Waldemar Fisar,47,(308) 555-0101,1952-01-23,(308) 555-0100,waldemar@tailspintoys.com,Waldemar,74,2026-05-22 14:06:35.927865,2026-05-22 14:06:35.928547
FEMALE,Laimonis Berzins,48,(308) 555-0101,1964-03-26,(308) 555-0100,laimonis@tailspintoys.com,Laimonis,62,2026-05-22 14:06:35.927865,2026-05-22 14:06:35.928547
FEMALE,Lorena Cindric,49,(406) 555-0101,1960-12-10,(406) 555-0100,lorena@tailspintoys.com,Lorena,65,2026-05-22 14:06:35.927865,2026-05-22 14:06:35.928547
FEMALE,Hung Van Groesen,50,(406) 555-0101,1976-05-16,(406) 555-0100,hung@tailspintoys.com,Hung,50,2026-05-22 14:06:35.927865,2026-05-22 14:06:35.928547
FEMALE,Bhaargav Rambhatla,51,(480) 555-0101,1983-03-18,(480) 555-0100,bhaargav@tailspintoys.com,Bhaargav,43,2026-05-22 14:06:35.927865,2026-05-22 14:06:35.928547
FEMALE,Mudar Jevtic,52,(480) 555-0101,1997-10-27,(480) 555-0100,mudar@tailspintoys.com,Mudar,28,2026-05-22 14:06:35.927865,2026-05-22 14:06:35.928547
FEMALE,Daniel Roman,53,(316) 555-0101,1989-03-17,(316) 555-0100,daniel@tailspintoys.com,Daniel,37,2026-05-22 14:06:35.927865,2026-05-22 14:06:35.928547
FEMALE,Leyla Radnia,54,(316) 555-0101,1974-05-12,(316) 555-0100,leyla@tailspintoys.com,Leyla,52,2026-05-22 14:06:35.927865,2026-05-22 14:06:35.928547
FEMALE,Johanna Huiting,55,(212) 555-0101,1995-06-27,(212) 555-0100,johanna@tailspintoys.com,Johanna,30,2026-05-22 14:06:35.927865,2026-05-22 14:06:35.928547
FEMALE,Robert Ruutli,56,(212) 555-0101,1972-08-22,(212) 555-0100,robert@tailspintoys.com,Robert,53,2026-05-22 14:06:35.927865,2026-05-22 14:06:35.928547
FEMALE,Biswajeet Thakur,57,(701) 555-0101,1982-04-29,(701) 555-0100,biswajeet@tailspintoys.com,Biswajeet,44,2026-05-22 14:06:35.927865,2026-05-22 14:06:35.928547
FEMALE,Radha Shah,58,(701) 555-0101,1980-07-31,(701) 555-0100,radha@tailspintoys.com,Radha,45,2026-05-22 14:06:35.927865,2026-05-22 14:06:35.928547
FEMALE,Kalidas Nadar,59,(423) 555-0101,1978-12-13,(423) 555-0100,kalidas@tailspintoys.com,Kalidas,47,2026-05-22 14:06:35.927865,2026-05-22 14:06:35.928547
FEMALE,Filip Nedvidek,60,(423) 555-0101,1979-10-30,(423) 555-0100,filip@tailspintoys.com,Filip,46,2026-05-22 14:06:35.927865,2026-05-22 14:06:35.928547
FEMALE,Kanti Kotadia,61,(303) 555-0101,1967-05-23,(303) 555-0100,kanti@tailspintoys.com,Kanti,58,2026-05-22 14:06:35.927865,2026-05-22 14:06:35.928547
FEMALE,Hoa Cu,62,(303) 555-0101,1976-04-29,(303) 555-0100,hoa@tailspintoys.com,Hoa,50,2026-05-22 14:06:35.927865,2026-05-22 14:06:35.928547
FEMALE,Sointu Aalto,63,(201) 555-0101,1991-03-26,(201) 555-0100,sointu@tailspintoys.com,Sointu,35,2026-05-22 14:06:35.927865,2026-05-22 14:06:35.928547
FEMALE,Jae-Gon Min,64,(201) 555-0101,1977-07-21,(201) 555-0100,jae-gon@tailspintoys.com,Jae-Gon,48,2026-05-22 14:06:35.927865,2026-05-22 14:06:35.928547
FEMALE,Paula Matos,66,(701) 555-0101,1977-01-23,(701) 555-0100,paula@tailspintoys.com,Paula,49,2026-05-22 14:06:35.927865,2026-05-22 14:06:35.928547
FEMALE,Elnaz Javan,67,(215) 555-0101,1974-06-06,(215) 555-0100,elnaz@tailspintoys.com,Elnaz,51,2026-05-22 14:06:35.927865,2026-05-22 14:06:35.928547
FEMALE,Jayashish Ghatak,68,(215) 555-0101,1972-11-09,(215) 555-0100,jayashish@tailspintoys.com,Jayashish,53,2026-05-22 14:06:35.927865,2026-05-22 14:06:35.928547
FEMALE,Heloisa Fernandes,69,(218) 555-0101,1956-01-02,(218) 555-0100,heloisa@tailspintoys.com,Heloisa,70,2026-05-22 14:06:35.927865,2026-05-22 14:06:35.928547
FEMALE,Amornrat Rattanaporn,70,(218) 555-0101,1988-07-17,(218) 555-0100,amornrat@tailspintoys.com,Amornrat,37,2026-05-22 14:06:35.927865,2026-05-22 14:06:35.928547
FEMALE,Razeena Hosseini,71,(217) 555-0101,1955-12-02,(217) 555-0100,razeena@tailspintoys.com,Razeena,70,2026-05-22 14:06:35.927865,2026-05-22 14:06:35.928547
FEMALE,Leticia Ribeiro,72,(217) 555-0101,1997-09-20,(217) 555-0100,leticia@tailspintoys.com,Leticia,28,2026-05-22 14:06:35.927865,2026-05-22 14:06:35.928547
FEMALE,Tereza Valentova,73,(240) 555-0101,1984-03-14,(240) 555-0100,tereza@tailspintoys.com,Tereza,42,2026-05-22 14:06:35.927865,2026-05-22 14:06:35.928547
FEMALE,Brijesh Ganguly,74,(240) 555-0101,1986-08-02,(240) 555-0100,brijesh@tailspintoys.com,Brijesh,39,2026-05-22 14:06:35.927865,2026-05-22 14:06:35.928547
FEMALE,Filips Jaunzems,75,(210) 555-0101,1959-09-06,(210) 555-0100,filips@tailspintoys.com,Filips,66,2026-05-22 14:06:35.927865,2026-05-22 14:06:35.928547
FEMALE,Bharati Bhowmick,76,(210) 555-0101,1956-11-10,(210) 555-0100,bharati@tailspintoys.com,Bharati,69,2026-05-22 14:06:35.927865,2026-05-22 14:06:35.928547
FEMALE,Nitin Matondkar,77,(314) 555-0101,1953-08-14,(314) 555-0100,nitin@tailspintoys.com,Nitin,72,2026-05-22 14:06:35.927865,2026-05-22 14:06:35.928547
FEMALE,Joy Dutta,78,(314) 555-0101,1976-05-04,(314) 555-0100,joy@tailspintoys.com,Joy,50,2026-05-22 14:06:35.927865,2026-05-22 14:06:35.928547
FEMALE,Adam Kubat,79,(216) 555-0101,1986-09-18,(216) 555-0100,adam@tailspintoys.com,Adam,39,2026-05-22 14:06:35.927865,2026-05-22 14:06:35.928547
FEMALE,Gulzar Naidu,80,(216) 555-0101,1976-03-04,(216) 555-0100,gulzar@tailspintoys.com,Gulzar,50,2026-05-22 14:06:35.927865,2026-05-22 14:06:35.928547
FEMALE,Rohan Kumar,81,(603) 555-0101,1979-03-03,(603) 555-0100,rohank@contosomotors.com,Rohan,47,2026-05-22 14:06:35.927865,2026-05-22 14:06:35.928547
FEMALE,Prakash Sarma,82,(603) 555-0101,1975-11-30,(603) 555-0100,prakash@tailspintoys.com,Prakash,50,2026-05-22 14:06:35.927865,2026-05-22 14:06:35.928547
FEMALE,Mithun Bhattacharya,83,(907) 555-0101,1976-05-01,(907) 555-0100,mithun@tailspintoys.com,Mithun,50,2026-05-22 14:06:35.927865,2026-05-22 14:06:35.928547
FEMALE,Sandhya Raju,84,(907) 555-0101,1969-01-17,(907) 555-0100,sandhya@tailspintoys.com,Sandhya,57,2026-05-22 14:06:35.927865,2026-05-22 14:06:35.928547
FEMALE,Shreya Verma,85,(206) 555-0101,1983-02-14,(206) 555-0100,shreyav@contosomotors.com,Shreya,43,2026-05-22 14:06:35.927865,2026-05-22 14:06:35.928547
FEMALE,Ravindra Parkar,86,(206) 555-0101,1977-03-23,(206) 555-0100,ravindra@tailspintoys.com,Ravindra,49,2026-05-22 14:06:35.927865,2026-05-22 14:06:35.928547
FEMALE,Duleep Raju,87,(215) 555-0101,1993-10-18,(215) 555-0100,duleep@tailspintoys.com,Duleep,32,2026-05-22 14:06:35.927865,2026-05-22 14:06:35.928547
FEMALE,Vlatka Duvnjak,88,(215) 555-0101,1978-12-21,(215) 555-0100,vlatka@tailspintoys.com,Vlatka,47,2026-05-22 14:06:35.927865,2026-05-22 14:06:35.928547
FEMALE,Cristina Longo,89,(239) 555-0101,1950-07-21,(239) 555-0100,cristina@tailspintoys.com,Cristina,75,2026-05-22 14:06:35.927865,2026-05-22 14:06:35.928547
FEMALE,Antonio Lucchese,90,(239) 555-0101,1958-06-29,(239) 555-0100,antonio@tailspintoys.com,Antonio,67,2026-05-22 14:06:35.927865,2026-05-22 14:06:35.928547
FEMALE,Hang Tang,91,(907) 555-0101,1991-11-23,(907) 555-0100,hang@tailspintoys.com,Hang,34,2026-05-22 14:06:35.927865,2026-05-22 14:06:35.928547
FEMALE,Hong Ang,92,(907) 555-0101,1966-09-15,(907) 555-0100,hong@tailspintoys.com,Hong,59,2026-05-22 14:06:35.927865,2026-05-22 14:06:35.928547
FEMALE,Intira Mookjai,93,(252) 555-0101,1962-12-25,(252) 555-0100,intira@tailspintoys.com,Intira,63,2026-05-22 14:06:35.927865,2026-05-22 14:06:35.928547
FEMALE,Young-Tae Kim,94,(252) 555-0101,1965-03-14,(252) 555-0100,young-tae@tailspintoys.com,Young-Tae,61,2026-05-22 14:06:35.927865,2026-05-22 14:06:35.928547
FEMALE,Sulabha Khalsa,95,(209) 555-0101,1950-09-24,(209) 555-0100,sulabha@tailspintoys.com,Sulabha,75,2026-05-22 14:06:35.927865,2026-05-22 14:06:35.928547
FEMALE,Alessandro Milano,96,(209) 555-0101,1952-02-17,(209) 555-0100,alessandro@tailspintoys.com,Alessandro,74,2026-05-22 14:06:35.927865,2026-05-22 14:06:35.928547
FEMALE,Dhanishta Majji,97,(319) 555-0101,1962-04-28,(319) 555-0100,dhanishta@tailspintoys.com,Dhanishta,64,2026-05-22 14:06:35.927865,2026-05-22 14:06:35.928547
FEMALE,Nils Podnieks,98,(319) 555-0101,1979-01-06,(319) 555-0100,nils@tailspintoys.com,Nils,47,2026-05-22 14:06:35.927865,2026-05-22 14:06:35.928547
FEMALE,Paula Gonzales,99,(218) 555-0101,1981-08-17,(218) 555-0100,paula@tailspintoys.com,Paula,44,2026-05-22 14:06:35.927865,2026-05-22 14:06:35.928547
FEMALE,Chetana Dewangan,100,(218) 555-0101,1987-01-11,(218) 555-0100,chetana@tailspintoys.com,Chetana,39,2026-05-22 14:06:35.927865,2026-05-22 14:06:35.928547
FEMALE,Tatjana Utjesenovic,101,(212) 555-0101,1976-05-09,(212) 555-0100,tatjana@tailspintoys.com,Tatjana,50,2026-05-22 14:06:35.927865,2026-05-22 14:06:35.928547
FEMALE,Theresa Boose,102,(212) 555-0101,1995-08-04,(212) 555-0100,theresa@tailspintoys.com,Theresa,30,2026-05-22 14:06:35.927865,2026-05-22 14:06:35.928547
FEMALE,Karel Hanak,103,(205) 555-0101,1958-05-23,(205) 555-0100,karel@tailspintoys.com,Karel,67,2026-05-22 14:06:35.927865,2026-05-22 14:06:35.928547
FEMALE,Fernanda Fierro,104,(205) 555-0101,1986-02-01,(205) 555-0100,fernanda@tailspintoys.com,Fernanda,40,2026-05-22 14:06:35.927865,2026-05-22 14:06:35.928547
FEMALE,Odessa Schneider,105,(206) 555-0101,1987-11-01,(206) 555-0100,odessa@tailspintoys.com,Odessa,38,2026-05-22 14:06:35.927865,2026-05-22 14:06:35.928547
FEMALE,Konrads Sprogis,106,(206) 555-0101,1978-05-08,(206) 555-0100,konrads@tailspintoys.com,Konrads,48,2026-05-22 14:06:35.927865,2026-05-22 14:06:35.928547
FEMALE,Kimberly Pace,107,(206) 555-0101,1969-03-23,(206) 555-0100,kimberly@tailspintoys.com,Kimberly,57,2026-05-22 14:06:35.927865,2026-05-22 14:06:35.928547
FEMALE,Shobha Gupta,108,(206) 555-0101,1993-05-13,(206) 555-0100,shobha@tailspintoys.com,Shobha,33,2026-05-22 14:06:35.927865,2026-05-22 14:06:35.928547
FEMALE,Nikolajs Kalejs,109,(210) 555-0101,1987-07-24,(210) 555-0100,nikolajs@tailspintoys.com,Nikolajs,38,2026-05-22 14:06:35.927865,2026-05-22 14:06:35.928547
FEMALE,Philippe Lamy,110,(210) 555-0101,1951-05-11,(210) 555-0100,philippe@tailspintoys.com,Philippe,75,2026-05-22 14:06:35.927865,2026-05-22 14:06:35.928547
FEMALE,Haasini Rai,111,(803) 555-0101,1991-04-26,(803) 555-0100,haasini@tailspintoys.com,Haasini,35,2026-05-22 14:06:35.927865,2026-05-22 14:06:35.928547
FEMALE,Viktorie Melicharova,112,(803) 555-0101,1992-08-22,(803) 555-0100,viktorie@tailspintoys.com,Viktorie,33,2026-05-22 14:06:35.927865,2026-05-22 14:06:35.928547
FEMALE,Anjali Asthana,113,(210) 555-0101,1975-04-11,(210) 555-0100,anjali@tailspintoys.com,Anjali,51,2026-05-22 14:06:35.927865,2026-05-22 14:06:35.928547
FEMALE,Hanuman Negi,114,(210) 555-0101,1950-03-07,(210) 555-0100,hanuman@tailspintoys.com,Hanuman,76,2026-05-22 14:06:35.927865,2026-05-22 14:06:35.928547
FEMALE,Shah Omidi,115,(304) 555-0101,1975-11-20,(304) 555-0100,shah@tailspintoys.com,Shah,50,2026-05-22 14:06:35.927865,2026-05-22 14:06:35.928547
FEMALE,Chandra Mittal,116,(304) 555-0101,1995-05-20,(304) 555-0100,chandra@tailspintoys.com,Chandra,31,2026-05-22 14:06:35.927865,2026-05-22 14:06:35.928547
FEMALE,Ferhat Celik,117,(270) 555-0101,1985-11-30,(270) 555-0100,ferhat@tailspintoys.com,Ferhat,40,2026-05-22 14:06:35.927865,2026-05-22 14:06:35.928547
FEMALE,Leyla Celik,118,(270) 555-0101,1996-05-03,(270) 555-0100,leyla@tailspintoys.com,Leyla,30,2026-05-22 14:06:35.927865,2026-05-22 14:06:35.928547
FEMALE,Dayarama Kamei,119,(458) 555-0101,1993-04-07,(458) 555-0100,dayarama@tailspintoys.com,Dayarama,33,2026-05-22 14:06:35.927865,2026-05-22 14:06:35.928547
FEMALE,Elisabeth Flamand,120,(458) 555-0101,1959-01-27,(458) 555-0100,elisabeth@tailspintoys.com,Elisabeth,67,2026-05-22 14:06:35.927865,2026-05-22 14:06:35.928547
FEMALE,Nils Kalnins,121,(314) 555-0101,1988-12-06,(314) 555-0100,nils@tailspintoys.com,Nils,37,2026-05-22 14:06:35.927865,2026-05-22 14:06:35.928547
FEMALE,Rajiv Kotadia,122,(314) 555-0101,1976-12-30,(314) 555-0100,rajiv@tailspintoys.com,Rajiv,49,2026-05-22 14:06:35.927865,2026-05-22 14:06:35.928547
FEMALE,Ashish Acharya,123,(270) 555-0101,1995-07-11,(270) 555-0100,ashish@tailspintoys.com,Ashish,30,2026-05-22 14:06:35.927865,2026-05-22 14:06:35.928547
FEMALE,Filip Sedlar,124,(270) 555-0101,1963-05-20,(270) 555-0100,filip@tailspintoys.com,Filip,63,2026-05-22 14:06:35.927865,2026-05-22 14:06:35.928547
FEMALE,Alena Prikrylova,125,(210) 555-0101,1971-12-16,(210) 555-0100,alena@tailspintoys.com,Alena,54,2026-05-22 14:06:35.927865,2026-05-22 14:06:35.928547
FEMALE,Catina Bojin,126,(210) 555-0101,1955-12-05,(210) 555-0100,catina@tailspintoys.com,Catina,70,2026-05-22 14:06:35.927865,2026-05-22 14:06:35.928547
FEMALE,Lana Rozej,127,(314) 555-0101,1963-05-22,(314) 555-0100,lana@tailspintoys.com,Lana,63,2026-05-22 14:06:35.927865,2026-05-22 14:06:35.928547
FEMALE,Kalpana Mukherjee,128,(314) 555-0101,1980-10-25,(314) 555-0100,kalpana@tailspintoys.com,Kalpana,45,2026-05-22 14:06:35.927865,2026-05-22 14:06:35.928547
FEMALE,Chandrakanta Raut,129,(212) 555-0101,1993-03-10,(212) 555-0100,chandrakanta@tailspintoys.com,Chandrakanta,33,2026-05-22 14:06:35.927865,2026-05-22 14:06:35.928547
FEMALE,Ivan Castellanos,130,(212) 555-0101,1975-02-02,(212) 555-0100,ivan@tailspintoys.com,Ivan,51,2026-05-22 14:06:35.927865,2026-05-22 14:06:35.928547
FEMALE,Ganapati Gadiyaram,131,(206) 555-0101,1988-09-16,(206) 555-0100,ganapati@tailspintoys.com,Ganapati,37,2026-05-22 14:06:35.927865,2026-05-22 14:06:35.928547
FEMALE,Parsa Blijleven,132,(206) 555-0101,1979-03-02,(206) 555-0100,parsa@tailspintoys.com,Parsa,47,2026-05-22 14:06:35.927865,2026-05-22 14:06:35.928547
FEMALE,Adrijana Blagojevic,133,(206) 555-0101,1959-01-08,(206) 555-0100,adrijana@tailspintoys.com,Adrijana,67,2026-05-22 14:06:35.927865,2026-05-22 14:06:35.928547
FEMALE,Lina Martins,134,(206) 555-0101,1984-05-26,(206) 555-0100,lina@tailspintoys.com,Lina,41,2026-05-22 14:06:35.927865,2026-05-22 14:06:35.928547
FEMALE,Lap Dinh,135,(240) 555-0101,1956-11-08,(240) 555-0100,lap@tailspintoys.com,Lap,69,2026-05-22 14:06:35.927865,2026-05-22 14:06:35.928547
FEMALE,August Astrom,136,(240) 555-0101,1989-06-28,(240) 555-0100,august@tailspintoys.com,August,36,2026-05-22 14:06:35.927865,2026-05-22 14:06:35.928547
FEMALE,Didem Ozcelik,137,(205) 555-0101,1996-01-12,(205) 555-0100,didem@tailspintoys.com,Didem,30,2026-05-22 14:06:35.927865,2026-05-22 14:06:35.928547
FEMALE,Krista Andrejev,138,(205) 555-0101,1965-07-06,(205) 555-0100,krista@tailspintoys.com,Krista,60,2026-05-22 14:06:35.927865,2026-05-22 14:06:35.928547
FEMALE,Serhat Akbulut,139,(209) 555-0101,1985-06-23,(209) 555-0100,serhat@tailspintoys.com,Serhat,40,2026-05-22 14:06:35.927865,2026-05-22 14:06:35.928547
FEMALE,Nadja Johansson,140,(209) 555-0101,1972-04-06,(209) 555-0100,nadja@tailspintoys.com,Nadja,54,2026-05-22 14:06:35.927865,2026-05-22 14:06:35.928547
FEMALE,Daniela Barrios,141,(206) 555-0101,1987-04-28,(206) 555-0100,daniela@tailspintoys.com,Daniela,39,2026-05-22 14:06:35.927865,2026-05-22 14:06:35.928547
FEMALE,Daina Celma,142,(206) 555-0101,1984-08-18,(206) 555-0100,daina@tailspintoys.com,Daina,41,2026-05-22 14:06:35.927865,2026-05-22 14:06:35.928547
FEMALE,Julia Slobodova,143,(231) 555-0101,1987-10-09,(231) 555-0100,julia@tailspintoys.com,Julia,38,2026-05-22 14:06:35.927865,2026-05-22 14:06:35.928547
FEMALE,Raimonds Kalnins,144,(231) 555-0101,1952-09-17,(231) 555-0100,raimonds@tailspintoys.com,Raimonds,73,2026-05-22 14:06:35.927865,2026-05-22 14:06:35.928547
FEMALE,Marcela Jankova,145,(304) 555-0101,1980-04-09,(304) 555-0100,marcela@tailspintoys.com,Marcela,46,2026-05-22 14:06:35.927865,2026-05-22 14:06:35.928547
FEMALE,Predrag Stojanovic,146,(304) 555-0101,1979-12-31,(304) 555-0100,predrag@tailspintoys.com,Predrag,46,2026-05-22 14:06:35.927865,2026-05-22 14:06:35.928547
FEMALE,Dipali Sonkar,147,(201) 555-0101,1978-01-11,(201) 555-0100,dipali@tailspintoys.com,Dipali,48,2026-05-22 14:06:35.927865,2026-05-22 14:06:35.928547
FEMALE,Mariana Apodaca,148,(201) 555-0101,1963-07-19,(201) 555-0100,mariana@tailspintoys.com,Mariana,62,2026-05-22 14:06:35.927865,2026-05-22 14:06:35.928547
FEMALE,Bansidhar Mitra,149,(209) 555-0101,1958-10-20,(209) 555-0100,bansidhar@tailspintoys.com,Bansidhar,67,2026-05-22 14:06:35.927865,2026-05-22 14:06:35.928547
FEMALE,Liia Mae,150,(209) 555-0101,1997-12-20,(209) 555-0100,liia@tailspintoys.com,Liia,28,2026-05-22 14:06:35.927865,2026-05-22 14:06:35.928547
FEMALE,Gunnar Persson,151,(205) 555-0101,1985-10-05,(205) 555-0100,gunnar@tailspintoys.com,Gunnar,40,2026-05-22 14:06:35.927865,2026-05-22 14:06:35.928547
FEMALE,Parvati Modi,152,(205) 555-0101,1965-06-13,(205) 555-0100,parvati@tailspintoys.com,Parvati,60,2026-05-22 14:06:35.927865,2026-05-22 14:06:35.928547
FEMALE,Vitezslav Rehak,153,(215) 555-0101,1963-06-04,(215) 555-0100,vitezslav@tailspintoys.com,Vitezslav,62,2026-05-22 14:06:35.927865,2026-05-22 14:06:35.928547
FEMALE,Parsa Van Vossen,154,(215) 555-0101,1962-05-16,(215) 555-0100,parsa@tailspintoys.com,Parsa,64,2026-05-22 14:06:35.927865,2026-05-22 14:06:35.928547
FEMALE,Bharat Sikdar,155,(229) 555-0101,1990-05-08,(229) 555-0100,bharat@tailspintoys.com,Bharat,36,2026-05-22 14:06:35.927865,2026-05-22 14:06:35.928547
FEMALE,Alain Aupry,156,(229) 555-0101,1970-08-06,(229) 555-0100,alain@tailspintoys.com,Alain,55,2026-05-22 14:06:35.927865,2026-05-22 14:06:35.928547
FEMALE,Juan Bezanson,157,(206) 555-0101,1964-07-19,(206) 555-0100,juan@tailspintoys.com,Juan,61,2026-05-22 14:06:35.927865,2026-05-22 14:06:35.928547
FEMALE,Ruby Charlton,158,(206) 555-0101,1960-09-05,(206) 555-0100,ruby@tailspintoys.com,Ruby,65,2026-05-22 14:06:35.927865,2026-05-22 14:06:35.928547
FEMALE,Aile Mae,159,(216) 555-0101,1972-09-07,(216) 555-0100,aile@tailspintoys.com,Aile,53,2026-05-22 14:06:35.927865,2026-05-22 14:06:35.928547
FEMALE,Margherita Lucchesi,160,(216) 555-0101,1963-03-05,(216) 555-0100,margherita@tailspintoys.com,Margherita,63,2026-05-22 14:06:35.927865,2026-05-22 14:06:35.928547
FEMALE,Pratap Varghese,161,(276) 555-0101,1994-11-03,(276) 555-0100,pratap@tailspintoys.com,Pratap,31,2026-05-22 14:06:35.927865,2026-05-22 14:06:35.928547
FEMALE,Marcel Marquis,162,(276) 555-0101,1972-04-02,(276) 555-0100,marcel@tailspintoys.com,Marcel,54,2026-05-22 14:06:35.927865,2026-05-22 14:06:35.928547
FEMALE,Margita Kopecka,163,(339) 555-0101,1996-03-14,(339) 555-0100,margita@tailspintoys.com,Margita,30,2026-05-22 14:06:35.927865,2026-05-22 14:06:35.928547
FEMALE,Mirjam Johansson,164,(339) 555-0101,1989-12-19,(339) 555-0100,mirjam@tailspintoys.com,Mirjam,36,2026-05-22 14:06:35.927865,2026-05-22 14:06:35.928547
FEMALE,Lekha Mitra,165,(304) 555-0101,1982-01-11,(304) 555-0100,lekha@tailspintoys.com,Lekha,44,2026-05-22 14:06:35.927865,2026-05-22 14:06:35.928547
FEMALE,Seeta Bose,166,(304) 555-0101,1985-09-08,(304) 555-0100,seeta@tailspintoys.com,Seeta,40,2026-05-22 14:06:35.927865,2026-05-22 14:06:35.928547
FEMALE,Abhoy Prabhupāda,167,(423) 555-0101,1957-09-04,(423) 555-0100,abhoy@tailspintoys.com,Abhoy,68,2026-05-22 14:06:35.927865,2026-05-22 14:06:35.928547
FEMALE,Seok-Ho Jeon,168,(423) 555-0101,1997-10-04,(423) 555-0100,seok-ho@tailspintoys.com,Seok-Ho,28,2026-05-22 14:06:35.927865,2026-05-22 14:06:35.928547
FEMALE,Alida Caune,169,(212) 555-0101,1971-01-24,(212) 555-0100,alida@tailspintoys.com,Alida,55,2026-05-22 14:06:35.927865,2026-05-22 14:06:35.928547
FEMALE,Indiana Fritzsche,170,(212) 555-0101,1985-12-01,(212) 555-0100,indiana@tailspintoys.com,Indiana,40,2026-05-22 14:06:35.927865,2026-05-22 14:06:35.928547
FEMALE,Agnes Szolosy,171,(209) 555-0101,1956-08-28,(209) 555-0100,agnes@tailspintoys.com,Agnes,69,2026-05-22 14:06:35.927865,2026-05-22 14:06:35.928547
FEMALE,Yu-Jin Jee,172,(209) 555-0101,1978-07-28,(209) 555-0100,yu-jin@tailspintoys.com,Yu-jin,47,2026-05-22 14:06:35.927865,2026-05-22 14:06:35.928547
FEMALE,Rohana Kaskar,173,(207) 555-0101,1965-09-15,(207) 555-0100,rohana@tailspintoys.com,Rohana,60,2026-05-22 14:06:35.927865,2026-05-22 14:06:35.928547
FEMALE,Grieta Kalnina,174,(207) 555-0101,1966-12-13,(207) 555-0100,grieta@tailspintoys.com,Grieta,59,2026-05-22 14:06:35.927865,2026-05-22 14:06:35.928547
FEMALE,Hanuman Dubey,175,(210) 555-0101,1966-11-06,(210) 555-0100,hanuman@tailspintoys.com,Hanuman,59,2026-05-22 14:06:35.927865,2026-05-22 14:06:35.928547
FEMALE,Paola Loggia,176,(210) 555-0101,1995-01-17,(210) 555-0100,paola@tailspintoys.com,Paola,31,2026-05-22 14:06:35.927865,2026-05-22 14:06:35.928547
FEMALE,Bao Dao,177,(339) 555-0101,1986-07-30,(339) 555-0100,bao@tailspintoys.com,Bao,39,2026-05-22 14:06:35.927865,2026-05-22 14:06:35.928547
FEMALE,Viljo Lampsa,178,(339) 555-0101,1990-05-22,(339) 555-0100,viljo@tailspintoys.com,Viljo,36,2026-05-22 14:06:35.927865,2026-05-22 14:06:35.928547
FEMALE,Preyakshna Aluri,179,(701) 555-0101,1997-01-01,(701) 555-0100,preyakshna@tailspintoys.com,Preyakshna,29,2026-05-22 14:06:35.927865,2026-05-22 14:06:35.928547
FEMALE,Chandan Raut,180,(701) 555-0101,1969-09-05,(701) 555-0100,chandan@tailspintoys.com,Chandan,56,2026-05-22 14:06:35.927865,2026-05-22 14:06:35.928547
FEMALE,Valentina Conti,181,(225) 555-0101,1984-05-31,(225) 555-0100,valentina@tailspintoys.com,Valentina,41,2026-05-22 14:06:35.927865,2026-05-22 14:06:35.928547
FEMALE,Narayan Mukherjee,182,(225) 555-0101,1964-07-02,(225) 555-0100,narayan@tailspintoys.com,Narayan,61,2026-05-22 14:06:35.927865,2026-05-22 14:06:35.928547
FEMALE,Theodore Saucier,183,(209) 555-0101,1974-09-17,(209) 555-0100,theodore@tailspintoys.com,Theodore,51,2026-05-22 14:06:35.927865,2026-05-22 14:06:35.928547
FEMALE,Chaowalit Pornpipatpong,184,(209) 555-0101,1990-11-21,(209) 555-0100,chaowalit@tailspintoys.com,Chaowalit,35,2026-05-22 14:06:35.927865,2026-05-22 14:06:35.928547
FEMALE,Mariana Fierro,185,(217) 555-0101,1983-02-18,(217) 555-0100,mariana@tailspintoys.com,Mariana,43,2026-05-22 14:06:35.927865,2026-05-22 14:06:35.928547
FEMALE,Ivana Kozakova,186,(217) 555-0101,1994-03-03,(217) 555-0100,ivana@tailspintoys.com,Ivana,32,2026-05-22 14:06:35.927865,2026-05-22 14:06:35.928547
FEMALE,Afshin Djalili,187,(231) 555-0101,1984-06-30,(231) 555-0100,afshin@tailspintoys.com,Afshin,41,2026-05-22 14:06:35.927865,2026-05-22 14:06:35.928547
FEMALE,Vaclav Holy,188,(231) 555-0101,1992-01-09,(231) 555-0100,vaclav@tailspintoys.com,Vaclav,34,2026-05-22 14:06:35.927865,2026-05-22 14:06:35.928547
FEMALE,Bianh Phan,189,(480) 555-0101,1970-10-24,(480) 555-0100,bianh@tailspintoys.com,Bianh,55,2026-05-22 14:06:35.927865,2026-05-22 14:06:35.928547
FEMALE,Kanti Pipalia,190,(480) 555-0101,1995-12-16,(480) 555-0100,kanti@tailspintoys.com,Kanti,30,2026-05-22 14:06:35.927865,2026-05-22 14:06:35.928547
FEMALE,Koknesis Vitols,191,(218) 555-0101,1961-07-21,(218) 555-0100,koknesis@tailspintoys.com,Koknesis,64,2026-05-22 14:06:35.927865,2026-05-22 14:06:35.928547
FEMALE,Malle Sepp,192,(218) 555-0101,1992-01-01,(218) 555-0100,malle@tailspintoys.com,Malle,34,2026-05-22 14:06:35.927865,2026-05-22 14:06:35.928547
FEMALE,Roxane Rastgu,193,(787) 555-0101,1961-01-07,(787) 555-0100,roxane@tailspintoys.com,Roxane,65,2026-05-22 14:06:35.927865,2026-05-22 14:06:35.928547
FEMALE,Hue Chu,194,(787) 555-0101,1955-09-27,(787) 555-0100,hue@tailspintoys.com,Hue,70,2026-05-22 14:06:35.927865,2026-05-22 14:06:35.928547
FEMALE,Vlasta Srbova,195,(203) 555-0101,1959-04-22,(203) 555-0100,vlasta@tailspintoys.com,Vlasta,67,2026-05-22 14:06:35.927865,2026-05-22 14:06:35.928547
FEMALE,Gadhar Ghosh,196,(203) 555-0101,1961-10-18,(203) 555-0100,gadhar@tailspintoys.com,Gadhar,64,2026-05-22 14:06:35.927865,2026-05-22 14:06:35.928547
FEMALE,Lata Babu,197,(405) 555-0101,1972-12-08,(405) 555-0100,lata@tailspintoys.com,Lata,53,2026-05-22 14:06:35.927865,2026-05-22 14:06:35.928547
FEMALE,Chandra De,198,(405) 555-0101,1980-07-12,(405) 555-0100,chandra@tailspintoys.com,Chandra,45,2026-05-22 14:06:35.927865,2026-05-22 14:06:35.928547
FEMALE,Airi Vassiljev,199,(229) 555-0101,1995-04-29,(229) 555-0100,airi@tailspintoys.com,Airi,31,2026-05-22 14:06:35.927865,2026-05-22 14:06:35.928547
FEMALE,Hoang La,200,(229) 555-0101,1995-09-01,(229) 555-0100,hoang@tailspintoys.com,Hoang,30,2026-05-22 14:06:35.927865,2026-05-22 14:06:35.928547
FEMALE,Duleep Walia,201,(206) 555-0101,1959-11-07,(206) 555-0100,duleep@tailspintoys.com,Duleep,66,2026-05-22 14:06:35.927865,2026-05-22 14:06:35.928547
FEMALE,Satish Gill,202,(206) 555-0101,1982-11-17,(206) 555-0100,satish@tailspintoys.com,Satish,43,2026-05-22 14:06:35.927865,2026-05-22 14:06:35.928547
FEMALE,Matyas Macek,203,(316) 555-0101,1997-10-01,(316) 555-0100,matyas@tailspintoys.com,Matyas,28,2026-05-22 14:06:35.927865,2026-05-22 14:06:35.928547
FEMALE,Ethan Hopkins,204,(316) 555-0101,1970-05-03,(316) 555-0100,ethan@tailspintoys.com,Ethan,56,2026-05-22 14:06:35.927865,2026-05-22 14:06:35.928547
FEMALE,Bharat Ankitham,205,(252) 555-0101,1991-02-22,(252) 555-0100,bharat@tailspintoys.com,Bharat,35,2026-05-22 14:06:35.927865,2026-05-22 14:06:35.928547
FEMALE,Be Phan,206,(252) 555-0101,1975-12-15,(252) 555-0100,be@tailspintoys.com,Be,50,2026-05-22 14:06:35.927865,2026-05-22 14:06:35.928547
FEMALE,Vera Kubatova,207,(212) 555-0101,1978-03-09,(212) 555-0100,vera@tailspintoys.com,Vera,48,2026-05-22 14:06:35.927865,2026-05-22 14:06:35.928547
FEMALE,Diego Almeida,208,(212) 555-0101,1950-12-27,(212) 555-0100,diego@tailspintoys.com,Diego,75,2026-05-22 14:06:35.927865,2026-05-22 14:06:35.928547
FEMALE,Rakesh Nishad,209,(505) 555-0101,1973-01-08,(505) 555-0100,rakesh@tailspintoys.com,Rakesh,53,2026-05-22 14:06:35.927865,2026-05-22 14:06:35.928547
FEMALE,Huu Hoa,210,(505) 555-0101,1978-05-11,(505) 555-0100,huu@tailspintoys.com,Huu,48,2026-05-22 14:06:35.927865,2026-05-22 14:06:35.928547
FEMALE,Sang Tran,211,(201) 555-0101,1993-04-07,(201) 555-0100,sang@tailspintoys.com,Sang,33,2026-05-22 14:06:35.927865,2026-05-22 14:06:35.928547
FEMALE,Bela Nemeth,212,(201) 555-0101,1989-10-28,(201) 555-0100,bela@tailspintoys.com,Bela,36,2026-05-22 14:06:35.927865,2026-05-22 14:06:35.928547
FEMALE,Eekalabya Bose,213,(787) 555-0101,1980-12-14,(787) 555-0100,eekalabya@tailspintoys.com,Eekalabya,45,2026-05-22 14:06:35.927865,2026-05-22 14:06:35.928547
FEMALE,Margherita Bucco,214,(787) 555-0101,1966-08-24,(787) 555-0100,margherita@tailspintoys.com,Margherita,59,2026-05-22 14:06:35.927865,2026-05-22 14:06:35.928547
FEMALE,Tommy Kilpi,215,(303) 555-0101,1964-10-23,(303) 555-0100,tommy@tailspintoys.com,Tommy,61,2026-05-22 14:06:35.927865,2026-05-22 14:06:35.928547
FEMALE,Giri Bhamidipati,216,(303) 555-0101,1971-10-10,(303) 555-0100,giri@tailspintoys.com,Giri,54,2026-05-22 14:06:35.927865,2026-05-22 14:06:35.928547
FEMALE,Andrea Ricci,217,(216) 555-0101,1969-05-18,(216) 555-0100,andrea@tailspintoys.com,Andrea,57,2026-05-22 14:06:35.927865,2026-05-22 14:06:35.928547
FEMALE,Chung-Ho Han,218,(216) 555-0101,1992-10-31,(216) 555-0100,chung-ho@tailspintoys.com,Chung-Ho,33,2026-05-22 14:06:35.927865,2026-05-22 14:06:35.928547
FEMALE,Isabell  Duperre,219,(212) 555-0101,1970-07-26,(212) 555-0100,isabell @tailspintoys.com,Isabell ,55,2026-05-22 14:06:35.927865,2026-05-22 14:06:35.928547
FEMALE,Jasna Vujica,220,(212) 555-0101,1960-01-21,(212) 555-0100,jasna@tailspintoys.com,Jasna,66,2026-05-22 14:06:35.927865,2026-05-22 14:06:35.928547
FEMALE,Amarendra Ankitham,221,(339) 555-0101,1969-12-28,(339) 555-0100,amarendra@tailspintoys.com,Amarendra,56,2026-05-22 14:06:35.927865,2026-05-22 14:06:35.928547
FEMALE,Isak Berggren,222,(339) 555-0101,1992-05-18,(339) 555-0100,isak@tailspintoys.com,Isak,34,2026-05-22 14:06:35.927865,2026-05-22 14:06:35.928547
FEMALE,Aakarsha Nookala,223,(201) 555-0101,1992-09-27,(201) 555-0100,aakarsha@tailspintoys.com,Aakarsha,33,2026-05-22 14:06:35.927865,2026-05-22 14:06:35.928547
FEMALE,Ilgonis Rozitis,224,(201) 555-0101,1992-01-31,(201) 555-0100,ilgonis@tailspintoys.com,Ilgonis,34,2026-05-22 14:06:35.927865,2026-05-22 14:06:35.928547
FEMALE,Stanislav Sedlar,225,(701) 555-0101,1971-01-04,(701) 555-0100,stanislav@tailspintoys.com,Stanislav,55,2026-05-22 14:06:35.927865,2026-05-22 14:06:35.928547
FEMALE,Telma Arvidsson,226,(701) 555-0101,1996-12-15,(701) 555-0100,telma@tailspintoys.com,Telma,29,2026-05-22 14:06:35.927865,2026-05-22 14:06:35.928547
FEMALE,Gokce Karaca,227,(603) 555-0101,1996-07-02,(603) 555-0100,gokce@tailspintoys.com,GokCe,29,2026-05-22 14:06:35.927865,2026-05-22 14:06:35.928547
FEMALE,Maria Munteanu,228,(603) 555-0101,1991-07-07,(603) 555-0100,maria@tailspintoys.com,Maria,34,2026-05-22 14:06:35.927865,2026-05-22 14:06:35.928547
FEMALE,Coralie Emond,229,(803) 555-0101,1988-06-19,(803) 555-0100,coralie@tailspintoys.com,Coralie,37,2026-05-22 14:06:35.927865,2026-05-22 14:06:35.928547
FEMALE,Cong Trung,230,(803) 555-0101,1957-12-23,(803) 555-0100,cong@tailspintoys.com,Cong,68,2026-05-22 14:06:35.927865,2026-05-22 14:06:35.928547
FEMALE,Karina Celmina,231,(239) 555-0101,1977-05-26,(239) 555-0100,karina@tailspintoys.com,Karina,48,2026-05-22 14:06:35.927865,2026-05-22 14:06:35.928547
FEMALE,Nik Stoimenova,232,(239) 555-0101,1968-07-26,(239) 555-0100,nik@tailspintoys.com,Nik,57,2026-05-22 14:06:35.927865,2026-05-22 14:06:35.928547
FEMALE,Teresa Pisani,233,(303) 555-0101,1965-03-05,(303) 555-0100,teresa@tailspintoys.com,Teresa,61,2026-05-22 14:06:35.927865,2026-05-22 14:06:35.928547
FEMALE,Murugan Thakur,234,(303) 555-0101,1974-02-22,(303) 555-0100,murugan@tailspintoys.com,Murugan,52,2026-05-22 14:06:35.927865,2026-05-22 14:06:35.928547
FEMALE,Alba Ponce,235,(210) 555-0101,1962-07-29,(210) 555-0100,alba@tailspintoys.com,Alba,63,2026-05-22 14:06:35.927865,2026-05-22 14:06:35.928547
FEMALE,Antra Dzene,236,(210) 555-0101,1956-02-28,(210) 555-0100,antra@tailspintoys.com,Antra,70,2026-05-22 14:06:35.927865,2026-05-22 14:06:35.928547
FEMALE,Piper Leigh,237,(210) 555-0101,1950-04-02,(210) 555-0100,piper@tailspintoys.com,Piper,76,2026-05-22 14:06:35.927865,2026-05-22 14:06:35.928547
FEMALE,Jautrite Krievina,238,(210) 555-0101,1996-12-31,(210) 555-0100,jautrite@tailspintoys.com,Jautrite,29,2026-05-22 14:06:35.927865,2026-05-22 14:06:35.928547
FEMALE,Karie Seymour,239,(802) 555-0101,1978-12-16,(802) 555-0100,karie@tailspintoys.com,Karie,47,2026-05-22 14:06:35.927865,2026-05-22 14:06:35.928547
FEMALE,Lorenzo Lee,240,(802) 555-0101,1956-08-18,(802) 555-0100,lorenzo@tailspintoys.com,Lorenzo,69,2026-05-22 14:06:35.927865,2026-05-22 14:06:35.928547
FEMALE,Timea Peto,241,(209) 555-0101,1950-05-17,(209) 555-0100,timea@tailspintoys.com,Timea,76,2026-05-22 14:06:35.927865,2026-05-22 14:06:35.928547
FEMALE,Amanat Shaker Doust,242,(209) 555-0101,1953-09-07,(209) 555-0100,amanat@tailspintoys.com,Amanat,72,2026-05-22 14:06:35.927865,2026-05-22 14:06:35.928547
FEMALE,Victoria Ene,243,(205) 555-0101,1959-03-20,(205) 555-0100,victoria@tailspintoys.com,Victoria,67,2026-05-22 14:06:35.927865,2026-05-22 14:06:35.928547
FEMALE,Panit Meesang,244,(205) 555-0101,1964-02-22,(205) 555-0100,panit@tailspintoys.com,Panit,62,2026-05-22 14:06:35.927865,2026-05-22 14:06:35.928547
FEMALE,Bhavani Bhowmick,245,(215) 555-0101,1959-05-28,(215) 555-0100,bhavani@tailspintoys.com,Bhavani,66,2026-05-22 14:06:35.927865,2026-05-22 14:06:35.928547
FEMALE,Ivica Debeljak,246,(215) 555-0101,1978-11-03,(215) 555-0100,ivica@tailspintoys.com,Ivica,47,2026-05-22 14:06:35.927865,2026-05-22 14:06:35.928547
FEMALE,Yasmine Berggren,247,(505) 555-0101,1972-01-21,(505) 555-0100,yasmine@tailspintoys.com,Yasmine,54,2026-05-22 14:06:35.927865,2026-05-22 14:06:35.928547
FEMALE,Anima Bagchi,248,(505) 555-0101,1998-01-11,(505) 555-0100,anima@tailspintoys.com,Anima,28,2026-05-22 14:06:35.927865,2026-05-22 14:06:35.928547
FEMALE,Tea Koppel,249,(209) 555-0101,1960-05-17,(209) 555-0100,tea@tailspintoys.com,Tea,66,2026-05-22 14:06:35.927865,2026-05-22 14:06:35.928547
FEMALE,Bozena Palatova,250,(209) 555-0101,1967-09-14,(209) 555-0100,bozena@tailspintoys.com,Bozena,58,2026-05-22 14:06:35.927865,2026-05-22 14:06:35.928547
FEMALE,Naseem Radan,251,(316) 555-0101,1974-11-16,(316) 555-0100,naseem@tailspintoys.com,Naseem,51,2026-05-22 14:06:35.927865,2026-05-22 14:06:35.928547
FEMALE,Geza Olteanu,252,(316) 555-0101,1980-04-08,(316) 555-0100,geza@tailspintoys.com,Geza,46,2026-05-22 14:06:35.927865,2026-05-22 14:06:35.928547
FEMALE,Laboni Deb,253,(207) 555-0101,1978-03-15,(207) 555-0100,laboni@tailspintoys.com,Laboni,48,2026-05-22 14:06:35.927865,2026-05-22 14:06:35.928547
FEMALE,Antonin Klaus,254,(207) 555-0101,1977-12-18,(207) 555-0100,antonin@tailspintoys.com,Antonin,48,2026-05-22 14:06:35.927865,2026-05-22 14:06:35.928547
FEMALE,Sung-Hwan Hwang,255,(228) 555-0101,1980-07-21,(228) 555-0100,sung-hwan@tailspintoys.com,Sung-Hwan,45,2026-05-22 14:06:35.927865,2026-05-22 14:06:35.928547
FEMALE,Reigo Rebane,256,(228) 555-0101,1990-07-27,(228) 555-0100,reigo@tailspintoys.com,Reigo,35,2026-05-22 14:06:35.927865,2026-05-22 14:06:35.928547
FEMALE,Shiva Pipalia,257,(480) 555-0101,1978-12-05,(480) 555-0100,shiva@tailspintoys.com,Shiva,47,2026-05-22 14:06:35.927865,2026-05-22 14:06:35.928547
FEMALE,Aishwarya Beniwal,258,(480) 555-0101,1976-12-15,(480) 555-0100,aishwarya@tailspintoys.com,Aishwarya,49,2026-05-22 14:06:35.927865,2026-05-22 14:06:35.928547
FEMALE,Karie Mercier,259,(209) 555-0101,1989-08-10,(209) 555-0100,karie@tailspintoys.com,Karie,36,2026-05-22 14:06:35.927865,2026-05-22 14:06:35.928547
FEMALE,Milada Buresova,260,(209) 555-0101,1974-02-05,(209) 555-0100,milada@tailspintoys.com,Milada,52,2026-05-22 14:06:35.927865,2026-05-22 14:06:35.928547
FEMALE,Bhanu Thota,261,(314) 555-0101,1963-10-26,(314) 555-0100,bhanu@tailspintoys.com,Bhanu,62,2026-05-22 14:06:35.927865,2026-05-22 14:06:35.928547
FEMALE,Cyrus Poursokh,262,(314) 555-0101,1979-09-24,(314) 555-0100,cyrus@tailspintoys.com,Cyrus,46,2026-05-22 14:06:35.927865,2026-05-22 14:06:35.928547
FEMALE,Ae-Cha Joo,263,(209) 555-0101,1993-12-23,(209) 555-0100,ae-cha@tailspintoys.com,Ae-Cha,32,2026-05-22 14:06:35.927865,2026-05-22 14:06:35.928547
FEMALE,Jawid Pourali,264,(209) 555-0101,1964-06-26,(209) 555-0100,jawid@tailspintoys.com,Jawid,61,2026-05-22 14:06:35.927865,2026-05-22 14:06:35.928547
FEMALE,Dinara Saparkyzy,265,(219) 555-0101,1957-03-06,(219) 555-0100,dinara@tailspintoys.com,Dinara,69,2026-05-22 14:06:35.927865,2026-05-22 14:06:35.928547
FEMALE,Karel Sedlar,266,(219) 555-0101,1952-06-13,(219) 555-0100,karel@tailspintoys.com,Karel,73,2026-05-22 14:06:35.927865,2026-05-22 14:06:35.928547
FEMALE,Adam Dvorak,267,(239) 555-0101,1966-07-21,(239) 555-0100,adam@tailspintoys.com,Adam,59,2026-05-22 14:06:35.927865,2026-05-22 14:06:35.928547
FEMALE,Dhanishta Vankayala,268,(239) 555-0101,1955-03-20,(239) 555-0100,dhanishta@tailspintoys.com,Dhanishta,71,2026-05-22 14:06:35.927865,2026-05-22 14:06:35.928547
FEMALE,Ingrida Celmina,269,(316) 555-0101,1973-12-23,(316) 555-0100,ingrida@tailspintoys.com,Ingrida,52,2026-05-22 14:06:35.927865,2026-05-22 14:06:35.928547
FEMALE,Be Dang,270,(316) 555-0101,1997-09-10,(316) 555-0100,be@tailspintoys.com,Be,28,2026-05-22 14:06:35.927865,2026-05-22 14:06:35.928547
FEMALE,Jae-Hwa Jang,271,(505) 555-0101,1969-07-13,(505) 555-0100,jae-hwa@tailspintoys.com,Jae-Hwa,56,2026-05-22 14:06:35.927865,2026-05-22 14:06:35.928547
FEMALE,Clara Cunha,272,(505) 555-0101,1984-10-07,(505) 555-0100,clara@tailspintoys.com,Clara,41,2026-05-22 14:06:35.927865,2026-05-22 14:06:35.928547
FEMALE,Duck-Hwan Bae,273,(803) 555-0101,1962-07-03,(803) 555-0100,duck-hwan@tailspintoys.com,Duck-Hwan,63,2026-05-22 14:06:35.927865,2026-05-22 14:06:35.928547
FEMALE,Surya Mishra,274,(803) 555-0101,1959-06-15,(803) 555-0100,surya@tailspintoys.com,Surya,66,2026-05-22 14:06:35.927865,2026-05-22 14:06:35.928547
FEMALE,Jagoda Vasiljevic,275,(252) 555-0101,1953-04-27,(252) 555-0100,jagoda@tailspintoys.com,Jagoda,73,2026-05-22 14:06:35.927865,2026-05-22 14:06:35.928547
FEMALE,Eero Raud,276,(252) 555-0101,1962-06-29,(252) 555-0100,eero@tailspintoys.com,Eero,63,2026-05-22 14:06:35.927865,2026-05-22 14:06:35.928547
FEMALE,Toma Nastase,277,(787) 555-0101,1960-12-08,(787) 555-0100,toma@tailspintoys.com,Toma,65,2026-05-22 14:06:35.927865,2026-05-22 14:06:35.928547
FEMALE,Arjuna Haldar,278,(787) 555-0101,1992-01-12,(787) 555-0100,arjuna@tailspintoys.com,Arjuna,34,2026-05-22 14:06:35.927865,2026-05-22 14:06:35.928547
FEMALE,Valerio Cardoso,279,(385) 555-0101,1995-02-18,(385) 555-0100,valerio@tailspintoys.com,Valerio,31,2026-05-22 14:06:35.927865,2026-05-22 14:06:35.928547
FEMALE,Zac Wintle,280,(385) 555-0101,1988-12-02,(385) 555-0100,zac@tailspintoys.com,Zac,37,2026-05-22 14:06:35.927865,2026-05-22 14:06:35.928547
FEMALE,Ileana Aguilar,281,(207) 555-0101,1975-11-11,(207) 555-0100,ileana@tailspintoys.com,Ileana,50,2026-05-22 14:06:35.927865,2026-05-22 14:06:35.928547
FEMALE,Cai Nguyen,282,(207) 555-0101,1971-03-20,(207) 555-0100,cai@tailspintoys.com,Cai,55,2026-05-22 14:06:35.927865,2026-05-22 14:06:35.928547
FEMALE,Tjasa Weitzer,283,(229) 555-0101,1990-08-30,(229) 555-0100,tjasa@tailspintoys.com,Tjasa,35,2026-05-22 14:06:35.927865,2026-05-22 14:06:35.928547
FEMALE,Shefali Bose,284,(229) 555-0101,1997-02-23,(229) 555-0100,shefali@tailspintoys.com,Shefali,29,2026-05-22 14:06:35.927865,2026-05-22 14:06:35.928547
FEMALE,Lucas Van Veenen,285,(216) 555-0101,1995-07-02,(216) 555-0100,lucas@tailspintoys.com,Lucas,30,2026-05-22 14:06:35.927865,2026-05-22 14:06:35.928547
FEMALE,Farzana Saidi,286,(216) 555-0101,1965-07-23,(216) 555-0100,farzana@tailspintoys.com,Farzana,60,2026-05-22 14:06:35.927865,2026-05-22 14:06:35.928547
FEMALE,Steven Frasier,287,(218) 555-0101,1955-02-24,(218) 555-0100,steven@tailspintoys.com,Steven,71,2026-05-22 14:06:35.927865,2026-05-22 14:06:35.928547
FEMALE,Amaranaath Muppavarapu,288,(218) 555-0101,1979-03-08,(218) 555-0100,amaranaath@tailspintoys.com,Amaranaath,47,2026-05-22 14:06:35.927865,2026-05-22 14:06:35.928547
FEMALE,Mauri Enestam,289,(303) 555-0101,1983-01-12,(303) 555-0100,mauri@tailspintoys.com,Mauri,43,2026-05-22 14:06:35.927865,2026-05-22 14:06:35.928547
FEMALE,Lakshmi Nair,290,(303) 555-0101,1969-04-14,(303) 555-0100,lakshmi@tailspintoys.com,Lakshmi,57,2026-05-22 14:06:35.927865,2026-05-22 14:06:35.928547
FEMALE,Ella Zvirbule,291,(212) 555-0101,1966-12-06,(212) 555-0100,ella@tailspintoys.com,Ella,59,2026-05-22 14:06:35.927865,2026-05-22 14:06:35.928547
FEMALE,Vicente Chávez,292,(212) 555-0101,1983-05-06,(212) 555-0100,vicente@tailspintoys.com,Vicente,43,2026-05-22 14:06:35.927865,2026-05-22 14:06:35.928547
FEMALE,Sevim Aydın,293,(216) 555-0101,1980-12-04,(216) 555-0100,sevim@tailspintoys.com,Sevim,45,2026-05-22 14:06:35.927865,2026-05-22 14:06:35.928547
FEMALE,Tamer Ayhan,294,(216) 555-0101,1965-01-01,(216) 555-0100,tamer@tailspintoys.com,Tamer,61,2026-05-22 14:06:35.927865,2026-05-22 14:06:35.928547
FEMALE,Blanka Stavinohova,295,(304) 555-0101,1976-08-15,(304) 555-0100,blanka@tailspintoys.com,Blanka,49,2026-05-22 14:06:35.927865,2026-05-22 14:06:35.928547
FEMALE,Josefa Diaz,296,(304) 555-0101,1996-05-19,(304) 555-0100,josefa@tailspintoys.com,Josefa,30,2026-05-22 14:06:35.927865,2026-05-22 14:06:35.928547
FEMALE,Akanksha Iyengar,297,(201) 555-0101,1986-05-30,(201) 555-0100,akanksha@tailspintoys.com,Akanksha,39,2026-05-22 14:06:35.927865,2026-05-22 14:06:35.928547
FEMALE,Markus Kantee,298,(201) 555-0101,1972-11-09,(201) 555-0100,markus@tailspintoys.com,Markus,53,2026-05-22 14:06:35.927865,2026-05-22 14:06:35.928547
FEMALE,Kertu Smirnov,299,(206) 555-0101,1958-08-20,(206) 555-0100,kertu@tailspintoys.com,Kertu,67,2026-05-22 14:06:35.927865,2026-05-22 14:06:35.928547
FEMALE,Lovro Kulaga,300,(206) 555-0101,1969-09-28,(206) 555-0100,lovro@tailspintoys.com,Lovro,56,2026-05-22 14:06:35.927865,2026-05-22 14:06:35.928547
FEMALE,Jure Grabensek,301,(303) 555-0101,1964-07-31,(303) 555-0100,jure@tailspintoys.com,Jure,61,2026-05-22 14:06:35.927865,2026-05-22 14:06:35.928547
FEMALE,Chompunut Jetjirawat,302,(303) 555-0101,1966-04-26,(303) 555-0100,chompunut@tailspintoys.com,Chompunut,60,2026-05-22 14:06:35.927865,2026-05-22 14:06:35.928547
FEMALE,Javiera Madera,303,(231) 555-0101,1965-08-27,(231) 555-0100,javiera@tailspintoys.com,Javiera,60,2026-05-22 14:06:35.927865,2026-05-22 14:06:35.928547
FEMALE,Geetanjali Bagchi,304,(231) 555-0101,1957-05-07,(231) 555-0100,geetanjali@tailspintoys.com,Geetanjali,69,2026-05-22 14:06:35.927865,2026-05-22 14:06:35.928547
FEMALE,Aija Mottola,305,(201) 555-0101,1975-10-30,(201) 555-0100,aija@tailspintoys.com,Aija,50,2026-05-22 14:06:35.927865,2026-05-22 14:06:35.928547
FEMALE,Elli Berg,306,(201) 555-0101,1974-11-19,(201) 555-0100,elli@tailspintoys.com,Elli,51,2026-05-22 14:06:35.927865,2026-05-22 14:06:35.928547
FEMALE,Darshan Gupta,307,(907) 555-0101,1974-05-12,(907) 555-0100,darshan@tailspintoys.com,Darshan,52,2026-05-22 14:06:35.927865,2026-05-22 14:06:35.928547
FEMALE,Prem Reddy,308,(907) 555-0101,1997-08-01,(907) 555-0100,prem@tailspintoys.com,Prem,28,2026-05-22 14:06:35.927865,2026-05-22 14:06:35.928547
FEMALE,Akanksha Sarma,309,(208) 555-0101,1950-10-11,(208) 555-0100,akanksha@tailspintoys.com,Akanksha,75,2026-05-22 14:06:35.927865,2026-05-22 14:06:35.928547
FEMALE,Edward Alfred,310,(208) 555-0101,1978-07-23,(208) 555-0100,edward@tailspintoys.com,Edward,47,2026-05-22 14:06:35.927865,2026-05-22 14:06:35.928547
FEMALE,Aino Kallas,311,(212) 555-0101,1976-12-10,(212) 555-0100,aino@tailspintoys.com,Aino,49,2026-05-22 14:06:35.927865,2026-05-22 14:06:35.928547
FEMALE,Dhaaruni Vinjamuri,312,(212) 555-0101,1977-12-04,(212) 555-0100,dhaaruni@tailspintoys.com,Dhaaruni,48,2026-05-22 14:06:35.927865,2026-05-22 14:06:35.928547
FEMALE,An Dung Phung,313,(239) 555-0101,1996-08-05,(239) 555-0100,an dung@tailspintoys.com,An Dung,29,2026-05-22 14:06:35.927865,2026-05-22 14:06:35.928547
FEMALE,Ioana Ibanescu,314,(239) 555-0101,1966-12-23,(239) 555-0100,ioana@tailspintoys.com,Ioana,59,2026-05-22 14:06:35.927865,2026-05-22 14:06:35.928547
FEMALE,Gaurav Sikdar,315,(314) 555-0101,1954-08-07,(314) 555-0100,gaurav@tailspintoys.com,Gaurav,71,2026-05-22 14:06:35.927865,2026-05-22 14:06:35.928547
FEMALE,Christian Berggren,316,(314) 555-0101,1975-08-21,(314) 555-0100,christian@tailspintoys.com,Christian,50,2026-05-22 14:06:35.927865,2026-05-22 14:06:35.928547
FEMALE,Anirban Sen,317,(702) 555-0101,1991-12-31,(702) 555-0100,anirban@tailspintoys.com,Anirban,34,2026-05-22 14:06:35.927865,2026-05-22 14:06:35.928547
FEMALE,Joel Koivisto,318,(702) 555-0101,1969-06-04,(702) 555-0100,joel@tailspintoys.com,Joel,56,2026-05-22 14:06:35.927865,2026-05-22 14:06:35.928547
FEMALE,Chandrakanta Benjaree,319,(385) 555-0101,1966-04-04,(385) 555-0100,chandrakanta@tailspintoys.com,Chandrakanta,60,2026-05-22 14:06:35.927865,2026-05-22 14:06:35.928547
FEMALE,Joy Das,320,(385) 555-0101,1990-09-15,(385) 555-0100,joy@tailspintoys.com,Joy,35,2026-05-22 14:06:35.927865,2026-05-22 14:06:35.928547
FEMALE,Badari Chadalavada,321,(252) 555-0101,1981-05-15,(252) 555-0100,badari@tailspintoys.com,Badari,45,2026-05-22 14:06:35.927865,2026-05-22 14:06:35.928547
FEMALE,Zala Ude,322,(252) 555-0101,1970-12-03,(252) 555-0100,zala@tailspintoys.com,Zala,55,2026-05-22 14:06:35.927865,2026-05-22 14:06:35.928547
FEMALE,Gabriele Udinesi,323,(803) 555-0101,1994-02-03,(803) 555-0100,gabriele@tailspintoys.com,Gabriele,32,2026-05-22 14:06:35.927865,2026-05-22 14:06:35.928547
FEMALE,Murugan Dewangan,324,(803) 555-0101,1996-02-10,(803) 555-0100,murugan@tailspintoys.com,Murugan,30,2026-05-22 14:06:35.927865,2026-05-22 14:06:35.928547
FEMALE,Malay Prabhupāda,325,(316) 555-0101,1994-06-21,(316) 555-0100,malay@tailspintoys.com,Malay,31,2026-05-22 14:06:35.927865,2026-05-22 14:06:35.928547
FEMALE,Nghi Ly,326,(316) 555-0101,1981-03-22,(316) 555-0100,nghi@tailspintoys.com,Nghi,45,2026-05-22 14:06:35.927865,2026-05-22 14:06:35.928547
FEMALE,Hedi Koppel,327,(314) 555-0101,1961-03-18,(314) 555-0100,hedi@tailspintoys.com,Hedi,65,2026-05-22 14:06:35.927865,2026-05-22 14:06:35.928547
FEMALE,Teodors Klavins,328,(314) 555-0101,1981-03-06,(314) 555-0100,teodors@tailspintoys.com,Teodors,45,2026-05-22 14:06:35.927865,2026-05-22 14:06:35.928547
FEMALE,Denisa Ioveanu,329,(907) 555-0101,1992-07-11,(907) 555-0100,denisa@tailspintoys.com,Denisa,33,2026-05-22 14:06:35.927865,2026-05-22 14:06:35.928547
FEMALE,Cosmin Nutiu,330,(907) 555-0101,1992-06-20,(907) 555-0100,cosmin@tailspintoys.com,Cosmin,33,2026-05-22 14:06:35.927865,2026-05-22 14:06:35.928547
FEMALE,Vaclav Polaskova,331,(216) 555-0101,1952-09-03,(216) 555-0100,vaclav@tailspintoys.com,Vaclav,73,2026-05-22 14:06:35.927865,2026-05-22 14:06:35.928547
FEMALE,Georg Valbe,332,(216) 555-0101,1970-07-06,(216) 555-0100,georg@tailspintoys.com,Georg,55,2026-05-22 14:06:35.927865,2026-05-22 14:06:35.928547
FEMALE,Pramod Nishad,333,(225) 555-0101,1951-09-26,(225) 555-0100,pramod@tailspintoys.com,Pramod,74,2026-05-22 14:06:35.927865,2026-05-22 14:06:35.928547
FEMALE,Avani Aggarwal,334,(225) 555-0101,1973-03-02,(225) 555-0100,avani@tailspintoys.com,Avani,53,2026-05-22 14:06:35.927865,2026-05-22 14:06:35.928547
FEMALE,Prasong Tuntayakul,335,(201) 555-0101,1996-10-20,(201) 555-0100,prasong@tailspintoys.com,Prasong,29,2026-05-22 14:06:35.927865,2026-05-22 14:06:35.928547
FEMALE,Mariela Pasek,336,(201) 555-0101,1969-02-13,(201) 555-0100,mariela@tailspintoys.com,Mariela,57,2026-05-22 14:06:35.927865,2026-05-22 14:06:35.928547
FEMALE,Aija Zvaigzne,337,(205) 555-0101,1950-02-22,(205) 555-0100,aija@tailspintoys.com,Aija,76,2026-05-22 14:06:35.927865,2026-05-22 14:06:35.928547
FEMALE,Dharanikumaar Sonti,338,(205) 555-0101,1962-08-01,(205) 555-0100,dharanikumaar@tailspintoys.com,Dharanikumaar,63,2026-05-22 14:06:35.927865,2026-05-22 14:06:35.928547
FEMALE,Gilbert Pelland,339,(406) 555-0101,1960-10-08,(406) 555-0100,gilbert@tailspintoys.com,Gilbert,65,2026-05-22 14:06:35.927865,2026-05-22 14:06:35.928547
FEMALE,Ngoc Cao,340,(406) 555-0101,1992-11-25,(406) 555-0100,ngoc@tailspintoys.com,Ngoc,33,2026-05-22 14:06:35.927865,2026-05-22 14:06:35.928547
FEMALE,Marcella Napolitani,341,(262) 555-0101,1966-11-22,(262) 555-0100,marcella@tailspintoys.com,Marcella,59,2026-05-22 14:06:35.927865,2026-05-22 14:06:35.928547
FEMALE,Pavol Oravec,342,(262) 555-0101,1987-12-17,(262) 555-0100,pavol@tailspintoys.com,Pavol,38,2026-05-22 14:06:35.927865,2026-05-22 14:06:35.928547
FEMALE,Femke Hollenberg,343,(218) 555-0101,1996-05-25,(218) 555-0100,femke@tailspintoys.com,Femke,29,2026-05-22 14:06:35.927865,2026-05-22 14:06:35.928547
FEMALE,Roman Kubat,344,(218) 555-0101,1981-12-28,(218) 555-0100,roman@tailspintoys.com,Roman,44,2026-05-22 14:06:35.927865,2026-05-22 14:06:35.928547
FEMALE,Brita Jarvi,345,(212) 555-0101,1980-11-05,(212) 555-0100,brita@tailspintoys.com,Brita,45,2026-05-22 14:06:35.927865,2026-05-22 14:06:35.928547
FEMALE,Lucie Hrdlickova,346,(212) 555-0101,1956-04-30,(212) 555-0100,lucie@tailspintoys.com,Lucie,70,2026-05-22 14:06:35.927865,2026-05-22 14:06:35.928547
FEMALE,Donato Araujo,347,(480) 555-0101,1984-12-28,(480) 555-0100,donato@tailspintoys.com,Donato,41,2026-05-22 14:06:35.927865,2026-05-22 14:06:35.928547
FEMALE,Alaine Berthelette,348,(480) 555-0101,1964-01-02,(480) 555-0100,alaine@tailspintoys.com,Alaine,62,2026-05-22 14:06:35.927865,2026-05-22 14:06:35.928547
FEMALE,Aleksander Jarvi,349,(406) 555-0101,1958-03-16,(406) 555-0100,aleksander@tailspintoys.com,Aleksander,68,2026-05-22 14:06:35.927865,2026-05-22 14:06:35.928547
FEMALE,Kurt Konecny,350,(406) 555-0101,1960-01-02,(406) 555-0100,kurt@tailspintoys.com,Kurt,66,2026-05-22 14:06:35.927865,2026-05-22 14:06:35.928547
FEMALE,Malati Shenoy,351,(218) 555-0101,1951-06-08,(218) 555-0100,malati@tailspintoys.com,Malati,74,2026-05-22 14:06:35.927865,2026-05-22 14:06:35.928547
FEMALE,Duong Duong,352,(218) 555-0101,1985-04-28,(218) 555-0100,duong@tailspintoys.com,Duong,41,2026-05-22 14:06:35.927865,2026-05-22 14:06:35.928547
FEMALE,Gui-Hyun Ji,353,(218) 555-0101,1966-12-23,(218) 555-0100,gui-hyun@tailspintoys.com,Gui-Hyun,59,2026-05-22 14:06:35.927865,2026-05-22 14:06:35.928547
FEMALE,Karl Kangur,354,(218) 555-0101,1979-03-19,(218) 555-0100,karl@tailspintoys.com,Karl,47,2026-05-22 14:06:35.927865,2026-05-22 14:06:35.928547
FEMALE,Michal Polaskova,355,(262) 555-0101,1982-08-07,(262) 555-0100,michal@tailspintoys.com,Michal,43,2026-05-22 14:06:35.927865,2026-05-22 14:06:35.928547
FEMALE,Debendra Chakraborty,356,(262) 555-0101,1972-08-10,(262) 555-0100,debendra@tailspintoys.com,Debendra,53,2026-05-22 14:06:35.927865,2026-05-22 14:06:35.928547
FEMALE,Dilara Ayhan,357,(210) 555-0101,1963-12-25,(210) 555-0100,dilara@tailspintoys.com,Dilara,62,2026-05-22 14:06:35.927865,2026-05-22 14:06:35.928547
FEMALE,Virgiliu Vladu,358,(210) 555-0101,1961-07-24,(210) 555-0100,virgiliu@tailspintoys.com,Virgiliu,64,2026-05-22 14:06:35.927865,2026-05-22 14:06:35.928547
FEMALE,Peter Macias,359,(205) 555-0101,1993-03-23,(205) 555-0100,peter@tailspintoys.com,Peter,33,2026-05-22 14:06:35.927865,2026-05-22 14:06:35.928547
FEMALE,Nasrin Fard,360,(205) 555-0101,1958-08-19,(205) 555-0100,nasrin@tailspintoys.com,Nasrin,67,2026-05-22 14:06:35.927865,2026-05-22 14:06:35.928547
FEMALE,Kurt Lukes,361,(225) 555-0101,1974-06-15,(225) 555-0100,kurt@tailspintoys.com,Kurt,51,2026-05-22 14:06:35.927865,2026-05-22 14:06:35.928547
FEMALE,Daman Devulapalli,362,(225) 555-0101,1975-02-10,(225) 555-0100,daman@tailspintoys.com,Daman,51,2026-05-22 14:06:35.927865,2026-05-22 14:06:35.928547
FEMALE,Beatrise Bite,363,(218) 555-0101,1954-08-25,(218) 555-0100,beatrise@tailspintoys.com,Beatrise,71,2026-05-22 14:06:35.927865,2026-05-22 14:06:35.928547
FEMALE,Hele Semjonov,364,(218) 555-0101,1953-11-30,(218) 555-0100,hele@tailspintoys.com,Hele,72,2026-05-22 14:06:35.927865,2026-05-22 14:06:35.928547
FEMALE,Bishwanath Ghosh,365,(701) 555-0101,1968-09-26,(701) 555-0100,bishwanath@tailspintoys.com,Bishwanath,57,2026-05-22 14:06:35.927865,2026-05-22 14:06:35.928547
FEMALE,Gasper Jovicevic,366,(701) 555-0101,1972-02-04,(701) 555-0100,gasper@tailspintoys.com,Gasper,54,2026-05-22 14:06:35.927865,2026-05-22 14:06:35.928547
FEMALE,Gianguido Lucchesi,367,(303) 555-0101,1961-02-04,(303) 555-0100,gianguido@tailspintoys.com,Gianguido,65,2026-05-22 14:06:35.927865,2026-05-22 14:06:35.928547
FEMALE,Harihar Chatterjee,368,(303) 555-0101,1967-11-01,(303) 555-0100,harihar@tailspintoys.com,Harihar,58,2026-05-22 14:06:35.927865,2026-05-22 14:06:35.928547
FEMALE,Nu Bach,369,(212) 555-0101,1965-03-25,(212) 555-0100,nu@tailspintoys.com,Nu,61,2026-05-22 14:06:35.927865,2026-05-22 14:06:35.928547
FEMALE,Gautama Reddy,370,(212) 555-0101,1996-10-20,(212) 555-0100,gautama@tailspintoys.com,Gautama,29,2026-05-22 14:06:35.927865,2026-05-22 14:06:35.928547
FEMALE,Ivonna Ene,371,(702) 555-0101,1982-12-26,(702) 555-0100,ivonna@tailspintoys.com,Ivonna,43,2026-05-22 14:06:35.927865,2026-05-22 14:06:35.928547
FEMALE,Girish Banerjee,372,(702) 555-0101,1982-06-08,(702) 555-0100,girish@tailspintoys.com,Girish,43,2026-05-22 14:06:35.927865,2026-05-22 14:06:35.928547
FEMALE,Ceyhun Sahin,373,(215) 555-0101,1989-11-25,(215) 555-0100,ceyhun@tailspintoys.com,Ceyhun,36,2026-05-22 14:06:35.927865,2026-05-22 14:06:35.928547
FEMALE,Dhir Bhattacharya,374,(215) 555-0101,1955-08-03,(215) 555-0100,dhir@tailspintoys.com,Dhir,70,2026-05-22 14:06:35.927865,2026-05-22 14:06:35.928547
FEMALE,Tian Peng,375,(203) 555-0101,1953-09-24,(203) 555-0100,tian@tailspintoys.com,Tian,72,2026-05-22 14:06:35.927865,2026-05-22 14:06:35.928547
FEMALE,Mariano Costa,376,(203) 555-0101,1957-03-20,(203) 555-0100,mariano@tailspintoys.com,Mariano,69,2026-05-22 14:06:35.927865,2026-05-22 14:06:35.928547
FEMALE,Vlastimil Bohuslav,377,(210) 555-0101,1994-09-16,(210) 555-0100,vlastimil@tailspintoys.com,Vlastimil,31,2026-05-22 14:06:35.927865,2026-05-22 14:06:35.928547
FEMALE,Beau  Boule,378,(210) 555-0101,1975-01-13,(210) 555-0100,beau @tailspintoys.com,Beau ,51,2026-05-22 14:06:35.927865,2026-05-22 14:06:35.928547
FEMALE,Nejc Vosnik,379,(210) 555-0101,1976-08-18,(210) 555-0100,nejc@tailspintoys.com,Nejc,49,2026-05-22 14:06:35.927865,2026-05-22 14:06:35.928547
FEMALE,Amalendu Veturi,380,(210) 555-0101,1955-12-22,(210) 555-0100,amalendu@tailspintoys.com,Amalendu,70,2026-05-22 14:06:35.927865,2026-05-22 14:06:35.928547
FEMALE,Anindo Mazumdar,381,(210) 555-0101,1979-01-13,(210) 555-0100,anindo@tailspintoys.com,Anindo,47,2026-05-22 14:06:35.927865,2026-05-22 14:06:35.928547
FEMALE,Tarja Saikkonen,382,(210) 555-0101,1974-05-13,(210) 555-0100,tarja@tailspintoys.com,Tarja,52,2026-05-22 14:06:35.927865,2026-05-22 14:06:35.928547
FEMALE,Nils Balodis,383,(307) 555-0101,1972-04-16,(307) 555-0100,nils@tailspintoys.com,Nils,54,2026-05-22 14:06:35.927865,2026-05-22 14:06:35.928547
FEMALE,Bernadette    Potvin,384,(307) 555-0101,1974-10-26,(307) 555-0100,bernadette   @tailspintoys.com,Bernadette   ,51,2026-05-22 14:06:35.927865,2026-05-22 14:06:35.928547
FEMALE,Daniella Barbosa,385,(212) 555-0101,1974-11-27,(212) 555-0100,daniella@tailspintoys.com,Daniella,51,2026-05-22 14:06:35.927865,2026-05-22 14:06:35.928547
FEMALE,Nancy Hansson,386,(212) 555-0101,1979-07-15,(212) 555-0100,nancy@tailspintoys.com,Nancy,46,2026-05-22 14:06:35.927865,2026-05-22 14:06:35.928547
FEMALE,Raymond Levesque,387,(201) 555-0101,1982-09-24,(201) 555-0100,raymond@tailspintoys.com,Raymond,43,2026-05-22 14:06:35.927865,2026-05-22 14:06:35.928547
FEMALE,Linda Fisher,388,(201) 555-0101,1981-08-26,(201) 555-0100,linda@tailspintoys.com,Linda,44,2026-05-22 14:06:35.927865,2026-05-22 14:06:35.928547
FEMALE,Raymond Desforges,389,(505) 555-0101,1978-09-27,(505) 555-0100,raymond@tailspintoys.com,Raymond,47,2026-05-22 14:06:35.927865,2026-05-22 14:06:35.928547
FEMALE,Stern Neumann,390,(505) 555-0101,1950-08-17,(505) 555-0100,stern@tailspintoys.com,Stern,75,2026-05-22 14:06:35.927865,2026-05-22 14:06:35.928547
FEMALE,Raju Atluri,391,(212) 555-0101,1980-05-19,(212) 555-0100,raju@tailspintoys.com,Raju,46,2026-05-22 14:06:35.927865,2026-05-22 14:06:35.928547
FEMALE,Cezar Preda,392,(212) 555-0101,1989-01-07,(212) 555-0100,cezar@tailspintoys.com,Cezar,37,2026-05-22 14:06:35.927865,2026-05-22 14:06:35.928547
FEMALE,Matyas Bohuslav,393,(239) 555-0101,1997-11-27,(239) 555-0100,matyas@tailspintoys.com,Matyas,28,2026-05-22 14:06:35.927865,2026-05-22 14:06:35.928547
FEMALE,Ambaajeeraav Ghattamaneni,394,(239) 555-0101,1963-07-13,(239) 555-0100,ambaajeeraav@tailspintoys.com,Ambaajeeraav,62,2026-05-22 14:06:35.927865,2026-05-22 14:06:35.928547
FEMALE,Julio Correa,395,(505) 555-0101,1951-03-28,(505) 555-0100,julio@tailspintoys.com,Julio,75,2026-05-22 14:06:35.927865,2026-05-22 14:06:35.928547
FEMALE,Hamsapriya Nandamuri,396,(505) 555-0101,1994-12-01,(505) 555-0100,hamsapriya@tailspintoys.com,Hamsapriya,31,2026-05-22 14:06:35.927865,2026-05-22 14:06:35.928547
FEMALE,Banshari De,397,(206) 555-0101,1955-04-28,(206) 555-0100,banshari@tailspintoys.com,Banshari,71,2026-05-22 14:06:35.927865,2026-05-22 14:06:35.928547
FEMALE,Sudhir Yadav,398,(206) 555-0101,1959-11-18,(206) 555-0100,sudhir@tailspintoys.com,Sudhir,66,2026-05-22 14:06:35.927865,2026-05-22 14:06:35.928547
FEMALE,Ngai Lam,399,(215) 555-0101,1952-10-30,(215) 555-0100,ngai@tailspintoys.com,Ngai,73,2026-05-22 14:06:35.927865,2026-05-22 14:06:35.928547
FEMALE,Camille Hetu,400,(215) 555-0101,1951-06-26,(215) 555-0100,camille@tailspintoys.com,Camille,74,2026-05-22 14:06:35.927865,2026-05-22 14:06:35.928547
FEMALE,Hyun-Doo Song,401,(262) 555-0101,1957-07-21,(262) 555-0100,hyun-doo@tailspintoys.com,Hyun-Doo,68,2026-05-22 14:06:35.927865,2026-05-22 14:06:35.928547
FEMALE,Bahadır Korkmaz,402,(262) 555-0101,1987-11-04,(262) 555-0100,bahad@tailspintoys.com,Bahadır,38,2026-05-22 14:06:35.927865,2026-05-22 14:06:35.928547
FEMALE,Gabriela Srbova,403,(319) 555-0101,1960-03-19,(319) 555-0100,gabriela@tailspintoys.com,Gabriela,66,2026-05-22 14:06:35.927865,2026-05-22 14:06:35.928547
FEMALE,Priya Kaushal,404,(319) 555-0101,1994-08-12,(319) 555-0100,priya@tailspintoys.com,Priya,31,2026-05-22 14:06:35.927865,2026-05-22 14:06:35.928547
FEMALE,Serkan Senturk,405,(702) 555-0101,1975-06-21,(702) 555-0100,serkan@tailspintoys.com,Serkan,50,2026-05-22 14:06:35.927865,2026-05-22 14:06:35.928547
FEMALE,Fatemeh Javan,406,(702) 555-0101,1962-12-20,(702) 555-0100,fatemeh@tailspintoys.com,Fatemeh,63,2026-05-22 14:06:35.927865,2026-05-22 14:06:35.928547
FEMALE,Aahlada Thota,407,(215) 555-0101,1959-02-03,(215) 555-0100,aahlada@tailspintoys.com,Aahlada,67,2026-05-22 14:06:35.927865,2026-05-22 14:06:35.928547
FEMALE,Marten Keskkula,408,(215) 555-0101,1983-06-09,(215) 555-0100,marten@tailspintoys.com,Marten,42,2026-05-22 14:06:35.927865,2026-05-22 14:06:35.928547
FEMALE,Ayberk Sahin,409,(308) 555-0101,1991-07-25,(308) 555-0100,ayberk@tailspintoys.com,Ayberk,34,2026-05-22 14:06:35.927865,2026-05-22 14:06:35.928547
FEMALE,Magda Ciora,410,(308) 555-0101,1981-08-24,(308) 555-0100,magda@tailspintoys.com,Magda,44,2026-05-22 14:06:35.927865,2026-05-22 14:06:35.928547
FEMALE,Kaan Tekin,411,(239) 555-0101,1954-04-18,(239) 555-0100,kaan@tailspintoys.com,Kaan,72,2026-05-22 14:06:35.927865,2026-05-22 14:06:35.928547
FEMALE,Harshini Kommineni,412,(239) 555-0101,1981-08-30,(239) 555-0100,harshini@tailspintoys.com,Harshini,44,2026-05-22 14:06:35.927865,2026-05-22 14:06:35.928547
FEMALE,Lata Khandke,413,(216) 555-0101,1981-12-01,(216) 555-0100,lata@tailspintoys.com,Lata,44,2026-05-22 14:06:35.927865,2026-05-22 14:06:35.928547
FEMALE,Emil Nutiu,414,(216) 555-0101,1950-11-05,(216) 555-0100,emil@tailspintoys.com,Emil,75,2026-05-22 14:06:35.927865,2026-05-22 14:06:35.928547
FEMALE,Truman Eder,415,(225) 555-0101,1966-09-04,(225) 555-0100,truman@tailspintoys.com,Truman,59,2026-05-22 14:06:35.927865,2026-05-22 14:06:35.928547
FEMALE,Lale Javan,416,(225) 555-0101,1983-03-14,(225) 555-0100,lale@tailspintoys.com,Lale,43,2026-05-22 14:06:35.927865,2026-05-22 14:06:35.928547
FEMALE,Lorraine Paulet,417,(458) 555-0101,1957-06-10,(458) 555-0100,lorraine@tailspintoys.com,Lorraine,68,2026-05-22 14:06:35.927865,2026-05-22 14:06:35.928547
FEMALE,Yusuf Johansson,418,(458) 555-0101,1959-10-27,(458) 555-0100,yusuf@tailspintoys.com,Yusuf,66,2026-05-22 14:06:35.927865,2026-05-22 14:06:35.928547
FEMALE,Biplab De,419,(231) 555-0101,1956-09-30,(231) 555-0100,biplab@tailspintoys.com,Biplab,69,2026-05-22 14:06:35.927865,2026-05-22 14:06:35.928547
FEMALE,Dhanishta Kidambi,420,(231) 555-0101,1964-06-09,(231) 555-0100,dhanishta@tailspintoys.com,Dhanishta,61,2026-05-22 14:06:35.927865,2026-05-22 14:06:35.928547
FEMALE,Rachelle Brasseur,421,(210) 555-0101,1966-08-03,(210) 555-0100,rachelle@tailspintoys.com,Rachelle,59,2026-05-22 14:06:35.927865,2026-05-22 14:06:35.928547
FEMALE,Bholanath Das,422,(210) 555-0101,1974-01-10,(210) 555-0100,bholanath@tailspintoys.com,Bholanath,52,2026-05-22 14:06:35.927865,2026-05-22 14:06:35.928547
FEMALE,Sara Charlton,423,(215) 555-0101,1960-10-31,(215) 555-0100,sara@tailspintoys.com,Sara,65,2026-05-22 14:06:35.927865,2026-05-22 14:06:35.928547
FEMALE,Libor Safranek,424,(215) 555-0101,1975-07-21,(215) 555-0100,libor@tailspintoys.com,Libor,50,2026-05-22 14:06:35.927865,2026-05-22 14:06:35.928547
FEMALE,Ramesh Mukherjee,425,(217) 555-0101,1991-01-02,(217) 555-0100,ramesh@tailspintoys.com,Ramesh,35,2026-05-22 14:06:35.927865,2026-05-22 14:06:35.928547
FEMALE,Byung-Hyun Gwak,426,(217) 555-0101,1958-07-08,(217) 555-0100,byung-hyun@tailspintoys.com,Byung-Hyun,67,2026-05-22 14:06:35.927865,2026-05-22 14:06:35.928547
FEMALE,Ester Ahmadian,427,(229) 555-0101,1986-03-10,(229) 555-0100,ester@tailspintoys.com,Ester,40,2026-05-22 14:06:35.927865,2026-05-22 14:06:35.928547
FEMALE,Kanika Mazumdar,428,(229) 555-0101,1990-05-19,(229) 555-0100,kanika@tailspintoys.com,Kanika,36,2026-05-22 14:06:35.927865,2026-05-22 14:06:35.928547
FEMALE,Daniel Magnusson,429,(505) 555-0101,1972-04-05,(505) 555-0100,daniel@tailspintoys.com,Daniel,54,2026-05-22 14:06:35.927865,2026-05-22 14:06:35.928547
FEMALE,Cemal Dogan,430,(505) 555-0101,1991-11-24,(505) 555-0100,cemal@tailspintoys.com,Cemal,34,2026-05-22 14:06:35.927865,2026-05-22 14:06:35.928547
FEMALE,Jack Carpenter,431,(270) 555-0101,1987-10-18,(270) 555-0100,jack@tailspintoys.com,Jack,38,2026-05-22 14:06:35.927865,2026-05-22 14:06:35.928547
FEMALE,Am Lieu,432,(270) 555-0101,1979-03-11,(270) 555-0100,am@tailspintoys.com,Am,47,2026-05-22 14:06:35.927865,2026-05-22 14:06:35.928547
FEMALE,Thomas Fischer,433,(239) 555-0101,1990-01-30,(239) 555-0100,thomas@tailspintoys.com,Thomas,36,2026-05-22 14:06:35.927865,2026-05-22 14:06:35.928547
FEMALE,Neil Logan,434,(239) 555-0101,1985-10-26,(239) 555-0100,neil@tailspintoys.com,Neil,40,2026-05-22 14:06:35.927865,2026-05-22 14:06:35.928547
FEMALE,Viollette Monty,435,(803) 555-0101,1977-09-14,(803) 555-0100,viollette@tailspintoys.com,Viollette,48,2026-05-22 14:06:35.927865,2026-05-22 14:06:35.928547
FEMALE,Gita Dutta,436,(803) 555-0101,1957-07-04,(803) 555-0100,gita@tailspintoys.com,Gita,68,2026-05-22 14:06:35.927865,2026-05-22 14:06:35.928547
FEMALE,Alinne Cardoso,437,(308) 555-0101,1975-03-13,(308) 555-0100,alinne@tailspintoys.com,Alinne,51,2026-05-22 14:06:35.927865,2026-05-22 14:06:35.928547
FEMALE,Uma Pandit,438,(308) 555-0101,1976-04-10,(308) 555-0100,uma@tailspintoys.com,Uma,50,2026-05-22 14:06:35.927865,2026-05-22 14:06:35.928547
FEMALE,Mani Poddar,439,(209) 555-0101,1967-08-07,(209) 555-0100,mani@tailspintoys.com,Mani,58,2026-05-22 14:06:35.927865,2026-05-22 14:06:35.928547
FEMALE,Rama Mukaddam,440,(209) 555-0101,1987-10-23,(209) 555-0100,rama@tailspintoys.com,Rama,38,2026-05-22 14:06:35.927865,2026-05-22 14:06:35.928547
FEMALE,Deakshitulu Mokkapati,441,(314) 555-0101,1985-05-01,(314) 555-0100,deakshitulu@tailspintoys.com,Deakshitulu,41,2026-05-22 14:06:35.927865,2026-05-22 14:06:35.928547
FEMALE,Tereza Pinďakova,442,(314) 555-0101,1987-04-18,(314) 555-0100,tereza@tailspintoys.com,Tereza,39,2026-05-22 14:06:35.927865,2026-05-22 14:06:35.928547
FEMALE,Cezar Pavel,443,(303) 555-0101,1959-01-27,(303) 555-0100,cezar@tailspintoys.com,Cezar,67,2026-05-22 14:06:35.927865,2026-05-22 14:06:35.928547
FEMALE,Bahaar Yekta,444,(303) 555-0101,1966-03-23,(303) 555-0100,bahaar@tailspintoys.com,Bahaar,60,2026-05-22 14:06:35.927865,2026-05-22 14:06:35.928547
FEMALE,Fanni Benko,445,(385) 555-0101,1974-09-18,(385) 555-0100,fanni@tailspintoys.com,Fanni,51,2026-05-22 14:06:35.927865,2026-05-22 14:06:35.928547
FEMALE,Amar Dutta,446,(385) 555-0101,1968-10-15,(385) 555-0100,amar@tailspintoys.com,Amar,57,2026-05-22 14:06:35.927865,2026-05-22 14:06:35.928547
FEMALE,Brenda Morgan,447,(206) 555-0101,1954-01-02,(206) 555-0100,brenda@tailspintoys.com,Brenda,72,2026-05-22 14:06:35.927865,2026-05-22 14:06:35.928547
FEMALE,Kamal Nakhtare,448,(206) 555-0101,1991-12-01,(206) 555-0100,kamal@tailspintoys.com,Kamal,34,2026-05-22 14:06:35.927865,2026-05-22 14:06:35.928547
FEMALE,Olga Alexandrova,449,(303) 555-0101,1955-11-24,(303) 555-0100,olga@wingtiptoys.com,Olga,70,2026-05-22 14:06:35.927865,2026-05-22 14:06:35.928547
FEMALE,Bibi Javan,450,(303) 555-0101,1973-04-16,(303) 555-0100,bibi@wingtiptoys.com,Bibi,53,2026-05-22 14:06:35.927865,2026-05-22 14:06:35.928547
FEMALE,Maris Baltins,451,(215) 555-0101,1975-05-03,(215) 555-0100,maris@wingtiptoys.com,Maris,51,2026-05-22 14:06:35.927865,2026-05-22 14:06:35.928547
FEMALE,Taneli Hahl,452,(215) 555-0101,1987-10-11,(215) 555-0100,taneli@wingtiptoys.com,Taneli,38,2026-05-22 14:06:35.927865,2026-05-22 14:06:35.928547
FEMALE,Parsa Reuser,453,(480) 555-0101,1969-09-06,(480) 555-0100,parsa@wingtiptoys.com,Parsa,56,2026-05-22 14:06:35.927865,2026-05-22 14:06:35.928547
FEMALE,Da-Eun Kwak,454,(480) 555-0101,1953-04-05,(480) 555-0100,da-eun@wingtiptoys.com,Da-eun,73,2026-05-22 14:06:35.927865,2026-05-22 14:06:35.928547
FEMALE,Duleep Srivastava,455,(215) 555-0101,1977-11-21,(215) 555-0100,duleep@wingtiptoys.com,Duleep,48,2026-05-22 14:06:35.927865,2026-05-22 14:06:35.928547
FEMALE,Kurt Balog,456,(215) 555-0101,1996-09-03,(215) 555-0100,kurt@wingtiptoys.com,Kurt,29,2026-05-22 14:06:35.927865,2026-05-22 14:06:35.928547
FEMALE,Miran Nikolic,457,(217) 555-0101,1981-10-06,(217) 555-0100,miran@wingtiptoys.com,Miran,44,2026-05-22 14:06:35.927865,2026-05-22 14:06:35.928547
FEMALE,Indra Mudaliyar,458,(217) 555-0101,1991-05-17,(217) 555-0100,indra@wingtiptoys.com,Indra,35,2026-05-22 14:06:35.927865,2026-05-22 14:06:35.928547
FEMALE,Calin Bojin,459,(205) 555-0101,1969-10-08,(205) 555-0100,calin@wingtiptoys.com,Calin,56,2026-05-22 14:06:35.927865,2026-05-22 14:06:35.928547
FEMALE,Maxime Westerink,460,(205) 555-0101,1967-06-25,(205) 555-0100,maxime@wingtiptoys.com,Maxime,58,2026-05-22 14:06:35.927865,2026-05-22 14:06:35.928547
FEMALE,Lang Le,461,(225) 555-0101,1993-12-09,(225) 555-0100,lang@wingtiptoys.com,Lang,32,2026-05-22 14:06:35.927865,2026-05-22 14:06:35.928547
FEMALE,Bozena Divisova,462,(225) 555-0101,1984-01-05,(225) 555-0100,bozena@wingtiptoys.com,Bozena,42,2026-05-22 14:06:35.927865,2026-05-22 14:06:35.928547
FEMALE,Bhaagyalakshmi Muppavarapu,463,(210) 555-0101,1990-02-17,(210) 555-0100,bhaagyalakshmi@wingtiptoys.com,Bhaagyalakshmi,36,2026-05-22 14:06:35.927865,2026-05-22 14:06:35.928547
FEMALE,Durjoy Bose,464,(210) 555-0101,1982-08-12,(210) 555-0100,durjoy@wingtiptoys.com,Durjoy,43,2026-05-22 14:06:35.927865,2026-05-22 14:06:35.928547
FEMALE,Dimitry Nechita,465,(209) 555-0101,1976-07-09,(209) 555-0100,dimitry@wingtiptoys.com,Dimitry,49,2026-05-22 14:06:35.927865,2026-05-22 14:06:35.928547
FEMALE,Meredith Padilla,466,(209) 555-0101,1977-07-06,(209) 555-0100,meredith@wingtiptoys.com,Meredith,48,2026-05-22 14:06:35.927865,2026-05-22 14:06:35.928547
FEMALE,Miroslav Kohout,467,(210) 555-0101,1979-06-02,(210) 555-0100,miroslav@wingtiptoys.com,Miroslav,46,2026-05-22 14:06:35.927865,2026-05-22 14:06:35.928547
FEMALE,Teresa Torres,468,(210) 555-0101,1993-01-08,(210) 555-0100,teresa@wingtiptoys.com,Teresa,33,2026-05-22 14:06:35.927865,2026-05-22 14:06:35.928547
FEMALE,Fransje Mutlu,469,(262) 555-0101,1977-02-23,(262) 555-0100,fransje@wingtiptoys.com,Fransje,49,2026-05-22 14:06:35.927865,2026-05-22 14:06:35.928547
FEMALE,Karel Hybl,470,(262) 555-0101,1980-01-10,(262) 555-0100,karel@wingtiptoys.com,Karel,46,2026-05-22 14:06:35.927865,2026-05-22 14:06:35.928547
FEMALE,Chati Ornlamai,471,(406) 555-0101,1952-06-30,(406) 555-0100,chati@wingtiptoys.com,Chati,73,2026-05-22 14:06:35.927865,2026-05-22 14:06:35.928547
FEMALE,Tajana Lovric,472,(406) 555-0101,1971-07-03,(406) 555-0100,tajana@wingtiptoys.com,Tajana,54,2026-05-22 14:06:35.927865,2026-05-22 14:06:35.928547
FEMALE,Raine Knihtila,473,(210) 555-0101,1981-12-19,(210) 555-0100,raine@wingtiptoys.com,Raine,44,2026-05-22 14:06:35.927865,2026-05-22 14:06:35.928547
FEMALE,Dhir Mazumdar,474,(210) 555-0101,1958-09-27,(210) 555-0100,dhir@wingtiptoys.com,Dhir,67,2026-05-22 14:06:35.927865,2026-05-22 14:06:35.928547
FEMALE,Lan Chu,475,(215) 555-0101,1962-07-20,(215) 555-0100,lan@wingtiptoys.com,Lan,63,2026-05-22 14:06:35.927865,2026-05-22 14:06:35.928547
FEMALE,Tereza Prikrylova,476,(215) 555-0101,1957-04-24,(215) 555-0100,tereza@wingtiptoys.com,Tereza,69,2026-05-22 14:06:35.927865,2026-05-22 14:06:35.928547
FEMALE,Maurice English,477,(229) 555-0101,1952-10-11,(229) 555-0100,maurice@wingtiptoys.com,Maurice,73,2026-05-22 14:06:35.927865,2026-05-22 14:06:35.928547
FEMALE,Daniella Ribeiro,478,(229) 555-0101,1975-11-22,(229) 555-0100,daniella@wingtiptoys.com,Daniella,50,2026-05-22 14:06:35.927865,2026-05-22 14:06:35.928547
FEMALE,Irene Sepp,479,(262) 555-0101,1963-04-11,(262) 555-0100,irene@wingtiptoys.com,Irene,63,2026-05-22 14:06:35.927865,2026-05-22 14:06:35.928547
FEMALE,Hubert Fields,480,(262) 555-0101,1973-02-01,(262) 555-0100,hubert@wingtiptoys.com,Hubert,53,2026-05-22 14:06:35.927865,2026-05-22 14:06:35.928547
FEMALE,Chandranath Bose,481,(262) 555-0101,1995-08-27,(262) 555-0100,chandranath@wingtiptoys.com,Chandranath,30,2026-05-22 14:06:35.927865,2026-05-22 14:06:35.928547
FEMALE,Gaurav Acharya,482,(262) 555-0101,1982-01-18,(262) 555-0100,gaurav@wingtiptoys.com,Gaurav,44,2026-05-22 14:06:35.927865,2026-05-22 14:06:35.928547
FEMALE,Ana Julijana Isa,483,(406) 555-0101,1978-11-02,(406) 555-0100,ana julijana@wingtiptoys.com,Ana Julijana,47,2026-05-22 14:06:35.927865,2026-05-22 14:06:35.928547
FEMALE,Libor Klaus,484,(406) 555-0101,1970-06-28,(406) 555-0100,libor@wingtiptoys.com,Libor,55,2026-05-22 14:06:35.927865,2026-05-22 14:06:35.928547
FEMALE,Gireesh Bhogireddy,485,(239) 555-0101,1951-07-24,(239) 555-0100,gireesh@wingtiptoys.com,Gireesh,74,2026-05-22 14:06:35.927865,2026-05-22 14:06:35.928547
FEMALE,Stanislav Zeman,486,(239) 555-0101,1968-06-06,(239) 555-0100,stanislav@wingtiptoys.com,Stanislav,57,2026-05-22 14:06:35.927865,2026-05-22 14:06:35.928547
FEMALE,Premwadee Atitarn,487,(209) 555-0101,1988-04-29,(209) 555-0100,premwadee@wingtiptoys.com,Premwadee,38,2026-05-22 14:06:35.927865,2026-05-22 14:06:35.928547
FEMALE,Deeptendu Das,488,(209) 555-0101,1955-05-10,(209) 555-0100,deeptendu@wingtiptoys.com,Deeptendu,71,2026-05-22 14:06:35.927865,2026-05-22 14:06:35.928547
FEMALE,Nishant Patil,489,(205) 555-0101,1964-07-05,(205) 555-0100,nishant@wingtiptoys.com,Nishant,61,2026-05-22 14:06:35.927865,2026-05-22 14:06:35.928547
FEMALE,Bhaagyalakshmi Rajanala,490,(205) 555-0101,1966-09-20,(205) 555-0100,bhaagyalakshmi@wingtiptoys.com,Bhaagyalakshmi,59,2026-05-22 14:06:35.927865,2026-05-22 14:06:35.928547
FEMALE,Rohan Das,491,(206) 555-0101,1950-04-13,(206) 555-0100,rohan@wingtiptoys.com,Rohan,76,2026-05-22 14:06:35.927865,2026-05-22 14:06:35.928547
FEMALE,Bhaanusree Ankitham,492,(206) 555-0101,1994-05-04,(206) 555-0100,bhaanusree@wingtiptoys.com,Bhaanusree,32,2026-05-22 14:06:35.927865,2026-05-22 14:06:35.928547
FEMALE,Aamdaal Kamasamudram,493,(316) 555-0101,1981-04-05,(316) 555-0100,aamdaal@wingtiptoys.com,Aamdaal,45,2026-05-22 14:06:35.927865,2026-05-22 14:06:35.928547
FEMALE,Karita Rosberg,494,(316) 555-0101,1955-11-02,(316) 555-0100,karita@wingtiptoys.com,Karita,70,2026-05-22 14:06:35.927865,2026-05-22 14:06:35.928547
FEMALE,Baebeesarasvati Kamasamudram,495,(308) 555-0101,1979-01-29,(308) 555-0100,baebeesarasvati@wingtiptoys.com,Baebeesarasvati,47,2026-05-22 14:06:35.927865,2026-05-22 14:06:35.928547
FEMALE,Hana Palatova,496,(308) 555-0101,1957-07-10,(308) 555-0100,hana@wingtiptoys.com,Hana,68,2026-05-22 14:06:35.927865,2026-05-22 14:06:35.928547
FEMALE,Marcello Dellucci,497,(405) 555-0101,1980-11-04,(405) 555-0100,marcello@wingtiptoys.com,Marcello,45,2026-05-22 14:06:35.927865,2026-05-22 14:06:35.928547
FEMALE,Shobha Raju,498,(405) 555-0101,1964-05-25,(405) 555-0100,shobha@wingtiptoys.com,Shobha,61,2026-05-22 14:06:35.927865,2026-05-22 14:06:35.928547
FEMALE,Mee-Kyong Sin,499,(480) 555-0101,1953-10-09,(480) 555-0100,mee-kyong@wingtiptoys.com,Mee-Kyong,72,2026-05-22 14:06:35.927865,2026-05-22 14:06:35.928547
FEMALE,Věra Kopecka,500,(480) 555-0101,1950-12-10,(480) 555-0100,vacra@wingtiptoys.com,Věra,75,2026-05-22 14:06:35.927865,2026-05-22 14:06:35.928547
FEMALE,Ivica Lučic,501,(212) 555-0101,1984-11-08,(212) 555-0100,ivica@wingtiptoys.com,Ivica,41,2026-05-22 14:06:35.927865,2026-05-22 14:06:35.928547
FEMALE,David Svoboda,502,(212) 555-0101,1977-01-02,(212) 555-0100,david@wingtiptoys.com,David,49,2026-05-22 14:06:35.927865,2026-05-22 14:06:35.928547
FEMALE,Vinicius Correa,503,(231) 555-0101,1961-12-17,(231) 555-0100,vinicius@wingtiptoys.com,Vinicius,64,2026-05-22 14:06:35.927865,2026-05-22 14:06:35.928547
FEMALE,Surat Pornpipatpong,504,(231) 555-0101,1964-11-25,(231) 555-0100,surat@wingtiptoys.com,Surat,61,2026-05-22 14:06:35.927865,2026-05-22 14:06:35.928547
FEMALE,Fabio Pena,505,(314) 555-0101,1966-03-09,(314) 555-0100,fabio@wingtiptoys.com,Fabio,60,2026-05-22 14:06:35.927865,2026-05-22 14:06:35.928547
FEMALE,Kauan Gomes,506,(314) 555-0101,1982-04-01,(314) 555-0100,kauan@wingtiptoys.com,Kauan,44,2026-05-22 14:06:35.927865,2026-05-22 14:06:35.928547
FEMALE,Lakshmi Roy,507,(208) 555-0101,1955-08-21,(208) 555-0100,lakshmi@wingtiptoys.com,Lakshmi,70,2026-05-22 14:06:35.927865,2026-05-22 14:06:35.928547
FEMALE,Kersti Mihhailov,508,(208) 555-0101,1967-11-15,(208) 555-0100,kersti@wingtiptoys.com,Kersti,58,2026-05-22 14:06:35.927865,2026-05-22 14:06:35.928547
FEMALE,Selma Seppanen,509,(787) 555-0101,1995-12-21,(787) 555-0100,selma@wingtiptoys.com,Selma,30,2026-05-22 14:06:35.927865,2026-05-22 14:06:35.928547
FEMALE,Danielle  Brasseur,510,(787) 555-0101,1991-10-11,(787) 555-0100,danielle @wingtiptoys.com,Danielle ,34,2026-05-22 14:06:35.927865,2026-05-22 14:06:35.928547
FEMALE,Bay Ly,511,(239) 555-0101,1990-03-29,(239) 555-0100,bay@wingtiptoys.com,Bay,36,2026-05-22 14:06:35.927865,2026-05-22 14:06:35.928547
FEMALE,Sanjiv Raina,512,(239) 555-0101,1989-08-12,(239) 555-0100,sanjiv@wingtiptoys.com,Sanjiv,36,2026-05-22 14:06:35.927865,2026-05-22 14:06:35.928547
FEMALE,Adirake Saenamuang,513,(405) 555-0101,1953-04-06,(405) 555-0100,adirake@wingtiptoys.com,Adirake,73,2026-05-22 14:06:35.927865,2026-05-22 14:06:35.928547
FEMALE,Leena De,514,(405) 555-0101,1988-04-01,(405) 555-0100,leena@wingtiptoys.com,Leena,38,2026-05-22 14:06:35.927865,2026-05-22 14:06:35.928547
FEMALE,Tarja Penttila,515,(212) 555-0101,1976-06-21,(212) 555-0100,tarja@wingtiptoys.com,Tarja,49,2026-05-22 14:06:35.927865,2026-05-22 14:06:35.928547
FEMALE,Gunnar Larsson,516,(212) 555-0101,1982-05-08,(212) 555-0100,gunnar@wingtiptoys.com,Gunnar,44,2026-05-22 14:06:35.927865,2026-05-22 14:06:35.928547
FEMALE,Devendranath Huq,517,(217) 555-0101,1979-09-27,(217) 555-0100,devendranath@wingtiptoys.com,Devendranath,46,2026-05-22 14:06:35.927865,2026-05-22 14:06:35.928547
FEMALE,Vicente Cabrera,518,(217) 555-0101,1964-02-22,(217) 555-0100,vicente@wingtiptoys.com,Vicente,62,2026-05-22 14:06:35.927865,2026-05-22 14:06:35.928547
FEMALE,Enes Olsson,519,(276) 555-0101,1953-10-25,(276) 555-0100,enes@wingtiptoys.com,Enes,72,2026-05-22 14:06:35.927865,2026-05-22 14:06:35.928547
FEMALE,Milada Kubatova,520,(276) 555-0101,1951-10-19,(276) 555-0100,milada@wingtiptoys.com,Milada,74,2026-05-22 14:06:35.927865,2026-05-22 14:06:35.928547
FEMALE,Vanja Grgic,521,(215) 555-0101,1952-11-17,(215) 555-0100,vanja@wingtiptoys.com,Vanja,73,2026-05-22 14:06:35.927865,2026-05-22 14:06:35.928547
FEMALE,Daniela Omelkova,522,(215) 555-0101,1971-08-23,(215) 555-0100,daniela@wingtiptoys.com,Daniela,54,2026-05-22 14:06:35.927865,2026-05-22 14:06:35.928547
FEMALE,Dayaram Mishra,523,(216) 555-0101,1988-02-15,(216) 555-0100,dayaram@wingtiptoys.com,Dayaram,38,2026-05-22 14:06:35.927865,2026-05-22 14:06:35.928547
FEMALE,Gal Kokeza,524,(216) 555-0101,1951-06-11,(216) 555-0100,gal@wingtiptoys.com,Gal,74,2026-05-22 14:06:35.927865,2026-05-22 14:06:35.928547
FEMALE,Mina Omidzadeh,525,(262) 555-0101,1963-02-07,(262) 555-0100,mina@wingtiptoys.com,Mina,63,2026-05-22 14:06:35.927865,2026-05-22 14:06:35.928547
FEMALE,Adrian Bengtsson,526,(262) 555-0101,1985-08-13,(262) 555-0100,adrian@wingtiptoys.com,Adrian,40,2026-05-22 14:06:35.927865,2026-05-22 14:06:35.928547
FEMALE,Kadir Usenuly,527,(405) 555-0101,1982-07-03,(405) 555-0100,kadir@wingtiptoys.com,Kadir,43,2026-05-22 14:06:35.927865,2026-05-22 14:06:35.928547
FEMALE,Rajiv Shasthri,528,(405) 555-0101,1988-06-24,(405) 555-0100,rajiv@wingtiptoys.com,Rajiv,37,2026-05-22 14:06:35.927865,2026-05-22 14:06:35.928547
FEMALE,Kajsa Jakobsson,529,(319) 555-0101,1986-07-21,(319) 555-0100,kajsa@wingtiptoys.com,Kajsa,39,2026-05-22 14:06:35.927865,2026-05-22 14:06:35.928547
FEMALE,Elnaz Rahimi,530,(319) 555-0101,1987-06-08,(319) 555-0100,elnaz@wingtiptoys.com,Elnaz,38,2026-05-22 14:06:35.927865,2026-05-22 14:06:35.928547
FEMALE,Rahul Ghate,531,(215) 555-0101,1985-08-19,(215) 555-0100,rahul@wingtiptoys.com,Rahul,40,2026-05-22 14:06:35.927865,2026-05-22 14:06:35.928547
FEMALE,Chuan Wongsawat,532,(215) 555-0101,1985-05-08,(215) 555-0100,chuan@wingtiptoys.com,Chuan,41,2026-05-22 14:06:35.927865,2026-05-22 14:06:35.928547
FEMALE,Lien Banh,533,(231) 555-0101,1962-08-15,(231) 555-0100,lien@wingtiptoys.com,Lien,63,2026-05-22 14:06:35.927865,2026-05-22 14:06:35.928547
FEMALE,Anshula Mitra,534,(231) 555-0101,1984-08-28,(231) 555-0100,anshula@wingtiptoys.com,Anshula,41,2026-05-22 14:06:35.927865,2026-05-22 14:06:35.928547
FEMALE,Divyendu Chakraborty,535,(605) 555-0101,1983-03-17,(605) 555-0100,divyendu@wingtiptoys.com,Divyendu,43,2026-05-22 14:06:35.927865,2026-05-22 14:06:35.928547
FEMALE,Rita Kauppi,536,(605) 555-0101,1997-10-01,(605) 555-0100,rita@wingtiptoys.com,Rita,28,2026-05-22 14:06:35.927865,2026-05-22 14:06:35.928547
FEMALE,An Dung Ngo,537,(303) 555-0101,1954-12-26,(303) 555-0100,an dung@wingtiptoys.com,An Dung,71,2026-05-22 14:06:35.927865,2026-05-22 14:06:35.928547
FEMALE,Pranav Yadav,538,(303) 555-0101,1993-06-29,(303) 555-0100,pranav@wingtiptoys.com,Pranav,32,2026-05-22 14:06:35.927865,2026-05-22 14:06:35.928547
FEMALE,Chetana Kamath,539,(225) 555-0101,1997-03-07,(225) 555-0100,chetana@wingtiptoys.com,Chetana,29,2026-05-22 14:06:35.927865,2026-05-22 14:06:35.928547
FEMALE,Isabelina Flores,540,(225) 555-0101,1978-02-24,(225) 555-0100,isabelina@wingtiptoys.com,Isabelina,48,2026-05-22 14:06:35.927865,2026-05-22 14:06:35.928547
FEMALE,Premwadee Saowaluk,541,(319) 555-0101,1980-12-11,(319) 555-0100,premwadee@wingtiptoys.com,Premwadee,45,2026-05-22 14:06:35.927865,2026-05-22 14:06:35.928547
FEMALE,Adam Balaz,542,(319) 555-0101,1988-01-23,(319) 555-0100,adam@wingtiptoys.com,Adam,38,2026-05-22 14:06:35.927865,2026-05-22 14:06:35.928547
FEMALE,Jae-Hwa Min,543,(702) 555-0101,1992-03-04,(702) 555-0100,jae-hwa@wingtiptoys.com,Jae-Hwa,34,2026-05-22 14:06:35.927865,2026-05-22 14:06:35.928547
FEMALE,Rafael Pena,544,(702) 555-0101,1950-01-06,(702) 555-0100,rafael@wingtiptoys.com,Rafael,76,2026-05-22 14:06:35.927865,2026-05-22 14:06:35.928547
FEMALE,Catalina Nechita,545,(304) 555-0101,1993-02-07,(304) 555-0100,catalina@wingtiptoys.com,Catalina,33,2026-05-22 14:06:35.927865,2026-05-22 14:06:35.928547
FEMALE,Robert Cosic,546,(304) 555-0101,1956-11-17,(304) 555-0100,robert@wingtiptoys.com,Robert,69,2026-05-22 14:06:35.927865,2026-05-22 14:06:35.928547
FEMALE,Constanza Laureano,547,(219) 555-0101,1996-07-27,(219) 555-0100,constanza@wingtiptoys.com,Constanza,29,2026-05-22 14:06:35.927865,2026-05-22 14:06:35.928547
FEMALE,Sunil Nakhtare,548,(219) 555-0101,1964-06-01,(219) 555-0100,sunil@wingtiptoys.com,Sunil,61,2026-05-22 14:06:35.927865,2026-05-22 14:06:35.928547
FEMALE,Aakriti Bhamidipati,549,(307) 555-0101,1987-09-26,(307) 555-0100,aakriti@wingtiptoys.com,Aakriti,38,2026-05-22 14:06:35.927865,2026-05-22 14:06:35.928547
FEMALE,Sakchai Supitayaporn,550,(307) 555-0101,1957-02-10,(307) 555-0100,sakchai@wingtiptoys.com,Sakchai,69,2026-05-22 14:06:35.927865,2026-05-22 14:06:35.928547
FEMALE,Himadri Prabhupāda,551,(209) 555-0101,1966-04-08,(209) 555-0100,himadri@wingtiptoys.com,Himadri,60,2026-05-22 14:06:35.927865,2026-05-22 14:06:35.928547
FEMALE,Lukas Kohout,552,(209) 555-0101,1984-01-12,(209) 555-0100,lukas@wingtiptoys.com,Lukas,42,2026-05-22 14:06:35.927865,2026-05-22 14:06:35.928547
FEMALE,Bryan Helms,553,(276) 555-0101,1980-03-22,(276) 555-0100,bryan@wingtiptoys.com,Bryan,46,2026-05-22 14:06:35.927865,2026-05-22 14:06:35.928547
FEMALE,Julianna Makay,554,(276) 555-0101,1972-06-23,(276) 555-0100,julianna@wingtiptoys.com,Julianna,53,2026-05-22 14:06:35.927865,2026-05-22 14:06:35.928547
FEMALE,Harri Kask,555,(787) 555-0101,1975-06-17,(787) 555-0100,harri@wingtiptoys.com,Harri,50,2026-05-22 14:06:35.927865,2026-05-22 14:06:35.928547
FEMALE,Rakhshinda Mansouri,556,(787) 555-0101,1994-11-07,(787) 555-0100,rakhshinda@wingtiptoys.com,Rakhshinda,31,2026-05-22 14:06:35.927865,2026-05-22 14:06:35.928547
FEMALE,Ilse Sandell,557,(209) 555-0101,1968-05-20,(209) 555-0100,ilse@wingtiptoys.com,Ilse,58,2026-05-22 14:06:35.927865,2026-05-22 14:06:35.928547
FEMALE,Tibor Harsanyi,558,(209) 555-0101,1981-01-05,(209) 555-0100,tibor@wingtiptoys.com,Tibor,45,2026-05-22 14:06:35.927865,2026-05-22 14:06:35.928547
FEMALE,Subhash Matondkar,559,(212) 555-0101,1954-05-17,(212) 555-0100,subhash@wingtiptoys.com,Subhash,72,2026-05-22 14:06:35.927865,2026-05-22 14:06:35.928547
FEMALE,Gurudas De,560,(212) 555-0101,1972-04-08,(212) 555-0100,gurudas@wingtiptoys.com,Gurudas,54,2026-05-22 14:06:35.927865,2026-05-22 14:06:35.928547
FEMALE,Eesvaraavu Ankitham,561,(505) 555-0101,1956-02-19,(505) 555-0100,eesvaraavu@wingtiptoys.com,Eesvaraavu,70,2026-05-22 14:06:35.927865,2026-05-22 14:06:35.928547
FEMALE,Angelina Karlsson,562,(505) 555-0101,1992-01-22,(505) 555-0100,angelina@wingtiptoys.com,Angelina,34,2026-05-22 14:06:35.927865,2026-05-22 14:06:35.928547
FEMALE,Miguel Paez,563,(205) 555-0101,1952-12-18,(205) 555-0100,miguel@wingtiptoys.com,Miguel,73,2026-05-22 14:06:35.927865,2026-05-22 14:06:35.928547
FEMALE,Anukul Dey,564,(205) 555-0101,1951-03-01,(205) 555-0100,anukul@wingtiptoys.com,Anukul,75,2026-05-22 14:06:35.927865,2026-05-22 14:06:35.928547
FEMALE,Tobias Gruber,565,(216) 555-0101,1967-10-15,(216) 555-0100,tobias@wingtiptoys.com,Tobias,58,2026-05-22 14:06:35.927865,2026-05-22 14:06:35.928547
FEMALE,Jitka Stastna,566,(216) 555-0101,1959-08-17,(216) 555-0100,jitka@wingtiptoys.com,Jitka,66,2026-05-22 14:06:35.927865,2026-05-22 14:06:35.928547
FEMALE,Daniela Dumina,567,(505) 555-0101,1969-10-15,(505) 555-0100,daniela@wingtiptoys.com,Daniela,56,2026-05-22 14:06:35.927865,2026-05-22 14:06:35.928547
FEMALE,Fahmidah Fallahi,568,(505) 555-0101,1984-01-07,(505) 555-0100,fahmidah@wingtiptoys.com,Fahmidah,42,2026-05-22 14:06:35.927865,2026-05-22 14:06:35.928547
FEMALE,Ganesh Mukherjee,569,(210) 555-0101,1968-07-17,(210) 555-0100,ganesh@wingtiptoys.com,Ganesh,57,2026-05-22 14:06:35.927865,2026-05-22 14:06:35.928547
FEMALE,Hector Parra,570,(210) 555-0101,1965-08-22,(210) 555-0100,hector@wingtiptoys.com,Hector,60,2026-05-22 14:06:35.927865,2026-05-22 14:06:35.928547
FEMALE,Avanti Nishad,571,(505) 555-0101,1997-03-26,(505) 555-0100,avanti@wingtiptoys.com,Avanti,29,2026-05-22 14:06:35.927865,2026-05-22 14:06:35.928547
FEMALE,Gino Sal,572,(505) 555-0101,1995-12-10,(505) 555-0100,gino@wingtiptoys.com,Gino,30,2026-05-22 14:06:35.927865,2026-05-22 14:06:35.928547
FEMALE,Daedeepya Thota,573,(405) 555-0101,1961-09-26,(405) 555-0100,daedeepya@wingtiptoys.com,Daedeepya,64,2026-05-22 14:06:35.927865,2026-05-22 14:06:35.928547
FEMALE,Lekha Sen,574,(405) 555-0101,1968-03-05,(405) 555-0100,lekha@wingtiptoys.com,Lekha,58,2026-05-22 14:06:35.927865,2026-05-22 14:06:35.928547
FEMALE,Gabriela Chirila,575,(701) 555-0101,1955-02-04,(701) 555-0100,gabriela@wingtiptoys.com,Gabriela,71,2026-05-22 14:06:35.927865,2026-05-22 14:06:35.928547
FEMALE,Elina Bite,576,(701) 555-0101,1971-11-28,(701) 555-0100,elina@wingtiptoys.com,Elina,54,2026-05-22 14:06:35.927865,2026-05-22 14:06:35.928547
FEMALE,Nagur Atluri,577,(405) 555-0101,1951-02-04,(405) 555-0100,nagur@wingtiptoys.com,Nagur,75,2026-05-22 14:06:35.927865,2026-05-22 14:06:35.928547
FEMALE,Hanita Kamasamudram,578,(405) 555-0101,1966-09-13,(405) 555-0100,hanita@wingtiptoys.com,Hanita,59,2026-05-22 14:06:35.927865,2026-05-22 14:06:35.928547
FEMALE,Sintja Buecek,579,(210) 555-0101,1989-07-26,(210) 555-0100,sintja@wingtiptoys.com,Sintja,36,2026-05-22 14:06:35.927865,2026-05-22 14:06:35.928547
FEMALE,Esha Singh,580,(210) 555-0101,1995-04-23,(210) 555-0100,esha@wingtiptoys.com,Esha,31,2026-05-22 14:06:35.927865,2026-05-22 14:06:35.928547
FEMALE,Pongrit Srisati,581,(215) 555-0101,1968-01-19,(215) 555-0100,pongrit@wingtiptoys.com,Pongrit,58,2026-05-22 14:06:35.927865,2026-05-22 14:06:35.928547
FEMALE,Hanna Piip,582,(215) 555-0101,1958-10-23,(215) 555-0100,hanna@wingtiptoys.com,Hanna,67,2026-05-22 14:06:35.927865,2026-05-22 14:06:35.928547
FEMALE,Linda Green,583,(218) 555-0101,1990-05-02,(218) 555-0100,linda@wingtiptoys.com,Linda,36,2026-05-22 14:06:35.927865,2026-05-22 14:06:35.928547
FEMALE,Baalamurali Kommineni,584,(218) 555-0101,1998-01-02,(218) 555-0100,baalamurali@wingtiptoys.com,Baalamurali,28,2026-05-22 14:06:35.927865,2026-05-22 14:06:35.928547
FEMALE,Sarmis Skujins,585,(270) 555-0101,1987-12-16,(270) 555-0100,sarmis@wingtiptoys.com,Sarmis,38,2026-05-22 14:06:35.927865,2026-05-22 14:06:35.928547
FEMALE,Amporn Jetjirawat,586,(270) 555-0101,1969-07-23,(270) 555-0100,amporn@wingtiptoys.com,Amporn,56,2026-05-22 14:06:35.927865,2026-05-22 14:06:35.928547
FEMALE,Libuse Srbova,587,(210) 555-0101,1974-12-07,(210) 555-0100,libuse@wingtiptoys.com,Libuse,51,2026-05-22 14:06:35.927865,2026-05-22 14:06:35.928547
FEMALE,Jimme Harmsen,588,(210) 555-0101,1960-08-30,(210) 555-0100,jimme@wingtiptoys.com,Jimme,65,2026-05-22 14:06:35.927865,2026-05-22 14:06:35.928547
FEMALE,Viktorie Stejskalova,589,(209) 555-0101,1990-11-22,(209) 555-0100,viktorie@wingtiptoys.com,Viktorie,35,2026-05-22 14:06:35.927865,2026-05-22 14:06:35.928547
FEMALE,Bishnu Bandopadhyay,590,(209) 555-0101,1995-11-02,(209) 555-0100,bishnu@wingtiptoys.com,Bishnu,30,2026-05-22 14:06:35.927865,2026-05-22 14:06:35.928547
FEMALE,Slavko Pavlovic,591,(209) 555-0101,1977-06-02,(209) 555-0100,slavko@wingtiptoys.com,Slavko,48,2026-05-22 14:06:35.927865,2026-05-22 14:06:35.928547
FEMALE,Malorie Dupuy,592,(209) 555-0101,1977-05-18,(209) 555-0100,malorie@wingtiptoys.com,Malorie,49,2026-05-22 14:06:35.927865,2026-05-22 14:06:35.928547
FEMALE,Doru Munteanu,593,(209) 555-0101,1965-01-15,(209) 555-0100,doru@wingtiptoys.com,Doru,61,2026-05-22 14:06:35.927865,2026-05-22 14:06:35.928547
FEMALE,Ankita Mittal,594,(209) 555-0101,1963-09-19,(209) 555-0100,ankita@wingtiptoys.com,Ankita,62,2026-05-22 14:06:35.927865,2026-05-22 14:06:35.928547
FEMALE,Aile Aasmae,595,(239) 555-0101,1988-09-05,(239) 555-0100,aile@wingtiptoys.com,Aile,37,2026-05-22 14:06:35.927865,2026-05-22 14:06:35.928547
FEMALE,Ezgi Kaya,596,(239) 555-0101,1989-10-18,(239) 555-0100,ezgi@wingtiptoys.com,Ezgi,36,2026-05-22 14:06:35.927865,2026-05-22 14:06:35.928547
FEMALE,Ava Edden,597,(479) 555-0101,1956-03-25,(479) 555-0100,ava@wingtiptoys.com,Ava,70,2026-05-22 14:06:35.927865,2026-05-22 14:06:35.928547
FEMALE,Adirake Narkbunnum,598,(479) 555-0101,1968-12-02,(479) 555-0100,adirake@wingtiptoys.com,Adirake,57,2026-05-22 14:06:35.927865,2026-05-22 14:06:35.928547
FEMALE,Manali Bose,599,(215) 555-0101,1989-04-16,(215) 555-0100,manali@wingtiptoys.com,Manali,37,2026-05-22 14:06:35.927865,2026-05-22 14:06:35.928547
FEMALE,Ji-Min Jun,600,(215) 555-0101,1950-11-06,(215) 555-0100,ji-min@wingtiptoys.com,Ji-min,75,2026-05-22 14:06:35.927865,2026-05-22 14:06:35.928547
FEMALE,Astrid Poisson,601,(228) 555-0101,1974-03-25,(228) 555-0100,astrid@wingtiptoys.com,Astrid,52,2026-05-22 14:06:35.927865,2026-05-22 14:06:35.928547
FEMALE,Timotej Stakne,602,(228) 555-0101,1995-01-11,(228) 555-0100,timotej@wingtiptoys.com,Timotej,31,2026-05-22 14:06:35.927865,2026-05-22 14:06:35.928547
FEMALE,Gi-Suk Heo,603,(215) 555-0101,1977-11-01,(215) 555-0100,gi-suk@wingtiptoys.com,Gi-Suk,48,2026-05-22 14:06:35.927865,2026-05-22 14:06:35.928547
FEMALE,Roman Tomek,604,(215) 555-0101,1980-07-23,(215) 555-0100,roman@wingtiptoys.com,Roman,45,2026-05-22 14:06:35.927865,2026-05-22 14:06:35.928547
FEMALE,Irma Kruze,605,(219) 555-0101,1980-10-06,(219) 555-0100,irma@wingtiptoys.com,Irma,45,2026-05-22 14:06:35.927865,2026-05-22 14:06:35.928547
FEMALE,Věra Stejskalova,606,(219) 555-0101,1965-11-10,(219) 555-0100,vicra@wingtiptoys.com,Věra,60,2026-05-22 14:06:35.927865,2026-05-22 14:06:35.928547
FEMALE,Dhaeraemdranaadh Pamulaparthi,607,(458) 555-0101,1965-02-02,(458) 555-0100,dhaeraemdranaadh@wingtiptoys.com,Dhaeraemdranaadh,61,2026-05-22 14:06:35.927865,2026-05-22 14:06:35.928547
FEMALE,Victoria Brezeanu,608,(458) 555-0101,1994-01-03,(458) 555-0100,victoria@wingtiptoys.com,Victoria,32,2026-05-22 14:06:35.927865,2026-05-22 14:06:35.928547
FEMALE,Agrita Kalnina,609,(314) 555-0101,1968-02-26,(314) 555-0100,agrita@wingtiptoys.com,Agrita,58,2026-05-22 14:06:35.927865,2026-05-22 14:06:35.928547
FEMALE,Burak Ozden,610,(314) 555-0101,1954-02-16,(314) 555-0100,burak@wingtiptoys.com,Burak,72,2026-05-22 14:06:35.927865,2026-05-22 14:06:35.928547
FEMALE,Ravindra Sandhu,611,(212) 555-0101,1992-11-30,(212) 555-0100,ravindra@wingtiptoys.com,Ravindra,33,2026-05-22 14:06:35.927865,2026-05-22 14:06:35.928547
FEMALE,Iulia Nechita,612,(212) 555-0101,1980-08-14,(212) 555-0100,iulia@wingtiptoys.com,Iulia,45,2026-05-22 14:06:35.927865,2026-05-22 14:06:35.928547
FEMALE,Klara Rakus,613,(803) 555-0101,1968-11-18,(803) 555-0100,klara@wingtiptoys.com,Klara,57,2026-05-22 14:06:35.927865,2026-05-22 14:06:35.928547
FEMALE,Razeena Rezaei,614,(803) 555-0101,1970-09-29,(803) 555-0100,razeena@wingtiptoys.com,Razeena,55,2026-05-22 14:06:35.927865,2026-05-22 14:06:35.928547
FEMALE,Am Lo,615,(803) 555-0101,1978-08-14,(803) 555-0100,am@wingtiptoys.com,Am,47,2026-05-22 14:06:35.927865,2026-05-22 14:06:35.928547
FEMALE,Edmee Schol,616,(803) 555-0101,1977-06-28,(803) 555-0100,edmee@wingtiptoys.com,Edmee,48,2026-05-22 14:06:35.927865,2026-05-22 14:06:35.928547
FEMALE,Sophie Van Lier,617,(316) 555-0101,1952-08-12,(316) 555-0100,sophie@wingtiptoys.com,Sophie,73,2026-05-22 14:06:35.927865,2026-05-22 14:06:35.928547
FEMALE,Shiva Nair,618,(316) 555-0101,1976-07-01,(316) 555-0100,shiva@wingtiptoys.com,Shiva,49,2026-05-22 14:06:35.927865,2026-05-22 14:06:35.928547
FEMALE,Dimitry Profis,619,(216) 555-0101,1993-12-30,(216) 555-0100,dimitry@wingtiptoys.com,Dimitry,32,2026-05-22 14:06:35.927865,2026-05-22 14:06:35.928547
FEMALE,Manindra Desai,620,(216) 555-0101,1962-02-06,(216) 555-0100,manindra@wingtiptoys.com,Manindra,64,2026-05-22 14:06:35.927865,2026-05-22 14:06:35.928547
FEMALE,Jan Zeman,621,(215) 555-0101,1967-03-28,(215) 555-0100,jan@wingtiptoys.com,Jan,59,2026-05-22 14:06:35.927865,2026-05-22 14:06:35.928547
FEMALE,Jukka-Pekk Saarijarvi,622,(215) 555-0101,1978-03-11,(215) 555-0100,jukka-pekk@wingtiptoys.com,Jukka-Pekk,48,2026-05-22 14:06:35.927865,2026-05-22 14:06:35.928547
FEMALE,Ranjit Dikshit,623,(787) 555-0101,1972-02-24,(787) 555-0100,ranjit@wingtiptoys.com,Ranjit,54,2026-05-22 14:06:35.927865,2026-05-22 14:06:35.928547
FEMALE,Marek Blaho,624,(787) 555-0101,1975-01-10,(787) 555-0100,marek@wingtiptoys.com,Marek,51,2026-05-22 14:06:35.927865,2026-05-22 14:06:35.928547
FEMALE,Varuna Ganguly,625,(262) 555-0101,1971-09-29,(262) 555-0100,varuna@wingtiptoys.com,Varuna,54,2026-05-22 14:06:35.927865,2026-05-22 14:06:35.928547
FEMALE,Natalia Pokorna,626,(262) 555-0101,1957-03-06,(262) 555-0100,natalia@wingtiptoys.com,Natalia,69,2026-05-22 14:06:35.927865,2026-05-22 14:06:35.928547
FEMALE,Basak Tekin,627,(207) 555-0101,1963-07-05,(207) 555-0100,basak@wingtiptoys.com,Basak,62,2026-05-22 14:06:35.927865,2026-05-22 14:06:35.928547
FEMALE,Nicole Martinez,628,(207) 555-0101,1975-04-08,(207) 555-0100,nicole@wingtiptoys.com,Nicole,51,2026-05-22 14:06:35.927865,2026-05-22 14:06:35.928547
FEMALE,Doru Tirlea,629,(217) 555-0101,1976-02-11,(217) 555-0100,doru@wingtiptoys.com,Doru,50,2026-05-22 14:06:35.927865,2026-05-22 14:06:35.928547
FEMALE,Hema Jujjavarapu,630,(217) 555-0101,1997-03-21,(217) 555-0100,hema@wingtiptoys.com,Hema,29,2026-05-22 14:06:35.927865,2026-05-22 14:06:35.928547
FEMALE,Jessica Perrine,631,(217) 555-0101,1951-04-08,(217) 555-0100,jessica@wingtiptoys.com,Jessica,75,2026-05-22 14:06:35.927865,2026-05-22 14:06:35.928547
FEMALE,Mukta Sarkar,632,(217) 555-0101,1996-07-10,(217) 555-0100,mukta@wingtiptoys.com,Mukta,29,2026-05-22 14:06:35.927865,2026-05-22 14:06:35.928547
FEMALE,Yavuz Cetinkaya,633,(240) 555-0101,1975-10-22,(240) 555-0100,yavuz@wingtiptoys.com,Yavuz,50,2026-05-22 14:06:35.927865,2026-05-22 14:06:35.928547
FEMALE,Jaydeb Ganguly,634,(240) 555-0101,1966-01-09,(240) 555-0100,jaydeb@wingtiptoys.com,Jaydeb,60,2026-05-22 14:06:35.927865,2026-05-22 14:06:35.928547
FEMALE,Sirirat Kongpaisarn,635,(303) 555-0101,1962-11-08,(303) 555-0100,sirirat@wingtiptoys.com,Sirirat,63,2026-05-22 14:06:35.927865,2026-05-22 14:06:35.928547
FEMALE,Himani Sanyal,636,(303) 555-0101,1976-04-05,(303) 555-0100,himani@wingtiptoys.com,Himani,50,2026-05-22 14:06:35.927865,2026-05-22 14:06:35.928547
FEMALE,Claude Bonsaint,637,(215) 555-0101,1993-07-08,(215) 555-0100,claude@wingtiptoys.com,Claude,32,2026-05-22 14:06:35.927865,2026-05-22 14:06:35.928547
FEMALE,Gopal Thakur,638,(215) 555-0101,1992-09-06,(215) 555-0100,gopal@wingtiptoys.com,Gopal,33,2026-05-22 14:06:35.927865,2026-05-22 14:06:35.928547
FEMALE,Roman Pajer,639,(209) 555-0101,1966-01-13,(209) 555-0100,roman@wingtiptoys.com,Roman,60,2026-05-22 14:06:35.927865,2026-05-22 14:06:35.928547
FEMALE,Floris Veenhuizen,640,(209) 555-0101,1988-01-21,(209) 555-0100,floris@wingtiptoys.com,Floris,38,2026-05-22 14:06:35.927865,2026-05-22 14:06:35.928547
FEMALE,Vitezslav Holy,641,(803) 555-0101,1961-10-27,(803) 555-0100,vitezslav@wingtiptoys.com,Vitezslav,64,2026-05-22 14:06:35.927865,2026-05-22 14:06:35.928547
FEMALE,Paul Valbe,642,(803) 555-0101,1969-10-02,(803) 555-0100,paul@wingtiptoys.com,Paul,56,2026-05-22 14:06:35.927865,2026-05-22 14:06:35.928547
FEMALE,Devi Dewangan,643,(216) 555-0101,1974-08-24,(216) 555-0100,devi@wingtiptoys.com,Devi,51,2026-05-22 14:06:35.927865,2026-05-22 14:06:35.928547
FEMALE,William Bordelon,644,(216) 555-0101,1963-11-07,(216) 555-0100,william@wingtiptoys.com,William,62,2026-05-22 14:06:35.927865,2026-05-22 14:06:35.928547
FEMALE,Masa Buecek,645,(216) 555-0101,1981-02-16,(216) 555-0100,masa@wingtiptoys.com,Masa,45,2026-05-22 14:06:35.927865,2026-05-22 14:06:35.928547
FEMALE,Nguyet Trang,646,(216) 555-0101,1972-12-18,(216) 555-0100,nguyet@wingtiptoys.com,Nguyet,53,2026-05-22 14:06:35.927865,2026-05-22 14:06:35.928547
FEMALE,Bipin Modi,647,(423) 555-0101,1950-01-07,(423) 555-0100,bipin@wingtiptoys.com,Bipin,76,2026-05-22 14:06:35.927865,2026-05-22 14:06:35.928547
FEMALE,Dattaatraeya Vangapandu,648,(423) 555-0101,1955-07-09,(423) 555-0100,dattaatraeya@wingtiptoys.com,Dattaatraeya,70,2026-05-22 14:06:35.927865,2026-05-22 14:06:35.928547
FEMALE,Rahul Sarma,649,(802) 555-0101,1986-03-19,(802) 555-0100,rahul@wingtiptoys.com,Rahul,40,2026-05-22 14:06:35.927865,2026-05-22 14:06:35.928547
FEMALE,Deeba Hemmati,650,(802) 555-0101,1954-04-07,(802) 555-0100,deeba@wingtiptoys.com,Deeba,72,2026-05-22 14:06:35.927865,2026-05-22 14:06:35.928547
FEMALE,Alejandro Escobar,651,(218) 555-0101,1971-07-02,(218) 555-0100,alejandro@wingtiptoys.com,Alejandro,54,2026-05-22 14:06:35.927865,2026-05-22 14:06:35.928547
FEMALE,Milada Hadrabova,652,(218) 555-0101,1972-08-24,(218) 555-0100,milada@wingtiptoys.com,Milada,53,2026-05-22 14:06:35.927865,2026-05-22 14:06:35.928547
FEMALE,Andris Vitols,653,(252) 555-0101,1953-12-13,(252) 555-0100,andris@wingtiptoys.com,Andris,72,2026-05-22 14:06:35.927865,2026-05-22 14:06:35.928547
FEMALE,Lana Larsson,654,(252) 555-0101,1966-02-20,(252) 555-0100,lana@wingtiptoys.com,Lana,60,2026-05-22 14:06:35.927865,2026-05-22 14:06:35.928547
FEMALE,Mariela Weitzer,655,(207) 555-0101,1981-10-15,(207) 555-0100,mariela@wingtiptoys.com,Mariela,44,2026-05-22 14:06:35.927865,2026-05-22 14:06:35.928547
FEMALE,David Lanctot,656,(207) 555-0101,1952-12-15,(207) 555-0100,david@wingtiptoys.com,David,73,2026-05-22 14:06:35.927865,2026-05-22 14:06:35.928547
FEMALE,Alain Pelland,657,(303) 555-0101,1981-04-23,(303) 555-0100,alain@wingtiptoys.com,Alain,45,2026-05-22 14:06:35.927865,2026-05-22 14:06:35.928547
FEMALE,Ik-Soo Jo,658,(303) 555-0101,1986-10-09,(303) 555-0100,ik-soo@wingtiptoys.com,Ik-Soo,39,2026-05-22 14:06:35.927865,2026-05-22 14:06:35.928547
FEMALE,Milica Stojkovic,659,(201) 555-0101,1973-07-19,(201) 555-0100,milica@wingtiptoys.com,Milica,52,2026-05-22 14:06:35.927865,2026-05-22 14:06:35.928547
FEMALE,Teemu Yli-Sirnio,660,(201) 555-0101,1962-02-17,(201) 555-0100,teemu@wingtiptoys.com,Teemu,64,2026-05-22 14:06:35.927865,2026-05-22 14:06:35.928547
FEMALE,Natalie Horackova,661,(215) 555-0101,1951-02-28,(215) 555-0100,natalie@wingtiptoys.com,Natalie,75,2026-05-22 14:06:35.927865,2026-05-22 14:06:35.928547
FEMALE,Francesca Greece,662,(215) 555-0101,1976-06-28,(215) 555-0100,francesca@wingtiptoys.com,Francesca,49,2026-05-22 14:06:35.927865,2026-05-22 14:06:35.928547
FEMALE,Baalaaditya Rallapalli,663,(314) 555-0101,1971-07-26,(314) 555-0100,baalaaditya@wingtiptoys.com,Baalaaditya,54,2026-05-22 14:06:35.927865,2026-05-22 14:06:35.928547
FEMALE,Antonin Holy,664,(314) 555-0101,1950-09-18,(314) 555-0100,antonin@wingtiptoys.com,Antonin,75,2026-05-22 14:06:35.927865,2026-05-22 14:06:35.928547
FEMALE,Matej Formanek,665,(303) 555-0101,1980-02-05,(303) 555-0100,matej@wingtiptoys.com,Matej,46,2026-05-22 14:06:35.927865,2026-05-22 14:06:35.928547
FEMALE,Mary Eder,666,(303) 555-0101,1974-01-10,(303) 555-0100,mary@wingtiptoys.com,Mary,52,2026-05-22 14:06:35.927865,2026-05-22 14:06:35.928547
FEMALE,Manish Ghosh,667,(219) 555-0101,1996-08-15,(219) 555-0100,manish@wingtiptoys.com,Manish,29,2026-05-22 14:06:35.927865,2026-05-22 14:06:35.928547
FEMALE,Anish Naidu,668,(219) 555-0101,1960-12-16,(219) 555-0100,anish@wingtiptoys.com,Anish,65,2026-05-22 14:06:35.927865,2026-05-22 14:06:35.928547
FEMALE,Pracha Nantakarn,669,(231) 555-0101,1982-08-15,(231) 555-0100,pracha@wingtiptoys.com,Pracha,43,2026-05-22 14:06:35.927865,2026-05-22 14:06:35.928547
FEMALE,Malee Charoenkul,670,(231) 555-0101,1979-04-12,(231) 555-0100,malee@wingtiptoys.com,Malee,47,2026-05-22 14:06:35.927865,2026-05-22 14:06:35.928547
FEMALE,Charline Flamand,671,(605) 555-0101,1977-05-23,(605) 555-0100,charline@wingtiptoys.com,Charline,48,2026-05-22 14:06:35.927865,2026-05-22 14:06:35.928547
FEMALE,Dhavala Alladi,672,(605) 555-0101,1953-09-04,(605) 555-0100,dhavala@wingtiptoys.com,Dhavala,72,2026-05-22 14:06:35.927865,2026-05-22 14:06:35.928547
FEMALE,Teodor Vlad,673,(219) 555-0101,1962-09-06,(219) 555-0100,teodor@wingtiptoys.com,Teodor,63,2026-05-22 14:06:35.927865,2026-05-22 14:06:35.928547
FEMALE,Peeter Keskula,674,(219) 555-0101,1972-04-30,(219) 555-0100,peeter@wingtiptoys.com,Peeter,54,2026-05-22 14:06:35.927865,2026-05-22 14:06:35.928547
FEMALE,Anda Liepa,675,(603) 555-0101,1985-07-30,(603) 555-0100,anda@wingtiptoys.com,Anda,40,2026-05-22 14:06:35.927865,2026-05-22 14:06:35.928547
FEMALE,Deakshitulu Paruchuri,676,(603) 555-0101,1960-07-01,(603) 555-0100,deakshitulu@wingtiptoys.com,Deakshitulu,65,2026-05-22 14:06:35.927865,2026-05-22 14:06:35.928547
FEMALE,Jelena Utjesenovic,677,(210) 555-0101,1964-02-07,(210) 555-0100,jelena@wingtiptoys.com,Jelena,62,2026-05-22 14:06:35.927865,2026-05-22 14:06:35.928547
FEMALE,Debbie Clark,678,(210) 555-0101,1971-10-31,(210) 555-0100,debbie@wingtiptoys.com,Debbie,54,2026-05-22 14:06:35.927865,2026-05-22 14:06:35.928547
FEMALE,Adriana Horackova,679,(252) 555-0101,1998-03-24,(252) 555-0100,adriana@wingtiptoys.com,Adriana,28,2026-05-22 14:06:35.927865,2026-05-22 14:06:35.928547
FEMALE,Suniti Bhat,680,(252) 555-0101,1987-05-11,(252) 555-0100,suniti@wingtiptoys.com,Suniti,39,2026-05-22 14:06:35.927865,2026-05-22 14:06:35.928547
FEMALE,Miika Putkonen,681,(314) 555-0101,1956-05-21,(314) 555-0100,miika@wingtiptoys.com,Miika,70,2026-05-22 14:06:35.927865,2026-05-22 14:06:35.928547
FEMALE,Jose Williams,682,(314) 555-0101,1966-05-22,(314) 555-0100,jose@wingtiptoys.com,Jose,60,2026-05-22 14:06:35.927865,2026-05-22 14:06:35.928547
FEMALE,Padma Iyer,683,(505) 555-0101,1990-06-09,(505) 555-0100,padma@wingtiptoys.com,Padma,35,2026-05-22 14:06:35.927865,2026-05-22 14:06:35.928547
FEMALE,Cai Cao,684,(505) 555-0101,1957-05-30,(505) 555-0100,cai@wingtiptoys.com,Cai,68,2026-05-22 14:06:35.927865,2026-05-22 14:06:35.928547
FEMALE,Śani Sen,685,(405) 555-0101,1979-09-03,(405) 555-0100,aani@wingtiptoys.com,Śani,46,2026-05-22 14:06:35.927865,2026-05-22 14:06:35.928547
FEMALE,Ngu Hoa,686,(405) 555-0101,1975-10-06,(405) 555-0100,ngu@wingtiptoys.com,Ngu,50,2026-05-22 14:06:35.927865,2026-05-22 14:06:35.928547
FEMALE,Helene Dupuy,687,(270) 555-0101,1971-05-02,(270) 555-0100,helene@wingtiptoys.com,Helene,55,2026-05-22 14:06:35.927865,2026-05-22 14:06:35.928547
FEMALE,Antonio Trentini,688,(270) 555-0101,1994-02-06,(270) 555-0100,antonio@wingtiptoys.com,Antonio,32,2026-05-22 14:06:35.927865,2026-05-22 14:06:35.928547
FEMALE,Omer Ozbek,689,(205) 555-0101,1985-01-10,(205) 555-0100,omer@wingtiptoys.com,omer,41,2026-05-22 14:06:35.927865,2026-05-22 14:06:35.928547
FEMALE,Andrei Bratianu,690,(205) 555-0101,1985-06-07,(205) 555-0100,andrei@wingtiptoys.com,Andrei,40,2026-05-22 14:06:35.927865,2026-05-22 14:06:35.928547
FEMALE,Akshayakeerti Jandhyala,691,(240) 555-0101,1996-10-22,(240) 555-0100,akshayakeerti@wingtiptoys.com,Akshayakeerti,29,2026-05-22 14:06:35.927865,2026-05-22 14:06:35.928547
FEMALE,Tereza Stolinova,692,(240) 555-0101,1970-02-01,(240) 555-0100,tereza@wingtiptoys.com,Tereza,56,2026-05-22 14:06:35.927865,2026-05-22 14:06:35.928547
FEMALE,Ankolika Sen,693,(304) 555-0101,1958-02-20,(304) 555-0100,ankolika@wingtiptoys.com,Ankolika,68,2026-05-22 14:06:35.927865,2026-05-22 14:06:35.928547
FEMALE,Kristophe  Couet,694,(304) 555-0101,1997-04-14,(304) 555-0100,kristophe @wingtiptoys.com,Kristophe ,29,2026-05-22 14:06:35.927865,2026-05-22 14:06:35.928547
FEMALE,Baalaamani Veturi,695,(218) 555-0101,1976-12-15,(218) 555-0100,baalaamani@wingtiptoys.com,Baalaamani,49,2026-05-22 14:06:35.927865,2026-05-22 14:06:35.928547
FEMALE,Gustav Korjus,696,(218) 555-0101,1971-03-03,(218) 555-0100,gustav@wingtiptoys.com,Gustav,55,2026-05-22 14:06:35.927865,2026-05-22 14:06:35.928547
FEMALE,Julia Konecna,697,(314) 555-0101,1958-08-22,(314) 555-0100,julia@wingtiptoys.com,Julia,67,2026-05-22 14:06:35.927865,2026-05-22 14:06:35.928547
FEMALE,Birgit Saar,698,(314) 555-0101,1979-07-19,(314) 555-0100,birgit@wingtiptoys.com,Birgit,46,2026-05-22 14:06:35.927865,2026-05-22 14:06:35.928547
FEMALE,Madelaine  Paulet,699,(212) 555-0101,1992-05-21,(212) 555-0100,madelaine @wingtiptoys.com,Madelaine ,34,2026-05-22 14:06:35.927865,2026-05-22 14:06:35.928547
FEMALE,Arundhati Bhowmick,700,(212) 555-0101,1980-11-30,(212) 555-0100,arundhati@wingtiptoys.com,Arundhati,45,2026-05-22 14:06:35.927865,2026-05-22 14:06:35.928547
FEMALE,Mario Jogi,701,(212) 555-0101,1970-06-24,(212) 555-0100,mario@wingtiptoys.com,Mario,55,2026-05-22 14:06:35.927865,2026-05-22 14:06:35.928547
FEMALE,Martina Omelkova,702,(212) 555-0101,1989-09-09,(212) 555-0100,martina@wingtiptoys.com,Martina,36,2026-05-22 14:06:35.927865,2026-05-22 14:06:35.928547
FEMALE,Kaya Ozbek,703,(276) 555-0101,1981-09-25,(276) 555-0100,kaya@wingtiptoys.com,Kaya,44,2026-05-22 14:06:35.927865,2026-05-22 14:06:35.928547
FEMALE,Lan Klanjcar,704,(276) 555-0101,1965-04-06,(276) 555-0100,lan@wingtiptoys.com,Lan,61,2026-05-22 14:06:35.927865,2026-05-22 14:06:35.928547
FEMALE,Seo-Yeon Rim,705,(229) 555-0101,1972-05-09,(229) 555-0100,seo-yeon@wingtiptoys.com,Seo-yeon,54,2026-05-22 14:06:35.927865,2026-05-22 14:06:35.928547
FEMALE,Giovanna Araujo,706,(229) 555-0101,1980-09-14,(229) 555-0100,giovanna@wingtiptoys.com,Giovanna,45,2026-05-22 14:06:35.927865,2026-05-22 14:06:35.928547
FEMALE,Sitara Benjaree,707,(210) 555-0101,1976-08-20,(210) 555-0100,sitara@wingtiptoys.com,Sitara,49,2026-05-22 14:06:35.927865,2026-05-22 14:06:35.928547
FEMALE,Roberts Sprogis,708,(210) 555-0101,1960-10-15,(210) 555-0100,roberts@wingtiptoys.com,Roberts,65,2026-05-22 14:06:35.927865,2026-05-22 14:06:35.928547
FEMALE,Javier Caraballo,709,(231) 555-0101,1977-09-23,(231) 555-0100,javier@wingtiptoys.com,Javier,48,2026-05-22 14:06:35.927865,2026-05-22 14:06:35.928547
FEMALE,Coralie Brasseur,710,(231) 555-0101,1984-09-01,(231) 555-0100,coralie@wingtiptoys.com,Coralie,41,2026-05-22 14:06:35.927865,2026-05-22 14:06:35.928547
FEMALE,Akhtar Shahrestaani,711,(229) 555-0101,1967-01-07,(229) 555-0100,akhtar@wingtiptoys.com,Akhtar,59,2026-05-22 14:06:35.927865,2026-05-22 14:06:35.928547
FEMALE,Priya Joshi,712,(229) 555-0101,1976-02-29,(229) 555-0100,priya@wingtiptoys.com,Priya,50,2026-05-22 14:06:35.927865,2026-05-22 14:06:35.928547
FEMALE,Vanita Bhowmick,713,(405) 555-0101,1950-08-24,(405) 555-0100,vanita@wingtiptoys.com,Vanita,75,2026-05-22 14:06:35.927865,2026-05-22 14:06:35.928547
FEMALE,Bruna Cavalcante,714,(405) 555-0101,1979-06-09,(405) 555-0100,bruna@wingtiptoys.com,Bruna,46,2026-05-22 14:06:35.927865,2026-05-22 14:06:35.928547
FEMALE,Nishant Menon,715,(225) 555-0101,1959-05-03,(225) 555-0100,nishant@wingtiptoys.com,Nishant,67,2026-05-22 14:06:35.927865,2026-05-22 14:06:35.928547
FEMALE,Ratnam Singh,716,(225) 555-0101,1961-01-08,(225) 555-0100,ratnam@wingtiptoys.com,Ratnam,65,2026-05-22 14:06:35.927865,2026-05-22 14:06:35.928547
FEMALE,Josef Benda,717,(304) 555-0101,1997-06-28,(304) 555-0100,josef@wingtiptoys.com,Josef,28,2026-05-22 14:06:35.927865,2026-05-22 14:06:35.928547
FEMALE,Trishna Benipal,718,(304) 555-0101,1974-08-12,(304) 555-0100,trishna@wingtiptoys.com,Trishna,51,2026-05-22 14:06:35.927865,2026-05-22 14:06:35.928547
FEMALE,Teresa Bender,719,(605) 555-0101,1953-08-03,(605) 555-0100,teresa@wingtiptoys.com,Teresa,72,2026-05-22 14:06:35.927865,2026-05-22 14:06:35.928547
FEMALE,Diego Buccho,720,(605) 555-0101,1958-01-17,(605) 555-0100,diego@wingtiptoys.com,Diego,68,2026-05-22 14:06:35.927865,2026-05-22 14:06:35.928547
FEMALE,Deepesh Bose,721,(907) 555-0101,1964-11-30,(907) 555-0100,deepesh@wingtiptoys.com,Deepesh,61,2026-05-22 14:06:35.927865,2026-05-22 14:06:35.928547
FEMALE,Ambareesh Madhunapantula,722,(907) 555-0101,1997-01-26,(907) 555-0100,ambareesh@wingtiptoys.com,Ambareesh,29,2026-05-22 14:06:35.927865,2026-05-22 14:06:35.928547
FEMALE,Madhavi Gupta,723,(228) 555-0101,1967-02-09,(228) 555-0100,madhavi@wingtiptoys.com,Madhavi,59,2026-05-22 14:06:35.927865,2026-05-22 14:06:35.928547
FEMALE,Indu Chowdary,724,(228) 555-0101,1996-06-02,(228) 555-0100,indu@wingtiptoys.com,Indu,29,2026-05-22 14:06:35.927865,2026-05-22 14:06:35.928547
FEMALE,Bich Banh,725,(215) 555-0101,1957-08-09,(215) 555-0100,bich@wingtiptoys.com,Bich,68,2026-05-22 14:06:35.927865,2026-05-22 14:06:35.928547
FEMALE,Lennart Kask,726,(215) 555-0101,1954-02-06,(215) 555-0100,lennart@wingtiptoys.com,Lennart,72,2026-05-22 14:06:35.927865,2026-05-22 14:06:35.928547
FEMALE,Śani Nair,727,(207) 555-0101,1960-04-06,(207) 555-0100,aaani@wingtiptoys.com,Śani,66,2026-05-22 14:06:35.927865,2026-05-22 14:06:35.928547
FEMALE,Cuc Tu,728,(207) 555-0101,1964-01-09,(207) 555-0100,cuc@wingtiptoys.com,Cuc,62,2026-05-22 14:06:35.927865,2026-05-22 14:06:35.928547
FEMALE,Angelina Gormanston,729,(201) 555-0101,1951-06-24,(201) 555-0100,angelina@wingtiptoys.com,Angelina,74,2026-05-22 14:06:35.927865,2026-05-22 14:06:35.928547
FEMALE,Prasanna Shetty,730,(201) 555-0101,1996-12-15,(201) 555-0100,prasanna@wingtiptoys.com,Prasanna,29,2026-05-22 14:06:35.927865,2026-05-22 14:06:35.928547
FEMALE,Prasert Supitayaporn,731,(219) 555-0101,1975-01-19,(219) 555-0100,prasert@wingtiptoys.com,Prasert,51,2026-05-22 14:06:35.927865,2026-05-22 14:06:35.928547
FEMALE,Gulzar Parkar,732,(219) 555-0101,1995-06-25,(219) 555-0100,gulzar@wingtiptoys.com,Gulzar,30,2026-05-22 14:06:35.927865,2026-05-22 14:06:35.928547
FEMALE,Abhaya Rambhatla,733,(231) 555-0101,1978-01-12,(231) 555-0100,abhaya@wingtiptoys.com,Abhaya,48,2026-05-22 14:06:35.927865,2026-05-22 14:06:35.928547
FEMALE,Naveed Alizadeh,734,(231) 555-0101,1976-01-23,(231) 555-0100,naveed@wingtiptoys.com,Naveed,50,2026-05-22 14:06:35.927865,2026-05-22 14:06:35.928547
FEMALE,Lalit Ogra,735,(205) 555-0101,1971-04-26,(205) 555-0100,lalit@wingtiptoys.com,Lalit,55,2026-05-22 14:06:35.927865,2026-05-22 14:06:35.928547
FEMALE,Badanika Vankayala,736,(205) 555-0101,1975-04-25,(205) 555-0100,badanika@wingtiptoys.com,Badanika,51,2026-05-22 14:06:35.927865,2026-05-22 14:06:35.928547
FEMALE,Mina Bagheri,737,(319) 555-0101,1972-06-05,(319) 555-0100,mina@wingtiptoys.com,Mina,53,2026-05-22 14:06:35.927865,2026-05-22 14:06:35.928547
FEMALE,Lien Lo,738,(319) 555-0101,1975-04-06,(319) 555-0100,lien@wingtiptoys.com,Lien,51,2026-05-22 14:06:35.927865,2026-05-22 14:06:35.928547
FEMALE,Debraj Sanyal,739,(239) 555-0101,1991-11-16,(239) 555-0100,debraj@wingtiptoys.com,Debraj,34,2026-05-22 14:06:35.927865,2026-05-22 14:06:35.928547
FEMALE,Tara Klancisar,740,(239) 555-0101,1955-05-15,(239) 555-0100,tara@wingtiptoys.com,Tara,71,2026-05-22 14:06:35.927865,2026-05-22 14:06:35.928547
FEMALE,Marco Costa,741,(701) 555-0101,1973-06-01,(701) 555-0100,marco@wingtiptoys.com,Marco,52,2026-05-22 14:06:35.927865,2026-05-22 14:06:35.928547
FEMALE,Alessandra Gallo,742,(701) 555-0101,1952-04-03,(701) 555-0100,alessandra@wingtiptoys.com,Alessandra,74,2026-05-22 14:06:35.927865,2026-05-22 14:06:35.928547
FEMALE,Crina Nechita,743,(217) 555-0101,1995-03-14,(217) 555-0100,crina@wingtiptoys.com,Crina,31,2026-05-22 14:06:35.927865,2026-05-22 14:06:35.928547
FEMALE,Yi Min Zhong,744,(217) 555-0101,1959-04-28,(217) 555-0100,yi min@wingtiptoys.com,Yi Min,67,2026-05-22 14:06:35.927865,2026-05-22 14:06:35.928547
FEMALE,Zala Ibrahimagic,745,(212) 555-0101,1971-06-20,(212) 555-0100,zala@wingtiptoys.com,Zala,54,2026-05-22 14:06:35.927865,2026-05-22 14:06:35.928547
FEMALE,Wander Ellenbroek,746,(212) 555-0101,1962-05-28,(212) 555-0100,wander@wingtiptoys.com,Wander,63,2026-05-22 14:06:35.927865,2026-05-22 14:06:35.928547
FEMALE,Gundega Kundzina,747,(479) 555-0101,1965-07-31,(479) 555-0100,gundega@wingtiptoys.com,Gundega,60,2026-05-22 14:06:35.927865,2026-05-22 14:06:35.928547
FEMALE,Damyanti Byrraju,748,(479) 555-0101,1967-10-10,(479) 555-0100,damyanti@wingtiptoys.com,Damyanti,58,2026-05-22 14:06:35.927865,2026-05-22 14:06:35.928547
FEMALE,Parveen Haldar,749,(219) 555-0101,1972-08-09,(219) 555-0100,parveen@wingtiptoys.com,Parveen,53,2026-05-22 14:06:35.927865,2026-05-22 14:06:35.928547
FEMALE,Chau Chu,750,(219) 555-0101,1978-05-08,(219) 555-0100,chau@wingtiptoys.com,Chau,48,2026-05-22 14:06:35.927865,2026-05-22 14:06:35.928547
FEMALE,Noel Cartier,751,(215) 555-0101,1996-06-05,(215) 555-0100,noel@wingtiptoys.com,Noel,29,2026-05-22 14:06:35.927865,2026-05-22 14:06:35.928547
FEMALE,Aet Kasesalu,752,(215) 555-0101,1993-06-02,(215) 555-0100,aet@wingtiptoys.com,Aet,32,2026-05-22 14:06:35.927865,2026-05-22 14:06:35.928547
FEMALE,Ilgonis Dzenis,753,(210) 555-0101,1989-07-26,(210) 555-0100,ilgonis@wingtiptoys.com,Ilgonis,36,2026-05-22 14:06:35.927865,2026-05-22 14:06:35.928547
FEMALE,Emine Gungor,754,(210) 555-0101,1976-05-08,(210) 555-0100,emine@wingtiptoys.com,Emine,50,2026-05-22 14:06:35.927865,2026-05-22 14:06:35.928547
FEMALE,Ondrej Tomek,755,(219) 555-0101,1986-07-07,(219) 555-0100,ondrej@wingtiptoys.com,Ondrej,39,2026-05-22 14:06:35.927865,2026-05-22 14:06:35.928547
FEMALE,Ngon Ta,756,(219) 555-0101,1962-09-12,(219) 555-0100,ngon@wingtiptoys.com,Ngon,63,2026-05-22 14:06:35.927865,2026-05-22 14:06:35.928547
FEMALE,Mohini Kaul,757,(240) 555-0101,1951-09-22,(240) 555-0100,mohini@wingtiptoys.com,Mohini,74,2026-05-22 14:06:35.927865,2026-05-22 14:06:35.928547
FEMALE,Alejandro Baeza,758,(240) 555-0101,1951-12-27,(240) 555-0100,alejandro@wingtiptoys.com,Alejandro,74,2026-05-22 14:06:35.927865,2026-05-22 14:06:35.928547
FEMALE,Arnab Malakar,759,(210) 555-0101,1997-02-14,(210) 555-0100,arnab@wingtiptoys.com,Arnab,29,2026-05-22 14:06:35.927865,2026-05-22 14:06:35.928547
FEMALE,Anupam Majumdar,760,(210) 555-0101,1991-11-25,(210) 555-0100,anupam@wingtiptoys.com,Anupam,34,2026-05-22 14:06:35.927865,2026-05-22 14:06:35.928547
FEMALE,Mary Barney,761,(505) 555-0101,1986-02-23,(505) 555-0100,mary@wingtiptoys.com,Mary,40,2026-05-22 14:06:35.927865,2026-05-22 14:06:35.928547
FEMALE,Amit Ghatak,762,(505) 555-0101,1987-06-23,(505) 555-0100,amit@wingtiptoys.com,Amit,38,2026-05-22 14:06:35.927865,2026-05-22 14:06:35.928547
FEMALE,Dhaeraemdranaadh Allu,763,(216) 555-0101,1990-09-04,(216) 555-0100,dhaeraemdranaadh@wingtiptoys.com,Dhaeraemdranaadh,35,2026-05-22 14:06:35.927865,2026-05-22 14:06:35.928547
FEMALE,Abel Pirvu,764,(216) 555-0101,1974-03-05,(216) 555-0100,abel@wingtiptoys.com,Abel,52,2026-05-22 14:06:35.927865,2026-05-22 14:06:35.928547
FEMALE,Paola Greece,765,(210) 555-0101,1967-09-22,(210) 555-0100,paola@wingtiptoys.com,Paola,58,2026-05-22 14:06:35.927865,2026-05-22 14:06:35.928547
FEMALE,Izabella Baltina,766,(210) 555-0101,1957-05-26,(210) 555-0100,izabella@wingtiptoys.com,Izabella,68,2026-05-22 14:06:35.927865,2026-05-22 14:06:35.928547
FEMALE,Flora Olofsson,767,(787) 555-0101,1974-03-24,(787) 555-0100,flora@wingtiptoys.com,Flora,52,2026-05-22 14:06:35.927865,2026-05-22 14:06:35.928547
FEMALE,Vitezslav Drdla,768,(787) 555-0101,1994-12-05,(787) 555-0100,vitezslav@wingtiptoys.com,Vitezslav,31,2026-05-22 14:06:35.927865,2026-05-22 14:06:35.928547
FEMALE,Nguyet Bach,769,(205) 555-0101,1969-01-09,(205) 555-0100,nguyet@wingtiptoys.com,Nguyet,57,2026-05-22 14:06:35.927865,2026-05-22 14:06:35.928547
FEMALE,Ratnam Sidhu,770,(205) 555-0101,1993-04-29,(205) 555-0100,ratnam@wingtiptoys.com,Ratnam,33,2026-05-22 14:06:35.927865,2026-05-22 14:06:35.928547
FEMALE,Jyoti Karnik,771,(803) 555-0101,1972-07-25,(803) 555-0100,jyoti@wingtiptoys.com,Jyoti,53,2026-05-22 14:06:35.927865,2026-05-22 14:06:35.928547
FEMALE,Dattu Gummadi,772,(803) 555-0101,1954-12-06,(803) 555-0100,dattu@wingtiptoys.com,Dattu,71,2026-05-22 14:06:35.927865,2026-05-22 14:06:35.928547
FEMALE,Samuel Almaraz,773,(458) 555-0101,1986-10-16,(458) 555-0100,samuel@wingtiptoys.com,Samuel,39,2026-05-22 14:06:35.927865,2026-05-22 14:06:35.928547
FEMALE,Filip Bunderla,774,(458) 555-0101,1959-05-29,(458) 555-0100,filip@wingtiptoys.com,Filip,66,2026-05-22 14:06:35.927865,2026-05-22 14:06:35.928547
FEMALE,Zuzana Kuchtova,775,(262) 555-0101,1976-04-09,(262) 555-0100,zuzana@wingtiptoys.com,Zuzana,50,2026-05-22 14:06:35.927865,2026-05-22 14:06:35.928547
FEMALE,Elias Niemi,776,(262) 555-0101,1973-01-11,(262) 555-0100,elias@wingtiptoys.com,Elias,53,2026-05-22 14:06:35.927865,2026-05-22 14:06:35.928547
FEMALE,Mark Ruutel,777,(307) 555-0101,1972-05-19,(307) 555-0100,mark@wingtiptoys.com,Mark,54,2026-05-22 14:06:35.927865,2026-05-22 14:06:35.928547
FEMALE,Carla Osorio,778,(307) 555-0101,1953-10-01,(307) 555-0100,carla@wingtiptoys.com,Carla,72,2026-05-22 14:06:35.927865,2026-05-22 14:06:35.928547
FEMALE,Corneliu Vladu,779,(480) 555-0101,1974-11-12,(480) 555-0100,corneliu@wingtiptoys.com,Corneliu,51,2026-05-22 14:06:35.927865,2026-05-22 14:06:35.928547
FEMALE,Ivo Valek,780,(480) 555-0101,1978-01-27,(480) 555-0100,ivo@wingtiptoys.com,Ivo,48,2026-05-22 14:06:35.927865,2026-05-22 14:06:35.928547
FEMALE,Severins Polis,781,(216) 555-0101,1970-02-01,(216) 555-0100,severins@wingtiptoys.com,Severins,56,2026-05-22 14:06:35.927865,2026-05-22 14:06:35.928547
FEMALE,Chandran Bhattacharya,782,(216) 555-0101,1957-04-24,(216) 555-0100,chandran@wingtiptoys.com,Chandran,69,2026-05-22 14:06:35.927865,2026-05-22 14:06:35.928547
FEMALE,Linda Ledezma,783,(210) 555-0101,1971-03-20,(210) 555-0100,linda@wingtiptoys.com,Linda,55,2026-05-22 14:06:35.927865,2026-05-22 14:06:35.928547
FEMALE,Zbynek Vacha,784,(210) 555-0101,1954-07-29,(210) 555-0100,zbynek@wingtiptoys.com,Zbynek,71,2026-05-22 14:06:35.927865,2026-05-22 14:06:35.928547
FEMALE,Halit Gunes,785,(239) 555-0101,1954-05-26,(239) 555-0100,halit@wingtiptoys.com,Halit,71,2026-05-22 14:06:35.927865,2026-05-22 14:06:35.928547
FEMALE,Indu Nambiar,786,(239) 555-0101,1977-11-01,(239) 555-0100,indu@wingtiptoys.com,Indu,48,2026-05-22 14:06:35.927865,2026-05-22 14:06:35.928547
FEMALE,Vallo Vesik,787,(205) 555-0101,1997-10-23,(205) 555-0100,vallo@wingtiptoys.com,Vallo,28,2026-05-22 14:06:35.927865,2026-05-22 14:06:35.928547
FEMALE,Dayaram Raut,788,(205) 555-0101,1980-12-01,(205) 555-0100,dayaram@wingtiptoys.com,Dayaram,45,2026-05-22 14:06:35.927865,2026-05-22 14:06:35.928547
FEMALE,Dana Mrazova,789,(802) 555-0101,1964-08-16,(802) 555-0100,dana@wingtiptoys.com,Dana,61,2026-05-22 14:06:35.927865,2026-05-22 14:06:35.928547
FEMALE,Saraswati Beniwal,790,(802) 555-0101,1976-03-18,(802) 555-0100,saraswati@wingtiptoys.com,Saraswati,50,2026-05-22 14:06:35.927865,2026-05-22 14:06:35.928547
FEMALE,Ema Slosar,791,(215) 555-0101,1961-06-11,(215) 555-0100,ema@wingtiptoys.com,Ema,64,2026-05-22 14:06:35.927865,2026-05-22 14:06:35.928547
FEMALE,Arto Heikkinen,792,(215) 555-0101,1983-01-15,(215) 555-0100,arto@wingtiptoys.com,Arto,43,2026-05-22 14:06:35.927865,2026-05-22 14:06:35.928547
FEMALE,Hemchandra Debnath,793,(209) 555-0101,1954-06-01,(209) 555-0100,hemchandra@wingtiptoys.com,Hemchandra,71,2026-05-22 14:06:35.927865,2026-05-22 14:06:35.928547
FEMALE,Bala Ogra,794,(209) 555-0101,1986-05-31,(209) 555-0100,bala@wingtiptoys.com,Bala,39,2026-05-22 14:06:35.927865,2026-05-22 14:06:35.928547
FEMALE,Monika Valentova,795,(458) 555-0101,1961-12-02,(458) 555-0100,monika@wingtiptoys.com,Monika,64,2026-05-22 14:06:35.927865,2026-05-22 14:06:35.928547
FEMALE,Anuj Sonkar,796,(458) 555-0101,1983-02-16,(458) 555-0100,anuj@wingtiptoys.com,Anuj,43,2026-05-22 14:06:35.927865,2026-05-22 14:06:35.928547
FEMALE,Dattaatraeya Tottempudi,797,(212) 555-0101,1970-08-07,(212) 555-0100,dattaatraeya@wingtiptoys.com,Dattaatraeya,55,2026-05-22 14:06:35.927865,2026-05-22 14:06:35.928547
FEMALE,Emilia Samaniego,798,(212) 555-0101,1967-12-04,(212) 555-0100,emilia@wingtiptoys.com,Emilia,58,2026-05-22 14:06:35.927865,2026-05-22 14:06:35.928547
FEMALE,Kahkushan Shakiba,799,(217) 555-0101,1996-06-25,(217) 555-0100,kahkushan@wingtiptoys.com,Kahkushan,29,2026-05-22 14:06:35.927865,2026-05-22 14:06:35.928547
FEMALE,Lindsey Allen,800,(217) 555-0101,1975-12-20,(217) 555-0100,lindseya@contosomotors.com,Lindsey,50,2026-05-22 14:06:35.927865,2026-05-22 14:06:35.928547
FEMALE,Perry Skountrianos,801,(212) 555-0101,1978-10-18,(212) 555-0100,perrys@contosomotors.com,Perry,47,2026-05-22 14:06:35.927865,2026-05-22 14:06:35.928547
FEMALE,Birol Arslan,802,(212) 555-0101,1972-07-02,(212) 555-0100,birol@wingtiptoys.com,Birol,53,2026-05-22 14:06:35.927865,2026-05-22 14:06:35.928547
FEMALE,Abhra Thakur,803,(215) 555-0101,1989-05-31,(215) 555-0100,abhra@wingtiptoys.com,Abhra,36,2026-05-22 14:06:35.927865,2026-05-22 14:06:35.928547
FEMALE,Uma Khalsa,804,(215) 555-0101,1968-08-08,(215) 555-0100,uma@wingtiptoys.com,Uma,57,2026-05-22 14:06:35.927865,2026-05-22 14:06:35.928547
FEMALE,Dunja Radoncis,805,(215) 555-0101,1953-10-25,(215) 555-0100,dunja@wingtiptoys.com,Dunja,72,2026-05-22 14:06:35.927865,2026-05-22 14:06:35.928547
FEMALE,Olya Seleznyov,806,(215) 555-0101,1951-11-23,(215) 555-0100,olya@wingtiptoys.com,Olya,74,2026-05-22 14:06:35.927865,2026-05-22 14:06:35.928547
FEMALE,Darakhshan Javaherian,807,(215) 555-0101,1965-06-10,(215) 555-0100,darakhshan@wingtiptoys.com,Darakhshan,60,2026-05-22 14:06:35.927865,2026-05-22 14:06:35.928547
FEMALE,Alexandre  L'Angelier,808,(215) 555-0101,1951-07-18,(215) 555-0100,alexandre @wingtiptoys.com,Alexandre ,74,2026-05-22 14:06:35.927865,2026-05-22 14:06:35.928547
FEMALE,Youssef Eriksson,809,(701) 555-0101,1994-09-05,(701) 555-0100,youssef@wingtiptoys.com,Youssef,31,2026-05-22 14:06:35.927865,2026-05-22 14:06:35.928547
FEMALE,Arunima Ganguly,810,(701) 555-0101,1987-08-25,(701) 555-0100,arunima@wingtiptoys.com,Arunima,38,2026-05-22 14:06:35.927865,2026-05-22 14:06:35.928547
FEMALE,Pavel Bohuslav,811,(505) 555-0101,1979-05-21,(505) 555-0100,pavel@wingtiptoys.com,Pavel,47,2026-05-22 14:06:35.927865,2026-05-22 14:06:35.928547
FEMALE,Mahendra Trivedi,812,(505) 555-0101,1992-02-14,(505) 555-0100,mahendra@wingtiptoys.com,Mahendra,34,2026-05-22 14:06:35.927865,2026-05-22 14:06:35.928547
FEMALE,Jiri Vacha,813,(209) 555-0101,1951-09-29,(209) 555-0100,jiri@wingtiptoys.com,Jiri,74,2026-05-22 14:06:35.927865,2026-05-22 14:06:35.928547
FEMALE,Constanta Dita,814,(209) 555-0101,1964-06-25,(209) 555-0100,constanta@wingtiptoys.com,Constanta,61,2026-05-22 14:06:35.927865,2026-05-22 14:06:35.928547
FEMALE,Magdalena Cervenkova,815,(405) 555-0101,1991-07-21,(405) 555-0100,magdalena@wingtiptoys.com,Magdalena,34,2026-05-22 14:06:35.927865,2026-05-22 14:06:35.928547
FEMALE,Sylvie Panetier,816,(405) 555-0101,1996-02-20,(405) 555-0100,sylvie@wingtiptoys.com,Sylvie,30,2026-05-22 14:06:35.927865,2026-05-22 14:06:35.928547
FEMALE,Asha Mudigonda,817,(201) 555-0101,1990-08-14,(201) 555-0100,asha@wingtiptoys.com,Asha,35,2026-05-22 14:06:35.927865,2026-05-22 14:06:35.928547
FEMALE,Jaya Benjaree,818,(201) 555-0101,1979-03-24,(201) 555-0100,jaya@wingtiptoys.com,Jaya,47,2026-05-22 14:06:35.927865,2026-05-22 14:06:35.928547
FEMALE,Anete Kundzina,819,(239) 555-0101,1996-03-18,(239) 555-0100,anete@wingtiptoys.com,Anete,30,2026-05-22 14:06:35.927865,2026-05-22 14:06:35.928547
FEMALE,John Kane,820,(239) 555-0101,1977-02-25,(239) 555-0100,johnk@contosomotors.com,Jonny,49,2026-05-22 14:06:35.927865,2026-05-22 14:06:35.928547
FEMALE,Laurent Bonnet,821,(210) 555-0101,1970-01-16,(210) 555-0100,laurentb@wingtiptoys.com,Laurent,56,2026-05-22 14:06:35.927865,2026-05-22 14:06:35.928547
FEMALE,Kunal Nakhtare,822,(210) 555-0101,1966-12-29,(210) 555-0100,kunal@wingtiptoys.com,Kunal,59,2026-05-22 14:06:35.927865,2026-05-22 14:06:35.928547
FEMALE,Duangrat Atitarn,823,(210) 555-0101,1958-02-20,(210) 555-0100,duangrat@wingtiptoys.com,Duangrat,68,2026-05-22 14:06:35.927865,2026-05-22 14:06:35.928547
FEMALE,Ella Celmina,824,(210) 555-0101,1953-07-30,(210) 555-0100,ella@wingtiptoys.com,Ella,72,2026-05-22 14:06:35.927865,2026-05-22 14:06:35.928547
FEMALE,Deviprasad Prabhupāda,825,(605) 555-0101,1968-04-17,(605) 555-0100,deviprasad@wingtiptoys.com,Deviprasad,58,2026-05-22 14:06:35.927865,2026-05-22 14:06:35.928547
FEMALE,Tess Seegers,826,(605) 555-0101,1981-03-10,(605) 555-0100,tess@wingtiptoys.com,Tess,45,2026-05-22 14:06:35.927865,2026-05-22 14:06:35.928547
FEMALE,Aija Lukstina,827,(252) 555-0101,1984-01-04,(252) 555-0100,aija@wingtiptoys.com,Aija,42,2026-05-22 14:06:35.927865,2026-05-22 14:06:35.928547
FEMALE,Sanjay Cheema,828,(252) 555-0101,1955-03-27,(252) 555-0100,sanjay@wingtiptoys.com,Sanjay,71,2026-05-22 14:06:35.927865,2026-05-22 14:06:35.928547
FEMALE,Hoc Le,829,(208) 555-0101,1964-04-16,(208) 555-0100,hoc@wingtiptoys.com,Hoc,62,2026-05-22 14:06:35.927865,2026-05-22 14:06:35.928547
FEMALE,Blagoje Pavlovic,830,(208) 555-0101,1969-06-29,(208) 555-0100,blagoje@wingtiptoys.com,Blagoje,56,2026-05-22 14:06:35.927865,2026-05-22 14:06:35.928547
FEMALE,Bhairaam Kidambi,831,(319) 555-0101,1975-11-30,(319) 555-0100,bhairaam@wingtiptoys.com,Bhairaam,50,2026-05-22 14:06:35.927865,2026-05-22 14:06:35.928547
FEMALE,Aleksandrs Cirulis,832,(319) 555-0101,1982-03-29,(319) 555-0100,aleksandrs@wingtiptoys.com,Aleksandrs,44,2026-05-22 14:06:35.927865,2026-05-22 14:06:35.928547
FEMALE,Jae-Hwa Shin,833,(505) 555-0101,1994-09-22,(505) 555-0100,jae-hwa@wingtiptoys.com,Jae-Hwa,31,2026-05-22 14:06:35.927865,2026-05-22 14:06:35.928547
FEMALE,Mala Naicker,834,(505) 555-0101,1965-10-31,(505) 555-0100,mala@wingtiptoys.com,Mala,60,2026-05-22 14:06:35.927865,2026-05-22 14:06:35.928547
FEMALE,Caterina Fallaci,835,(210) 555-0101,1988-02-21,(210) 555-0100,caterina@wingtiptoys.com,Caterina,38,2026-05-22 14:06:35.927865,2026-05-22 14:06:35.928547
FEMALE,Brayden Macnamara,836,(210) 555-0101,1970-04-04,(210) 555-0100,brayden@wingtiptoys.com,Brayden,56,2026-05-22 14:06:35.927865,2026-05-22 14:06:35.928547
FEMALE,Baanuraekha Voleti,837,(276) 555-0101,1989-02-16,(276) 555-0100,baanuraekha@wingtiptoys.com,Baanuraekha,37,2026-05-22 14:06:35.927865,2026-05-22 14:06:35.928547
FEMALE,Renata Alva,838,(276) 555-0101,1981-11-25,(276) 555-0100,renata@wingtiptoys.com,Renata,44,2026-05-22 14:06:35.927865,2026-05-22 14:06:35.928547
FEMALE,Ranjeet Haldar,839,(203) 555-0101,1996-01-19,(203) 555-0100,ranjeet@wingtiptoys.com,Ranjeet,30,2026-05-22 14:06:35.927865,2026-05-22 14:06:35.928547
FEMALE,Mandeep Desai,840,(203) 555-0101,1965-10-14,(203) 555-0100,mandeep@wingtiptoys.com,Mandeep,60,2026-05-22 14:06:35.927865,2026-05-22 14:06:35.928547
FEMALE,Bhaamini Kanaparthi,841,(907) 555-0101,1967-08-26,(907) 555-0100,bhaamini@wingtiptoys.com,Bhaamini,58,2026-05-22 14:06:35.927865,2026-05-22 14:06:35.928547
FEMALE,Sun-Hi Oh,842,(907) 555-0101,1965-02-15,(907) 555-0100,sun-hi@wingtiptoys.com,Sun-Hi,61,2026-05-22 14:06:35.927865,2026-05-22 14:06:35.928547
FEMALE,Margit Molnar,843,(808) 555-0101,1961-04-03,(808) 555-0100,margit@wingtiptoys.com,Margit,65,2026-05-22 14:06:35.927865,2026-05-22 14:06:35.928547
FEMALE,Amanda Kaulina,844,(808) 555-0101,1966-09-09,(808) 555-0100,amanda@wingtiptoys.com,Amanda,59,2026-05-22 14:06:35.927865,2026-05-22 14:06:35.928547
FEMALE,Chandni Jandhyala,845,(210) 555-0101,1977-10-08,(210) 555-0100,chandni@wingtiptoys.com,Chandni,48,2026-05-22 14:06:35.927865,2026-05-22 14:06:35.928547
FEMALE,Verona Sykorova,846,(210) 555-0101,1972-09-29,(210) 555-0100,verona@wingtiptoys.com,Verona,53,2026-05-22 14:06:35.927865,2026-05-22 14:06:35.928547
FEMALE,Ljubomir Nesic,847,(231) 555-0101,1978-08-22,(231) 555-0100,ljubomir@wingtiptoys.com,Ljubomir,47,2026-05-22 14:06:35.927865,2026-05-22 14:06:35.928547
FEMALE,Jennifer Kim,848,(231) 555-0101,1968-09-06,(231) 555-0100,jenniferk@contosomotors.com,Jennifer,57,2026-05-22 14:06:35.927865,2026-05-22 14:06:35.928547
FEMALE,Telma Hermansson,849,(240) 555-0101,1951-05-31,(240) 555-0100,telma@wingtiptoys.com,Telma,74,2026-05-22 14:06:35.927865,2026-05-22 14:06:35.928547
FEMALE,Lubomir Spousta,850,(240) 555-0101,1991-07-23,(240) 555-0100,lubomir@wingtiptoys.com,Lubomir,34,2026-05-22 14:06:35.927865,2026-05-22 14:06:35.928547
FEMALE,Eric Torres,851,(307) 555-0101,1975-07-14,(307) 555-0100,eric@example.com,Eric,50,2026-05-22 14:06:35.927865,2026-05-22 14:06:35.928547
FEMALE,Cosmina Vlad,852,(505) 555-0101,1973-01-20,(505) 555-0100,cosmina@example.com,Cosmina,53,2026-05-22 14:06:35.927865,2026-05-22 14:06:35.928547
FEMALE,Bala Dixit,853,(209) 555-0101,1997-11-18,(209) 555-0100,bala@example.com,Bala,28,2026-05-22 14:06:35.927865,2026-05-22 14:06:35.928547
FEMALE,Aleksandrs Riekstins,854,(605) 555-0101,1985-04-20,(605) 555-0100,aleksandrs@example.com,Aleksandrs,41,2026-05-22 14:06:35.927865,2026-05-22 14:06:35.928547
FEMALE,Ratan Poddar,855,(907) 555-0101,1968-02-17,(907) 555-0100,ratan@example.com,Ratan,58,2026-05-22 14:06:35.927865,2026-05-22 14:06:35.928547
FEMALE,Shi Tu,856,(307) 555-0101,1981-08-10,(307) 555-0100,shi@example.com,Shi,44,2026-05-22 14:06:35.927865,2026-05-22 14:06:35.928547
FEMALE,Gunnar Lohmus,857,(201) 555-0101,1963-01-15,(201) 555-0100,gunnar@example.com,Gunnar,63,2026-05-22 14:06:35.927865,2026-05-22 14:06:35.928547
FEMALE,Jackson Kolios,858,(209) 555-0101,1978-03-26,(209) 555-0100,jackson@example.com,Jackson,48,2026-05-22 14:06:35.927865,2026-05-22 14:06:35.928547
FEMALE,Madhu Dwivedi,859,(802) 555-0101,1995-01-08,(802) 555-0100,madhu@example.com,Madhu,31,2026-05-22 14:06:35.927865,2026-05-22 14:06:35.928547
FEMALE,Alena Kellnerova,860,(303) 555-0101,1988-06-09,(303) 555-0100,alena@example.com,Alena,37,2026-05-22 14:06:35.927865,2026-05-22 14:06:35.928547
FEMALE,Surendra Sahu,861,(210) 555-0101,1994-04-08,(210) 555-0100,surendra@example.com,Surendra,32,2026-05-22 14:06:35.927865,2026-05-22 14:06:35.928547
FEMALE,Celica Barajas,862,(270) 555-0101,1988-03-04,(270) 555-0100,celica@example.com,Celica,38,2026-05-22 14:06:35.927865,2026-05-22 14:06:35.928547
FEMALE,Shyam Poddar,863,(218) 555-0101,1968-12-08,(218) 555-0100,shyam@example.com,Shyam,57,2026-05-22 14:06:35.927865,2026-05-22 14:06:35.928547
FEMALE,Johanna Hoornstra,864,(210) 555-0101,1966-12-14,(210) 555-0100,johanna@example.com,Johanna,59,2026-05-22 14:06:35.927865,2026-05-22 14:06:35.928547
FEMALE,Libuse Valentova,865,(270) 555-0101,1968-10-23,(270) 555-0100,libuse@example.com,Libuse,57,2026-05-22 14:06:35.927865,2026-05-22 14:06:35.928547
FEMALE,Harsha Huq,866,(314) 555-0101,1961-04-24,(314) 555-0100,harsha@example.com,Harsha,65,2026-05-22 14:06:35.927865,2026-05-22 14:06:35.928547
FEMALE,Agrita Kanepa,867,(201) 555-0101,1976-02-03,(201) 555-0100,agrita@example.com,Agrita,50,2026-05-22 14:06:35.927865,2026-05-22 14:06:35.928547
FEMALE,Liia Orav,868,(252) 555-0101,1963-07-26,(252) 555-0100,liia@example.com,Liia,62,2026-05-22 14:06:35.927865,2026-05-22 14:06:35.928547
FEMALE,Santiago Vera,869,(304) 555-0101,1988-09-19,(304) 555-0100,santiago@example.com,Santiago,37,2026-05-22 14:06:35.927865,2026-05-22 14:06:35.928547
FEMALE,Knut Svensson,870,(201) 555-0101,1963-09-25,(201) 555-0100,knut@example.com,Knut,62,2026-05-22 14:06:35.927865,2026-05-22 14:06:35.928547
FEMALE,Kwanjai Saowaluk,871,(787) 555-0101,1972-04-22,(787) 555-0100,kwanjai@example.com,Kwanjai,54,2026-05-22 14:06:35.927865,2026-05-22 14:06:35.928547
FEMALE,Suparna Bhattacharya,872,(314) 555-0101,1975-05-31,(314) 555-0100,suparna@example.com,Suparna,50,2026-05-22 14:06:35.927865,2026-05-22 14:06:35.928547
FEMALE,Francisca Laureano,873,(319) 555-0101,1998-01-09,(319) 555-0100,francisca@example.com,Francisca,28,2026-05-22 14:06:35.927865,2026-05-22 14:06:35.928547
FEMALE,Risto Valbe,874,(205) 555-0101,1990-05-04,(205) 555-0100,risto@example.com,Risto,36,2026-05-22 14:06:35.927865,2026-05-22 14:06:35.928547
FEMALE,Jayanta Thakur,875,(276) 555-0101,1979-03-09,(276) 555-0100,jayanta@example.com,Jayanta,47,2026-05-22 14:06:35.927865,2026-05-22 14:06:35.928547
FEMALE,Leila Carvalho,876,(217) 555-0101,1969-10-20,(217) 555-0100,leila@example.com,Leila,56,2026-05-22 14:06:35.927865,2026-05-22 14:06:35.928547
FEMALE,Crina Grasu,877,(308) 555-0101,1966-02-11,(308) 555-0100,crina@example.com,Crina,60,2026-05-22 14:06:35.927865,2026-05-22 14:06:35.928547
FEMALE,Sercan Celik,878,(217) 555-0101,1963-03-12,(217) 555-0100,sercan@example.com,Sercan,63,2026-05-22 14:06:35.927865,2026-05-22 14:06:35.928547
FEMALE,Jack Walker,879,(316) 555-0101,1996-05-19,(316) 555-0100,jack@example.com,Jack,30,2026-05-22 14:06:35.927865,2026-05-22 14:06:35.928547
FEMALE,Jana Fialova,880,(215) 555-0101,1978-03-31,(215) 555-0100,jana@example.com,Jana,48,2026-05-22 14:06:35.927865,2026-05-22 14:06:35.928547
FEMALE,Bhaavan Rai,881,(308) 555-0101,1950-03-07,(308) 555-0100,bhaavan@example.com,Bhaavan,76,2026-05-22 14:06:35.927865,2026-05-22 14:06:35.928547
FEMALE,Aakriti Byrraju,882,(216) 555-0101,1951-05-26,(216) 555-0100,aakriti@example.com,Aakriti,74,2026-05-22 14:06:35.927865,2026-05-22 14:06:35.928547
FEMALE,Devraj Rao,883,(385) 555-0101,1986-01-16,(385) 555-0100,devraj@example.com,Devraj,40,2026-05-22 14:06:35.927865,2026-05-22 14:06:35.928547
FEMALE,Cong Hoa,884,(212) 555-0101,1973-04-25,(212) 555-0100,cong@example.com,Cong,53,2026-05-22 14:06:35.927865,2026-05-22 14:06:35.928547
FEMALE,Dominic Davignon,885,(209) 555-0101,1968-07-11,(209) 555-0100,dominic@example.com,Dominic,57,2026-05-22 14:06:35.927865,2026-05-22 14:06:35.928547
FEMALE,Abel Spirlea,886,(218) 555-0101,1958-02-19,(218) 555-0100,abel@example.com,Abel,68,2026-05-22 14:06:35.927865,2026-05-22 14:06:35.928547
FEMALE,Anil Sarkar,887,(215) 555-0101,1966-11-02,(215) 555-0100,anil@example.com,Anil,59,2026-05-22 14:06:35.927865,2026-05-22 14:06:35.928547
FEMALE,Steve Schmidt,888,(339) 555-0101,1975-04-07,(339) 555-0100,steves@contosomotors.com,Pavel,51,2026-05-22 14:06:35.927865,2026-05-22 14:06:35.928547
FEMALE,Juan Morse,889,(423) 555-0101,1963-08-17,(423) 555-0100,juan@example.com,Juan,62,2026-05-22 14:06:35.927865,2026-05-22 14:06:35.928547
FEMALE,Rodrigo Figueiredo,890,(803) 555-0101,1975-04-15,(803) 555-0100,rodrigo@example.com,Rodrigo,51,2026-05-22 14:06:35.927865,2026-05-22 14:06:35.928547
FEMALE,Camille Authier,891,(252) 555-0101,1974-04-12,(252) 555-0100,camille@example.com,Camille,52,2026-05-22 14:06:35.927865,2026-05-22 14:06:35.928547
FEMALE,Biju Deb,892,(218) 555-0101,1957-07-12,(218) 555-0100,biju@example.com,Biju,68,2026-05-22 14:06:35.927865,2026-05-22 14:06:35.928547
FEMALE,Marija Justina Pasek,893,(215) 555-0101,1959-08-10,(215) 555-0100,marija justina@example.com,Marija Justina,66,2026-05-22 14:06:35.927865,2026-05-22 14:06:35.928547
FEMALE,Durdanah Abbasi,894,(201) 555-0101,1958-02-24,(201) 555-0100,durdanah@example.com,Durdanah,68,2026-05-22 14:06:35.927865,2026-05-22 14:06:35.928547
FEMALE,Emilie Hrdlickova,895,(803) 555-0101,1954-11-01,(803) 555-0100,emilie@example.com,Emilie,71,2026-05-22 14:06:35.927865,2026-05-22 14:06:35.928547
FEMALE,Malorie Bousquet,896,(209) 555-0101,1984-11-15,(209) 555-0100,malorie@example.com,Malorie,41,2026-05-22 14:06:35.927865,2026-05-22 14:06:35.928547
FEMALE,Kristiina Ivanov,897,(605) 555-0101,1972-05-26,(605) 555-0100,kristiina@example.com,Kristiina,53,2026-05-22 14:06:35.927865,2026-05-22 14:06:35.928547
FEMALE,Alvin Bollinger,898,(270) 555-0101,1984-11-21,(270) 555-0100,alvin@example.com,Alvin,41,2026-05-22 14:06:35.927865,2026-05-22 14:06:35.928547
FEMALE,Sabine Zalite,899,(210) 555-0101,1954-12-16,(210) 555-0100,sabine@example.com,Sabine,71,2026-05-22 14:06:35.927865,2026-05-22 14:06:35.928547
FEMALE,Daakshaayaani Sankaramanchi,900,(319) 555-0101,1969-06-11,(319) 555-0100,daakshaayaani@example.com,Daakshaayaani,56,2026-05-22 14:06:35.927865,2026-05-22 14:06:35.928547
FEMALE,Ebru Erdogan,901,(405) 555-0101,1991-11-29,(405) 555-0100,ebru@example.com,Ebru,34,2026-05-22 14:06:35.927865,2026-05-22 14:06:35.928547
FEMALE,Bhagavaan Atluri,902,(229) 555-0101,1971-04-23,(229) 555-0100,bhagavaan@example.com,Bhagavaan,55,2026-05-22 14:06:35.927865,2026-05-22 14:06:35.928547
FEMALE,Caterina Pinto,903,(907) 555-0101,1969-03-13,(907) 555-0100,caterina@example.com,Caterina,57,2026-05-22 14:06:35.927865,2026-05-22 14:06:35.928547
FEMALE,Daakshaayaani Kommineni,904,(239) 555-0101,1972-09-02,(239) 555-0100,daakshaayaani@example.com,Daakshaayaani,53,2026-05-22 14:06:35.927865,2026-05-22 14:06:35.928547
FEMALE,Anna Mazzanti,905,(314) 555-0101,1996-05-12,(314) 555-0100,anna@example.com,Anna,30,2026-05-22 14:06:35.927865,2026-05-22 14:06:35.928547
FEMALE,Satish Mittal,906,(215) 555-0101,1966-09-19,(215) 555-0100,satish@example.com,Satish,59,2026-05-22 14:06:35.927865,2026-05-22 14:06:35.928547
FEMALE,Clarissa Manfrin,907,(210) 555-0101,1964-02-28,(210) 555-0100,clarissa@example.com,Clarissa,62,2026-05-22 14:06:35.927865,2026-05-22 14:06:35.928547
FEMALE,Bimla Prabhupāda,908,(209) 555-0101,1987-10-26,(209) 555-0100,bimla@example.com,Bimla,38,2026-05-22 14:06:35.927865,2026-05-22 14:06:35.928547
FEMALE,Shah Alizadeh,909,(304) 555-0101,1996-08-15,(304) 555-0100,shah@example.com,Shah,29,2026-05-22 14:06:35.927865,2026-05-22 14:06:35.928547
FEMALE,Marcela Lucescu,910,(231) 555-0101,1985-05-19,(231) 555-0100,marcela@example.com,Marcela,41,2026-05-22 14:06:35.927865,2026-05-22 14:06:35.928547
FEMALE,Amarasimha Vinjamuri,911,(339) 555-0101,1973-06-30,(339) 555-0100,amarasimha@example.com,Amarasimha,52,2026-05-22 14:06:35.927865,2026-05-22 14:06:35.928547
FEMALE,Lana Goransson,912,(212) 555-0101,1982-05-13,(212) 555-0100,lana@example.com,Lana,44,2026-05-22 14:06:35.927865,2026-05-22 14:06:35.928547
FEMALE,Jakub Lukes,913,(212) 555-0101,1977-08-04,(212) 555-0100,jakub@example.com,Jakub,48,2026-05-22 14:06:35.927865,2026-05-22 14:06:35.928547
FEMALE,Mikhail Degtyarev,914,(218) 555-0101,1984-03-14,(218) 555-0100,mikhail@example.com,Mikhail,42,2026-05-22 14:06:35.927865,2026-05-22 14:06:35.928547
FEMALE,Bijoya Thakur,915,(225) 555-0101,1978-07-23,(225) 555-0100,bijoya@example.com,Bijoya,47,2026-05-22 14:06:35.927865,2026-05-22 14:06:35.928547
FEMALE,Jay Bhuiyan,916,(215) 555-0101,1996-01-27,(215) 555-0100,jay@example.com,Jay,30,2026-05-22 14:06:35.927865,2026-05-22 14:06:35.928547
FEMALE,Jasna Cerkez,917,(304) 555-0101,1956-05-11,(304) 555-0100,jasna@example.com,Jasna,70,2026-05-22 14:06:35.927865,2026-05-22 14:06:35.928547
FEMALE,Laura Sykorova,918,(316) 555-0101,1981-01-24,(316) 555-0100,laura@example.com,Laura,45,2026-05-22 14:06:35.927865,2026-05-22 14:06:35.928547
FEMALE,Abel Tatarescu,919,(217) 555-0101,1970-01-27,(217) 555-0100,abel@example.com,Abel,56,2026-05-22 14:06:35.927865,2026-05-22 14:06:35.928547
FEMALE,In-Su Bae,920,(206) 555-0101,1991-01-18,(206) 555-0100,in-su@example.com,In-Su,35,2026-05-22 14:06:35.927865,2026-05-22 14:06:35.928547
FEMALE,Darshana Madhunapantula,921,(240) 555-0101,1984-06-07,(240) 555-0100,darshana@example.com,Darshana,41,2026-05-22 14:06:35.927865,2026-05-22 14:06:35.928547
FEMALE,Katerina Hadrabova,922,(219) 555-0101,1984-04-30,(219) 555-0100,katerina@example.com,Katerina,42,2026-05-22 14:06:35.927865,2026-05-22 14:06:35.928547
FEMALE,Hana Hlouskova,923,(505) 555-0101,1989-03-04,(505) 555-0100,hana@example.com,Hana,37,2026-05-22 14:06:35.927865,2026-05-22 14:06:35.928547
FEMALE,Daniel Martensson,924,(225) 555-0101,1959-06-25,(225) 555-0100,daniel@example.com,Daniel,66,2026-05-22 14:06:35.927865,2026-05-22 14:06:35.928547
FEMALE,Philip Walker,925,(216) 555-0101,1963-05-31,(216) 555-0100,philip@example.com,Philip,62,2026-05-22 14:06:35.927865,2026-05-22 14:06:35.928547
FEMALE,Marie Lebatelier,926,(210) 555-0101,1990-05-20,(210) 555-0100,marie@example.com,Marie,36,2026-05-22 14:06:35.927865,2026-05-22 14:06:35.928547
FEMALE,Leyla Siavashi,927,(201) 555-0101,1962-08-17,(201) 555-0100,leyla@example.com,Leyla,63,2026-05-22 14:06:35.927865,2026-05-22 14:06:35.928547
FEMALE,Miriam House,928,(701) 555-0101,1972-01-29,(701) 555-0100,miriam@example.com,Miriam,54,2026-05-22 14:06:35.927865,2026-05-22 14:06:35.928547
FEMALE,Jitka Necesana,929,(212) 555-0101,1964-09-08,(212) 555-0100,jitka@example.com,Jitka,61,2026-05-22 14:06:35.927865,2026-05-22 14:06:35.928547
FEMALE,Edmee Glissen,930,(208) 555-0101,1979-02-08,(208) 555-0100,edmee@example.com,Edmee,47,2026-05-22 14:06:35.927865,2026-05-22 14:06:35.928547
FEMALE,Magdalena Michnova,931,(907) 555-0101,1952-04-02,(907) 555-0100,magdalena@example.com,Magdalena,74,2026-05-22 14:06:35.927865,2026-05-22 14:06:35.928547
FEMALE,Maryann Huddleston,932,(304) 555-0101,1955-03-19,(304) 555-0100,maryann@example.com,Maryann,71,2026-05-22 14:06:35.927865,2026-05-22 14:06:35.928547
FEMALE,Radha Barua,933,(405) 555-0101,1995-08-23,(405) 555-0100,radha@example.com,Radha,30,2026-05-22 14:06:35.927865,2026-05-22 14:06:35.928547
FEMALE,Anindya Ghatak,934,(219) 555-0101,1950-09-20,(219) 555-0100,anindya@example.com,Anindya,75,2026-05-22 14:06:35.927865,2026-05-22 14:06:35.928547
FEMALE,Chandrashekhar Dasgupta,935,(208) 555-0101,1976-08-11,(208) 555-0100,chandrashekhar@example.com,Chandrashekhar,49,2026-05-22 14:06:35.927865,2026-05-22 14:06:35.928547
FEMALE,Debbie Molina,936,(270) 555-0101,1980-03-21,(270) 555-0100,debbie@example.com,Debbie,46,2026-05-22 14:06:35.927865,2026-05-22 14:06:35.928547
FEMALE,Baran Jonsson,937,(458) 555-0101,1996-03-18,(458) 555-0100,baran@example.com,Baran,30,2026-05-22 14:06:35.927865,2026-05-22 14:06:35.928547
FEMALE,Jai Lamble,938,(479) 555-0101,1968-04-27,(479) 555-0100,jai@example.com,Jai,58,2026-05-22 14:06:35.927865,2026-05-22 14:06:35.928547
FEMALE,Sointu Savonheimo,939,(701) 555-0101,1967-02-07,(701) 555-0100,sointu@example.com,Sointu,59,2026-05-22 14:06:35.927865,2026-05-22 14:06:35.928547
FEMALE,Olya Izmaylov,940,(210) 555-0101,1997-06-29,(210) 555-0100,olya@example.com,Olya,28,2026-05-22 14:06:35.927865,2026-05-22 14:06:35.928547
FEMALE,Taneli Riutta,941,(276) 555-0101,1991-03-10,(276) 555-0100,taneli@example.com,Taneli,35,2026-05-22 14:06:35.927865,2026-05-22 14:06:35.928547
FEMALE,Bahaar Asef Zade,942,(225) 555-0101,1978-08-11,(225) 555-0100,bahaar@example.com,Bahaar,47,2026-05-22 14:06:35.927865,2026-05-22 14:06:35.928547
FEMALE,Leyla Asef Zade,943,(216) 555-0101,1982-09-26,(216) 555-0100,leyla@example.com,Leyla,43,2026-05-22 14:06:35.927865,2026-05-22 14:06:35.928547
FEMALE,Gabriela Hernandes,944,(239) 555-0101,1983-01-11,(239) 555-0100,gabriela@example.com,Gabriela,43,2026-05-22 14:06:35.927865,2026-05-22 14:06:35.928547
FEMALE,Geza Roman,945,(215) 555-0101,1962-08-25,(215) 555-0100,geza@example.com,Geza,63,2026-05-22 14:06:35.927865,2026-05-22 14:06:35.928547
FEMALE,Leonardo Folliero,946,(339) 555-0101,1980-03-24,(339) 555-0100,leonardo@example.com,Leonardo,46,2026-05-22 14:06:35.927865,2026-05-22 14:06:35.928547
FEMALE,Allan Mannik,947,(218) 555-0101,1983-10-22,(218) 555-0100,allan@example.com,Allan,42,2026-05-22 14:06:35.927865,2026-05-22 14:06:35.928547
FEMALE,Gopalgobinda Sikdar,948,(307) 555-0101,1996-09-10,(307) 555-0100,gopalgobinda@example.com,Gopalgobinda,29,2026-05-22 14:06:35.927865,2026-05-22 14:06:35.928547
FEMALE,Chin-Sun Chang,949,(605) 555-0101,1953-08-02,(605) 555-0100,chin-sun@example.com,Chin-Sun,72,2026-05-22 14:06:35.927865,2026-05-22 14:06:35.928547
FEMALE,Lilli Sokk,950,(229) 555-0101,1953-08-07,(229) 555-0100,lilli@example.com,Lilli,72,2026-05-22 14:06:35.927865,2026-05-22 14:06:35.928547
FEMALE,Adrian Andreasson,951,(217) 555-0101,1957-07-17,(217) 555-0100,adrian@example.com,Adrian,68,2026-05-22 14:06:35.927865,2026-05-22 14:06:35.928547
FEMALE,Kamila Michnova,952,(210) 555-0101,1966-12-04,(210) 555-0100,kamila@example.com,Kamila,59,2026-05-22 14:06:35.927865,2026-05-22 14:06:35.928547
FEMALE,Bing Han,953,(228) 555-0101,1986-05-12,(228) 555-0100,bing@example.com,Bing,40,2026-05-22 14:06:35.927865,2026-05-22 14:06:35.928547
FEMALE,Olafs Rozitis,954,(316) 555-0101,1980-06-09,(316) 555-0100,olafs@example.com,Olafs,45,2026-05-22 14:06:35.927865,2026-05-22 14:06:35.928547
FEMALE,Sara Huiting,955,(218) 555-0101,1954-11-05,(218) 555-0100,sara@example.com,Sara,71,2026-05-22 14:06:35.927865,2026-05-22 14:06:35.928547
FEMALE,Ajitaab Pakalapati,956,(209) 555-0101,1980-03-30,(209) 555-0100,ajitaab@example.com,Ajitaab,46,2026-05-22 14:06:35.927865,2026-05-22 14:06:35.928547
FEMALE,Eugen Agafitei,957,(252) 555-0101,1989-11-12,(252) 555-0100,eugen@example.com,Eugen,36,2026-05-22 14:06:35.927865,2026-05-22 14:06:35.928547
FEMALE,Sumati Bhat,958,(206) 555-0101,1970-07-18,(206) 555-0100,sumati@example.com,Sumati,55,2026-05-22 14:06:35.927865,2026-05-22 14:06:35.928547
FEMALE,Dena Glissen,959,(316) 555-0101,1952-10-27,(316) 555-0100,dena@example.com,Dena,73,2026-05-22 14:06:35.927865,2026-05-22 14:06:35.928547
FEMALE,Elina Kaleja,960,(225) 555-0101,1973-11-04,(225) 555-0100,elina@example.com,Elina,52,2026-05-22 14:06:35.927865,2026-05-22 14:06:35.928547
FEMALE,Liidia Lepp,961,(276) 555-0101,1984-03-10,(276) 555-0100,liidia@example.com,Liidia,42,2026-05-22 14:06:35.927865,2026-05-22 14:06:35.928547
FEMALE,Volkan Senturk,962,(276) 555-0101,1963-04-28,(276) 555-0100,volkan@example.com,Volkan,63,2026-05-22 14:06:35.927865,2026-05-22 14:06:35.928547
FEMALE,Violetta Klancisar,963,(225) 555-0101,1957-05-22,(225) 555-0100,violetta@example.com,Violetta,68,2026-05-22 14:06:35.927865,2026-05-22 14:06:35.928547
FEMALE,Chandana Shasthri,964,(803) 555-0101,1997-01-26,(803) 555-0100,chandana@example.com,Chandana,29,2026-05-22 14:06:35.927865,2026-05-22 14:06:35.928547
FEMALE,Ana Florea,965,(210) 555-0101,1996-04-08,(210) 555-0100,ana@example.com,Ana,30,2026-05-22 14:06:35.927865,2026-05-22 14:06:35.928547
FEMALE,Pinja Jantunen,966,(308) 555-0101,1957-08-23,(308) 555-0100,pinja@example.com,Pinja,68,2026-05-22 14:06:35.927865,2026-05-22 14:06:35.928547
FEMALE,Pari Hosseini,967,(505) 555-0101,1971-11-15,(505) 555-0100,pari@example.com,Pari,54,2026-05-22 14:06:35.927865,2026-05-22 14:06:35.928547
FEMALE,Isidora Morales,968,(406) 555-0101,1990-02-20,(406) 555-0100,isidora@example.com,Isidora,36,2026-05-22 14:06:35.927865,2026-05-22 14:06:35.928547
FEMALE,Kertu Sokk,969,(212) 555-0101,1973-08-26,(212) 555-0100,kertu@example.com,Kertu,52,2026-05-22 14:06:35.927865,2026-05-22 14:06:35.928547
FEMALE,Gayatri Gajula,970,(212) 555-0101,1959-12-28,(212) 555-0100,gayatri@example.com,Gayatri,66,2026-05-22 14:06:35.927865,2026-05-22 14:06:35.928547
FEMALE,Victoria Lacusta,971,(212) 555-0101,1987-12-04,(212) 555-0100,victoria@example.com,Victoria,38,2026-05-22 14:06:35.927865,2026-05-22 14:06:35.928547
FEMALE,Sumati Chatterjee,972,(231) 555-0101,1989-04-12,(231) 555-0100,sumati@example.com,Sumati,37,2026-05-22 14:06:35.927865,2026-05-22 14:06:35.928547
FEMALE,Tai Bach,973,(219) 555-0101,1959-02-25,(219) 555-0100,tai@example.com,Tai,67,2026-05-22 14:06:35.927865,2026-05-22 14:06:35.928547
FEMALE,Eva Schulteisz,974,(252) 555-0101,1951-12-27,(252) 555-0100,eva@example.com,Eva,74,2026-05-22 14:06:35.927865,2026-05-22 14:06:35.928547
FEMALE,Can Ozcan,975,(215) 555-0101,1973-07-03,(215) 555-0100,can@example.com,Can,52,2026-05-22 14:06:35.927865,2026-05-22 14:06:35.928547
FEMALE,Richard Friar,976,(339) 555-0101,1973-07-24,(339) 555-0100,richard@example.com,Richard,52,2026-05-22 14:06:35.927865,2026-05-22 14:06:35.928547
FEMALE,Matyas Sedlar,977,(270) 555-0101,1979-02-16,(270) 555-0100,matyas@example.com,Matyas,47,2026-05-22 14:06:35.927865,2026-05-22 14:06:35.928547
FEMALE,Arijit Bhuiyan,978,(212) 555-0101,1992-04-29,(212) 555-0100,arijit@example.com,Arijit,34,2026-05-22 14:06:35.927865,2026-05-22 14:06:35.928547
FEMALE,Vladimir Henzl,979,(907) 555-0101,1972-08-25,(907) 555-0100,vladimir@example.com,Vladimir,53,2026-05-22 14:06:35.927865,2026-05-22 14:06:35.928547
FEMALE,Shantanu Huq,980,(252) 555-0101,1985-10-23,(252) 555-0100,shantanu@example.com,Shantanu,40,2026-05-22 14:06:35.927865,2026-05-22 14:06:35.928547
FEMALE,Nada Jovanovic,981,(215) 555-0101,1985-09-10,(215) 555-0100,nada@example.com,Nada,40,2026-05-22 14:06:35.927865,2026-05-22 14:06:35.928547
FEMALE,Nicolo Cattaneo,982,(212) 555-0101,1972-05-15,(212) 555-0100,nicolo@example.com,Nicolo,54,2026-05-22 14:06:35.927865,2026-05-22 14:06:35.928547
FEMALE,Joel Carrillo,983,(405) 555-0101,1974-04-12,(405) 555-0100,joel@example.com,Joel,52,2026-05-22 14:06:35.927865,2026-05-22 14:06:35.928547
FEMALE,Ivan Sepulveda,984,(218) 555-0101,1987-04-10,(218) 555-0100,ivan@example.com,Ivan,39,2026-05-22 14:06:35.927865,2026-05-22 14:06:35.928547
FEMALE,Daevasree Samavedam,985,(201) 555-0101,1962-08-14,(201) 555-0100,daevasree@example.com,Daevasree,63,2026-05-22 14:06:35.927865,2026-05-22 14:06:35.928547
FEMALE,Ludmila Smidova,986,(480) 555-0101,1973-04-21,(480) 555-0100,ludmila@example.com,Ludmila,53,2026-05-22 14:06:35.927865,2026-05-22 14:06:35.928547
FEMALE,Manca Hrastovsek,987,(205) 555-0101,1959-10-13,(205) 555-0100,manca@example.com,Manca,66,2026-05-22 14:06:35.927865,2026-05-22 14:06:35.928547
FEMALE,Anna Gyarmathi,988,(252) 555-0101,1961-10-09,(252) 555-0100,anna@example.com,Anna,64,2026-05-22 14:06:35.927865,2026-05-22 14:06:35.928547
FEMALE,Ioana Florea,989,(339) 555-0101,1975-11-03,(339) 555-0100,ioana@example.com,Ioana,50,2026-05-22 14:06:35.927865,2026-05-22 14:06:35.928547
FEMALE,Lorin Astrom,990,(210) 555-0101,1978-10-28,(210) 555-0100,lorin@example.com,Lorin,47,2026-05-22 14:06:35.927865,2026-05-22 14:06:35.928547
FEMALE,Bishwa Chatterjee,991,(239) 555-0101,1960-12-13,(239) 555-0100,bishwa@example.com,Bishwa,65,2026-05-22 14:06:35.927865,2026-05-22 14:06:35.928547
FEMALE,Chaayaadaevi Sonti,992,(217) 555-0101,1954-05-29,(217) 555-0100,chaayaadaevi@example.com,Chaayaadaevi,71,2026-05-22 14:06:35.927865,2026-05-22 14:06:35.928547
FEMALE,Drazenka Jelic,993,(803) 555-0101,1955-12-17,(803) 555-0100,drazenka@example.com,Drazenka,70,2026-05-22 14:06:35.927865,2026-05-22 14:06:35.928547
FEMALE,Ida Celma,994,(319) 555-0101,1977-08-06,(319) 555-0100,ida@example.com,Ida,48,2026-05-22 14:06:35.927865,2026-05-22 14:06:35.928547
FEMALE,Hoc Tran,995,(339) 555-0101,1965-02-13,(339) 555-0100,hoc@example.com,Hoc,61,2026-05-22 14:06:35.927865,2026-05-22 14:06:35.928547
FEMALE,David Safranek,996,(215) 555-0101,1992-02-21,(215) 555-0100,david@example.com,David,34,2026-05-22 14:06:35.927865,2026-05-22 14:06:35.928547
FEMALE,Svetlana Todorovic,997,(206) 555-0101,1966-10-11,(206) 555-0100,svetlana@example.com,Svetlana,59,2026-05-22 14:06:35.927865,2026-05-22 14:06:35.928547
FEMALE,Richard Zahradnicek,998,(314) 555-0101,1961-03-02,(314) 555-0100,richard@example.com,Richard,65,2026-05-22 14:06:35.927865,2026-05-22 14:06:35.928547
FEMALE,Seo-Yun Paik,999,(210) 555-0101,1968-07-18,(210) 555-0100,seo-yun@example.com,Seo-yun,57,2026-05-22 14:06:35.927865,2026-05-22 14:06:35.928547
FEMALE,Emily Whittle,1000,(231) 555-0101,1962-11-25,(231) 555-0100,emily@example.com,Emily,63,2026-05-22 14:06:35.927865,2026-05-22 14:06:35.928547
